person_id,name,olympiads,years,current_confidence,current_organization,current_role,current_linkedin_url,candidate_current_organization,candidate_current_role,outcome_alignment,outcome_review_status,outcome_review_reason,outcome_review_evidence_url,review_status,review_tier,priority_score,expected_olympiad_bridge,year_overlap,award_language,current_affiliation_language,identity_review_reason,identity_review_evidence_url,search_request_id,query,search_cost_usd,result_rank,candidate_title,candidate_url,result_kind,highlights
kaz-1165d71f2850,Sidorenko Andrey,IPhO,2008,unmatched,,,,,,no_current_affiliation_extracted,not_applicable,,,unreviewed,exact_name_only,78,False,False,True,True,,,42505e4d93c0d40fbda7d0d8cf9971c3,"""Sidorenko Andrey"" Kazakhstan IPhO Olympiad 2008 current employer university role",0.007,3,Andrey Sidorenko,https://linkedin.com/in/andrey-sidorenko-b66062233,profile,"# Andrey Sidorenko Orchestral Conductor Russia (RU) ## About Active participant of St Andrews Advanced Conducting Masterclass with prof. Sian Edwards… ## Experience ### Karaganda Academic Musical Theater (Current) Karaganda, Kazakhstan ## Education ### MMus, Orchestral Conducting, 5/5 at [Санкт-Петербургская Государственная Консерватория имени Н.А. Римского-Корсакова](https://www.linkedin.com/school/санкт-петербургская-государственная-консерватория-имени-н.а.-римского-корсакова) 2020 - 2025 (5 years) Saint Petersburg State Conservatory named after N.A. Rimsky-Korsakov is a higher education institution. Saint Petersburg State Conservatory named after N.A. Rimsky-Korsakov has 1-10 employees. Headquartered in RU. Research output of 100-150 works, primarily in Arts and Humanities, Social Sciences, and Computer Science. ### Choral conducting, music theory, organ at Tchaikovsky Academic Music College at Moscow Conservatory 2016 - 2020 (4 years) ## Skills conducting"
kaz-1165d71f2850,Sidorenko Andrey,IPhO,2008,unmatched,,,,CTJV,Lead telecom supervisor,missing_published_outcome,not_applicable,,,unreviewed,exact_name_only,75,False,False,False,True,,,42505e4d93c0d40fbda7d0d8cf9971c3,"""Sidorenko Andrey"" Kazakhstan IPhO Olympiad 2008 current employer university role",0.007,1,Andrey Sidorenko,https://linkedin.com/in/andrey-sidorenko-4394588a,profile,"# Andrey Sidorenko ... Engineer Novus Bolashak ... System Completion Telecom ... Engineer Novus Bolashak ... ### Lead telecom supervisor - CTJV (Current) ... Jul 2025 - Present (11 months) in Катар ... Department: Engineering and Technical • Level: Manager ... ### System Completion Telecommunications Engineer - [Novus Bolashak](https://www.linkedin.com/company/novusbolashak) ... Jul 2022 - Sep 2024 (2 years and 2 months) in Tengiz, Atyrau ... Novus Bolashak is a Oil and Gas company. Novus Bolashak has 400-500 employees (-10% YoY). Headquartered in Atyrau, Atyrau Region, Kazakhstan. Its workforce is distributed across 16 countries (including Kazakhstan, United Kingdom, Russia, India, and South Africa). ... and Communications - ... ### Master’s Degree, Engineer on Radio Engineering Systems at •Cherepovets Military Engineering Institute of Electronics, Commander Department Cherepovets, Vologda, Russia, 1990 - 1995 ... ### Project Management at International Institute of Management"
kaz-1165d71f2850,Sidorenko Andrey,IPhO,2008,unmatched,,,,,,no_current_affiliation_extracted,not_applicable,,,unreviewed,exact_name_only,74,False,False,False,True,,,42505e4d93c0d40fbda7d0d8cf9971c3,"""Sidorenko Andrey"" Kazakhstan IPhO Olympiad 2008 current employer university role",0.007,2,Andrey Sidorenko,https://linkedin.com/in/andreysidorenko,profile,"# Andrey Sidorenko ... Software Security Architect NXP Semiconductors ... ### [NXP Semiconductors](https://www.linkedin.com/company/nxp-semiconductors) ... #### Software Security Architect (Current) ... May 2025 - Present (1 year and 2 months) in Delft, South Holland, Netherlands ... Identifying vulnerabilities, conducting risk assessments, and working with development teams to remediate security issues. Providing guidance on secure coding practices. ... ### Junior research fellow - [Technische Universiteit Eindhoven](https://www.linkedin.com/school/eindhoven-university-of-technology) ... ### Master, Mathematics, Physics, Computer Science at [Moscow Institute of Physics and Technology (State University) (MIPT)](https://www.linkedin.com/school/moscowinstituteofphysicsandtechnology) ... 1997 - 2003 (6 years) in Moscow, Moscow, Russian Federation ... Graduated with honors in June 2003. The Master's thesis is focused on a post-quantum cryptographic algorithm Hidden Field Equations (HFE). ... Moscow Institute of Physics and Technology (State University) (MIPT) is a higher education institution. Moscow Institute of Physics and Technology (State University) (MIPT) has 200-300 employees (+10% YoY), founded in 1951. Headquartered in Moscow, Moscow, Russia, with an office in Dolgoprudnyy. Its workforce is distributed across 18 countries (including Russia, Ukraine, Kazakhstan, Serbia, and India). Research output of 20,000-30,000 works, primarily in Physics and Astronomy, Engineering, and Materials Science. Funds research behind 100-150 works."
kaz-1165d71f2850,Sidorenko Andrey,IPhO,2008,unmatched,,,,Hinetra,Co-Founder,missing_published_outcome,not_applicable,,,unreviewed,exact_name_only,72,False,False,False,True,,,42505e4d93c0d40fbda7d0d8cf9971c3,"""Sidorenko Andrey"" Kazakhstan IPhO Olympiad 2008 current employer university role",0.007,4,Andrey Sidorenko,https://linkedin.com/in/sidorenko-andrey,profile,"# Andrey Sidorenko ... ### Co-Founder - [Hinetra](https://www.linkedin.com/company/hinetra) (Current) ... Apr 2026 - Present (3 months) in Vienna, Austria ... Department: Consulting • Level: Founder ... Hinetra is a Technology, Information and Internet company. Hinetra has 1-10 employees (+50% YoY). ... ### [MOSTLY AI](https://www.linkedin.com/company/mostlyai) ... of AI Research ... 20 ... ) in Vienna, Austria ... MOSTLY AI is a Software Development company ... MOSTLY AI is ... analytics and collaboration services ... . MOSTLY ... 10-20 employees (-4 ... total funding, with ... ### Postdoctoral Researcher - [Technische Universität Wien](https://www.linkedin.com/school/tuwien) ... Technische Universität Wien is an educational institution. The company is the Technische Universität Wien (TU Wien), which is a university in Vienna. They provide education, research, collaborations, and services related to technology. Technische Universität Wien has 2,000-3,000 employees (+8-9% YoY), founded in 1815. Headquartered in Vienna, Austria. Its workforce is distributed across 51 countries (including Austria, Germany, Italy, France, and United States). Research output of 80,000-90,000 works, primarily in Engineering, Computer Science, and Physics and Astronomy. Funds research behind 60-70 works. ... ### Research Associate - [University of Parma](https://www.linkedin.com/company/university-of- ... ### Doctor of Philosophy (Ph.D.), Physics and Mathematics at Moscow State University, Faculty of Physics ... as Head of ... , Andrey is ... were working on"
kaz-1165d71f2850,Sidorenko Andrey,IPhO,2008,unmatched,,,,Daikin Applied Americas,Lead Software Engineer,missing_published_outcome,not_applicable,,,unreviewed,exact_name_only,71,False,False,False,True,,,42505e4d93c0d40fbda7d0d8cf9971c3,"""Sidorenko Andrey"" Kazakhstan IPhO Olympiad 2008 current employer university role",0.007,5,Andrey Sidorenko,https://linkedin.com/in/andreys,profile,"# Andrey Sidorenko ... ### Lead Software Engineer - [Daikin Applied Americas](https://www.linkedin.com/company/daikin-applied) (Current) ... Sep 2024 - Present (1 year and 10 months) ... Department: Engineering and Technical • Level: Senior ... Daikin Applied Americas is a Industrial Machinery Manufacturing company. Daikin is a company that applies next-gen solutions to modern-day air quality. They revolutionize indoor environments with comfort and sustainability. Daikin Applied Americas has 2,000-3,000 employees and has annual revenue in the $2B-$3B range, founded in 1924. Headquartered in Minneapolis, Minnesota, United States, with an office in Plymouth. Its workforce is distributed across 35 countries (including United States, Mexico, Canada, India, and Colombia). ... : Engineering and Technical • Level: Senior ... Department: Engineering and Technical • Level: Senior ... Department: Engineering and Technical • Level: Senior ... Department: Engineering and Technical • Level: Senior ... Department: Engineering and Technical • Level: Senior ... Department: Engineering and Technical • ... ### MS Nuclear Physics at Belarusian State University ... 1989 - 1994 (5 years) in Belarus"
kaz-ef33110ee8b0,Binazar Zhassulan,IChO,2013;2014,probable,Galaxy International School Almaty,Academic Principal,,,,no_current_affiliation_extracted,not_applicable,,,unreviewed,exact_name_only,80,False,True,False,True,,,e154f106cbbb1635a6884718fba91b2d,"""Binazar Zhassulan"" Kazakhstan IChO Olympiad 2013;2014 current employer university role",0.007,1,Zhassulan Binazar,https://linkedin.com/in/zhassulan-binazar-294bb7146,profile,"Kazakhstan ( ... . In addition ... ### [Galaxy International School](https://www.linkedin.com/company/galaxyis) ... #### Secondary Academic Vice Principal (Current) ... Aug 2024 - Present (1 year and 10 months) in Almaty, Kazakhstan ... #### Chemistry Teacher (Current) ... Sep 2020 - Present (4 years and 9 months) in Алматы, Казахстан ... Department: Education • Level: Manager ... Galaxy International School is an educational institution. Galaxy Халықаралық мектебі Алматы is an educational institution that provides various services and resources to students. They offer administration, year-round calendars, school structure, and various services related to admissions. Galaxy International School has 40-50 employees (+20% YoY), founded in 2014. Headquartered in Almaty, Kazakhstan. Its workforce is distributed across 7 countries (including Kazakhstan, Ghana, Turkey, Italy, and Uganda). ... ### Undergraduate, Chemistry at [Orta Doğu Teknik Üniversitesi](https://www.linkedin.com/school/orta-dogu-teknik-universitesi) ... 2014 - 2019 (5 years) in Ankara, Türkiye ... Orta Doğu Teknik Üniversitesi / Middle East Technical University is a higher education institution. METU - Middle East Technical University is a company that can change the world. Orta Doğu Teknik Üniversitesi / Middle East Technical University has 2,000-3,000 employees (+3-4% YoY) and has annual revenue in the $80M-$90M range, founded in 1956. Headquartered in Ankara, Turkey, with an office in Bilkent. Its workforce is distributed across 35 countries (including Turkey, Cyprus, United States, Germany, and United Kingdom). Research output of 30,000-40,000 works, primarily in Engineering, Physics and Astronomy, and Materials Science. Funds research behind 400-500 works."
kaz-8b03ffcc0625,Kambarov Yerkebulan,IBO,2001;2002,probable,Johnson & Johnson,EMEA Medical Program Lead,https://linkedin.com/in/yerkebulan-kambarov-b32aa160,Alma Telecommunications Kazakhstan,"Mobile & Web Developer (Flutter, Vue.js)",organization_change,not_applicable,,,unreviewed,exact_name_only,70,False,False,False,True,,,f9abd49979bf0d7f5c302bb83e625437,"""Kambarov Yerkebulan"" Kazakhstan IBO Olympiad 2001;2002 current employer university role",0.007,1,Yerkebulan Kambarov,https://linkedin.com/in/yerkebulan-kambarov,profile,"# Yerkebulan Kambarov ... Mobile & Web Developer (Flutter, Vue.js) at Alma Telecommunications Kazakhstan ... Kazakhstan (KZ) ... ### Mobile & Web Developer (Flutter, Vue.js) - [Alma Telecommunications Kazakhstan](https://www.linkedin.com/company/alma-plus) (Current) ... Jul 2021 - Present (5 years) in Almaty, Kazakhstan ... Department: Engineering and Technical • Level: Specialist ... Alma Telecommunications Kazakhstan is a Telecommunications company. AlmaPLUS is a company that offers internet, television, and digital TV services. They provide services to both private customers and businesses. They also offer online cinema options and have a mobile internet service. Alma Telecommunications Kazakhstan has 30-40 employees (+1-2% YoY), founded in 1994. Headquartered in Almaty, Kazakhstan. Its workforce is distributed across Kazakhstan, Russia, and United States. ... Department: Engineering and Technical • Level: Specialist ... ### Bachelor's degree, Information Systems at [Suleyman Demirel University](https://www.linkedin.com/school/sdu-kz) ... 2017 - 2021 (4 years) in Kazakhstan ... Suleyman Demirel University is a higher education institution. SDU University is a university that offers various academic programs and conducts research in various fields. Suleyman Demirel University has 90-100 employees (8-9% YoY decline), founded in 1996. Headquartered in Kazakhstan. Its workforce is distributed across 9 countries (including Kazakhstan, Turkey, United States, Germany, and Australia)."
kaz-bdb3a76b4430,Dinmukhammed Omar,IBO,2022;2023,confirmed,synapse.kz,Chief Executive Officer,https://linkedin.com/in/dinmukhammedomar,Adele Energy,Веб-разработчик,organization_change,not_applicable,,,unreviewed,exact_name_only,72,False,True,False,True,,,623e8c376b6e9678b974b36040a81d25,"""Omar Dinmukhammed"" Kazakhstan IBO Olympiad 2022;2023 current employer university role",0.007,2,Dinmukhammed Omar,https://linkedin.com/in/dinmukhammed-omar-837687253,profile,"### Веб-разработчик - Adele Energy (Current) ... Dec 2023 - Present (2 years and 3 months) in Астана, Казахстан ... Department: Engineering and Technical ... ### Associate's degree, Computer Perogramming at [İSTANBUL TOPKAPI ÜNİVERSİTESİ](https://www.linkedin.com/school/istanbultopkapiuniversitesi) ... 2021 - 2025 (4 years) in İstanbul, Türkiye ... Istanbul Topkapı University is an educational institution. İstanbul Topkapı Üniversitesi is a university that supports the development, sports, and art of its students, with bursa options, easy access to campuses, and industry-oriented education systems. Istanbul Topkapı University has 300-400 employees (+20% YoY), founded in 2009. Headquartered in İstanbul, Turkey, with offices in Besiktas and istanbul. Its workforce is distributed across 8 countries (including Turkey, United States, United Kingdom, Switzerland, and Afghanistan). Research output of 150-200 works, primarily in Social Sciences, Arts and Humanities, and Medicine."
kaz-bdb3a76b4430,Dinmukhammed Omar,IBO,2022;2023,confirmed,synapse.kz,Chief Executive Officer,https://linkedin.com/in/dinmukhammedomar,,,no_current_affiliation_extracted,not_applicable,,,unreviewed,exact_name_only,62,False,True,False,False,,,623e8c376b6e9678b974b36040a81d25,"""Omar Dinmukhammed"" Kazakhstan IBO Olympiad 2022;2023 current employer university role",0.007,4,Dinmukhammed Omar,https://linkedin.com/in/dinmukhammed-omar-4461a5355,profile,"# Dinmukhammed Omar ... Customer Service Staff – sinh hookah ... Dubai, Dubai, United Arab Emirates ( ... Customer Service Staff – sinh hookah ... ### sinh hookah ... ### [İSTANBUL TOPKAPI ÜNİVERSİTESİ](https://www.linkedin.com/school/istanbultopkapiuniversitesi) ... 2022 - 2024 (2 years) in İstanbul, Türkiye ... Istanbul Topkapı University is an educational institution. İstanbul Topkapı Üniversitesi is a university that supports the development, sports, and art of its students, with bursa options, easy access to campuses, and industry-oriented education systems. Istanbul Topkapı University has 300-400 employees (+20% YoY), founded in 2009. Headquartered in İstanbul, Turkey, with offices in Besiktas and istanbul. Its workforce is distributed across 8 countries (including Turkey, United States, United Kingdom, Switzerland, and Afghanistan). Research output of 150-200 works, primarily in Social Sciences, Arts and Humanities, and Medicine. ... - [2025-03-07 · Dinmukhammed Omar posted this] [С удовольствием сообщаю, что я был(а) волонтером в компании Hotel...](https://www.linkedin.com/posts/dinmukhammed-omar-4461a5355_с-удовольствием-сообщаю-что-я-была-волонтером-activity-7303863109885038592-WIf7): С удовольствием сообщаю, что я был(а) волонтером в компании Hotel Kazakhstan Almaty . Это отличная организация – оставьте свой комментарий ниже или напишите мне, если вы хотите узнать подробности и..."
kaz-c444a5fa2a99,Shaninov Arman,IBO,2003,probable,Dove Science Academy,Science Teacher,https://linkedin.com/in/arman-shaninov-6950b7132,Dove Science Academy,Science Teacher,organization_match,not_applicable,,,selected,olympiad_context,100,True,False,False,True,,,8d7e5557e7c965579ea5d7e8e3ead135,"""Shaninov Arman"" Kazakhstan IBO Olympiad 2003 current employer university role",0.007,1,Arman Shaninov,https://linkedin.com/in/arman-shaninov-6950b7132,profile,"Biology teacher A and AS level, Science teacher, AP Biology, CLIL trainer (Biology, English, ... ) International Biology Olympiad trainer ... Olympiad trainer ... ### Science Teacher - Dove Science Academy (Current) ... Department: Education • Level: Specialist ... Department: Education • Level: Specialist ... ### Biology Teacher, Olympiad coordinator - [Birlik International School](https://www.linkedin.com/company/birlik-international-school) ... ### Olympiad coordinator, Biology teacher - Pavlodar Bilim-innovation school ... Aug 2020 - Jun 2021 (10 months) in Pavlodar, Pavlodar Region, Kazakhstan ... : Education • Level: Specialist ... ### Bachelor's Degree Biology/Biological Sciences General at [Kostanay State University named after Akhmet Baitursynov](https://www.linkedin.com/school/kostanay-state-university) ... ### Master's degree Education at [Astana International University](https://www.linkedin.com/school/aiu-university-kz) ... Astana International University is a higher education institution. ASTANA INTERNATIONAL UNIVERSITY (AIU) ... a university that offers a wide range of educational programs, including bachelor, master, and doctoral programs. They focus on deep professional education and actively research interaction to train ... to lead in their areas. AIU also offers dual-degree programs and international career opportunities. Astana International University has 10-20 employees (+80% YoY), founded in 2018. Headquartered in Astana, Kazakhstan. Its workforce is distributed across Kazakhstan, United Kingdom, and Canada. Research output of 500-600 works, primarily in Social Sciences, Engineering, and Computer Science."
kaz-b045af74dc39,Alen Bayev,IMO,2007,probable,Higgsfield AI,Machine Learning Engineer,https://linkedin.com/in/alen-bayev-1402012bb,Higgsfield AI,ML Engineer,organization_match,not_applicable,,,selected,exact_name_only,85,False,True,True,True,,,bc0a8bd22700dcec7e0b2bca28569ce2,"""Alen Bayev"" Kazakhstan IMO Olympiad 2007 current employer university role",0.007,1,Alen Bayev,https://linkedin.com/in/alen-bayev-1402012bb,profile,"### ML Engineer - [Higgsfield AI](https://www.linkedin.com/company/higgsfield) (Current) ... ### Lecturer - [Moscow State University](https://www.linkedin.com/school/moscow-state-university) ... Sep 20 ... 2 - May ... Астана, Казахстан ... andex School of ... 0-60 employees (+ ... YoY), founded ... , Belarus, Netherlands, and Germany ... 500 works, primarily in Physics and Astronomy, Computer Science, and Social Sciences ... ### Специалист, Прикладная математика at [Московский Государственный Университет им. М.В. Ломоносова (МГУ)](https://www.linkedin.com/school/московский-государственный-университет-им.-м.в.-ломоносова-мгу-) ... 2007 - 2012 (5 years) ... Lomonosov Moscow State University (MSU) is a higher education institution. Lomonosov Moscow State University (MSU) has 400-500 employees (+10% YoY), founded in 1755. Headquartered in Soviet Union. Its workforce is distributed across 36 countries (including Russia, United States, Ukraine, Armenia, and United Kingdom). Research output of 100,000-200,000 works, primarily in Physics and Astronomy, Engineering, and Materials Science. Funds research behind 700-800 works. ... - [2025-08-08 · Alen Bayev reposted this] [The final standings highlight the outstanding performance of...](https://www.linkedin.com/posts/anuar-aimoldin_the-final-standings-highlight-the-outstanding-activity-7359514634468450304-TOiK): The final standings highlight the outstanding performance of Kazakhstan's national team in their first-ever participation at the International Olympiad in Artificial Intelligence (IOAI) 🥇Gold Medal..."
kaz-c898d5674745,Adil Baiguzhin,IChO,1999,probable,chem.kz,Manager,https://kz.linkedin.com/in/adil-baiguzhin-9786aa9,chem.kz,Manager,organization_match,not_applicable,,,selected,exact_name_only,80,False,True,False,True,,,bd6865cf8ae472a998e42b5e3ae62b80,"""Adil Baiguzhin"" Kazakhstan IChO Olympiad 1999 current employer university role",0.007,1,Adil Baiguzhin,https://linkedin.com/in/adil-baiguzhin-9786aa9,profile,"Manager at chem.kz ... Kazakhstan (KZ) ... Manager at chem.kz ... ### Manager - [chem.kz](https://www.linkedin.com/company/chem-kz) (Current) ... Jan 2008 - Present (18 years and 6 months) in Almaty ... Department: General Management • Level: Manager ... chem.kz is a Oil and Gas company. Chem.kz has 1-10 employees. ... ### none, Chemistry at [Al-Farabi Kazakh National University](https://www.linkedin.com/school/kaznu) ... 1999 - 2001 (2 years) in Almaty, Kazakhstan ... Al-Farabi Kazakh National University is a higher education institution. The company is a university called Farabi. It provides online admission services for foreign students, as well as government services. It also offers job opportunities for individuals with disabilities. The university is involved in the development of sustainable development and has a scientific and academic council. It has a research and educational association. Al-Farabi Kazakh National University has 200-300 employees (+40% YoY), founded in 1934. Headquartered in Almaty, Kazakhstan. Its workforce is distributed across 25 countries (including Kazakhstan, United States, India, United Kingdom, and Pakistan). Research output of 10,000-20,000 works, primarily in Social Sciences, Engineering, and Physics and Astronomy. Funds research behind 10-20 works."
kaz-40e246e1831e,Asset Daliyev,IMO,2007;2008,probable,Khan Group,Chief Technology Officer,https://sg.linkedin.com/in/asset-daliyev-4ab6a532,Khan Group LLP,Chief Technology Officer,organization_match,not_applicable,,,selected,exact_name_only,80,False,True,False,True,,,bc6dfb1bff7c3b05a07191c6d429b716,"""Asset Daliyev"" Kazakhstan IMO Olympiad 2007;2008 current employer university role",0.007,1,Asset Daliyev,https://linkedin.com/in/asset-daliyev-4ab6a532,profile,"# Asset Daliyev Chief Technology Officer at Khan Group LLP Singapore (SG) 57 connections • 69 followers ## About Chief Technology Officer at Khan Group LLP Total Experience: 13 years and 2 months ## Experience ### Chief Technology Officer - Khan Group LLP (Current) Jan 2017 - Present (9 years and 6 months) in Kazakhstan Department: Engineering and Technical • Level: C-Level ### Chief Technology Officer - Mirkuponov.kz Jan 2014 - Jan 2016 (2 years) Department: Engineering and Technical • Level: C-Level ### Senior Software Developer - Mirkuponov.kz May 2012 - Dec 2014 (2 years and 7 months) Department: Engineering and Technical • Level: Senior ## Education ### [Nanyang Technological University Singapore](https://www.linkedin.com/school/ntusg) 2008 - 2012 (4 years) in Singapore, Singapore Nanyang Technological University Singapore is a higher education institution. Nanyang Technological University is one of the top universities in Singapore offering undergraduate and postgraduate education in engineering, business, science, humanities, arts, social sciences, education and medicine. Nanyang Technological University Singapore has 6,000-7,000 employees (+9-10% YoY) and has annual revenue in the $1B-$2B range, founded in 1990. Headquartered in Singapore, Singapore, with offices in 11 Mandalay Road and 11 Slim Barracks Rise (off North Buona Vista Road). Its workforce is distributed across 56 countries (including Singapore, China, India, United States, and United Kingdom). Research output of 100,000-200,000 works, primarily in Engineering, Computer Science, and Materials Science. Funds research behind 3,000-4,000 works. ## Skills chief technology officer • developer • senior software developer • software developer • technology"
kaz-590a5fc8e66b,Azamat Amzebek,IChO,2015,probable,Nazarbayev University,Research Assistant,https://linkedin.com/in/azamat-amzebek,Nazarbayev University,Research Assistant,organization_match,not_applicable,,,selected,exact_name_only,80,False,True,False,True,,,5ad89385ecc948cc34069b04314dcdd3,"""Azamat Amzebek"" Kazakhstan IChO Olympiad 2015 current employer university role",0.007,1,Azamat Amzebek,https://linkedin.com/in/azamat-amzebek,profile,"Research Assistant - Nazarbayev University ... Kazakhstan (KZ) ... Research Assistant - Nazarbayev University ... ### Research Assistant - [Nazarbayev University](https://www.linkedin.com/school/aoe-nazarbayev-university) (Current) ... Aug 2018 - Present (7 years and 11 months) in Kazakhstan ... Department: Research • Level: Specialist ... Nazarbayev University is a higher education institution. Nazarbayev University is a leading university in Central Asia and Kazakhstan. Nazarbayev University has 1,000-2,000 employees (+6-7% YoY), founded in 2010. Headquartered in Astana, Kazakhstan, operates in 47 countries (including United States, United Kingdom, Canada, Pakistan, and United Arab Emirates). Research output of 10,000-20,000 works, primarily in Engineering, Medicine, and Social Sciences. Funds research behind 2,000-3,000 works. ... ### at [Nazarbayev University](https://www.linkedin.com/school/aoe-nazarbayev-university) ... 2015 - 2019 (4 years) in Astana, Kazakhstan ... Nazarbayev University is a higher education institution. Nazarbayev University is a leading university in Central Asia and Kazakhstan. Nazarbayev University has 1,000-2,000 employees (+6-7% YoY), founded in 2010. Headquartered in Astana, Kazakhstan, operates in 47 countries (including United States, United Kingdom, Canada, Pakistan, and United Arab Emirates). Research output of 10,000-20,000 works, primarily in Engineering, Medicine, and Social Sciences. Funds research behind 2,000-3,000 works."
kaz-c11d384a01db,Azamat Ukpegaziyev,IMO,2004,probable,Vitol,"Technical Manager, E&P",https://uk.linkedin.com/in/azamat-ukpegaziyev-868b1947,,,no_current_affiliation_extracted,not_applicable,,,selected,exact_name_only,80,False,True,False,True,,,b1006a8071a94dfdc8985c10549c4fdb,"""Azamat Ukpegaziyev"" Kazakhstan IMO Olympiad 2004 current employer university role",0.007,1,Azamat Ukpegaziyev,https://linkedin.com/in/azamat-ukpegaziyev-868b1947,profile,"Technical Manager, E&P at Vitol ... Technical Manager, E&P at Vitol ... ### [Vitol](https://www.linkedin.com/company/vitol-b.v.) ... #### Technical Manager, E&P (Current) ... Jan 2026 - Present (6 months) in London Area, United Kingdom ... #### Reservoir Engineer ... Feb 2010 - Apr 2013 (3 years and 2 months) in Aktobe, Kazakhstan ... - Daily well production monitoring and production performance analysis, PCP performance analysis, Gravel Packed well performance analysis ... - Short and long-term production forecasts, Decline curve analysis using OFM ... - Well test design and obtained data interpretation using PanSystem - Plan and support data acquisition on wells to cope with reservoir management strategy ... - Participate in the elaboration of the dossiers that have to be submitted to Kazakh authorities and to the Partners ... - Part of the Well Performance team: propose, evaluate & review well design, equipment, interventions (WO) to optimize production ... ### Intern, ... Jun 2008 - Jul 2008 (1 month) in Aktobe, Kazakhstan ... at [Colorado School of Mines ... .linkedin.com/school/color ... -school-of- ... ### BS Petroleum Engineering at Kazakh-British Technical University ... 2004 - 2006 (2 years)"
kaz-679b5f1e598a,Bulat Biizhanov,IChO,1998,probable,Lindström,Sales Director,https://linkedin.com/in/bulat-biizhanov-b4051a30,,,no_current_affiliation_extracted,not_applicable,,,selected,exact_name_only,80,False,True,False,True,,,5bc9ab6ec76d194d4131e5bb716805ee,"""Bulat Biizhanov"" Kazakhstan IChO Olympiad 1998 current employer university role",0.007,1,Bulat Biizhanov,https://linkedin.com/in/bulat-biizhanov-b4051a30,profile,"Almaty, Kazakhstan (KZ) ... ### [Lindström](https://www.linkedin.com/company/lindstrom) ... #### Директор по продажам (Current) ... May 2022 - Present (4 years and 2 months) in Алматы, Казахстан ... Department: Sales • Level: Director ... ### Master's degree at [Kazahskij Nacionalnij Universitet im. Al Farabi](https://www.linkedin.com/school/kaznu) ... 2013 - 2015 (2 years) in Almaty, Kazakhstan ... Al-Farabi Kazakh National University is a higher education institution. The company is a university called Farabi. It provides online admission services for foreign students, as well as government services. It also offers job opportunities for individuals with disabilities. The university is involved in the development of sustainable development and has a scientific and academic council. It has a research and educational association. Al-Farabi Kazakh National University has 200-300 employees (+40% YoY), founded in 1934. Headquartered in Almaty, Kazakhstan. Its workforce is distributed across 25 countries (including Kazakhstan, United States, India, United Kingdom, and Pakistan). Research output of 10,000-20,000 works, primarily in Social Sciences, Engineering, and Physics and Astronomy. Funds research behind 10-20 works. ... ### Алтын Белгi at Казахско-турецкий лицей Костанай ... 1994 - 1998 (4 years) ... ### at ETSA ... 201"
kaz-bb588a7913e2,Daulet Toibazar,IBO,2017,probable,HUMAIN,Senior AI Engineer,https://linkedin.com/in/daulet-toibazar-54118b174,HUMAIN,Senior AI Engineer,organization_match,not_applicable,,,selected,exact_name_only,80,False,True,False,True,,,2959b78269d8e52af8bedd7084845e2b,"""Daulet Toibazar"" Kazakhstan IBO Olympiad 2017 current employer university role",0.007,1,Daulet Toibazar,https://linkedin.com/in/daulet-toibazar-54118b174,profile,"AI Engineer at Humain ... AI Engineer at Humain ... ### Senior AI Engineer - [HUMAIN](https://www.linkedin.com/company/humainai) (Current) ... May 2025 - Present (1 year and 2 months) in Эр-Рияд, Саудовская Аравия ... HUMAIN is a Technology, Information and Internet company. HUMAIN has 400-500 employees (+120% YoY), founded in 2025. Headquartered in Riyadh, Saudi Arabia. Its workforce is distributed across 16 countries (including Saudi Arabia, United States, United Arab Emirates, United Kingdom, and India). ... Department: Engineering and Technical • Level: Specialist ... ### Master's degree, Bioinformatics and Machine Learning at [KAUST (King Abdullah University of Science and Technology)](https://www.linkedin.com/school/kaust) ... ### Bachelor's degree, Biology at [Nazarbayev University](https://www.linkedin.com/school/aoe-nazarbayev-university) ... 2017 - 2021 (4 years) in Astana, Kazakhstan ... Nazarbayev University is a higher education institution. Nazarbayev University is a leading university in Central Asia and Kazakhstan. Nazarbayev University has 1,000-2,000 employees (+6-7% YoY), founded in 2010. Headquartered in Astana, Kazakhstan. Its workforce is distributed across 47 countries (including Kazakhstan, United States, United Kingdom, Canada, and Pakistan). Research output of 10,000-20,000 works, primarily in Engineering, Medicine, and Social Sciences. Funds research behind 2,000-3,000 works."
kaz-3f389fc299cf,Dmitriy Dolzhnikov,IChO,2003,probable,Intel Corporation,Lithography Engineer,https://linkedin.com/in/dmitriy-dolzhnikov-7a874037,Intel Corporation,Lithography Engineer,organization_match,not_applicable,,,selected,exact_name_only,80,False,True,False,True,,,8f23656af955aaaf836683ea824c45f0,"""Dmitriy Dolzhnikov"" Kazakhstan IChO Olympiad 2003 current employer university role",0.007,1,Dmitriy Dolzhnikov,https://linkedin.com/in/dmitriy-dolzhnikov-7a874037,profile,"Lithography Engineer at Intel Corporation ... Lithography Engineer at Intel Corporation ... ### Lithography Engineer - [Intel Corporation](https://www.linkedin.com/company/intel-corporation) (Current) ... Mar 2019 - Present (7 years and 3 months) in Hillsboro, Oregon ... ### Bachelor's degree, Chemistry at [Novosibirsk State University (NSU)](https://www.linkedin.com/school/новосибирский-государственный-университет-нгу-) ... 2003 - 2008 (5 years) in Novosibirsk, Russian Federation ... Novosibirsk State University (NSU) is a higher education institution. Новосибирский государственный университет is a university located in Russia. Novosibirsk State University (NSU) has 150-200 employees (+5-6% YoY), founded in 1952. Headquartered in Novosibirsk, Russia. Its workforce is distributed across 20 countries (including Russia, United States, Kazakhstan, Turkey, and Australia). Research output of 30,000-40,000 works, primarily in Physics and Astronomy, Engineering, and Materials Science."
kaz-39523361f70b,Eldos Samalov,IMO,1995,probable,Kazkomnet,Director,https://linkedin.com/in/yeldos-samalov-396a1666,казкомнет,Директор,organization_match,not_applicable,,,selected,exact_name_only,80,False,True,False,True,,,5c682f65ccab4fcc969af80c692c8866,"""Eldos Samalov"" Kazakhstan IMO Olympiad 1995 current employer university role",0.007,1,Yeldos Samalov,https://linkedin.com/in/yeldos-samalov-396a1666,profile,# Yeldos Samalov Kazakhstan (KZ) 92 connections • 93 followers ## Experience ### Директор - казкомнет (Current) May 2008 - Present (17 years and 8 months) Department: General Management • Level: Director ### Зам.директора - ктж Nov 2007 - Dec 2008 (1 year and 1 month) Department: General Management • Level: Manager ### Гл.менеджер - казтемиртранс Oct 2005 - Nov 2007 (2 years and 1 month) Department: Operations • Level: Specialist ### Программист-технический Директор - Кушпен телеком Sep 2000 - Oct 2005 (5 years and 1 month) ### Программист - КазГИПрожелдортранс Sep 1999 - Sep 2000 (1 year) Department: Engineering and Technical • Level: Specialist ## Education ### казнту 1995 - 2000 (5 years)
kaz-be6c0520f71e,Maxim Shpilkin,IPhO,2003,probable,Smart Global (IIoT),CEO and Co-founder,https://linkedin.com/in/maxim-shpilkin,Smart Global (IIoT),CEO Co-founder,organization_match,not_applicable,,,selected,exact_name_only,80,False,True,False,True,,,725f3e55e3d069e8bd8c16588ae625a9,"""Maxim Shpilkin"" Kazakhstan IPhO Olympiad 2003 current employer university role",0.007,1,Maxim Shpilkin,https://linkedin.com/in/maxim-shpilkin,profile,"### CEO Co-founder - Smart Global (IIoT) (Current) ... Jan 2019 - Present (7 years and 6 months) ... Martistel is a Warehousing and Storage company. Martistel has 10-20 employees (-20% YoY), founded in 2021. Headquartered in Dubai, United Arab Emirates, United Arab Emirates. Its workforce is distributed across 5 countries (including United Arab Emirates, Russia, United Kingdom, Turkey, and Kazakhstan). ... ### [Moscow Institute of Physics and Technology](https://www.linkedin.com/school/moscowinstituteofphysicsandtechnology) ... #### Bachelor, Physics and Applied Mathematics ... 2003 - 2007 (4 years) in Moscow, Moscow, Russian Federation ... #### Master, Physics and Applied Mathematics ... 2007 - 2009 (2 years) in Moscow, Moscow, Russian Federation ... Moscow Institute of Physics and Technology (State University) (MIPT) is a higher education institution. Moscow Institute of Physics and Technology (State University) (MIPT) has 200-300 employees (+10% YoY), founded in 1951. Headquartered in Moscow, Moscow, Russia, with an office in Dolgoprudnyy. Its workforce is distributed across 18 countries (including Russia, Ukraine, Kazakhstan, Serbia, and India). Research output of 20,000-30,000 works, primarily in Physics and Astronomy, Engineering, and Materials Science. Funds research behind 100-150 works. ... - [2025-04-15 · Maxim Shpilkin liked this] [Join us on April 23 at the Massachusetts Institute of Technology...](https://www.linkedin.com/posts/abdualiyev_join-us-on-april-23-at-the-massachusetts-activity-7317711737074434048-cdQi): Join us on April 23 at the Massachusetts Institute of Technology for an engaging conversation with Sayasat Nurbek , the Minister of Higher Education and Science of Kazakhstan. This event, hosted by..."
kaz-2c17c88cc511,Mukashev Maxim,IBO,2006,probable,AeroTransport Consultants,General Director,https://linkedin.com/in/maxim-mukashev-73a18827,AeroTransport Consultants,Director,organization_match,not_applicable,,,selected,exact_name_only,80,False,True,False,True,,,df5b6e4509152977022a3fa82552f85c,"""Mukashev Maxim"" Kazakhstan IBO Olympiad 2006 current employer university role",0.007,1,Maxim Mukashev,https://linkedin.com/in/maxim-mukashev-73a18827,profile,"### Director - AeroTransport Consultants (Current) ... Aug 2019 - Present (6 years and 11 months) in Almaty, Kazakhstan ... Department: General Management • Level: Director ... ](https://www ... Apr 2014 - Aug 20 ... ) in Almaty, Kazakhstan ... ### Bachelor's Degree, Bachelor Thesis: Comparison of Bioscience Education in Singapore and Japan at [Kyushu Institute of Technology](https://www.linkedin.com/school/九州工業大学) ... ) in Kitakyushu, ... ### Bachelor of Science (B.Sc.), Biological and Biomedical Sciences at [Nanyang Technological University](https://www.linkedin.com/school/ntusg) ... 2006 - 2010 (4 years) in Singapore, Singapore ... Nanyang Technological University Singapore is a higher education institution. Nanyang Technological University is one of the top universities in Singapore offering undergraduate and postgraduate education in engineering, business, science, humanities, arts, social sciences, education and medicine. Nanyang Technological University Singapore has 6,000-7,000 employees (+9-10% YoY) and has annual revenue in the $1B-$2B range, founded in 1990. Headquartered in Singapore, Singapore, with offices in 11 Mandalay Road and 11 Slim Barracks Rise (off North Buona Vista Road). Its workforce is distributed across 56 countries (including Singapore, China, India, United States, and United Kingdom). Research output of 100,000-200,000 works, primarily in Engineering, Computer Science, and Materials Science. Funds research behind 3,000-4,000 works. ... ### Minor Program, Entrepreneurship/Entrepreneurial Studies at [Nanyang Technological University](https://www.linkedin.com/school/ntusg) ... 2008 - 2009 (1 year) in Singapore, Singapore"
kaz-999af747a5a2,Nurassyl Serik,IChO,2017,probable,North Caspian Operating Company (NCOC),Process Engineer,https://kz.linkedin.com/in/nurassyl-serik-2a257918a,North Caspian Operating Company N.V. (NCOC),Process Engineer,organization_match,not_applicable,,,selected,exact_name_only,80,False,True,False,True,,,aa3b0ba7ff64efa3074c9ea4aef6aead,"""Nurassyl Serik"" Kazakhstan IChO Olympiad 2017 current employer university role",0.007,1,Nurassyl Serik,https://linkedin.com/in/nurassyl-serik-2a257918a,profile,"### Process Engineer - [North Caspian Operating Company N.V. (NCOC)](https://www.linkedin.com/company/north-caspian-joint-venture) (Current) ... Dec 2021 - Present (4 years and 6 months) in Атырау, Атырауская область, Казахстан ... ### Research assistant - [Назарбаев Университет](https://www.linkedin.com/company/jsc-nazarbayev-university) ... Nazarbayev University ... Nazarbayev University ... Central Asia and Kazakhstan ... Nazarbayev University ... 1,000-2,000 employees (+6-7% YoY), founded in 2010. Headquartered in Astana, Kazakhstan. Its workforce is distributed across 47 countries (including Kazakhstan, United States, United Kingdom, Canada, and Pakistan). Research output of 10,000-20,000 works, primarily in Engineering, Medicine, and Social Sciences. Funds research behind 2,000-3,000 works. ... ### Internship traine - [Al-Farabi Kazakh National University](https://www.linkedin.com/school/kaznu) ... Apr 20 ... 7 - Jun 2017 (2 months) in Алматы, Казахстан ... ### Bachelor's degree, Chemical engineering, 3.46/4.0 at [Назарбаев Университет](https://www.linkedin.com/school/aoe-nazarbayev-university) ... 2017 - 2021 (4 years) in Astana, Kazakhstan ... Nazarbayev University is a higher education institution. Nazarbayev University is a leading university in Central Asia and Kazakhstan. Nazarbayev University has 1,000-2,000 employees (+6-7% YoY), founded in 2010. Headquartered in Astana, Kazakhstan. Its workforce is distributed across 47 countries (including Kazakhstan, United States, United Kingdom, Canada, and Pakistan). Research output of 10,000-20,000 works, primarily in Engineering, Medicine, and Social Sciences. Funds research behind 2,000-3,000 works."
kaz-b35790c250cd,Nurbol Duisenbayev,IMO,2005;2006,probable,Google,Software Architect and Developer,https://kz.linkedin.com/in/nurbol-duisenbayev,Google,Software Engineer,organization_match,not_applicable,,,selected,exact_name_only,80,False,True,False,True,,,f1f0a500238ca8d191cec287591dbdd6,"""Nurbol Duisenbayev"" Kazakhstan IMO Olympiad 2005;2006 current employer university role",0.007,1,Nurbol Duisenbayev,https://linkedin.com/in/nurbol-duisenbayev,profile,"Software engineer at Google ... Kazakhstan (KZ) ... Architect and Software developer with a fullstack developer experience in corporate information systems and services. Possess Master's degree in Information Systems and Telecommunication from University of Essex (UK) and Bachelor degree in Information Systems from Kazakh British Technical University (Almaty, Kazakhstan). ... ### Software Engineer - [Google](https://www.linkedin.com/company/google) (Current) ... Apr 2022 - Present (4 years and 3 months) in Zurich, Switzerland ... ### Bachelor's degree, Information Technology at [Kazakh-British Technical University](https://www.linkedin.com/school/kazakhbritishtechnicaluniversity) ... 2006 - 2010 (4 years) in Almaty, Kazakhstan ... Kazakh-British Technical University is an educational institution. KBTU is a technical university in Kazakhstan that offers education in English language. They provide international level diplomas and have a strong focus on technical education. Kazakh-British Technical University has 100-150 employees (+10% YoY), founded in 2001. Headquartered in Almaty, Kazakhstan. Its workforce is distributed across 8 countries (including Kazakhstan, United Kingdom, Hungary, Italy, and United States). Research output of 1,000-2,000 works, primarily in Engineering, Materials Science, and Computer Science."
kaz-00408ca19291,Rashid Amirov,IChO,2001,probable,FINCRAFT Investment House,Chairman of the Board of Directors,https://linkedin.com/in/rashidamirov,FINCRAFT Investment House,Chairman of the Board of Directors,organization_match,not_applicable,,,selected,exact_name_only,80,False,True,False,True,,,1f8438785fe93951a87d07d011204fcd,"""Rashid Amirov"" Kazakhstan IChO Olympiad 2001 current employer university role",0.007,1,Rashid Amirov,https://linkedin.com/in/rashidamirov,profile,"Chairman of the Board of Directors at Fincraft Investment House and Amanat Insurance ... Kazakhstan (KZ) ... ### Chairman of the Board of Directors - FINCRAFT Investment House (Current) ... Dec 2016 - Present (9 years and 7 months) in Almaty, Kazakhstan ... Department: General Management • Level: President/Vice President ... ### Chairman of the Board of Directors - Amanat Insurance (Current) ... Dec 2019 - Present (5 years and 11 months) in Almaty, Kazakhstan ... Department: General Management • Level: President/Vice President ... ### Bachelor's degree, International Economics at [Narxoz University](https://www.linkedin.com/school/narxoz-university) ... 2001 - 2005 (4 years) in Almaty, Kazakhstan ... Narxoz University is a higher education institution. The company is a university that provides international education, online services, job placement, and contact information. They have been inspiring leaders since 1963. Narxoz University has 150-200 employees (+10% YoY), founded in 1963. Headquartered in Almaty, Kazakhstan. Its workforce is distributed across 7 countries (including Kazakhstan, United States, Malaysia, Cyprus, and Russia). Research output of 1,000-2,000 works, primarily in Social Sciences, Economics, Econometrics and Finance, and Business, Management and Accounting."
kaz-07b1a7ba2159,Renat Shaimardanov,IOI,1998,probable,Agregator,Owner and CEO,https://linkedin.com/in/renatshaimardanov,Agregator,Owner,organization_match,not_applicable,,,selected,exact_name_only,80,False,True,False,True,,,46a1fde94ca24823587dd0a42ea7ee74,"""Renat Shaimardanov"" Kazakhstan IOI Olympiad 1998 current employer university role",0.007,1,Renat Shaimardanov,https://linkedin.com/in/renatshaimardanov,profile,"CEO at Agregator ... Kazakhstan (KZ) ... CEO at Agregator ... ### Owner - Agregator (Current) ... Feb 2012 - Present (14 years and 5 months) ... Department: General Management • Level: Owner ... ### Managing director - Bright Vision ... ### Bachelor's degree, Computer and Information Sciences, General at [Kazahskij Nacionalnij Universitet im. Al Farabi](https://www.linkedin.com/school/kaznu) ... 1998 - 2002 (4 years) in Almaty, Kazakhstan ... Al-Farabi Kazakh National University is a higher education institution. The company is a university called Farabi. It provides online admission services for foreign students, as well as government services. It also offers job opportunities for individuals with disabilities. The university is involved in the development of sustainable development and has a scientific and academic council. It has a research and educational association. Al-Farabi Kazakh National University has 200-300 employees (+40% YoY), founded in 1934. Headquartered in Almaty, Kazakhstan. Its workforce is distributed across 25 countries (including Kazakhstan, United States, India, United Kingdom, and Pakistan). Research output of 10,000-20,000 works, primarily in Social Sciences, Engineering, and Physics and Astronomy. Funds research behind 10-20 works."
kaz-329a330cca14,Saken Dushayev,IMO,2011;2012,probable,Home Credit Bank,Senior Software Engineer,https://linkedin.com/in/saken-dushayev-30095b204,AO Home Credit Bank Kazakhstan,Senior Software Engineer,organization_match,not_applicable,,,selected,exact_name_only,80,False,True,False,True,,,f2aa0942ed9ab25d36091852001b79b7,"""Saken Dushayev"" Kazakhstan IMO Olympiad 2011;2012 current employer university role",0.007,1,Saken Dushayev,https://linkedin.com/in/saken-dushayev-30095b204,profile,"Almaty, Almaty, Kazakhstan (KZ) ... ### Senior Software Engineer - [AO Home Credit Bank Kazakhstan](https://www.linkedin.com/company/hcbkz) (Current) ... 20 ... - Present ( ... years and ... Department: Engineering and Technical • Level: Senior ... Engineering and Technical ... ### [National School of Physics & Math (FIZMAT)](https://www.linkedin.com/school/fizmat) ... 2009 - 2012 (3 years) in Almaty, Almaty, Kazakhstan ... National School of Physics & Math (FIZMAT) is an educational institution. The company is the Republic of Physics and Mathematics Institute in Kazakhstan. National School of Physics & Math (FIZMAT) has 30-40 employees (+10% YoY), founded in 1972. Headquartered in Almaty, Almaty, Kazakhstan. Its workforce is distributed across 5 countries (including Kazakhstan, Canada, United Kingdom, United Arab Emirates, and United States). ... ### Master of Information Systems at International Information Technology University"
kaz-d19956e64f90,Temirlan Izmailov,IMO,2012,probable,Tansar Capital,Portfolio Manager,https://kz.linkedin.com/in/temirlan-izmailov-caia-cfa-485bab89,Tansar Capital,Portfolio Manager,organization_match,not_applicable,,,selected,exact_name_only,80,False,True,False,True,,,dc31373de67e38311e9188499de0d0ca,"""Temirlan Izmailov"" Kazakhstan IMO Olympiad 2012 current employer university role",0.007,1,Temirlan Izmailov,https://linkedin.com/in/temirlan-izmailov-caia-cfa-485bab89,profile,"# Temirlan Izmailov ... Kazakhstan (KZ) ... ### Portfolio Manager - [Tansar Capital](https://www.linkedin.com/company/tansar-capital) (Current) ... Nov 2025 - Present (8 ... Department: Finance & Accounting • Level: Manager ... Tansar Capital is a Financial Services company. TANSAR CAPITAL is one of the leading investment companies in Kazakhstan. Tansar Capital has 10-20 employees (+30% YoY), founded in 1995. Headquartered in Almaty, Almaty, Kazakhstan. Its workforce is distributed across Kazakhstan and United States. ... ### Senior Associate - [National Investment Corporation of NBK](https://www.linkedin.com/company/national-investment-corporation-kazakhstan) ... National Investment Corporation of the NBK (NIC) is a Investment Management company. The national investment corporation of the national bank of kazakhstan is a global institutional investor. They focus on diversification and return enhancement of international reserves of the republic of kazakhstan through investments in alternative asset classes. National Investment Corporation of the NBK (NIC) has 30-40 employees (+40% YoY), founded in 2012. Headquartered in Nur-Sultan, Nur-Sultan, Kazakhstan. Its workforce is distributed across 5 countries (including Kazakhstan, United States, United Kingdom, France, and Netherlands). ... ### Master of Science - MS Finance Investment Management at [Stockholm School of Economics](https://www.linkedin.com/school/stockholm-school-of-economics) ... ### Bachelor of Science - BS Economics and Finance at University of London International Programmes ... 2013 - 20 ... ### Bachelor of Science - BS Finance at KBTU ... 2012 - 2016 (4 years)"
kaz-47c266b2b44f,Yermek Kaipov,IPhO,2005;2006,probable,SLB,Reservoir Domain Champion,https://sa.linkedin.com/in/yermek-kaipov-50525632,,,no_current_affiliation_extracted,not_applicable,,,selected,exact_name_only,80,False,True,False,True,,,fa2173433a2a47f798be36b11240ad61,"""Yermek Kaipov"" Kazakhstan IPhO Olympiad 2005;2006 current employer university role",0.007,1,Yermek Kaipov,https://linkedin.com/in/yermek-kaipov-50525632,profile,"#### Reservoir Production Domain Champion for Kingdom of Saudi Arabia (Current) ... Sep 2022 - Present (3 years and 10 months) in Al Khobar, Eastern, Saudi Arabia ... #### Reservoir Engineer for Caspian Region (Kazakhstan, Uzbekistan, Azerbaijan and Turkmenistan) ... Oct 2012 - Mar 2017 (4 years and 5 months) in Atyrau, Kazakhstan ... ### Software Engineer - Kazakh Institute of Oil and Gas ... Jul 2011 - Sep 2011 (2 months) in Astana, Kazakhstan ... ### Bachelor, Petroleum Engineering, Excellent at [Kazakh-British Technical University](https://www.linkedin.com/school/kazakhbritishtechnicaluniversity) ... 2006 - 2010 (4 years) in Almaty, Kazakhstan ... Kazakh-British Technical University is an educational institution. KBTU is a technical university in Kazakhstan that offers education in English language. They provide international level diplomas and have a strong focus on technical education. Kazakh-British Technical University has 100-150 employees (+10% YoY), founded in 2001. Headquartered in Almaty, Kazakhstan. Its workforce is distributed across 8 countries (including Kazakhstan, United Kingdom, Hungary, Italy, and United States). Research output of 1,000-2,000 works, primarily in Engineering, Materials Science, and Computer Science."
kaz-c9b6eb61477c,Zhamaliddin Kalzhan,IPhO,2018,probable,Samsung Electronics,Digital IP Design Engineer,https://linkedin.com/in/zhamaliddin-kalzhan,Samsung Electronics,Digital IP Design Engineer,organization_match,not_applicable,,,selected,exact_name_only,80,False,True,False,True,,,e47b599976b036a1f5e0f4ce0a12d912,"""Zhamaliddin Kalzhan"" Kazakhstan IPhO Olympiad 2018 current employer university role",0.007,1,Zhamaliddin Kalzhan,https://linkedin.com/in/zhamaliddin-kalzhan,profile,"Engineer at Samsung Electronics ... I am a KAIST alumnus specializing in digital IP design and microarchitecture. Currently, I am an R&D Engineer within the SoC Development Team at Samsung Electronics' System LSI Division, where I contribute to the design, optimization, and development of next-generation digital IPs. ... ### Digital IP Design Engineer - [Samsung Electronics](https://www.linkedin.com/company/samsung-electronics) (Current) ... Jun 2026 - Present (1 month) in Hwaseong ... Department: Engineering and Technical • Level: Specialist ... ### [Korea Advanced Institute of Science and Technology](https://www.linkedin.com/school/%ED%95%9C%EA%B5%AD%EA%B3%BC%ED%95%99%EA%B8%B0%EC%88%A0%EC%9B%90-kaist-) ... #### Master's degree Electrical and Electronics Engineering ... #### Bachelor's degree Electrical and Electronics Engineering ... 2018 - 2023 (5 years) ... Diploma at Shymkent ""Bilim"
kaz-612c627fb60c,Daniyar Kelbetov,IMO,2004;2005,probable,Astana International Financial Centre,Chairman of the Board of Directors,https://kz.linkedin.com/in/daniyar-frm,,,no_current_affiliation_extracted,not_applicable,,,selected,exact_name_only,72,False,True,False,False,,,bfa4ff1cbae973e0d55967a0853a3fd5,"""Daniyar Kelbetov"" Kazakhstan IMO Olympiad 2004;2005 current employer university role",0.007,1,Daniyar Kelbetov,https://linkedin.com/in/daniyar-frm,profile,"# Daniyar Kelbetov ... Kazakhstan (KZ) ... ### Chairman of the Board of Directors - AIFC Green Finance Centre ... ### [AIFC (Astana International Financial Centre)](https://www.linkedin.com/company/aifckz) ... #### Chief Product Officer - Member of the Management Board ... #### Managing Director ... Jan 2019 - Feb 2020 (1 year and 1 month) in Astana, Kazakhstan ... #### Director, Strategy and Research ... Mar 2016 - Dec 2018 (2 years and ... months) in Astana, Kazakhstan ... .linkedin.com ... ### Master of Science (M.Sc.) at National University of Singapore ... 2010 - 2013 (3 years) ... ### B.Sc. in Mathematical Sciences at Nanyang Technological University ... 2005 - 2009 (4 years)"
kaz-2d3646888fa9,Rauan Kaldybayev,IPhO,2021,probable,"University of California, Davis",Mathematics PhD Student,https://www.linkedin.com/in/rkaldybayev,,,no_current_affiliation_extracted,not_applicable,,,selected,exact_name_only,72,False,True,False,False,,,cdc7ca17eb6d7a641dfe8276edb6ee36,"""Rauan Kaldybayev"" Kazakhstan IPhO Olympiad 2021 current employer university role",0.007,1,Rauan Kaldybayev,https://linkedin.com/in/rkaldybayev,profile,"PhD student in Mathematics (mathematical physics) at UC Davis ... -year PhD student in the Mathematics program at UC Davis. My passion is in… ... ### Doctor of Philosophy, Mathematics at [University of California, Davis](https://www.linkedin.com/school/uc-davis) ... ### [National School of Physics & Math (FIZMAT)](https://www.linkedin.com/school/fizmat) ... 2018 - 2021 (3 years) in Almaty, Almaty, Kazakhstan ... National School of Physics & Math (FIZMAT) is an educational institution. The company is the Republic of Physics and Mathematics Institute in Kazakhstan. National School of Physics & Math (FIZMAT) has 30-40 employees (+10% YoY), founded in 1972. Headquartered in Almaty, Almaty, Kazakhstan. Its workforce is distributed across 5 countries (including Kazakhstan, Canada, United Kingdom, United Arab Emirates, and United States)."
kaz-3c4d427574a2,Aizana Turmukhametova,IMO,2006,probable,Google,Software Engineer,https://linkedin.com/in/aizana-turmukhametova-95b31b19,Google,Software Engineer,organization_match,not_applicable,,,selected,exact_name_only,70,False,False,False,True,,,23d0501c53a7fd1b247c1aa8a5a047a4,"""Aizana Turmukhametova"" Kazakhstan IMO Olympiad 2006 current employer university role",0.007,1,Aizana Turmukhametova,https://linkedin.com/in/aizana-turmukhametova-95b31b19,profile,"# Aizana Turmukhametova ... ### Software Engineer - [Google](https://www.linkedin.com/company/google) (Current) ... Sep 2016 - Present (9 years and 10 months) ... Department: Engineering and Technical ... Google (GOOG ... ) is a Software Development company ... They provide engineering jobs, artificial intelligence ... site reliability engineer ... teams, engineering ... has annual revenue ... B-$4 ... Mountain View, California ... (including Australia, Spain, France, Italy, and ... B range. IPO 2004. ... Department: Engineering and Technical ... ### [Massachusetts Institute of Technology (MIT)](https://www.linkedin.com/school/mit) ... ### [Massachusetts Institute of Technology](https://www.linkedin.com/school/mit) ... #### Bachelor's degree, Mathematics and Computer Science ... 2008 - 2012 (4 years) in Cambridge, Massachusetts, United States ... #### Master of Engineering (MEng), Computer Science ... 2012 - 2013 (1 year) in Cambridge, Massachusetts, United States ... Massachusetts Institute of Technology is a higher education institution. MIT - Massachusetts Institute of Technology is a company that aims to advance knowledge and educate students in science, technology, and other areas of scholarship that will best serve the nation and the world in the 21st century. Massachusetts Institute of Technology has 10,000-20,000 employees (+3-4% YoY) and has annual revenue in the $5B-$6B range, founded in 1861. Headquartered in Cambridge, Massachusetts, United States. Its workforce is distributed across 95 countries (including United States, India, United Kingdom, Canada, and Germany)."
kaz-2457951c5496,Almaz Rakhmetov,IOI,2004,probable,Amazon,Software Development Engineer,https://linkedin.com/in/almaz-rakhmetov-a2451223,,,no_current_affiliation_extracted,not_applicable,,,selected,exact_name_only,70,False,False,False,True,,,925c3f0ab056e692d7c011eb24aaf286,"""Almaz Rakhmetov"" Kazakhstan IOI Olympiad 2004 current employer university role",0.007,1,Almaz Rakhmetov,https://linkedin.com/in/almaz-rakhmetov-a2451223,profile,"Software Development Engineer ... [Amazon Web Services (AWS)](https://www.linkedin.com/company/ ... -services) ... #### Software Engineer (Current) ... Feb 20 ... - Present (2 years and ... months) in Seattle, Washington ... ### Head of Software Development - Platonus, LLP ... Nov 2016 - Feb 2018 (1 year and 3 months) in Astana, Kazakhstan ... Managed a team of developers and testers building a Web-based applications for public universities, Ministry of Education in Kazakhstan. Led the design and architecture activities. Arranged professional team development activities: teaching best practices in coding ... ### Master's degree, Computer Science at [L.N.Gumilyov Eurasian National University](https://www.linkedin.com/school/enu) ... 2013 - 2015 (2 years) in Astana, Kazakhstan ... L.N.Gumilyov Eurasian National University is a higher education institution. Л.Н.Гумилев атындағы Еуразия ұлттық университеті is a university in Kazakhstan. They offer various academic programs and have a strong focus on quality education. The university has received several awards and has a strong reputation for its academic excellence. L.N.Gumilyov Eurasian National University has 100-150 employees (+20% YoY), founded in 1996. Headquartered in Astana, Kazakhstan. Its workforce is distributed across 12 countries (including Kazakhstan, United States, Turkey, Spain, and Poland). Has $2.7M in total funding, with 5 prior funding rounds. Research output of 10,000-20,000 works, primarily in Social Sciences, Engineering, and Physics and Astronomy. ... ### Bachelor, Computer Science at 2005-2006, Suleyman Demirel University ... Activities: Activities and Societies: 2nd and 5th place in Kazakhstan on programming contest for students in 2005 and 2006."
kaz-19cbd524a6c0,Ayan Segizbay,IPhO,2015,probable,Self-employed,Crypto Analyst,https://linkedin.com/in/ayansegizbay,,,no_current_affiliation_extracted,not_applicable,,,selected,exact_name_only,70,False,False,False,True,,,ddd6582e133382b940e9371c9ff76d98,"""Ayan Segizbay"" Kazakhstan IPhO Olympiad 2015 current employer university role",0.007,1,Ayan Segizbay,https://linkedin.com/in/ayansegizbay,profile,"Self-Employed ... #### Airdrop Operations Specialist & Crypto Analyst (Current) ... Jan 2023 - Present (3 years and 5 months) in Almaty, Kazakhstan ... Проводил анализ криптопроектов: токеномика, ... , активность экосистемы, вероятность и ... airdrop. Управлял мультиаккаунтной и мультиидентичной инфраструктурой из 151 профиля (AdsPower): кошельки, ... ли, прокси, ... ты. Руководил командой из ... человек: распределение задач, контроль качества, оптимизация процессов. Настроил и оптимизировал многоаккаунтные сценарии для повышения ... ности получения airdrop’ов и ... зации рисков. Работал с более ... 10 направлениями Web3-экосистемы: ... 2 сети, DeFi ... InFoFi, ... , Restaking, NFT и ... и аналитические ... 3-продукты. ... 3%, Arbit ... 000% ... Платформа: ... через Freedom Finance ... Анализировал ... спользовал IpoScoop и ... 10-K/10- ... и доверенные ... ### Master's degree Finance General at [Kazakh-British Technical University](https://www.linkedin.com/school/kazakhbritishtechnicaluniversity) ... ### Mathematics for Programming Olympiads by [Stepik](https://linkedin.com/company/stepik)"
kaz-ce11e3134fa1,Baizak Kudaibergenov,IBO,2011,probable,Khalifa University,Doctoral Researcher,https://linkedin.com/in/baizaq,Khalifa University,Doctoral Researcher,organization_match,not_applicable,,,selected,exact_name_only,70,False,False,False,True,,,66ee14e208ec4ea0b51d31b61d7f2d41,"""Baizak Kudaibergenov"" Kazakhstan IBO Olympiad 2011 current employer university role",0.007,1,Baizak Kudaibergenov,https://linkedin.com/in/baizaq,profile,"Khalifa University | PhD ... Modeling & Multi- ... | Collaborating with ... While the tech world builds for today, I am researching for the future of precision medicine. Currently, I am a PhD Researcher at Khalifa University in collaboration with the University of Oxford. My work focuses on developing an AI-driven Digital Twin framework for the longitudinal prediction of multi-organ damage related to hypertension. By leveraging global cohorts and advanced predictive modeling, I aim to bridge the gap between AI innovation and clinical impact. ... ### Doctoral Researcher - [Khalifa University](https://www.linkedin.com/school/khalifauniversity) (Current) ... azarbayev ... is a higher education institution. Nazarbayev University is a leading university in Central Asia and Kazakhstan. Nazarbayev University has 1,000-2,000 employees (+6-7% YoY), founded in 2010. Headquartered in Astana, Kazakhstan. Its workforce is distributed across 47 countries (including Kazakhstan, United States, United Kingdom, Canada, and Pakistan). Research output of 10,000-20,000 works, primarily in Engineering, Medicine, and Social Sciences. Funds research behind 2,000-3,000 works. ... 0-2 ... 00 works, primarily in Engineering, Medicine, and Social Sciences ... 2,000-3,000 works ... Khalifa University is a ... research-intensive ... It brings together ... in science, engineering and medicine ... , to offer specialized degrees ... Khalifa University has ... ,00 ... ,00 ... % YoY) and has annual ... ). Research output of ... 00-3 ... 0 works, primarily in Engineering, Computer Science, and ... and Biological Sciences. ... research behind ... 00- ... ,00"
kaz-dc3a6a35b589,Dauren Muratov,IOI,2012,probable,DashDevs,iOS Engineer,https://linkedin.com/in/dauren-muratov-1a114676,DashDevs LLC,iOS Engineer,organization_match,not_applicable,,,selected,exact_name_only,70,False,False,False,True,,,d4e9d6a3c8113615daabff8cfc9383dc,"""Dauren Muratov"" Kazakhstan IOI Olympiad 2012 current employer university role",0.007,1,Dauren Muratov,https://linkedin.com/in/dauren-muratov-1a114676,profile,"# Dauren Muratov ... Astana, Kazakhstan (KZ) ... An ex-Meta (Facebook), ex-Booking.com iOS developer with 5+ years of experience developing ... at all scales ... from small projects to startups and ... with millions of users. Passionate at learning new technologies, paradigms ... ### iOS Engineer - [DashDevs LLC](https://www.linkedin.com/company/dashdevs) (Current) ... Oct 2023 - Present (2 years and 9 months) in Kazakhstan ... Department: Engineering and Technical • Level: Specialist ... DashDevs LLC is a Software Development company. DashDevs is a custom software development company that delivers digital solutions for fintech and other industries. We can help bring your project to life!. DashDevs LLC has 80-90 employees (-10% YoY) and has annual revenue in the $1M-$10M range, founded in 2011. Headquartered in Wilmington, Delaware, United States, operates in 5 countries (including Poland, Hungary, United Kingdom, and Portugal). Its workforce is distributed across 13 countries (including Ukraine, Poland, United States, United Kingdom, and Georgia). ... Department: Engineering and Technical ... Department: Engineering and Technical • Level: Specialist ... Department: Engineering and Technical • Level: Specialist"
kaz-f648d0d6bf6d,Manatuly Angsar,IPhO,2010,probable,University of Technology Sydney,Casual Academic,https://linkedin.com/in/angsar-manatuly-7409bb2b9,,,no_current_affiliation_extracted,not_applicable,,,selected,exact_name_only,70,False,False,False,True,,,cfeb002e0ed1060dda53fa366d4dc4bc,"""Manatuly Angsar"" Kazakhstan IPhO Olympiad 2010 current employer university role",0.007,1,Angsar Manatuly,https://linkedin.com/in/angsar-manatuly-7409bb2b9,profile,"### [University of Technology Sydney](https://www.linkedin.com/school/university-of-technology-sydney) ... #### Casual Academic (Current) ... Feb 2022 - Present (4 years and 5 months) in Sydney, New South Wales, Australia ... Lab demonstrator and tutor for: ... ### Lecturer - [International Information Technologies University](https://www.linkedin.com/school/iitu-kz) ... Aug 2018 - Dec 2021 (3 years and 4 months) in Almaty, Kazakhstan ... Department: Education ... International Information Technologies University is a higher education institution. International Information Technologies University has 30-40 employees (+20% YoY), founded in 2009. Headquartered in Almaty, Kazakhstan. Its workforce is distributed across Kazakhstan, Russia, United States, and France. Research output of 1,000-2,000 works, primarily in Computer Science, Engineering, and Social Sciences. ... ### Doctor of Philosophy - PhD Physics at [University of Technology Sydney](https://www.linkedin.com/school/university-of-technology-sydney) ... 2022 - 2026 (4 years) in Ultimo, New South Wales, Australia ... University of Technology Sydney is a higher education institution. University of Technology Sydney is Australia’s #1 Young university, focused on making a difference through leading research and inspiring education. University of Technology Sydney has 6,000-7,000 employees (+5-6% YoY) and has annual revenue in the $1B-$2B range, founded in 1988. Headquartered in Ultimo, New South Wales, Australia. Its workforce is distributed across 60 countries (including Australia, United States, United Kingdom, India, and China). Research output of 70,000-80,000 works, primarily in Engineering, Medicine, and Social Sciences. Funds research behind 300-400 works. ... Kazakh - Native or bilingual proficiency"
kaz-b48f403765ac,Sossin Viktor,IMO,2005,probable,Nazarbayev Intellectual Schools (NIS),School Principal,https://linkedin.com/in/viktorsossin,Назарбаев Интеллектуальные школы,School Principal,organization_match,not_applicable,,,selected,exact_name_only,70,False,False,False,True,,,d9d148987f807227c543e6c616222f59,"""Sossin Viktor"" Kazakhstan IMO Olympiad 2005 current employer university role",0.007,1,Viktor Sossin,https://linkedin.com/in/viktorsossin,profile,"Master's degree ... in Education from University ... ### School Principal - [Назарбаев Интеллектуальные школы](https://www.linkedin.com/school/nazarbayev-intellectual-schools) (Current) ... Aug 2025 - Present (11 months) in Петропавловск Г.А., Северо-Казахстанская область, Казахстан ... Department: Education • Level: Head ... Nazarbayev Intellectual Schools is an educational institution. Nazarbayev Intellectual Schools has 300-400 employees (+10% YoY), founded in 2009. Headquartered in Astana, Kazakhstan. Its workforce is distributed across 18 countries (including Kazakhstan, United States, Philippines, United Kingdom, and China). Research output of 60-70 works, primarily in Social Sciences, Psychology, and Computer Science. ... ### Principal - Nazarbayev Intellectual School of Physics and Mathematics in Taldykorgan (Current) ... Aug 2019 - Present (6 years and 2 months) in Taldykorgan, Kazakhstan ... Department: Education • Level: Senior ... ### Vice-principal for academic affairs - Nazarbayev Intellectual School of physics and mathematics in Taldykorgan ... Jul 2017 - Aug 2019 (2 years and 1 month) in Taldykorgan, Kazakhstan ... Department: Education • ... ### [University of Sussex](https://www.linkedin.com/school/university-of-sussex) ... University of Sussex ... United Kingdom, ... Research output of ... ### 1st place at the Republican Olympiad for Mathematics Teachers ... Issued by: Minustry of Education of the Republic of Kazakhstan ... ### Evaluation Team Member and Accreditation Advisor at Council of International Schools"
kaz-8b03ffcc0625,Kambarov Yerkebulan,IBO,2001;2002,probable,Johnson & Johnson,EMEA Medical Program Lead,https://linkedin.com/in/yerkebulan-kambarov-b32aa160,,,no_current_affiliation_extracted,not_applicable,,,selected,exact_name_only,69,False,False,False,True,,,f9abd49979bf0d7f5c302bb83e625437,"""Kambarov Yerkebulan"" Kazakhstan IBO Olympiad 2001;2002 current employer university role",0.007,2,Yerkebulan Kambarov,https://linkedin.com/in/yerkebulan-kambarov-b32aa160,profile,"# Yerkebulan Kambarov ... EMEA Medical Program Lead – Johnson & Johnson ... ### [Johnson & Johnson](https://www.linkedin.com/company/johnson-&-johnson) ... #### EMEA Medical Program Lead (Current) ... Jan 2020 - Present (6 years and 6 months) in Бельгия ... Department: Project Management • Level: Manager ... #### Medical Program Lead CIS Cluster ... Aug 2018 - Jan 2020 (1 year and 5 months) in Алматы, Казахстан ... ### Master's degree, Data Science and Artificial Intelligence at [University of London](https://www.linkedin.com/school/university-of-london) ... ) in United Kingdom ... ### Doctor of Medicine - MD, Medicine at [Hacettepe Üniversitesi](https://www.linkedin.com/school/hacettepe-university) ... 2003 - 2009 (6 years) in Türkiye ... Hacettepe University ... Hacettepe Üniversitesi ... programs and conducts research in various fields. The ... focused on promoting sustainability, ... , and social contribution in the education and research industry ... Hacettepe University has 3,000-4,000 employees (+6-7% YoY), founded in 1 ... 67. Headquartered in Turkey, with offices in Ankara and Beytepe. Its workforce is distributed across 31 countries (including Turkey, United States, Germany, United Kingdom, and Azerbaijan). Research output of 70,000-80,000 works, primarily in Medicine, Biochemistry, Genetics and Molecular Biology, and Social Sciences. Funds research behind 900-1 ... 000 works. ... - [2026-07-24 · Liked] [Proud moment for Kazakhstan 🇰🇿 performance at IPhO 2026 Physics is...](https://www.linkedin.com/posts/kazakhstan-ipho2026-physics-activity-7486462920072294400-U8gL): Proud moment for Kazakhstan 🇰🇿 performance at IPhO 2026 Physics is where engineering begins. Today's physics Olympiad winners tomorrow can become…"
kaz-e592924f7a04,Bakdaulet Seisenkul,IChO,2020,probable,Texas A&M University,Chemical Engineering PhD Student,https://linkedin.com/in/bakdaulet-seisenkul-8ab00b230,,,no_current_affiliation_extracted,not_applicable,,,selected,exact_name_only,62,False,False,False,False,,,f775cab0487ce31ada73facafc4b74dc,"""Bakdaulet Seysenkul"" Kazakhstan IChO Olympiad 2020 current employer university role",0.007,1,Bakdaulet Seisenkul,https://linkedin.com/in/bakdaulet-seisenkul-8ab00b230,profile,"# Bakdaulet Seisenkul Chemist College Station, Texas, United States (US) 172 connections • 172 followers ## About Chemist ## Education ### Bachelor of Science - BS, Chemistry at [Nazarbayev University](https://www.linkedin.com/school/aoe-nazarbayev-university) 2021 - 2025 (4 years) in Astana, Kazakhstan Nazarbayev University is a higher education institution. Nazarbayev University is a leading university in Central Asia and Kazakhstan. Nazarbayev University has 1,000-2,000 employees (+6-7% YoY), founded in 2010. Headquartered in Astana, Kazakhstan. Its workforce is distributed across 47 countries (including Kazakhstan, United States, United Kingdom, Canada, and Pakistan). Research output of 10,000-20,000 works, primarily in Engineering, Medicine, and Social Sciences. Funds research behind 2,000-3,000 works."
kaz-3769a5a94566,Dauren Auzhani,IMO,2003,probable,Eurasian Resources Group,Head of Analysis and Valuation of Investment Projects,https://linkedin.com/in/dauren-auzhani-44134222,,,no_current_affiliation_extracted,not_applicable,,,selected,exact_name_only,62,False,False,False,False,,,f6992e0d73f83d4dcc8766930e18fd62,"""Dauren Auzhani"" Kazakhstan IMO Olympiad 2003 current employer university role",0.007,1,Dauren Auzhani,https://linkedin.com/in/dauren-auzhani-44134222,profile,"# Dauren Auzhani ... Investment Management | Asset Management ... Kazakhstan (KZ) ... Investment Management | Asset Management ... - [2026-06-26 · Dauren Auzhani liked this] [I am honored to be ranked #6 in Kazakhstan in the field of 𝗘𝗻𝗲𝗿𝗴𝘆...](https://www.linkedin.com/posts/yerlan-amanbek_nazarbayevuniversity-research-kazakhstan-activity-7476212199116500992-A1Ol): I am honored to be ranked #6 in Kazakhstan in the field of 𝗘𝗻𝗲𝗿𝗴𝘆 𝗮𝗻𝗱 𝗘𝗻𝘃𝗶𝗿𝗼𝗻𝗺𝗲𝗻𝘁𝗮𝗹 𝗠𝗮𝗻𝗮𝗴𝗲𝗺𝗲𝗻𝘁 in the national ranking of most-cited researchers published by the The National Academy of Sciences of... ... - [2026-06-22 · Dauren Auzhani liked this] [Главный специалист отдела стратегического планирования 📍 Корпорация...](https://www.linkedin.com/posts/акмарал-найзабекова-6ab32a51_казахмыс-kazakhmys-вакансия-activity-7474755788767387648-YNUQ): Главный специалист отдела стратегического планирования 📍 Корпорация «Казахмыс» В команду Корпорации «Казахмыс» приглашается Главный специалист отдела стратегического планирования, который будет уча... ... [20 ... 06- ... 5 · Dauren Auzhani liked this]"
kaz-4c524655befe,Guldana Abduali,IBO,2021,probable,Korea Advanced Institute of Science and Technology (KAIST),Undergraduate Student in Computer Science,https://kr.linkedin.com/in/guldana-abduali,,,no_current_affiliation_extracted,not_applicable,,,selected,exact_name_only,62,False,False,False,False,,,6064206da6a896257415e7654fa2893a,"""Guldana Abduali"" Kazakhstan IBO Olympiad 2021 current employer university role",0.007,1,Guldana Abduali,https://linkedin.com/in/guldana-abduali,profile,"Student at Korea Advanced Institute of Science and Technology ... Student at Korea Advanced Institute of Science and Technology ... ### International Student Ambassador - [Korea Advanced Institute of Science and Technology](https://www.linkedin.com/school/한국과학기술원-kaist-) ... Atyrau, Atyrau Region, Kazakhstan ... Tengizchevroil ... a Oil and Gas ... izchevro ... is a leading ... , gas and ... that fuels the modern economy. ... 000 employees (4-5% YoY decline) and ... 10B-$2 ... B range, founded in 1993. Headquartered in Kazakhstan, with presence in United States. ... across 54 countries (including Kazakhstan, United States, United Kingdom, Russia, and South Korea). ... ### Bachelor of Science - BS, Double Major in Computer Science and Business & Technology Management at [Korea Advanced Institute of Science and Technology](https://www.linkedin.com/school/한국과학기술원-kaist-) ... Korea Advanced Institute of Science and Technology is a higher education institution. Korea Advanced Institute of Science and Technology has 1,000-2,000 employees (+20% YoY), founded in 1971. Headquartered in Daejeon, South Korea. Its workforce is distributed across 35 countries (including South Korea, United States, India, United Kingdom, and Indonesia). Research output of 80,000-90,000 works, primarily in Engineering, Materials Science, and Computer Science. Funds research behind 800-900 works. ... - [2026-05-28 · Liked] [🚀 Guldana Abduali is originally from Kazakhstan. For nearly five...](https://www.linkedin.com/posts/limon-kg_guldana-abduali-is-originally-from-kazakhstan-activity-7465683469738790912-5IKF): 🚀 Guldana Abduali is originally from Kazakhstan. For nearly five years, she studied biology intensively and dreamed of pursuing education abroad…"
kaz-96fed62edd90,Adilzhan Ismailov,IMO,2007,probable,Depop,"Lead Data Scientist, Pricing and Inventory",https://uk.linkedin.com/in/adilzhanismailov,,,no_current_affiliation_extracted,not_applicable,,,selected,exact_name_only,61,False,False,False,False,,,7700630b01fc5bb37314540b4cc2547c,"""Adilzhan Ismailov"" Kazakhstan IMO Olympiad 2007 current employer university role",0.007,2,Adilzhan Ismailov,https://linkedin.com/in/adilzhanismailov,profile,"# Adilzhan Ismailov ... Machine Learning at Depop ... Machine Learning at Depop ... ### Bachelor of Arts (BA) at [University of Cambridge](https://www.linkedin.com/school/university-of-cambridge) ... 2010 - 2013 (3 years) in Cambridge, England, United Kingdom ... University of Cambridge is an educational institution. The University of Cambridge offers undergraduate and postgraduate study programs, professional study opportunities, alumni services, business and enterprise opportunities, and cambridge students. University of Cambridge has 10,000-20,000 employees (+5-6% YoY) and has annual revenue in the $2B-$3B range, founded in 1209. Headquartered in Cambridge, England, United Kingdom. Its workforce is distributed across 107 countries (including United Kingdom, United States, India, Germany, and Italy). Has $144.1M in total funding, with 3 prior funding rounds. Research output of 300,000-400,000 works, primarily in Medicine, Biochemistry, Genetics and Molecular Biology, and Physics and Astronomy. Funds research behind 900-1,000 works."
kaz-d8dac02b5a92,Abilmansur Muzhubayev,IChO,2020,confirmed,Google,Software Engineer,https://linkedin.com/in/abilmuzhubayev,Google,Software Engineer,organization_match,integrated,,,selected,explicit_bridge,108,True,True,True,True,,,11be2d24e9c714072cc9cba9f170e868,"""Abilmansur Muzhubayev"" Kazakhstan IChO Olympiad 2020 current employer university role",0.007,1,Abilmansur Muzhubayev,https://linkedin.com/in/abilmuzhubayev,profile,"Software Engineer @ Google | IChO medalist ... ### Software Engineer - [Google](https://www.linkedin.com/company/google) (Current) ... Dec 2024 - Present (1 year and 7 months) in Warsaw, Mazowieckie, Poland ... Software engineer at Vertex AI Search, Gemini Enterprise. ... Jul 20 ... ### Bachelor's degree, Computer Science at [Назарбаев Университет](https://www.linkedin.com/school/aoe-nazarbayev-university) ... 2020 - 2024 (4 years) in Astana, Kazakhstan ... Nazarbayev University is a higher education institution. Nazarbayev University is a leading university in Central Asia and Kazakhstan. Nazarbayev University has 1,000-2,000 employees (+6-7% YoY), founded in 2010. Headquartered in Astana, Kazakhstan. Its workforce is distributed across 47 countries (including Kazakhstan, United States, United Kingdom, Canada, and Pakistan). Research output of 10,000-20,000 works, primarily in Engineering, Medicine, and Social Sciences. Funds research behind 2,000-3,000 works. ... ### International Chemistry Olympiad 2020 - Bronze Medal ... Jul 2020 ... Placed 94th (out of ~235) and awarded a bronze medal at IChO 2020, Turkey. Considered the most prestigious chemistry olympiad on the planet with only 4 participants per country quota. ... ### International Mendeleev Chemistry Olympiad - Bronze Medal ... ### National Chemistry Olympiad 2020 - Gold Medal ... Placed 2nd (out of ~20000) and awarded a gold medal at National Chemistry Olympiad, Kazakhstan. Selected as a national team member."
kaz-47792c0edb59,Adil Kabylda,IChO,2014;2015,confirmed,University of Luxembourg,"PhD Researcher, Theoretical Chemical Physics Group",https://linkedin.com/in/kabylda,University of Luxembourg,"PhD Researcher, Theoretical Chemical Physics Group",organization_match,integrated,,,selected,explicit_bridge,108,True,True,True,True,,,c63af765f6238181f2a5978552a90cac,"""Adil Kabylda"" Kazakhstan IChO Olympiad 2014;2015 current employer university role",0.007,1,Adil Kabylda,https://linkedin.com/in/kabylda,profile,"### PhD Researcher, Theoretical Chemical Physics Group - [University of Luxembourg](https://www.linkedin.com/school/university-of-luxembourg) (Current) ... Oct 2021 - Present (4 years and 9 months) in Luxembourg ... ### Secondary Education at [Kazakh-Turkish lyceum for gifted students](https://www.linkedin.com/school/bilim) ... 2010 - 2015 (5 years) in Kazakhstan ... Kazakh-Turkish lyceum for gifted students is an educational institution. Kazakh-Turkish lyceum for gifted students has 1-10 employees (+40% YoY), founded in 1992. Headquartered in Kazakhstan. ... ### 47th International Chemistry Olympiad 2015 - gold medal ... 2015 ... www.linkedin ... -all- ... 8406371605 ... ) > Hi all, wanted ... share a few ... ! > > 1) I defended my PhD in Physics at the University of Luxembourg earlier this year. read my thesis ""General-Purpose Machine Learning Force Fields for (Bio)Molecular Simulations"" here (acknowledgements mention many people who made it possible): https://lnkd.in/eWertt2m > > 2) Made the Forbes Kazakhstan 30u3 ... in the Science category! super ... to be on this list among the likes of bydastann (""This is not AI, this is ... "" https://lnkd.in/eV7rw9x3), molodoy (furia's awper), Alexander Bublik (ATP ... 10), and Dastan ... payev (first KZ player signed to the EPL). https://lnkd.in/emrCyXNX > > 3) Went to the ... Achievement Summit in Washington, DC as a delegate! got to meet so many exceptional ... and leaders, had breakfasts with a ... the White House, and ... > > 4) I will be spending the next several months at a stealth startup in Boston cooking cool models (hmu if you want to ... ), and then joining David Baker's lab ... Washington as a ... end of the year ... > Beyond ... – to my PhD advisor Alexander Tkatchenko,"
kaz-845e316f4e10,Aibek Umbetalin,IBO,2006,confirmed,BTC.KZ,Chief Executive Officer,https://kz.linkedin.com/in/aibek-umbetalin-70a71224,BTC.KZ,CEO,organization_match,integrated,,,selected,explicit_bridge,108,True,True,True,True,,,3a8b9ea3a382490aa2edde773e62ca7e,"""Aibek Umbetalin"" Kazakhstan IBO Olympiad 2006 current employer university role",0.007,1,Aibek Umbetalin,https://linkedin.com/in/aibek-umbetalin-70a71224,profile,"Co-owner of ... Co-owner of BTC KZ LLP - cryptoming and hosting solutions ... ### CEO - [BTC.KZ](https://www.linkedin.com/company/btckz) (Current) ... Dec 2017 - Present (8 years and 7 months) in Алматы, Казахстан ... Department: General Management • Level: C-Level ... BTC.KZ is a IT Services and IT Consulting company. BTC KZ is one of the leaders in the construction and maintenance of industrial data centers for crypto mining production. They have data facilities located in the Northern part of KZ and their own software for data-center monitoring. They participate in the wholesale electricity market in Kazakhstan and occupy one of the leading positions in the market in terms of computing capacity. BTC.KZ has 1-10 employees, founded in 2017. Headquartered in Almaty, Almaty, Kazakhstan. ... ### [Nanyang Technological University Singapore](https://www.linkedin.com/school/ntusg) ... 2007 - 2011 ( ... years) in Singapore, Singapore ... Nanyang Technological University Singapore ... Nanyang Technological University ... one of the top ... in engineering, business, science, ... , arts, social sciences, education and ... Nanyang Technological University Singapore has 6,000-7,000 employees (+9-10% YoY) and has annual revenue in the $1B-$2B range, founded in 19 ... , Singapore, with offices in 11 Mandalay ... and 11 Slim Barracks Rise (off North Buona Vista Road). Its workforce is distributed across 56 countries (including Singapore, China, India, United States, and United Kingdom). Research output of 100,000-200,000 works, primarily in Engineering, Computer Science, and Materials ... Funds research behind 3,000-4,000 works. ... ### Bronze medal at 16th International Biology Olympiad (IBO) ... Jul 2006 ... Olympiad held in Argentina, Rio-Cuarto - Cordoba"
kaz-cc87b45e38c1,Aidar Zhetessov,IPhO,2013,confirmed,Lunar Energy,Senior Power Electronics Controls Engineer,https://www.linkedin.com/in/aidarzhetessov,Lunar Energy,Sr. Power Electronics Controls Engineer,organization_match,integrated,,,selected,explicit_bridge,108,True,True,True,True,,,171baa4a776ad6230adac4d57f474005,"""Aidar Zhetessov"" Kazakhstan IPhO Olympiad 2013 current employer university role",0.007,1,Aidar Zhetessov,https://www.linkedin.com/in/aidarzhetessov,profile,"### Sr. Power Electronics Controls Engineer - [Lunar Energy](https://www.linkedin.com/company/lunarenergyinc) (Current) ... Jul 2024 - Present (2 years) in Mountain View, California, United States ... ### Research Engineer - [Nazarbayev University](https://www.linkedin.com/school/aoe-nazarbayev-university) ... Oct 201 ... - Dec 20 ... ) in Astana, ... 6-7% YoY), ... 2010 ... quartered in Astana, Kazakhstan. ... workforce is distributed across ... countries (including Kazakhstan, United ... Kingdom, Canada, and Pakistan). Research output of ... ,00 ... ,000 works, primarily in Engineering, ... , and Social ... research behind 2,000- ... ,000 works. ... ### Jury Member. 45th International Physics Olympiad (IPhO), Astana, Kazakhstan - [Republican Scientific and Practical center ""Daryn""​](https://www.linkedin.com/company/republican-scientific-and-practical-center-daryn) ... , Electrical and Electronic Engineering at [ ... www.linkedin.com ... ### Bachelor of Engineering (B.Eng.), Electrical and Electronics Engineering at [Nazarbayev University](https://www.linkedin.com/school/aoe-nazarbayev-university) ... 2013 - 2017 (4 years) in Astana, Kazakhstan ... Nazarbayev University is a higher education institution. Nazarbayev University is ... leading university in Central Asia and Kazakhstan. Nazarbayev University has 1,000-2,000 employees (+6-7% YoY), founded in 2010. Headquartered in Astana, Kazakhstan. Its workforce is distributed across 47 countries (including Kazakhstan, United States, United Kingdom, Canada, and Pakistan). Research output of 10,000-20,000 works, primarily in Engineering, Medicine, and Social Sciences. Funds research behind 2,000-3,000 works. ... ### Silver Medalist in IPhO 2013 ... ### Overall Winner in Kazakhstan's National Physics Olympiad"
kaz-dd3a643dd7b7,Aiganym Baltashova,IBO,2025,confirmed,Massachusetts Institute of Technology (MIT),Incoming Transfer Student,https://linkedin.com/in/aiganym-baltashova,,,no_current_affiliation_extracted,selected_no_current_extracted,,,selected,explicit_bridge,108,True,True,True,True,,,bb20d78fe5774feabf0befc29112ed96,"""Aiganym Baltashova"" Kazakhstan IBO Olympiad 2025 current employer university role",0.007,1,Aiganym Baltashova,https://linkedin.com/in/aiganym-baltashova,profile,"Incoming Transfer @ MIT ... Incoming Transfer @ MIT ... ### Intern - [Nazarbayev University](https://www.linkedin.com/company/jsc-n ... bayev-university) ... Jun 2024 - Aug 2024 (2 months) in Astana, Kazakhstan ... Nazarbayev University is a higher education institution. Nazarbayev University is a leading university in Central Asia and Kazakhstan. Nazarbayev University has 1,000-2,000 employees (+6-7% YoY), founded in 2010. Headquartered in Astana, Kazakhstan. Its workforce is distributed across 47 countries (including Kazakhstan, United States, United Kingdom, Canada, and Pakistan). Research output of 10,000-20,000 works, primarily in Engineering, Medicine, and Social Sciences. Funds research behind 2,000-3,000 works. ... Central Asia Bio Olympiad 2024 on Instagram: ""The academic committee of the CABO 2024 Olympiad consists of problem authors, jury members, and appeal committee members who strictly adhere to academic integrity principles. Their goal is to provide participants with the opportunity to solve the most challenging, interesting, and original problems. ... Beyond Curriculum PF ... aldykorgan ... distributed across Kazakhstan ... ://www. ... 2019 - 2025 (6 years) in Astana, Kazakhstan ... Nazarbayev Intellectual Schools is an educational institution. Nazarbayev Intellectual Schools has 300-400 employees (+10% YoY), founded in 2009. Headquartered in Astana, Kazakhstan. Its workforce is distributed across 18 countries (including Kazakhstan, United States, Philippines, United Kingdom, and China). Research output of 60-70 works, primarily in Social Sciences, Psychology, and Computer Science. ... ### International Biology Olympiad — Bronze Medal ... Jul 2025 ... International Biology Olympiad — Bronze"
kaz-f3a805a1727a,Aivar Abrashuly,IPhO,2016,confirmed,Ayar Labs,"Intern, Photonics Design",https://www.linkedin.com/in/aivar-abrashuly-754163156,Ayar Labs,"Intern, Photonics Design",organization_match,integrated,,,selected,explicit_bridge,108,True,True,True,True,,,c9a4494841e132f842a957954c5cd69e,"""Aivar Abrashuly"" Kazakhstan IPhO Olympiad 2016 current employer university role",0.007,1,Aivar Abrashuly,https://www.linkedin.com/in/aivar-abrashuly-754163156,profile,"PhD candidate at Stanford University ... Silver medalist of International Physics Olympiad, bronze medalist of Asian Physics Olympiad, four-time gold medalist of National Physics Olympiad (2014-2017), high school graduate of Kazakh-Turkish High school, an undergraduate researcher in ""Metamaterials Modeling and Design Group"". Currently doing Ph.D. in Electrical Engineering at Stanford University. My research interests are Nanophotonics, Metamaterials, Topological physics in frequency synthetic dimensions, Electrodynamics. ... ### Intern, Photonics Design - [Ayar Labs](https://www.linkedin.com/company/ayar-labs) (Current) ... ### Undergraduate Research Assistant - Nazarbayev University ... Jun 2019 - May 2021 (1 year and 11 months) in Astana, Kazakhstan ... ### Physics Olympiad Trainer Jury Member - [Republican Scientific and Practical center ""Daryn""​](https://www.linkedin.com/company/republican-scientific-and-practical-center-daryn) ... Oct 20 ... 7 - May 20 ... and 7 months) in Astana, Kazakhstan ... Working within a team of physics trainers to organize Republic Olympiads, preparation camps for International Olympiads. + Jury member at Republic Olympiads 2018-21, Presidential Olympiads 2017-20, Junior Republic Olympiad 2019-20, and International Zhautykov Olympiad 2021. + Organizing Asian Physics Olympiad (APhO) selection camp for the National Olympic Team in Physics, and subsequently mentoring them to succeed in International Physics Olympiad (IPhO). ... ### Doctor of Philosophy - PhD, Electrical Engineering at [Stanford University](https://www.linkedin.com/school/stanford-university) ... 2021 - Present in Stanford, California, United States ... 2017 - 2021 (4 years) in Astana, Kazakhstan ... ### Silver medal at the International Physics Olympiad (IPhO) ... Jul 2016"
kaz-d3e9cb1dd495,Akhan Ismailov,IMO,2014;2015,confirmed,Squarepoint Capital,Quantitative Researcher,https://kz.linkedin.com/in/404akhan,,,no_current_affiliation_extracted,selected_no_current_extracted,,,selected,explicit_bridge,108,True,True,True,True,,,e19a3269cff8f2e352dcdaf9f53742d0,"""Akhan Ismailov"" Kazakhstan IMO Olympiad 2014;2015 current employer university role",0.007,1,Akhan Ismailov,https://linkedin.com/in/404akhan,profile,"Quantitative researcher at Squarepoint ... Kazakhstan (KZ) ... Quantitative researcher at Squarepoint. IMO twice gold medalist 2014, 2015. Codeforces Master. ... ### [Squarepoint](https://www.linkedin.com/company/squarepoint-capital) ... #### Quantitative Researcher (Current) ... May 2025 - Present (1 year and 2 months) in London Area, United Kingdom ... Department: Research • Level: Specialist ... ### [The Hong Kong University of Science and Technology](https://www.linkedin.com/school/hkust) ... 2015 - 2019 (4 years) in Kowloon, Hong Kong, Hong Kong ... The Hong Kong University of Science and Technology is a higher education institution. The Hong Kong University of Science and Technology (HKUST) is a top-ranked global university in Hong Kong recognized for cutting-edge research and innovation in science, medical science, engineering, business, and interdisciplinary education. The Hong Kong University of Science and Technology has 2,000-3,000 employees (+10% YoY) and has annual revenue in the $500M-$600M range, founded in 1991. Headquartered in Kowloon, Hong Kong, Hong Kong, with presence in China. Its workforce is distributed across 47 countries (including Hong Kong, China, United States, United Kingdom, and Canada). Has $20M in total funding. Research output of 70,000-80,000 works, primarily in Engineering, Computer Science, and Materials Science. Funds research behind 1,000-2,000 works."
kaz-6ff2bc2176bd,Alen Abdrakhmanov,IMO,2015,confirmed,Huawei,Research and Development Engineer,https://kz.linkedin.com/in/alen-abdrakhmanov,Huawei,Research And Development Engineer,organization_match,integrated,,,selected,explicit_bridge,108,True,True,True,True,,,5f27ee35799ba61a3c6bd635f7f66564,"""Alen Abdrakhmanov"" Kazakhstan IMO Olympiad 2015 current employer university role",0.007,1,Alen Abdrakhmanov,https://kz.linkedin.com/in/alen-abdrakhmanov,profile,"### Research And Development Engineer - [Huawei](https://www.linkedin.com/company/huawei) (Current) ... ### Founder, math coach - TheBestMath (Current) ... ) in Ал ... - Conducting online and offline classes in Olympiad mathematics - Math video-lessons recording Achievements: - Prepared 11 winners of the Republican Olympiad and 1 winner of the International Mathematical Olympiad (IMO) - Created the own author's course for Olympiad mathematics studying ... ### Jury member, deputy leader and coach of the national team at international mathematical Olympiads - Ministry of Education and Science of the Republic of Kazakhstan (Center Daryn) ... Sep 2017 - Jul 2022 (4 years ... ) in Алматы, Казахстан ... ### Bachelor of Applied Science - BASc, Mathematics and computer modeling at [Kazakh-British Technical University](https://www.linkedin.com/school/kazakhbritishtechnicaluniversity) ... Kazakh-British Technical ... focus on technical education ... Kazakh-British Technical ... -150 employees (+1 ... ), founded in 20 ... . Headquartered ... (including Kazakhstan, ... , Italy, and United ... ). Research output ... ,00 ... 000 works, primarily in Engineering, Materials Science, and Computer ... International Mathematics Competition for University Students (IMC 2021) - second prize (top 200 students) International Mathematical Olympiad (IMO 2015) - bronze medal National Mathematical Olympiad (ROS 2015) -silver medal Balkan Mathematical Olympiad (BMO 2015) - bronze medal China Western Mathematical Olympiad (CWMO 2015) - gold medal Asian Pacific Mathematical Olympiad (APMO 2014) - silver medal International Zhautikov Olypiad (IZhO 2014) - silver medal 20 medals and more than 100 diplomas at national and international mathematical competitions 2010-2020 Show less"
kaz-0260225556fe,Alexandr Shakiyev,IMO,2015,confirmed,Armeta,R&D and ML Engineer,https://kz.linkedin.com/in/supertorex,Armeta,R&D And ML Engineer,organization_match,integrated,,,selected,explicit_bridge,108,True,True,True,True,,,368ca4a15b2862531075d2fb4429fa1e,"""Alexandr Shakiyev"" Kazakhstan IMO Olympiad 2015 current employer university role",0.007,1,Alexandr Shakiyev,https://kz.linkedin.com/in/supertorex,profile,"R&D and ML Engineer @ Armeta ... Astana, Kazakhstan (KZ) ... R&D and ML Engineer @ Armeta ... ### R&D And ML Engineer - [Armeta](https://www.linkedin.com/company/armeta-ai) (Current) ... Oct 2025 - Present (7 months) in San Francisco , US ... Armeta is a Artificial Intelligence company. Armeta has 20-30 employees, founded in 2025. Headquartered in San Francisco, United States. Its workforce is distributed across Kazakhstan, United States, United Kingdom, and Italy. Has $1M in total funding. ... ### Math Olympiad Coach & Math Teacher - [Назарбаев Интеллектуальные школы](https://www.linkedin.com/school/nazarbayev-intellectual-schools) ... Mar 2022 - Aug 2025 (3 years and 5 months) ... Department: Education • Level: Specialist ... Nazarbayev Intellectual Schools is an educational institution. Nazarbayev Intellectual Schools has 300-400 employees (+10% YoY), founded in 2009. Headquartered in Astana, Kazakhstan. Its workforce is distributed across 18 countries (including Kazakhstan, United States, Philippines, United Kingdom, and China). Research output of 60-70 works, primarily in Social Sciences, Psychology, and Computer Science. ... ### IMO medalist ... Jul 2015"
kaz-1e71a64a8ebb,Alisher Tortay,IMO,2013;2014,confirmed,Citadel Securities,Quantitative Researcher,https://uk.linkedin.com/in/alishertortay,,,no_current_affiliation_extracted,selected_no_current_extracted,,,selected,explicit_bridge,108,True,True,True,True,,,22bbb9d992937ed3ee29a6bc65201433,"""Alisher Tortay"" Kazakhstan IMO Olympiad 2013;2014 current employer university role",0.007,1,Alisher Tortay,https://linkedin.com/in/alishertortay,profile,"Quantitative Researcher at Citadel Securities ... , I work as a Machine Learning (ML) Engineer at PUBG, improving player experiences by designing and building state-of-the-art machine learning systems that leverage big data generated by millions of players ... I have experience in leading all the processes from data collection, cleaning, and preprocessing, to training models and deploying them to production. Competencies: machine learning, data science, cloud computing, AWS, Python/C/Matlab, Django ... ### [Citadel Securities](https://www.linkedin.com/company/citadel-securities) ... #### Quantitative Researcher (Current) ... Sep 2024 - Present (1 year and 10 months) in London Area, United Kingdom ... ://www. ... .com/company/kaist ... ### Bachelor's degree Computer Science at Korea Advanced Institute of Science and Technology ... 2014 - 2018 (4 years) in Daejeon, South Korea ... ### Bronze Medal ... Issued by: International Mathematical Olympiad (IMO) ... Jul 2014 ... ### Bronze Medal ... Issued by: International Mathematical Olympiad (IMO) ... Jul 2013"
kaz-2dda7e7144cb,Almaz Kungozhin,IMO,1995,confirmed,Republican Physics and Mathematics School (RFMS),Deputy CEO,https://kz.linkedin.com/in/almaz-kungozhin,,,no_current_affiliation_extracted,selected_no_current_extracted,,,selected,explicit_bridge,108,True,True,True,True,,,135ba75b9ceecfc03e75c76378bb23b4,"""Almaz Kungozhin"" Kazakhstan IMO Olympiad 1995 current employer university role",0.007,1,Almaz Kungozhin,https://kz.linkedin.com/in/almaz-kungozhin,profile,"Deputy CEO at National School of Physics & Math (РФМШ) ... 🔹 Former International Mathematical Olympiad (IMO) participant and team leader with extensive experience organizing national and international math olympiads in Kazakhstan. 🔹 Seasoned math olympiad teacher and University lecturer, having facilitated the development of numerous students in the realm of mathematics. 🔹 Entrepreneurial spirit evidenced by the establishment of two successful education centers, aimed at fostering mathematical excellence among students. 🔹 Author of 8 math olympiad problems books with comprehensive solutions, totaling 12,000 copies distributed, contributing significantly to the advancement of mathematical education. 🔹 Proud member of the management board of the National School of Physics and Mathematics in Kazakhstan since 2017, actively shaping the future of mathematical education in the country. 🔹 Passionate about mathematics, math teaching, and motivating students and colleagues alike, always seeking collaboration and learning opportunities within the field. 🔹 Beyond professional endeavors, I find joy in exploring the outdoors through traveling, hiking, running, and swimming, embracing the balance between work and personal interests. ... #### Deputy CEO (Current) ... Aug 2023 - Present (2 years and 11 months) in Астана, Казахстан ... 1995 - 2001 (6 years) in Almaty, ... International Mathematical Olympiad 1995 - Honorable mention ... National School of Physics & Math (FIZMAT) is an educational institution. The company is the Republic of Physics and Mathematics Institute ... Kazakhstan. National School of Physics & Math ... FIZMAT) has 30-40 employees (+ ... YoY), founded in ... 2. Headquartered ... Almaty, Almaty, Kazakhstan"
kaz-e97b6a989458,Altair Ashurov,IOI,2021,confirmed,Squarepoint Capital,Quantitative Research Intern,https://linkedin.com/in/fracta1l,Squarepoint,Quantitative Research Intern,organization_match,integrated,,,selected,explicit_bridge,108,True,True,True,True,,,55a9ad520bb4c7fc779372532854baa8,"""Altair Ashurov"" Kazakhstan IOI Olympiad 2021 current employer university role",0.007,1,Altair Ashurov,https://linkedin.com/in/fracta1l,profile,"Astana, Kazakhstan (KZ) ... I am a Math major at Nazarbayev University, with a strong background in competitive programming (ICPC finalist, IOI bronze medalist, Codeforces rating 2300+). I am interested in advanced algorithms, math and problem solving. Love to learn new skills in any field. ... ### Quantitative Research Intern - [Squarepoint](https://www.linkedin.com/company/squarepoint-capital) (Current) ... May 202 ... ) in Greater London, England, United Kingdom ... ### Research Assistant - [Nazarbayev University](https://www.linkedin.com/school/aoe-nazarbayev-university) ... Jan 2024 - Jun 2025 (1 year and 5 months) in Astana, Kazakhstan ... Nazarbayev University is a higher education institution. Nazarbayev University is a leading university in Central Asia and Kazakhstan. Nazarbayev University has 1,000-2,000 employees (+6-7% YoY), founded in 2010. Headquartered in Astana, Kazakhstan. Its workforce is distributed across 47 countries (including Kazakhstan, United States, United Kingdom, Canada, and Pakistan). Research output of 10,000-20,000 works, primarily in Engineering, Medicine, and Social Sciences. Funds research behind 2,000-3,000 works. ... ### Bachelor's degree, Mathematics at [Nazarbayev University](https://www.linkedin.com/school/jsc-nazarbayev-university) ... 2 - 20 ... ) in Astana, Kazakhstan ... Astana, Kazakhstan. Its workforce is ... Research output of ... Social Sciences, Psychology, and Computer ... ### Asia-Pacific Informatics Olympiad Silver Medal ... ### International Olympiad in Informatics 2021 Bronze Medal ... Issued by: IOI ... Jun 2021 ... The IOI is the most prestigious computer science competition in the world for secondary school students. https://stats.ioinformatics.org/people/7497"
kaz-f0c3ebfd6e9a,Aman Zhumekeshov,IMO,2001;2002,confirmed,ENERGY Insights & Analytics,Associate Partner,https://kz.linkedin.com/in/aman-zhumekeshov-a9156630,ENERGY Insights & Analytics,Associate Partner,organization_match,integrated,,,selected,explicit_bridge,108,True,True,True,True,,,681917a182f344c45348217328d969f2,"""Aman Zhumekeshov"" Kazakhstan IMO Olympiad 2001;2002 current employer university role",0.007,1,Aman Zhumekeshov,https://kz.linkedin.com/in/aman-zhumekeshov-a9156630,profile,"### Associate Partner - [ENERGY Insights & Analytics](https://www.linkedin.com/company/energy-insight) (Current) ... Jun 2024 - Present (2 years and 1 month) in Kazakhstan ... #### Lead Reservoir Engineer (Current) ... ### Bachelor’s Degree, PETROLEUM AND NATURAL GAS ENGINEERING at [Middle East Technical University](https://www.linkedin.com/school/orta-dogu-teknik-universitesi) ... ### Doctor's Degree, Petroleum Engineering at [Kazakh-British Technical University](https://www.linkedin.com/school/kazakhbritishtechnicaluniversity) ... 202 ... Kazakh-British Technical University is an educational institution. KBTU is a technical university in Kazakhstan that offers education in English language. They provide international level diplomas and have a strong focus on technical education. Kazakh-British Technical University has 100-150 employees (+10% YoY), founded in 2001. Headquartered in Almaty, Kazakhstan. Its workforce is distributed across 8 countries (including Kazakhstan, United Kingdom, Hungary, Italy, and United States). Research output of 1,000-2,000 works, primarily in Engineering, Materials Science, and Computer Science. ... ### Gold Medal, 42nd International Mathematical Olympiad ... Issued by: International Mathematical Olympiad ... Jul 2001 ... The International Mathematical Olympiad (IMO) is the World Championship Mathematics Competition for High School students and is held annually in a different country. The first IMO was held in 1959 in Romania, with 7 countries participating. It has gradually expanded to over 100 countries from 5 continents. The IMO Board ensures that the competition takes place each year and that each host country observes the regulations and traditions of the IMO. https://www.imo-official.org/participant_r.aspx?id=6433 Show less"
kaz-67db791fca33,Amir Mokhammed-Ali,IMO,2016;2017,confirmed,Perplexity,Software Engineer,https://kz.linkedin.com/in/amir-mokhammed-ali-4a4218151,Perplexity,Software Engineer,organization_match,integrated,,,selected,explicit_bridge,108,True,True,True,True,,,ce04b88e6f09b9b68462684a0b6977c0,"""Amir Mokhammed-Ali"" Kazakhstan IMO Olympiad 2016;2017 current employer university role",0.007,1,Amir Mokhammed-Ali,https://kz.linkedin.com/in/amir-mokhammed-ali-4a4218151,profile,"C++ | Microservices | Concurrency | Distributed systems | IMO Double Gold Medalist Princeton University 2023 ... Kazakhstan (KZ) ... Two times gold medalist of the International Mathematics Olympiad in 2016 and 2017. Member of the Princeton team on the ACM ICPC semifinal in the Greater NY region - Rank 5. Four times winner of the Kazakhstan national math olympiad from 2015 to 2018. Perfect scorer of the Balkan International Olympiad 2018. Interested in applied mathematics, graph theory, machine learning and data prediction. ... ### Software Engineer - [Perplexity](https://www.linkedin.com/company/perplexity-ai) (Current) ... Jan 2026 - Present (6 months) in Belgrade, Serbia ... Apr 2018 - Aug 2022 ( ... years and ... lodar, Al ... - Prepared students for various level competitions, such as Kazakhstan National and International Zhautykov Olympiads, Balkan Mathematical Olympiad and many others. - Students became gold and silver medalists of the above written competitions - Created more than 30 problem sets and preparatory material articles of medium and high levels of difficulty with topics covering Number Theory, Planimetry, Combinatorics, and Algebra - Cooperated with main coaches of the Russian and ... International Mathematical Olympiad teams - Have been invited by the ... to the international math ... from Yakutia (Republic of ... ), Omsk (Russia) and ... in June, 201 ... ### Bachelor's degree at [Princeton University](https://www.linkedin.com/school/princeton-university) ... 2018 - 2023 (5 years) in Princeton, New Jersey, United States ... , with ... -20 ... ### International Mathematical Olympiad(IMO) in Hong Kong ... ### 4 times Gold Medalist of the Kazakhstan National Olympiad in Mathematics"
kaz-f85457929c5d,Amirkhan Bailin,IPhO,2018;2019,confirmed,Pulsar,Trading Analyst,https://hk.linkedin.com/in/amirkhan-bailin,Pulsar,Trading Analyst,organization_match,integrated,,,selected,explicit_bridge,108,True,True,True,True,,,ecbf382dfb31a5cf2751f0612667cff4,"""Amirkhan Bailin"" Kazakhstan IPhO Olympiad 2018;2019 current employer university role",0.007,1,Amirkhan Bailin,https://hk.linkedin.com/in/amirkhan-bailin,profile,"### Trading Analyst - [Pulsar](https://www.linkedin.com/company/pulsar-crypto) (Current) ... ### Tutor of Physics and Math - ""Quadrat"" educational center ... Jan 2020 - May 2020 (4 months) in Nur-Sultan, Kazakhstan ... s olympiad ... ### Jury Member - International Zhautykov Olympiad ... Jan 2020 - Jan 2020 in Almaty, Kazakhstan ... ### Bachelor's degree, Mathematics at [The Hong Kong University of Science and Technology](https://www.linkedin.com/school/hkust) ... 2019 - 2023 (4 years) in Kowloon, Hong Kong, Hong Kong ... ### High School Diploma, 5.0 at [National School of Physics & Math (FIZMAT)](https://www.linkedin.com/school/fizmat) ... 2018 - 2019 (1 year) in Almaty, Almaty, Kazakhstan ... Activities: Activities and Societies: School Physics Olympiad Team - representative of the school on national and international Olympiads. School Physics club - conducted lessons for Olympiad preparation. ... National School of Physics & Math (FIZMAT) is an educational institution. The company is the Republic of Physics and Mathematics Institute in Kazakhstan. National School of Physics & Math (FIZMAT) has 30-40 employees (+10% YoY), founded in 1972. Headquartered in Almaty, Almaty, Kazakhstan. Its workforce is distributed across 5 countries (including Kazakhstan, Canada, United Kingdom, United Arab Emirates, and United States). ... ### International Physics Olympiad ... Issued by: ... Jul 2019 ... participants from &gt; ... 0 countries. - ... Aviv, Israel: Bronze Medal - Lisbon, Portugal: Honorable Mention ... ### Kazakhstan National Olympiad ... Issued by: ... Ministry of Education ... Mar 2019 ... Nationwide competition with &gt;600 participants. -Gold Medals in 2017,2018 -Silver Medal in 2019"
kaz-1a21d28a2426,Amirlan Amanzholov,IMO,2024;2025;2026,confirmed,Beyond Curriculum PF,Project Manager,https://kz.linkedin.com/in/amirlan-amanzholov-482536305,Beyond Curriculum PF,Project Manager,organization_match,integrated,,,selected,explicit_bridge,108,True,True,True,True,,,d25689653fc99518c8833a4a3d5c8d94,"""Amirlan Amanzholov"" Kazakhstan IMO Olympiad 2024;2025;2026 current employer university role",0.007,1,Amirlan Amanzholov,https://kz.linkedin.com/in/amirlan-amanzholov-482536305,profile,"Student at Haileybury Almaty | IMO medalist ... Almaty, Kazakhstan (KZ) ... Student at Haileybury Almaty | IMO medalist ... ### Project Manager - [Beyond Curriculum PF](https://www.linkedin.com/company/beyondcurriculum) (Current) ... Jan 2026 - Present (5 months) ... Department: Project Management • Level: Manager ... Beyond Curriculum PF is a nonprofit organization. ОФ Beyond Curriculum is a public foundation that aims to help students transition from school programs. Beyond Curriculum PF has 1-10 employees, founded in 2017. Headquartered in Taldykorgan, Kazakhstan. Its workforce is distributed across Kazakhstan, United States, and Hong Kong. ... ### Head of the Organizing Committee - [Maths Battles Community (MBC)](https://www.linkedin.com/company/maths-battles-community-mbc) (Current) ... Oct 2023 - Present (2 years and 5 months) in Almaty, Kazakhstan ... ### [Haileybury Almaty](https://www.linkedin.com/school/haileyburyalmaty) ... 2024 - 2026 (2 years) in Almaty, Kazakhstan ... Haileybury Almaty is a nonprofit organization. Haileybury Almaty has 100-150 employees, founded in 2008. Headquartered in Almaty, Kazakhstan, with an office in Tselinograd. Its workforce is distributed across 7 countries (including Kazakhstan, United Kingdom, Lithuania, Montenegro, and Serbia). ... ### IMO 2025 - Silver medal ... Issued by: International Mathematical Olympiad ... Jul 2025 ... ### IMO 2024 - Silver medal ... Issued by: International Mathematical Olympiad ... Jul 2024 ... ### International Zhautykov Olympiad 2024 - Gold medal ... Jan 2024"
kaz-515339b8d721,Anel Orazgaliyeva,IBO,2016,confirmed,Amazon,Software Development Engineer II,https://de.linkedin.com/in/anel-orazgaliyeva,,,no_current_affiliation_extracted,selected_no_current_extracted,,,selected,explicit_bridge,108,True,True,True,True,,,560ad0358389ff00dffeba14a20c87fc,"""Anel Orazgaliyeva"" Kazakhstan IBO Olympiad 2016 current employer university role",0.007,1,Anel Orazgaliyeva,https://linkedin.com/in/anel-orazgaliyeva,profile,"### [Amazon Web Services (AWS)](https://www.linkedin.com/company/amazon-web-services) ... #### SDE II (Current) ... Oct 2022 - Present (3 years and 9 months) in Berlin, Germany ... ### Undergraduate Research Assistant - [New York University Abu Dhabi](https://www.linkedin.com/school/new-york-university-abu-dhabi) ... ### Bachelor’s Degree, Computer Engineering at [New York University](https://www.linkedin.com/school/new-york-university) ... 2016 - 2020 (4 years) in New York, New York, United States ... ### High School, 5.0/5.0 at [Nazarbayev Intellectual Schools](https://www.linkedin.com/school/nazarbayev-intellectual-schools) ... 2010 - 2016 (6 years) in Astana, Kazakhstan ... Nazarbayev Intellectual Schools is an educational institution. Nazarbayev Intellectual Schools has 300-400 employees (+10% YoY), founded in 2009. Headquartered in Astana, Kazakhstan. Its workforce is distributed across 18 countries (including Kazakhstan, United States, Philippines, United Kingdom, and China). Research output of 60-70 works, primarily in Social Sciences, Psychology, and Computer Science. ... ### Silver Medal in International Biology Olympiad in Hanoi, Vietnam ... Jul 2016"
kaz-310c08212560,Anton Morgunov,IChO,2016;2017,confirmed,Genesis Molecular AI,Machine learning for drug discovery,https://www.linkedin.com/in/anmorgunov,Yale University,PhD Candidate (Batista Group),organization_change,retain_published_newer_evidence,Yale's July 2026 graduate profile documents the move to Genesis Molecular AI after the LinkedIn PhD entry; retain the newer dated destination,https://chem.yale.edu/posts/2026-07-01-chemistry-phd-graduate-profiles,selected,explicit_bridge,108,True,True,True,True,,,b5313a36f6fb54fd013bde85cf1ba471,"""Anton Morgunov"" Kazakhstan IChO Olympiad 2016;2017 current employer university role",0.007,1,Anton Morgunov,https://www.linkedin.com/in/anmorgunov,profile,"### PhD Candidate (Batista Group) - [Yale University](https://www.linkedin.com/school/yale-university) (Current) ... 2023 - Present ( ... years and ... ) in New Haven, ... and sharing knowledge, ... innovation, and preserving cultural and scientific information for future generations ... ,00 ... -20,00 ... -6% YoY) ... has annual revenue in ... range, founded ... Connecticut, United States ... distributed across ... countries (including ... States, United Kingdom, India, Canada, and China ... Research output of ... works, primarily in Medicine, Biochemistry, Genetics and Molecular Biology, and ... 0-2 ... . ОФ Beyond Curriculum is a ... aims to help students transition from school programs. ... Curriculum PF has ... employees, founded in 2017. Head ... in Taldykorgan, Kazakhstan. Its workforce is distributed across Kazakhstan, United States, and Hong Kong. ... of Kazakhstan Chemistry Team - QazChO ... ### PhD Candidate Theoretical Chemistry at [Yale University](https://www.linkedin.com/school/yale-university) ... employees (+5- ... % YoY) and has annual revenue ... Its workforce is distributed across ... Kingdom, India ... ### International Chemistry Olympiad 2017 - Gold Medal ... for Kazakhstan (as of 2017), absolute ... 10 in ranking ... 2017 - Gold Medal ... ### National Chemistry Olympiad in Kazakhstan, 2017 - Absolute winner ... ### International Chemistry Olympiad 2016 - Silver Medal ... ### International Mendeleev Olympiad 2016 - Bronze ... ### National Chemistry Olympiad in Kazakhstan, 2016 - Absolute winner"
kaz-2b2d1a08a130,Arnat Balabiyev,IBO,2007;2008,confirmed,Arizona State University,Senior Staff Scientist,https://linkedin.com/in/arnat-balabiyev,Arizona State University,Senior Staff Scientist,organization_match,integrated,,,selected,explicit_bridge,108,True,True,True,True,,,a0709997f4423dc6b104ca0055d95221,"""Arnat Balabiyev"" Kazakhstan IBO Olympiad 2007;2008 current employer university role",0.007,1,Arnat Balabiyev,https://linkedin.com/in/arnat-balabiyev,profile,"### Senior Staff Scientist - [Arizona State University](https://www.linkedin.com/school/arizona-state-university) (Current) ... Nazarbayev University is a higher education institution. Nazarbayev University is a leading university in Central Asia and Kazakhstan. Nazarbayev University has 1,000-2,000 employees (+6-7% YoY), founded in 2010. Headquartered in Astana, Kazakhstan. Its workforce is distributed across 47 countries (including Kazakhstan, United States, United Kingdom, Canada, and Pakistan). Research output of 10,000-20,000 works, primarily in Engineering, Medicine, and Social Sciences. Funds research behind 2,000-3,000 works. ... ### Master's degree, Biology/Biological Sciences, General at [Nazarbayev University](https://www.linkedin.com/school/aoe-nazarbayev-university) ... 2014 - 2016 (2 years) in Astana, Kazakhstan ... Nazarbayev University is a higher education institution. Nazarbayev University is a leading university in Central Asia and Kazakhstan. Nazarbayev University has 1,000-2,000 employees (+6-7% YoY), founded in 2010. Headquartered in Astana, Kazakhstan. Its workforce is distributed across 47 countries (including Kazakhstan, United States, United Kingdom, Canada, and Pakistan). Research output of 10,000-20,000 works, primarily in Engineering, Medicine, and Social Sciences. Funds research behind 2,000-3,000 works. ... ### Bronze medalist at International Biology Olympiad ... Issued by: International Biology Olympiad ... Jul 2008 ... ### Silver medalist at National Biology Olympiad ... Issued by: Ministry of Education of the Republic of Kazakhstan ... ### Honorable Mention at International Biology Olympiad ... Jul 2007 ... ### Gold medalist at National Biology Olympiad ... Issued by: Ministry of Education of the Republic of Kazakhstan ... Apr 2007"
kaz-8bfc979cedef,Arnur Makenov,IChO,2015;2016,confirmed,Meta,Software Engineer,https://ch.linkedin.com/in/makenov,Meta,Software Engineer,organization_match,integrated,,,selected,explicit_bridge,108,True,True,True,True,,,2f37d375bf6cd1f01b218f16f99a7cbb,"""Arnur Makenov"" Kazakhstan IChO Olympiad 2015;2016 current employer university role",0.007,1,Arnur Makenov,https://linkedin.com/in/makenov,profile,"### Software Engineer - [Meta](https://www.linkedin.com/company/meta) (Current) ... Sep 2025 - Present (10 months) in Zurich, Switzerland ... ### Bachelor's degree, Computer Science, Chemical Engineering (Double major), Business (Minor) at [Korea Advanced Institute of Science and Technology](https://www.linkedin.com/school/한국과학기술원-kaist-) ... 2016 - 2021 (5 years) in Daejeon, South Korea ... Korea Advanced Institute of Science and Technology is a higher education institution. Korea Advanced Institute of Science and Technology has 1,000-2,000 employees (+20% YoY), founded in 1971. Headquartered in Daejeon, South Korea. Its workforce is distributed across 35 countries (including South Korea, United States, India, United Kingdom, and Indonesia). Research output of 80,000-90,000 works, primarily in Engineering, Materials Science, and Computer Science. Funds research behind 800-900 works. ... ### International Chemistry Olympiad (IChO) - Silver Medal ... Issued by: Georgia Ministry of Education ... Jul 2016 ... ### International Chemistry Olympiad (IChO) - Bronze Medal ... International Steering Committee ... Jul 2015 ... 2026-03-06 · Arnur Makenov liked this] [🚀 Ayat is a ... of the International Chemistry Olympiad ... https://www.linkedin.com/posts/limon-kg_ayat-is-a-bron ... -of-the-international-activity-7435534617291485185-e1Z6): 🚀 Ayat is a bronze medalist of the International Chemistry Olympiad (IChO) and a graduate of UNIST, a university in South Korea. He is currently a PhD student at The Pennsylvania State University,..."
kaz-32bc606217ec,Aruzhan Amanbayeva,IMO,2016;2017;2018,confirmed,EPFL,PhD Student,https://linkedin.com/in/aaruzhan,EPFL,PHD Student,organization_match,integrated,,,selected,explicit_bridge,108,True,True,True,True,,,2c966ac21fc0b5f1174260487efaeeec,"""Aruzhan Amanbayeva"" Kazakhstan IMO Olympiad 2016;2017;2018 current employer university role",0.007,1,Aruzhan Amanbayeva,https://linkedin.com/in/aaruzhan,profile,"PhD Student at EPFL | MIT ’22 (Math & CS) ... ### PHD Student - [EPFL](https://www.linkedin.com/school/epfl) (Current) ... - Present ( ... year and 1 ... ) in Lausanne, Vaud, Switzerland ... EPFL is a higher education institution ... EPFL is a university located ... Lausanne that has three missions: Education, Research, and Innovation. EPFL has 5,000-6,000 employees (+3-4% YoY) and has annual revenue in the CHF1B-CHF2B range, founded in 1853. Headquartered in Lausanne, Vaud, Switzerland. Its workforce is distributed across 55 countries (including Switzerland, France, Italy, United States, and Germany). Research output of 100,000-200,000 works, primarily in Engineering, Physics and Astronomy, and Biochemistry, Genetics and Molecular Biology. Funds research behind 300-400 works. ... EPFL has ... employees (+3-4 ... and has annual ... workforce is distributed across ... (including Switzerland ... Funds research behind ... -400 works. ... ### High School Diploma, Honors, 5.0/5.0 at [National School of Physics & Math (FIZMAT)](https://www.linkedin.com/school/fizmat) ... 2015 - 2018 (3 years) in Almaty, Almaty, Kazakhstan ... National School of Physics & Math (FIZMAT) is an educational institution. The company is the Republic of Physics and Mathematics Institute in Kazakhstan. National School of Physics & Math (FIZMAT) has 30-40 employees (+10% YoY), founded in 1972. Headquartered in Almaty, Almaty, Kazakhstan. Its workforce is distributed across 5 countries (including Kazakhstan, Canada, United Kingdom, United Arab Emirates, and United States). ... Kazakh - ... ### Silver Medal on IMO 2018 ... Issued by: International Math Olympiad ... 018 ... ### Bronze Medals on IMO 2016 and 2017 ... Issued by: International Math Olympiad ... Jul 2017"
kaz-61a74e788b9b,Askarbek Orakov,IBO,2014,confirmed,Harvard University,Postdoctoral Research Fellow,https://www.linkedin.com/in/askarbek-orakov,Harvard University,Postdoctoral Research Fellow,organization_match,integrated,,,selected,explicit_bridge,108,True,True,True,True,,,347117bc15cb30ce19575c7166b488d4,"""Askarbek Orakov"" Kazakhstan IBO Olympiad 2014 current employer university role",0.007,1,Askarbek Orakov,https://linkedin.com/in/askarbek-orakov,profile,"Postdoc at Harvard University ... Postdoc at Harvard University ... ### Postdoctoral Research Fellow - [Harvard University](https://www.linkedin.com/school/harvard-university) (Current) ... Jan 2025 - Present (1 year and 6 months) in Boston, Massachusetts, United States ... ### Biology Teacher at Olympiad Preparation Camp - Kazakh-Turkish High Schools ... Jun 2013 - Jun 2013 in Almaty, Kazakhstan ... I have taught biology to prepare a nationally selected class of 8-graders from a network of Kazakh-Turkish High-Schools for national subject olympiads in biology. ... ### Bachelor of Science (BSc), Biology, General at [Nazarbayev University](https://www.linkedin.com/school/aoe-nazarbayev-university) ... 2014 - 2018 (4 years) in Astana, Kazakhstan ... Nazarbayev University is a higher education institution. Nazarbayev University is a leading university in Central Asia and Kazakhstan. Nazarbayev University has 1,000-2,000 employees (+6-7% YoY), founded in 2010. Headquartered in Astana, Kazakhstan. Its workforce is distributed across 47 countries (including Kazakhstan, United States, United Kingdom, Canada, and Pakistan). Research output of 10,000-20,000 works, primarily in Engineering, Medicine, and Social Sciences. Funds research behind 2,000-3,000 works. ... ### Silver Medal at 25-th International Biology Olympiad ... Issued by: International Biology Olympiad ... Jul 2014 ... The Olympiad has two theoretical and four practical exams. Four high-school students from each of 60+ countries participate. 25-th olympiad took place in Bali, Indonesia between 5 and 13 July of 2014. ... ### Silver Medal at Republican Biology Olympiad ... Issued by: inistry ... Education of Republic ... Mar 2 ... ### Golden Medal at Republican Biology Olympiad"
kaz-e310964136d0,Azamat Aidanov,IBO,2012,confirmed,iOS/Flutter,Head of Quality Assurance,https://linkedin.com/in/azamat-aidanov-64046076,IoS_Flutter company,Quality Assurance Specialist,organization_match,integrated,,,selected,explicit_bridge,108,True,True,True,True,,,ee9266587a126964e86056f96a48f5f0,"""Azamat Aidanov"" Kazakhstan IBO Olympiad 2012 current employer university role",0.007,1,Azamat Aidanov,https://linkedin.com/in/azamat-aidanov-64046076,profile,"### Quality Assurance Specialist - IoS_Flutter company. (Current) ... Sep 2024 - ... year and 1 ... months) in Astana, Kazakhstan ... I am currently the Head of QA at ios_flutter company, an iOS and andriod development company focused on creating products tailored for users worldwide. I lead the quality assurance process across various platforms, ensuring maximum test coverage for apps with diverse designs and functionalities. I established the testing process from the ground up, created comprehensive documentation, and continuously maintain and update it. My day-to-day work involves using Xcode with CocoaPods, Swift Package Manager (SPM), and other libraries across different types of Xcode projects. I have personally identified and fixed over 100 bugs in Swift, and recently started working with Flutter, where I’ve already resolved several issues. My strong knowledge of Swift enables me to test code for issues, identify root causes, and clearly communicate them to developers. I work closely with the development team to ensure fast and effective bug resolution. ... ### Bachelor's degree, Biology major at [Nazarbayev ... ](https://www.linkedin.com/school/aoe-nazarbayev-university) ... University has ... . Headquartered in Astana, Kazakhstan ... ### International Biology Olympiad, Bronze Medal, Singapore ... Jul 2012 ... The IBO (International Biology Olympiad) is the competition for school students, who are winners in National Olympiad. Their knowledge of biology as a science, and skills in challenging experimental problems. 64 countries and four members in each team (with some"
kaz-ae7bbfa79815,Azamat Smagulov,IChO,2015;2016,confirmed,Prog.AI,Software Engineer,https://linkedin.com/in/azamatsmagulov,Prog.AI,Software Engineer,organization_match,integrated,,,selected,explicit_bridge,108,True,True,True,True,,,801c8e6790905414e82d55f15e3cca4d,"""Azamat Smagulov"" Kazakhstan IChO Olympiad 2015;2016 current employer university role",0.007,1,Azamat Smagulov,https://linkedin.com/in/azamatsmagulov,profile,"Almaty, Kazakhstan (KZ) ... ### Software Engineer - [Prog.AI](https://www.linkedin.com/company/prog-ai-hiring) (Current) ... Aug 2023 - Present (2 years and 11 months) in San Francisco, California, United States ... The company provides ... sourcing platform for ... the programming source code of ... software developers worldwide ... has 1 ... employees (-3 ... founded in ... Headquartered in ... Francisco, California, United ... Its workforce is distributed across United States, Kazakhstan, Switzerland ... total funding. ... ### Chief Technology Officer - [SmarTestPrep Ltd.](https://www.linkedin.com/company/smartestprep) ... Mar 2023 - Aug 2023 (5 months) in Astana, Kazakhstan ... SmarTestPrep Ltd. is a Education company. Smartestprep is a platform that offers ... , IELTS, and English courses. It is a резидент of Astana hub and nuris and receives a grant from qazinnovations. The platform ... users to enroll in various courses and ... themselves for the ... . SmarTestPrep Ltd. has 20-30 employees (-10% YoY), founded in 2021. Headquartered in Kazakhstan. Its workforce is distributed across Kazakhstan, United States, France, and Italy. Has $5 ... K in total funding. ... ### Bachelor's degree, Computer Science at [Korea Advanced Institute of Science and Technology](https://www.linkedin.com/school/한국과학기술원-kaist-) ... 2016 - 2021 (5 years) in Daejeon, South Korea ... Korea Advanced Institute of Science and Technology ... Korea Advanced Institute of ... ### International Chemistry Olympiad (IChO) - 2016, silver ... Jul 2016 ... ### International Mendeleev Chemistry Olympiad - 2016, silver ... ### International Chemistry Olympiad (IChO) - 2015, silver ... 20 ... ### International Mendeleev Chemistry Olympiad - 2015, bronze"
kaz-4357b3307079,Batyrkhan Orynkul,IMO,2013,confirmed,Google,Software Engineer,https://www.linkedin.com/in/batyrkhan-orynkul-68a45817b,Google,Software Engineer,organization_match,integrated,,,selected,explicit_bridge,108,True,True,True,True,,,fdda9e760cd3727a36a8978fa0c3d135,"""Batyrkhan Orynkul"" Kazakhstan IMO Olympiad 2013 current employer university role",0.007,1,Batyrkhan Orynkul,https://linkedin.com/in/batyrkhan-orynkul-68a45817b,profile,"Software Engineer at Google ... Software Engineer at Google ... ### Software Engineer - [Google](https://www.linkedin.com/company/google) (Current) ... Jul 2020 - Present (6 years) in Mountain View, California, United States ... ### High School Diploma at [National School of Physics & Math (FIZMAT)](https://www.linkedin.com/school/fizmat) ... 2010 - 2013 (3 years) in Almaty, Almaty, Kazakhstan ... National School of Physics & Math (FIZMAT) is an educational institution. The company is the Republic of Physics and Mathematics Institute in Kazakhstan. National School of Physics & Math (FIZMAT) has 30-40 employees (+10% YoY), founded in 1972. Headquartered in Almaty, Almaty, Kazakhstan. Its workforce is distributed across 5 countries (including Kazakhstan, Canada, United Kingdom, United Arab Emirates, and United States). ... ### Bachelor of Science - BS, Computer Science at [Nazarbayev University](https://www.linkedin.com/school/nazarbayev-university) ... ### Visiting Student, Engineering and Computer Science at [University of California, Berkeley](https://www.linkedin.com/school/uc-berkeley) ... ### Master of Science - MS, Electrical Engineering and Computer Science at [University of California, Merced](https://www.linkedin.com/school/university-of-california-merced) ... 2018 - 2020 (2 years) in Merced, California, United States ... States, India ... China, South Korea ... 50K ... Kazakh - Native or bilingual proficiency ... ### Gold Medal ... Issued by: International Mathematics Competition (IMC) ... ### Bronze Medal ... Issued by: International Mathematical Olympiad (IMO)"
kaz-b82a97fb3f53,Bauyrzhan Sainov,IChO,2014,confirmed,Tengizchevroil,Process Engineer,https://kz.linkedin.com/in/bauyrzhan-sainov-792a32100,Тенгизшевройл,Process engineer,organization_match,integrated,,,selected,explicit_bridge,108,True,True,True,True,,,29ea6ec072751275df74e9090cca9b43,"""Sayinov Bauyrzhan"" Kazakhstan IChO Olympiad 2014 current employer university role",0.007,1,Bauyrzhan Sainov,https://linkedin.com/in/bauyrzhan-sainov-792a32100,profile,"# Bauyrzhan Sainov ... Process Engineer at Tengizchevroil ... Kazakhstan (KZ) ... Process Engineer at Tengizchevroil ... ### Process engineer - [Тенгизшевройл](https://www.linkedin.com/company/tengizchevroil) (Current) ... Jul 2021 - Present (5 years) ... Department: Engineering and Technical • Level: Specialist ... Tengizchevroil is a Oil and Gas company. Tengizchevroil is a leading company in Kazakhstan that produces oil, gas and associated products that fuels the modern economy. Tengizchevroil has 2,000-3,000 employees (4-5% YoY decline) and has annual revenue in the $10B-$20B range, founded in 1993. Headquartered in Kazakhstan, with presence in United States. Its workforce is distributed across 54 countries (including Kazakhstan, United States, United Kingdom, Russia, and South Korea). ... : Engineering and Technical • Level: Specialist ... : Engineering and Technical • Level: Specialist ... ### Bachelor`s, Chemical Engineering at [Ulsan National Institute of Science and Technology](https://www.linkedin.com/school/ulsan-national-institute-of-science-n-technology) ... Ulsan National Institute of ... in 2 ... including South Korea, United States, India, Germany, and Singapore). ... output of 20,000 ... 30,000 works, primarily in Engineering, Materials Science, and Biochemistry, Genetics and Molecular Biology. ... research behind 1,000-2,000 works. ... ### Participation certificate, IChO ... ChO committee ... Aug 2014 ... International Chemistry Olympiad (IChO) held in Vietnam, 2014. 75 participant countries, Kazakhstan National Team member. ... ### Bronze medal, International ... ev Chemistry Olympiad ... May 20 ... ### Gold medal, Kazakhstan National Chemistry olympiad ... Mar 20 ... National Chemistry Olympiad, 2014–2015, Absolute Champion"
kaz-674fe7c75a81,Bekzhan Bekbolatuly,IOI,2015,confirmed,Google,Android Software Engineer AI Core App,https://linkedin.com/in/bekzhan29,Google,Android Software Engineer AI Core App,organization_match,integrated,,,selected,explicit_bridge,108,True,True,True,True,,,d86c444fbde55b807d683831c74d080f,"""Bekzhan Bekbolatuly"" Kazakhstan IOI Olympiad 2015 current employer university role",0.007,1,Bekzhan Bekbolatuly,https://linkedin.com/in/bekzhan29,profile,"Student - Ulsan National Institute of Science and Technology ... Student - Ulsan National Institute of Science and Technology ... ### Android Software Engineer AI Core App - [Google](https://www.linkedin.com/company/google) (Current) ... Jul 2022 - Present (4 years) in Большой Лондон, Англия, Соединенное Королевство ... Working on the AI Core app, which enables Android apps to interface with the on-device Gemini Nano model. Our app acts as a secure bridge, managing which requests are sent to and from the model. I focus on ensuring ... right models and features are deployed to the right devices for optimal performance and ... M-$60 ... ### Bachelor's degree, Computer Science and Engineering at [울산과학기술원](https://www.linkedin.com/school/ulsan-national-institute-of-science-n-technology) ... 2016 - 2021 (5 years) in South Korea ... Ulsan National Institute of Science and Technology is a higher education institution. UNIST is a university that offers various programs and services in education, research, and campus activities. Ulsan National Institute of Science and Technology has 400-500 employees (+20% YoY), founded in 2007. Headquartered in South Korea. Its workforce is distributed across 19 countries (including South Korea, United States, India, Germany, and Singapore). Research output of 20,000-30,000 works, primarily in Engineering, Materials Science, and Biochemistry, Genetics and Molecular Biology. Funds research behind 1,000-2,000 works. ... Kazakh - Native or bilingual proficiency ... ### International Olympiad in Informatics ... Issued by: Silver medal ... Jul 2015"
kaz-8a1e18c44a89,Daniil Melnichenko,IChO,2019,confirmed,HITS,AI Researcher,https://linkedin.com/in/daniilmel,HITS,AI Researcher,organization_match,integrated,,,selected,explicit_bridge,108,True,True,True,True,,,3693bd56dd88a5a160ba2917222fcb3e,"""Daniil Melnichenko"" Kazakhstan IChO Olympiad 2019 current employer university role",0.007,1,Daniil Melnichenko,https://linkedin.com/in/daniilmel,profile,"Computational Molecular Biologist | AI Researcher @ HITS | BS, MS @ KAIST ... Computational Molecular Biologist | AI Researcher @ HITS | BS, MS @ KAIST ... ### AI Researcher - [HITS](https://www.linkedin.com/company/hits-ai) (Current) ... Aug 20 ... 5 - Present (11 months) in Seoul, South Korea ... HITS is a IT Services and IT Consulting company. HITS has 30-40 employees (3-4% YoY decline), founded in 2020. Headquartered in South Korea. Its workforce is distributed across South Korea, South Africa, and India. Has $9.2M in total funding, with 1 prior funding round. ... ### Chemistry Olympiad Coach - [Nazarbayev Intellectual Schools](https://www.linkedin.com/school/nazarbayev-intellectual-schools) ... Nazarbayev Intellectual Schools is an educational institution. Nazarbayev Intellectual Schools has 300-400 employees (+10% YoY), founded in 2009. Headquartered in Astana, Kazakhstan. Its workforce is distributed across 18 countries (including Kazakhstan, United States, Philippines, United Kingdom, and China). Research output of 60-70 works, primarily in Social Sciences, Psychology, and Computer Science. ... #### Coach of the National Team of Kazakhstan for the International Chemistry Olympiad 2020 ... Republican Scientific and Practical center ... ### [Nazarbayev Intellectual Schools](https://www.linkedin.com/school/nazarbayev-intellectual-schools) ... #### Chemistry Olympiad Coach ... Feb 20 ... in Astana, Kazakhstan ... #### Chemistry Olympiad Coach ... Aug 2019 - Aug 2019 in Almaty, Kazakhstan ... ### “International Chemistry Olympiad” - Bronze Medal ... Issued by: IChO ... Aug 2019 ... Competition in chemistry amongst over 200 high school students from 80 countries was held in Paris, France. Showed the best experimental result for Kazakhstan team."
kaz-3be79cb80aa3,Daniil Shatokhin,IPhO,2022,confirmed,Kashgari Dictionary,Lead Software Engineer,https://www.linkedin.com/in/daniil-shatokhin-9a69b7297,Kashgari Dictionary,Lead Software Engineer,organization_match,integrated,,,selected,explicit_bridge,108,True,True,True,True,,,67885f3746222cea58027af3d41fc794,"""Daniil Shatokhin"" Kazakhstan IPhO Olympiad 2022 current employer university role",0.007,1,Daniil Shatokhin,https://linkedin.com/in/daniil-shatokhin-9a69b7297,profile,"Undergraduate student at Vanderbilt University and Lead Software Engineer at Kashgari Dictionary ... Undergraduate student at Vanderbilt University and Lead Software Engineer at Kashgari Dictionary ... ### Lead Software Engineer - [Kashgari Dictionary](https://www.linkedin.com/company/kashgari) (Current) ... Mar 2023 - Present (3 years and 4 months) ... Department: Engineering and Technical • Level: Senior ... Kashgari.kz is a E-Learning Providers company. Kashgari is a language library that allows users to explore the language environment. They provide definitions, examples, expressions, and ИИ-cards for Kazakh languages. Kashgari.kz has 1-10 employees, founded in 2022. Headquartered in Astana, Kazakhstan. Its workforce is distributed across Kazakhstan and United States. ... ### Bachelor of Engineering - BE, Electrical and Computer Engineering at [Vanderbilt University](https://www.linkedin.com/school/vanderbilt-university) ... 2022 - 2026 (4 years) in Nashville, Tennessee, United States ... ### High School Diploma at [National School of Physics & Math (FIZMAT)](https://www.linkedin.com/school/fizmat) ... 2017 - 2022 (5 years) in Almaty, Almaty, Kazakhstan ... National School of Physics & Math (FIZMAT) is an educational institution. The company is the Republic of Physics and Mathematics Institute in Kazakhstan. National School of Physics & Math (FIZMAT) has 30-40 employees (+10% YoY), founded in 1972. Headquartered in Almaty, Almaty, Kazakhstan. Its workforce is distributed across 5 countries (including Kazakhstan, Canada, United Kingdom, United Arab Emirates, and United States). ... ### International Physics Olympiad Gold medal ... Jun 2022 ... ### Asian Physics Olympiad Silver Medal ... May 2022"
kaz-f8f0e6bb7675,Daniyar Abesbek,IMO,2015;2016,confirmed,Leap Tools,Software Developer,https://linkedin.com/in/dohchuk,,,no_current_affiliation_extracted,selected_no_current_extracted,,,selected,explicit_bridge,108,True,True,True,True,,,aeb33150f70375ebb30331d5c7408906,"""Daniyar Abesbek"" Kazakhstan IMO Olympiad 2015;2016 current employer university role",0.007,1,Daniyar Abesbek,https://linkedin.com/in/dohchuk,profile,"Kazakhstan (KZ) ... Currently junior student in UNIST. Major - Computer Science. Participated in Mathematical Olympiads ... ### [Leap Tools](https://www.linkedin.com/company/leap-tools) ... #### Software Developer (Current) ... Jul 2023 - Present (3 years) in Toronto, Ontario, Canada ... ### Bachelor's degree, Computer Science at [울산과학기술원](https://www.linkedin.com/school/ulsan-national-institute-of-science-n-technology) ... 2016 - 2022 (6 years) in South Korea ... Ulsan National Institute of Science and Technology is a higher education institution. UNIST is a university that offers various programs and services in education, research, and campus activities. Ulsan National Institute of Science and Technology has 400-500 employees (+20% YoY), founded in 2007. Headquartered in South Korea. Its workforce is distributed across 19 countries (including South Korea, United States, India, Germany, and Singapore). Research output of 20,000-30,000 works, primarily in Engineering, Materials Science, and Biochemistry, Genetics and Molecular Biology. Funds research behind 1,000-2,000 works. ... ### International Mathematical Olympiad(IMO) ... Jul 2016 ... Bronze Medal. The most prestigious mathematical olympiad amongst high school students with 100+ counties and almost 600 contestants. ... ### National Mathematical Olympiad ... Mar 2016 ... ### International Mathematical Olympiad(IMO) ... Jul 2015 ... Honorable mention. The most prestigious mathematical olympiad amongst high school students with 100+ counties and almost 600 contestants"
kaz-c1c8ab962b25,Daniyar Zakarin,IOI,2018;2019,confirmed,Huawei,Computer Vision Research Intern,https://linkedin.com/in/daniyarzt,Huawei Switzerland,Computer Vision Research Intern,organization_match,integrated,,,selected,explicit_bridge,108,True,True,True,True,,,b01a4be1401aa099a1fb76a31fb4a7fc,"""Daniyar Zakarin"" Kazakhstan IOI Olympiad 2018;2019 current employer university role",0.007,1,Daniyar Zakarin,https://linkedin.com/in/daniyarzt,profile,"### Computer Vision Research Intern - Huawei Switzerland (Current) ... ### A-level, Physics, Mathematics, Further Mathematics at [Haileybury Almaty](https://www.linkedin.com/school/haileyburyalmaty) ... 2019 - 2021 (2 years) in Almaty, Kazakhstan ... Haileybury Almaty is a nonprofit organization. Haileybury Almaty has 100-150 employees, founded in 2008. Headquartered in Almaty, Kazakhstan, with an office in Tselinograd. Its workforce is distributed across 7 countries (including Kazakhstan, United Kingdom, Lithuania, Montenegro, and Serbia). ... ### High School Diploma at [National School of Physics & Math (FIZMAT)](https://www.linkedin.com/school/fizmat) ... 2016 - 2019 (3 years) in Almaty, Almaty, Kazakhstan ... National School of Physics & Math (FIZMAT) is an educational institution. The company is the Republic of Physics and Mathematics Institute in Kazakhstan. National School of Physics & Math (FIZMAT) has 30-40 employees (+10% YoY), founded in 1972. Headquartered in Almaty, Almaty, Kazakhstan. Its workforce is distributed across 5 countries (including Kazakhstan, Canada, United Kingdom, United Arab Emirates, and United States). ... ### International Olympiad in Informatics - Silver Medal ... Aug 2019 ... ### National Informatics Olympiad - Gold Medal ... Mar 2019 ... ### The International Zhautykov Olympiad in Mathematics, Physics and Computer Science - Gold Medal ... Jan 2019 ... ### International Eurasian Team Olympiad in Informatics - Gold Medal ... Dec 2018 ... ### International Olympiad in Informatics - Silver Medal ... Sep 2018"
kaz-663ad2adb08a,Daulet Askarov,IPhO,2004;2005,confirmed,Meta,Senior Software Engineer,https://www.linkedin.com/in/daulet-askarov-98347b26,Meta,Senior Software Engineer,organization_match,integrated,,,selected,explicit_bridge,108,True,True,True,True,,,0ec41e537e08577ad71e094f89cce241,"""Daulet Askarov"" Kazakhstan IPhO Olympiad 2004;2005 current employer university role",0.007,1,Daulet Askarov,https://linkedin.com/in/daulet-askarov-98347b26,profile,"Senior Software Engineer at Meta ... Senior Software Engineer at Meta ... ### Senior Software Engineer - [Meta](https://www.linkedin.com/company/meta) (Current) ... May 2022 - Present (4 years and 2 months) in Menlo Park, California, United States ... -$300 ... , operates in ... ### BS, Applied Mathematics and Physics: Radiotechnology and Cybernetics at [Moscow Institute of Physics and Technology (State University) (MIPT)](https://www.linkedin.com/school/moscowinstituteofphysicsandtechnology) ... 2005 - 2009 (4 years) in Moscow, Moscow, Russian Federation ... Moscow Institute of Physics and Technology (State University) (MIPT) is a higher education institution. Moscow Institute of Physics and Technology (State University) (MIPT) has 200-300 employees (+10% YoY), founded in 1951. Headquartered in Moscow, Moscow, Russia, with an office in Dolgoprudnyy. Its workforce is distributed across 18 countries (including Russia, Ukraine, Kazakhstan, Serbia, and India). Research output of 20,000-30,000 works, primarily in Physics and Astronomy, Engineering, and Materials Science. Funds research behind 100-150 works. ... .com/ ... Kazakh - Limited working proficiency ... ### Silver medalist in the International Physics Olympiad 2005 ... Jul 2005 ... - [2026-07-12 · Daulet Askarov liked this] [It is truly unbelievable. I am honored to be holding five gold...](https://www.linkedin.com/posts/dr-samat-maxutov-413651b0_it-is-truly-unbelievable-i-am-honored-to-activity-7482128704521986049-LRA7): It is truly unbelievable. I am honored to be holding five gold medals out of a possible five as the team leader of an extraordinary group of students. At the International Physics Olympiad (IPhO) 2..."
kaz-bdb3a76b4430,Dinmukhammed Omar,IBO,2022;2023,confirmed,synapse.kz,Chief Executive Officer,https://linkedin.com/in/dinmukhammedomar,synapse.kz,Chief Executive Officer,organization_match,integrated,,,selected,explicit_bridge,108,True,True,True,True,,,623e8c376b6e9678b974b36040a81d25,"""Omar Dinmukhammed"" Kazakhstan IBO Olympiad 2022;2023 current employer university role",0.007,1,Dinmukhammed Omar,https://linkedin.com/in/dinmukhammedomar,profile,"Student at Nanyang Technological University Singapore ... at Nanyang Technological University Singapore ... ### Chief Executive Officer - [synapse.kz](https://www.linkedin.com/company/synapse-kz) (Current) ... Jan 2025 - Present (1 year and 5 months) in Hybrid ... : General Management • ... : C-Level ... ### Scientific committee member IBO2024 - International Biology Olympiad 2024 ... Aug 2023 - Jul 2024 (11 months) in Astana, Kazakhstan ... As a Scientific Committee Member for the International Biology Olympiad 2024 (Astana, Kazakhstan), I was responsible for contributing to the successful execution of the Olympiad by designing and authoring theory questions, overseeing the examination process, and ensuring the integrity and quality of the theoretical exams. ... ### International Biology Olympiad 2023 - Silver medal ... Issued by: IBO ... Jul 2023 ... ### International Biology Olympiad 2022 - Silver medal ... Issued by: IBO ... Jul 2022 ... ) ... a few years ago ... > ... People often associate ... , university applications, and ... Those are certainly ... with you long ... of passionate young biologists, mentors, scientists, and organizers from around ... come together in ... The conversations, friendships, and connections often become just ... as the competition ... . > > My own IBO journey has taken me through several different roles: > 🥈 IBO 2022: Silver Medal > 🥈 IBO 2023: Silver ... > 🧬 IBO 2024: Scientific Committee Member > > As a student, I thought competing at the IBO was incredibly demanding ... I had the opportunity to join the Scientific Committee, and I ... actually have the ... exam is an ... ."
kaz-6ea5dd0e4291,Furkat Mukhtarov,IChO,2009,confirmed,TETmedical,Senior Research Scientist,https://www.linkedin.com/in/furkatmukhtarov,,,no_current_affiliation_extracted,selected_no_current_extracted,,,selected,explicit_bridge,108,True,True,True,True,,,70dd804256df0d6d4c7f4cd445c764be,"""Furkat Mukhtarov"" Kazakhstan IChO Olympiad 2009 current employer university role",0.007,1,Furkat Mukhtarov,https://linkedin.com/in/furkatmukhtarov,profile,", and data-driven ... at TETmedical ... ### [TETmedical, Inc.](https://www.linkedin.com/company/tetmedical) ... #### Senior Research Scientist (Current) ... #### Research Scientist (Current) ... ) in Ithaca, New York ... TETmedical, Inc. is a Medical and ... Laboratories company. TETmedical is a clinical stage ... nanomedicine company focused on in vitro diagnostics that enable insights for high-consequence disease decision making. They have a patented ""tet nanobot"" consisting of thousands of enzymes tethered to a silica nanoparticle. Their first product is the nse-fast stroke test, the ... , Inc. has 10-20 employees (+20% YoY ... 1. Headquartered in Ithaca ... , with presence in Trinidad and Tobago. Has ... in total funding, with ... ### Specialist, Biochemistry and Molecular Biology at [Lomonosov Moscow State University (MSU)](https://www.linkedin.com/school/московский-государственный-университет-им.-м.в.-ломоносова-мгу-) ... 2009 - 2014 (5 years) ... ### Chemistry and Biology, 9-11 at Lyceum #134 ... Activities: Activities and Societies: Prize winner at national and international chemistry olympiads, including the 41st International Chemistry Olympiad (Cambridge, UK, 2009) ... Kazakh - Limited working proficiency ... ### 41st International Chemistry Olympiad Bronze Medal Winner ... Issued by: Cambridge University, Cambridge, UK ... Jul 2009 ... Competed and won a bronze medal in a highly competitive international chemistry contest as part of the Kazakhstan National Chemistry Team. ... ### 43rd Mendeleev International Chemistry Olympiad Silver Medal Winner ... 009 ... Competed and won a silver medal in a competitive international chemistry contest as part of the Kazakhstan National Chemistry Team."
kaz-44c1e8dd8198,Galymzhan Moldagulov,IChO,2018,confirmed,Institute for Basic Science (IBS),Graduate Student Researcher,https://kr.linkedin.com/in/moldagulovg,Institute for basic science (IBS),Graduate Student Researcher,organization_match,integrated,,,selected,explicit_bridge,108,True,True,True,True,,,09775de107b11f95edb5e7c6c03cf254,"""Galymzhan Moldagulov"" Kazakhstan IChO Olympiad 2018 current employer university role",0.007,1,Galymzhan Moldagulov,https://kr.linkedin.com/in/moldagulovg,profile,"### Graduate Student Researcher - [Institute for basic science (IBS)](https://www.linkedin.com/company/institute-for-basic-science-ibs) (Current) ... Sep 2023 - Present (2 years and 10 months) in Ulsan, South Korea ... Graduate Student Researcher in the Grzybowski group at the Center for Algorithmic and Robotized Synthesis (IBS, South Korea). ... #### Chemistry Olympiad Coordinator ... ### Chemistry Olympiad Coach - [Nazarbayev Intellectual Schools](https://www.linkedin.com/school/nazarbayev-intellectual-schools) ... Astana, Kazakhstan ... including Kazakhstan, United ... in Social Sciences, ... , and Computer ... ### Chemistry Olympiad Coach - ... ### Master of Science - MS, Chemistry at [Ulsan National Institute of Science and Technology](https://www.linkedin.com/school/ulsan-national-institute-of-science-n-technology) ... ### Bachelor's degree, Chemistry at [Korea Advanced Institute of Science and Technology](https://www.linkedin.com/school/한국과학기술원-kaist-) ... 2018 - 2022 (4 years) in Daejeon, South Korea ... www.linkedin ... /school/ ... ### International Chemistry Olympiad: Bronze medal ... Issued by: ICh ... Olympiad held ... ### National Chemistry Olympiad: Gold medal ... Issued by: Ministry of Education and Science of the Republic of Kazakhstan ... Mar 2018 ... Gold medal award in National Chemistry Olympiad 2018 Atyrau, Kazakhstan ... Absolute winner award in the 4th International Bekturov Chemistry Olympiad 2018 Pavlodar, Kazakhstan ... Bronze medal award in 51st International Mendeleev Chemistry Olympiad held in Astana, Kazakhstan ... ### National Chemistry Olympiad:"
kaz-fae1a82e7a9a,Gani Nazirov,IMO,1992;1993,confirmed,Microsoft,Principal Software Engineer,https://www.linkedin.com/in/gani-nazirov,Microsoft,Principal Software Engineer,organization_match,integrated,,,selected,explicit_bridge,108,True,True,True,True,,,f6ef4ead0455b344fbcfa8121a3039cb,"""Gani Nazirov"" Kazakhstan IMO Olympiad 1992;1993 current employer university role",0.007,1,Gani Nazirov,https://linkedin.com/in/gani-nazirov,profile,"Principal Software Engineer at Microsoft ... Principal Software Engineer at Microsoft ... ### Principal Software Engineer - [Microsoft](https://www.linkedin.com/company/microsoft) (Current) ... Oct 2017 - Present (8 years and 9 months) in Greater Seattle Area ... ### Technical Engineer - [Lucent Technologies, Bell Labs](https://www.linkedin.com/company/nokia) ... Aug 1998 - Sep 2000 (2 years and 1 month) in Moscow, Russian Federation ... Adaptation of existing telecommunication software and hardware to Russian standards; design and development of new features; extensive support and consultations for customers throughout Russia, Ukraine and Kazakhstan. ... ### MS Computer Science at [University of Washington](https://www.linkedin.com/school/university-of-washington) ... 2006 - 2008 (2 years) in Seattle, Washington, United States ... including United States ... 0,0 ... primarily in Medicine, Biochemistry, Genetics and Molecular Biology, and Environmental ... ,000-5,000 works. ... ### MS Math. Applied Math. at Lomonosov Moscow State University (MSU) ... 1993 - 1998 (5 years) ... Kazakh - Native or bilingual proficiency ... ### Bronze in IMO-33 & IMO-34 ... International Math Olympiads http://en.wikipedia.org/wiki/International_Mathematical_Olympiad"
kaz-9dadae71693b,Ilya Skripin,IChO,2009;2010,confirmed,Boston Consulting Group (BCG),Consultant,https://kz.linkedin.com/in/ilya-skripin-a9a31552,Boston Consulting Group (BCG),Consultant,organization_match,integrated,,,selected,explicit_bridge,108,True,True,True,True,,,12b090623995328d4a4aeec27042ee07,"""Ilya Skripin"" Kazakhstan IChO Olympiad 2009;2010 current employer university role",0.007,1,Ilya Skripin,https://kz.linkedin.com/in/ilya-skripin-a9a31552,profile,"BCG | ex-Chevron ... Kazakhstan (KZ) ... Graduated with the Distinction from Pennsylvania State University with Bachelor Degree, Chemical engineering. Right now working as process engineer and this is what I like. Always interested at challenging myself and exploring new areas. Used to participate in various chemistry olympiads during my high school years. Got two bronze and one silver medals at the highest level (International Chemistry Olympiad). ... ### Consultant - [Boston Consulting Group (BCG)](https://www.linkedin.com/company/boston-consulting-group) (Current) ... May 2024 - Present (2 years and 2 months) in Almaty, Kazakhstan ... Consulting • Level: Specialist ... ### [Chevron](https://www.linkedin.com/company/chevron) ... - Apr 20 ... ) in Kazakhstan ... https://www.linkedin.com ... ### Bachelor of Engineering (B.E.), Chemical Engineering, With Distinction at [Penn State University](https://www.linkedin.com/school/penn-state-university) ... 2010 - 2014 (4 years) in University Park, Pennsylvania, United States ... ### 42nd International Chemistry Olympiad (Tokyo, Japan) ... Issued by: IChO Commitee ... Jul 2010 ... Became a bronze medal owner at 41st International Chemistry Olympiad, Tokyo, Japan. ... ### 41st International Chemistry Olympiad, Cambridge, UK ... Issued by: IChO Commitee ... Jul 2009 ... Became a bronze medal owner at 41st International Chemistry Olympiad, Cambridge, UK."
kaz-07d2b93fd768,Ilya Vilkoviskiy,IPhO,2012,confirmed,Princeton University,Postdoctoral Research Associate,https://www.linkedin.com/in/ilya-vilkoviskiy,Princeton University,Postdoctoral Researcher,organization_match,integrated,,,selected,explicit_bridge,108,True,True,True,True,,,2c74b1c7c83bda82812fdaca64c7205b,"""Ilya Vilkoviskiy"" Kazakhstan IPhO Olympiad 2012 current employer university role",0.007,1,Ilya Vilkoviskiy,https://linkedin.com/in/ilya-vilkoviskiy,profile,"### Postdoctoral Researcher - [Princeton University](https://www.linkedin.com/school/princeton-university) (Current) ... Sep 2024 - Present (1 year and 10 months) in Princeton, New Jersey, United States ... and research, ... -2% YoY) ... annual revenue in the ... Physics and Astronomy ... Skolkovo Institute of Science and Technology is a higher education institution. Skolkovo institute of science and technology offers education, msc programs, professional education, and thesis defenses. Skolkovo Institute of Science and Technology has 400-500 employees (+2-3% YoY) and has annual revenue in the RUB8B-RUB9B range, founded in 2011. Headquartered in Moscow, Moscow Oblast, Russia, operates in 35 countries (including Germany, United States, Kazakhstan, United Arab Emirates, and Australia). Research output of 10,000-20,000 works, primarily in Engineering, Biochemistry, Genetics and Molecular Biology, and Materials Science. Funds research behind 150-200 works. ... Moscow Institute of Physics and Technology (State University) (MIPT) is a higher education institution. Moscow Institute of Physics and Technology (State University) (MIPT) has 200-300 employees (+10% YoY), founded in 1951. Headquartered in Moscow, Moscow, Russia, operates in 18 countries (including Ukraine, Kazakhstan, Serbia, India, and United Kingdom). Research output of 30,000-40,000 works, primarily in Physics and Astronomy, Engineering, and Materials Science. Funds research behind 100-150 works. ... ### Gold Medalist of the International Physics Olympiad (IPHO) ... Issued by: International Physics Olympiad ... Jan 2012"
kaz-bcd45c045c97,Kairat Zhubayev,IMO,2005,confirmed,Altyn Bank,Head of Financial Risks and Portfolio Analysis Division,https://linkedin.com/in/kairat-zhubayev-150785174,Otbasy Bank,Head of the budget planning division of the planning and strategic analysis department,organization_change,retain_published_ambiguous_current_roles,The same profile has an Altyn Bank current headline and an overlapping Otbasy Bank entry marked current; it does not establish that the older-dated Otbasy entry replaced the headline role,https://linkedin.com/in/kairat-zhubayev-150785174,selected,explicit_bridge,108,True,True,True,True,,,0a3b5faf0ac32d1ca4dd8d480013f95c,"""Kairat Zhubayev"" Kazakhstan IMO Olympiad 2005 current employer university role",0.007,1,Kairat Zhubayev,https://linkedin.com/in/kairat-zhubayev-150785174,profile,"Head of Financial Risks and Portfolio Analysis Division, Altyn Bank ... Kazakhstan (KZ) ... Head of Financial Risks and Portfolio Analysis Division, Altyn Bank ... ### Head of the budget planning division of the planning and strategic analysis department - [Otbasy Bank](https://www.linkedin.com/company/otbasybank) (Current) ... Jan 2019 - Present (7 years and 1 month) in Almaty, Kazakhstan ... , adjustment and monitoring of the implementation ... the Bank's Development Plan for a five-year ... - Development, ... the implementation of the ... the possible volume of ... Department: Finance & Accounting • Level: Head ... Otbasy Bank is ... Banking company. ... asy Bank has ... Almaty, Kazakhstan ... [Altyn ... ](https://www.linkedin.com/company/ ... n-bank) ... Almaty, Kazakhstan ... Altyn Bank is a Banking company. Altyn Bank is a financial institution that provides 24/7 banking services. They offer efficient conditions and innovative financial possibilities. Altyn Bank has 90-100 employees (+10% YoY), founded in 19 ... 8. Headquartered in Kazakhstan. Its workforce is distributed across Kazakhstan and Portugal. ... ### Bachelor of Science - BS, Computer Science with minor in Math at [Montana State University-Bozeman](https://www.linkedin.com/school/montana-state-university) ... Bozeman ... ozeman has ... , Bangladesh, India, and Nigeria ... , with 1 prior ... ### 46th International Mathematical Olympiad - Bronze Medal ... Jul 2005 ... ### Balkan Mathematical Olympiad 2005 -Silver Medal ... May 2005 ... ### National Mathematical Competition 2005 - First Place"
kaz-e266aa85e93e,Kaisarbek Omirzakhov,IPhO,2011;2012,confirmed,Ayar Labs,Senior Photonics Engineer,https://www.linkedin.com/in/kaisarbek,,,no_current_affiliation_extracted,selected_no_current_extracted,,,selected,explicit_bridge,108,True,True,True,True,,,216a8a1c36b702f1d49e6b866e6c8d18,"""Kaisarbek Omirzakhov"" Kazakhstan IPhO Olympiad 2011;2012 current employer university role",0.007,1,Kaisarbek Omirzakhov,https://www.linkedin.com/in/kaisarbek,profile,"Senior Photonics Engineer - [Ayar Labs](https://www.linkedin.com/company/ayar-labs) (Current) ... ### Assistant Organizer - International Physics Olympiad 2014 ... Jul 2014 - Jul 2014 in Astana, Kazakhstan ... Assisted in organizing International Physics Olympiad staged by Kazakhstan Republic Ministry of Education in Astana, Kazakhstan. Hold one of the main responsibilities of guiding and leading jury members, being one myself. *** The International Physics Olympiad (IPhO) is an annual physics competition for high school students. Regarded as the most prestigious competition in physics for students, IPhO compounds in average more than 80 countries and 400 students from all over the world. ... ### Bachelor’s Degree, Electrical and Electronics Engineering, Summa Cum Laude at [N ... ://www.linkedin.com/school/aoe- ... ev-university) ... 201 ... - 20 ... years) in Astana, ... President (2016-2017) and Vice President (2015-2016) of NU IET Student Chapter; Jury Member of National Physics Olympiad (2013 - 2017); Assistant in Kazakhstan Physics Team preparation for International Olympiads (2013 - 2017); Judo Member of University Judo Team (2013 - 2017) ... 201 ... works, primarily in ... • Silver Medalist of International Physics Olympiad (Tallinn, Estonia, July 2012) • Silver Medalist of World Physics Olympiad (Lombok, Indonesia, December 2011) • Bronze Medalist of Asian Physics Olympiad (Tel-Aviv, Israel, May 2011) • Bronze Medalist of International Junior Science Olympiad (Abuja, Nigeria, December 2010) • Bronze Medalist of International Junior Science Olympiad (Baku, Azerbaijan, December 2009) • Several times winner and medalist of Physics Olympiads: International Zhautykov Olympiad (2012), Kazakhstan Republican Olympiads (2010-2012) Show less"
kaz-f02da7099fac,Kemeldinov Aidyn,IPhO,2010,confirmed,Applied Materials,Software Engineer,https://linkedin.com/in/aidynkemeldinov,,,no_current_affiliation_extracted,selected_no_current_extracted,,,selected,explicit_bridge,108,True,True,True,True,,,963be2b19700e140d28687a700aefa8a,"""Kemeldinov Aidyn"" Kazakhstan IPhO Olympiad 2010 current employer university role",0.007,1,Aidyn Kemeldinov,https://linkedin.com/in/aidynkemeldinov,profile,"# Aidyn Kemeldinov ... Software Engineer at Applied Materials | Duke ... ### [Applied Materials](https://www.linkedin.com/company/applied-materials) ... #### Software Engineer (Current) ... Nov 2020 - Present (5 years and 8 months) in Santa Clara, California, United States ... ### [Duke University](https://www.linkedin.com/school/duke-university) ... , research, and ... 1% ... , Canada, and India ... 200,000-300,000 works, primarily in Medicine, Biochemistry, Genetics and Molecular Biology, and Social Sciences. Funds research behind 300-400 works ... ### Jury Grader - 45th International Physics Olympiad ... Jul 2014 - Jul 2014 in Astana ... - Graded theoretical and experimental sections of 383 contestants at 45th International Physics Olympiad (IPhO) in Astana, Kazakhstan ... ### Master of Science - MS, Physics at [Duke University](https://www.linkedin.com/school/duke-university) ... Kazakh - Native or bilingual proficiency ... ### Silver Medal in International Physics Olympiad (IPhO) ... Jul 2010"
kaz-8d1b7be09dcf,Kibriyanur Abdugafarova,IChO,2020,confirmed,Korea Advanced Institute of Science and Technology (KAIST),Undergraduate Student,https://kr.linkedin.com/in/kibriyanur-abdugafarova,,,no_current_affiliation_extracted,selected_no_current_extracted,,,selected,explicit_bridge,108,True,True,True,True,,,f543ebbbc957bd9c57eb8cd769ecfbee,"""Kibriyanur Abdugafarova"" Kazakhstan IChO Olympiad 2020 current employer university role",0.007,1,Kibriyanur Abdugafarova,https://linkedin.com/in/kibriyanur-abdugafarova,profile,"Incoming Ph.D. Student @ University of Notre Dame CBE | B.S. @ KAIST in Bio and Brain Engineering & Chemistry ... I’m driven by science, creativity, and miles:) Fascinated by how the brain works and molecules create life, I work at the intersection of neuroscience, bioengineering, and chemistry. As a double major in Bio & Brain Engineering and Chemistry at KAIST, I’m dedicated to tackling health challenges through innovation and interdisciplinary research. I believe in pushing boundaries with integrity, curiosity, and collaboration. ... ### [Korea Advanced Institute of Science and Technology](https://www.linkedin.com/school/한국과학기술원-kaist-) ... #### Research Assistant MC Choi Group (Biomaterials, biomedical engineering, biophysics lab) (Current) ... Korea Advanced Institute of Science and Technology ... Korea Advanced Institute of Science and Technology ... 1,000-2, ... % YoY), ... 1. Headquartered in Daejeon, South Korea ... distributed across ... , United Kingdom, and ... Research output of ... in Engineering, Materials Science, and Computer Science ... research behind 900-1, ... 00 works ... ### Mentor of Kazakhstan Chemistry Olympiad Team Member of the QazCho - RSPC Daryn ... ### Bachelor's degree, Bio and Brain Engineering; Chemistry at [Korea Advanced Institute of Science and Technology](https://www.linkedin.com/school/한국과학기술원-kaist-) ... Korea Advanced Institute of Science and Technology ... Korea Advanced Institute of Science and Technology ... South Korea. Its ... countries (including South Korea, ... , India, United ... , and Indonesia ... Research output of ... 0,00 ... works, primarily in Engineering, ... , and Computer ... 00 works ... ### International Chemistry Olympiad (IChO 2020) - Bronze medal"
kaz-74fe1fe53ea1,Madi Khamitbekov,IOI,2011;2012,confirmed,Pika,Head of Engineering,https://linkedin.com/in/khmadi,Pika,Head of Engineering,organization_match,integrated,,,selected,explicit_bridge,108,True,True,True,True,,,10fef390e4e6999c5d42f5529adfb446,"""Madi Khamitbekov"" Kazakhstan IOI Olympiad 2011;2012 current employer university role",0.007,1,Madi Khamitbekov,https://linkedin.com/in/khmadi,profile,"Head of Eng @ Pika ... , ex-Amazon, ... Turning Complex Data ... I’m a software engineer with 8 years of experience building and scaling large systems across both big tech and startup environments. I love digging into complex problems and designing backend systems that stay fast and reliable at scale. At Google, I helped expand Dapper’s infrastructure by 50%, pushing it to handle 150 million queries per second. At Wattpad, I built a new microservice for promotions that connected to an admin console and APIs—cutting the manual effort to launch campaigns by five times. I’ve also worked at Amazon and SK Telecom’s AI Center, gaining a deep foundation in distributed systems, microservices, and system design. I’m most energized by leading projects that push scale and performance, where I can drive architecture decisions while staying hands-on in the code. Outside of work, I’m a competitive gamer (Top 500 in Overwatch), IOI and ICPC semi-finals medalist ... ### Head of Engineering - [Pika](https://www.linkedin.com/company/pika-labs) (Current) ... has 5 ... 0 employees (+ ... % YoY) and has annual revenue ... Headquartered in ... , with an office ... . Its workforce ... distributed across ... countries (including United States, ... ### Bachelor's degree, Computer Science at [Ulsan National Institute of Science and Technology](https://www.linkedin.com/school/ulsan-national-institute-of-science-n-technology) ... ### Bachelor of Science (BS), Computer Science at North American University ... ### High School Diploma at Almaty Kazakh-Turkish High School ... 2007 - 2012 ( ... ### International Olympiad in Informatics ... Sep 2012 ... ### XII All-Russian team Olympiad in computer science ... Nov 2011 ... ### International Olympiad in Informatics"
kaz-0bab17661adc,Madiyar Aitbayev,IOI,2009;2010,confirmed,Snap,Software Engineer,https://linkedin.com/in/aitbayev,Snap Inc,Software Engineer,organization_match,integrated,,,selected,explicit_bridge,108,True,True,True,True,,,3cb99e9cb8cc6c246cd59dd15093b709,"""Madiyar Aitbayev"" Kazakhstan IOI Olympiad 2009;2010 current employer university role",0.007,1,Madiyar Aitbayev,https://linkedin.com/in/aitbayev,profile,"Software Engineer at Snap Inc. ... ### Software Engineer - [Snap Inc.](https://www.linkedin.com/company/snap-inc-co) (Current) ... Jul 2020 - Present (6 years) in London, England, United Kingdom ... ### Bachelor Student - Kazakh-British Technical University ... Jan 2010 - Jan 2014 (4 years) ... ### Bachelor's degree, Information Technology at Kazakh-British Technical University ... 2010 - 2014 (4 years) ... ### Champion of Kazakhstan Republic Olympiad in Informatics in 2008, 2009, 2010. ... Jan 2010 ... ### International Olympiad in Informatics, Canada: Bronze medal ... Jan 2010"
kaz-776ae509d19e,Mansur Mukimbekov,IOI,2021,confirmed,Axiom,ZK Software Engineering Intern,https://linkedin.com/in/mansurmukimbekov,Axiom,ZK Software Engineering Intern,organization_match,integrated,,,selected,explicit_bridge,108,True,True,True,True,,,4be2c752f6f7cb8967f239b59bc15215,"""Mansur Mukimbekov"" Kazakhstan IOI Olympiad 2021 current employer university role",0.007,1,Mansur Mukimbekov,https://linkedin.com/in/mansurmukimbekov,profile,"MS in CS @ GWU | ICPC World Finalist 2024 | IOI Medalist ... Graduate Computer Science Student at The George Washington University. In general, loves solving challenging problems. E-mail: mansurmukimbekov@gmail.com ... ### ZK Software Engineering Intern - [Axiom](https://www.linkedin.com/company/axiom-xyz) (Current) ... ### Master of Science - MS, Computer Science at [The George Washington University](https://www.linkedin.com/school/george-washington-university) ... ### High school student (honors diploma) at [National School of Physics & Math (FIZMAT)](https://www.linkedin.com/school/fizmat) ... 2018 - 2021 (3 years) in Almaty, Almaty, Kazakhstan ... National School of Physics & Math (FIZMAT) is an educational institution. The company is the Republic of Physics and Mathematics Institute in Kazakhstan. National School of Physics & Math (FIZMAT) has 30-40 employees (+10% YoY), founded in 1972. Headquartered in Almaty, Almaty, Kazakhstan. Its workforce is distributed across 5 countries (including Kazakhstan, Canada, United Kingdom, United Arab Emirates, and United States). ... ### Bronze Medal in the 33rd International Olympiad in Informatics (IOI), Singapore ... ### Gold Medal in the National Olympiad in Informatics, Kazakhstan ... Apr 2021 ... ### Gold Medal in the 17th International Zhautykov Olympiad in Informatics, Kazakhstan ... Jan 2021 ... Annual International Zhautykov Olympiad is one of the most prestigious educational events held in Kazakhstan. Talented contestants from more than fifteen countries tackle sophisticated problems in mathematics, physics, and computer science."
kaz-c97c1b9e1718,Medet Zhanbulatuly,IMO,2010;2011,confirmed,Virtu Financial,Senior Trader,https://sg.linkedin.com/in/medet-zhanbulatuly-0b009884,,,no_current_affiliation_extracted,selected_no_current_extracted,,,selected,explicit_bridge,108,True,True,True,True,,,7fd6ae1261e18160a748a17247f69302,"""Medet Zhanbulatuly"" Kazakhstan IMO Olympiad 2010;2011 current employer university role",0.007,1,Medet Zhanbulatuly,https://sg.linkedin.com/in/medet-zhanbulatuly-0b009884,profile,"### [Virtu Financial](https://www.linkedin.com/company/virtu-financial) ... #### Senior Trader (Current) ... Jan 2018 - Present (8 years and 6 months) in Singapore ... Department: Finance & Accounting ... ### Bachelor of Science (B.S.), Mathematics and Economics, 4.53/5.00 at [Nanyang Technological University](https://www.linkedin.com/school/ntusg) ... 2011 - 2014 (3 years) in Singapore, Singapore ... Kazakh - Native or bilingual proficiency ... ### International Mathematical Olympiad, Netherlands, 2011 - Silver Medal ... Issued by: IMO Organization ... Jul 2011 ... ### International Mathematical Olympiad, Kazakhstan, 2010 - SIlver Medal ... Issued by: IMO Organization ... Jul 2010 ... The International Mathematical Olympiad (IMO) is an annual six-problem, 42-point mathematical olympiad for pre-collegiate students and is the oldest of the International Science Olympiads. The first IMO was held in Romania in 1959. It has since been held annually, except in 1980. About 100 countries send teams of up to six students plus one team leader, one deputy leader, and observers. Ever since its inception in 1959, the olympiad has developed a rich legacy and has established itself as the pinnacle of mathematical competition among high school students. Show less"
kaz-8b4bb46b3041,Meiram Murzabulatov,IMO,2002;2003,confirmed,Nazarbayev University,Assistant Professor,https://kz.linkedin.com/in/meiram-murzabulatov-8889b0138,Nazarbayev University,Assistant Professor,organization_match,integrated,,,selected,explicit_bridge,108,True,True,True,True,,,9dd557baa93dc7651c5f9651644d3ba2,"""Meiram Murzabulatov"" Kazakhstan IMO Olympiad 2002;2003 current employer university role",0.007,1,Meiram Murzabulatov,https://kz.linkedin.com/in/meiram-murzabulatov-8889b0138,profile,"Assistant Professor at Nazarbayev University ... Kazakhstan (KZ) ... Assistant Professor at Nazarbayev University ... ### Assistant Professor - [Nazarbayev University](https://www.linkedin.com/company/jsc-nazarbayev-university) (Current) ... Aug 2019 - Present (6 years and 7 months) in Astana ... Nazarbayev University is a higher education institution. Nazarbayev University is a leading university in Central Asia and Kazakhstan. Nazarbayev University has 1,000-2,000 employees (+6-7% YoY), founded in 2010. Headquartered in Astana, Kazakhstan. Its workforce is distributed across 47 countries (including Kazakhstan, United States, United Kingdom, Canada, and Pakistan). Research output of 10,000-20,000 works, primarily in Engineering, Medicine, and Social Sciences. Funds research behind 2,000-3,000 works. ... Department: Education • Level: Specialist ... ### Bronze Medal at the International Math Olympiad ... Issued by: IMO ... Jan 2003 ... ### Second place in the Republican Math Olympiad ... Jan 2002"
kaz-69f40396a2e9,Mukhammadarif Sakhmoldin,IOI,2021;2022,confirmed,Optiver,Software Engineer Intern,https://hk.linkedin.com/in/mukhammadarifsakhmoldin,Optiver,Software Engineer Intern,organization_match,integrated,,,selected,explicit_bridge,108,True,True,True,True,,,ef83a646ff2d332e05d53c2ab554ba9f,"""Mukhammadarif Sakhmoldin"" Kazakhstan IOI Olympiad 2021;2022 current employer university role",0.007,1,Mukhammadarif Sakhmoldin,https://hk.linkedin.com/in/mukhammadarifsakhmoldin,profile,"I'm a student at HKUST with a strong background in algorithms (Codeforces: 2200, IOI Silver). I'm passionate about AI, ML, and R&D. I'm always looking for new opportunities to apply my problem-solving skills to challenging projects. I'm interested in a job that requires a lot of thinking and creativity. ... ### Software Engineer Intern - [Optiver](https://www.linkedin.com/company/optiver) (Current) ... ### Competitive Programming Coach - [Nazarbayev Intellectual Schools](https://www.linkedin.com/school/n ... intellectual-schools) ... Sep 2023 - May 2024 (8 months) in Almaty, Kazakhstan ... algorithms and data ... the Olympiads. ... Nazarbayev Intellectual Schools is an ... . Nazarbayev Intellectual Schools has 300-400 employees (+10% YoY), ... in 2009. Headquartered in Astana, Kazakhstan. Its ... is distributed across 18 countries (including Kazakhstan, United States, Philippines, United Kingdom, and China). ... output of 60-70 works, primarily in Social Sciences, Psychology, and Computer Science. ... ### Bachelor's degree, Data Science and Mathematics (Computer Science Track) with an extended major in AI at [The Hong Kong University of Science and Technology](https://www.linkedin.com/school/hkust) ... 200 ... Astana, Kazakhstan. ... across 18 countries ... including Kazakhstan, ... , Philippines, United Kingdom, and China). Research ... Sciences, Psychology, and Computer Science. ... ### National Olympiad in Informatics (Kazakhstan) 2023 Gold medal, Champion(Top 1) ... ### International Olympiad in Informatics 2022 Silver Medal ... ### National Olympiad in Informatics (Kazakhstan) 2022 Gold medal ... ### International Olympiad in Informatics 2021 Bronze Medal ... ### National Olympiad in Informatics (Kazakhstan) 2021 Gold medal, Champion (top 1)"
kaz-9dc053108701,Nasharov A. Askar,IPhO,2007,confirmed,SLB,Business Line PSD Manager,https://linkedin.com/in/nasharov-askar-bb397466,,,no_current_affiliation_extracted,selected_no_current_extracted,,,selected,explicit_bridge,108,True,True,True,True,,,a0b88fbcebe7bfe3ec8d594f4ad8d69b,"""Nasharov A. Askar"" Kazakhstan IPhO Olympiad 2007 current employer university role",0.007,1,Nasharov Askar,https://linkedin.com/in/nasharov-askar-bb397466,profile,"Completions TLM Manager ... Completions TLM Manager ... ### [SLB](https://www.linkedin.com/company/slbglobal) ... #### Business Line PSD Manager (Current) ... Jun 2024 - Present (2 years and 1 month) in Астрахань, Астраханская область, Россия ... #### Completions TLM Manager ... ### Bachelor's degree, Faculty of Oil and Gas Industry at Kazakh - British Technical University ... 2007 - 2011 (4 years) ... ### Winner of International and Republican Olympiads in Physics ... by Jautykov ... International Olympiads (Physics): Diploma of 3 degrees (bronze medal), “Tuymaada” 2006, Republic of Sakha, Yakutia city Diploma of 3 degrees (bronze medal), International Zhautykov Olympiad, 2007, Republic of Kazakhstan, Almaty city In the national team of Kazakhstan in physics was trained in Turkey,Istanbul city, 2007 Honorable mention, International Physics Olympiad (IPhO 2007), 2007, Iran, Isfahan city Republican Olympiads (Physics): Honorable mention, 2005, Taldygorgan city Diploma of 3 degrees (bronze medal), 2006, Petropavlovsk city Diploma of 3 degrees (bronze medal), 2007, Kokshetau city Permanent member of the team of Kazakhstan in Physics Show less"
kaz-569883c06e81,Nurlykhan Kairly,IOI,2017;2018,confirmed,Listly,Software Engineer,https://kz.linkedin.com/in/nurlykhan,Listly,Software Engineer,organization_match,integrated,,,selected,explicit_bridge,108,True,True,True,True,,,8608e5ecd539d7ed70732646a8fc2e1b,"""Nurlykhan Kairly"" Kazakhstan IOI Olympiad 2017;2018 current employer university role",0.007,1,Nurlykhan Kairly,https://kz.linkedin.com/in/nurlykhan,profile,"Software Engineer, IOI Medalist ... Kazakhstan (KZ) ... ### Software Engineer - [Listly](https://www.linkedin.com/company/listly-io) (Current) ... Dec 2022 - Present (3 years and 7 months) in South Korea ... Department: Engineering and Technical ... Listly is a IT System Data Services company. Listly is a web scraping extension that helps users transform websites into organized Excel sheets. It offers a single click and has over 211,500 professionals who have discovered the magic of instant data collection. Listly has 1-10 employees (+10% YoY), founded in 2017. Headquartered in South Korea. Its workforce is distributed across United States, Kazakhstan, and South Korea. Has $580.3K in total funding, with 4 prior funding rounds. ... ### Software Engineer - Edlight Digital ... Mar 2022 - Sep 2022 (6 months) in Nur-Sultan, Kazakhstan ... Department: Engineering and Technical ... Department: Engineering and Technical ... : Engineering and ... ### Bachelor's degree, Computer Science at [Korea Advanced Institute of Science and Technology](https://www.linkedin.com/school/한국과학기술원-kaist-) ... 2019 - 2023 (4 years) in Daejeon, South Korea ... ### International Olympiad in Informatics ... Sep 2018 ... Two-time IOI Bronze Medalist (2017, 2018) ... ### International Zhautykov Olympiad ... Jan 2018"
kaz-f1194a0f246c,Parassat Kyzyrkanov,IOI,2020,confirmed,Undisclosed employer,ML Researcher,https://linkedin.com/in/pkyzyrkanov,NDA,ML Researcher,organization_match,integrated,,,selected,explicit_bridge,108,True,True,True,True,,,aa202365f9bfa804990fd5952a3b7695,"""Parassat Kyzyrkanov"" Kazakhstan IOI Olympiad 2020 current employer university role",0.007,1,Parassat Kyzyrkanov,https://linkedin.com/in/pkyzyrkanov,profile,"Software Engineer | Distributed Systems | ML Infrastructure | 2x ICPC World Finalist | IOI 2020 ... Astana, Kazakhstan (KZ) ... ### ML Researcher - [NDA](https://www.linkedin.com/company/ndaltd) (Current) ... ### Bachelor's degree, Computer Software Engineering at [Astana IT University](https://www.linkedin.com/school/astanait-university) ... 2021 - 2024 (3 years) in Astana, Kazakhstan ... Astana IT University is a higher education institution. Astana IT University provides digital transformation through education, research, and successful innovations. Astana IT University has 150-200 employees (+50% YoY), founded in 2019. Headquartered in Astana, Kazakhstan. Its workforce is distributed across Kazakhstan, United States, and Italy. ... ### International Olympiad in Informatics 2020 - participant ... Sep 2020 ... ### Bronze Medal in Asia-Pacific Informatics Olympiad 2020 ... ### Gold Medal in National Olympiad in Informatics of Republic of Kazakhstan 2020"
kaz-8db1b6d8afd7,Raiymbek Baishuak,IMO,2023,confirmed,Hong Kong University of Science and Technology (HKUST),Computer Science Student,https://linkedin.com/in/raiymbek-baishuak-6a1892245,,,no_current_affiliation_extracted,selected_no_current_extracted,,,selected,explicit_bridge,108,True,True,True,True,,,60ed0c1706f36b1a5aa08079ac4fa3e0,"""Raiymbek Baishuak"" Kazakhstan IMO Olympiad 2023 current employer university role",0.007,1,Raiymbek Baishuak,https://linkedin.com/in/raiymbek-baishuak-6a1892245,profile,"### High School Diploma at [National School of Physics & Math (FIZMAT)](https://www.linkedin.com/school/fizmat) ... 2019 - 2023 (4 years) in Almaty, Almaty, Kazakhstan ... National School of Physics & Math (FIZMAT) is an educational institution. The company is the Republic of Physics and Mathematics Institute in Kazakhstan. National School of Physics & Math (FIZMAT) has 30-40 employees (+10% YoY), founded in 1972. Headquartered in Almaty, Almaty, Kazakhstan. Its workforce is distributed across 5 countries (including Kazakhstan, Canada, United Kingdom, United Arab Emirates, and United States). ... ### Bachelor's Degree, Computer Science at [The Hong Kong University of Science and Technology](https://www.linkedin.com/school/hkust) ... 2023 - Present in Kowloon, Hong Kong, Hong Kong ... The Hong Kong University of Science and Technology is a higher education institution. The Hong Kong University of Science and Technology (HKUST) is a top-ranked global university in Hong Kong recognized for cutting-edge research and innovation in science, medical science, engineering, business, and interdisciplinary education. The Hong Kong University of Science and Technology has 2,000-3,000 employees (+10% YoY) and has annual revenue in the $500M-$600M range, founded in 1991. Headquartered in Kowloon, Hong Kong, Hong Kong, with presence in China. Its workforce is distributed across 47 countries (including Hong Kong, China, United States, United Kingdom, and Canada). Has $20M in total funding. Research output of 70,000-80,000 works, primarily in Engineering, Computer Science, and Materials Science. Funds research behind 1,000-2,000 works. ... ### International Mathematical Olympiad (IMO) Silver Medal ... Jul 2023 ... The most prestigious High School Mathematical Olympiad"
kaz-ccd5a4548c56,Rakhman Asmatullayev,IMO,2018,confirmed,Laminar,Backend Engineer,https://uk.linkedin.com/in/rainhunter13,Laminar (YC S24),Backend Engineer,organization_match,integrated,,,selected,explicit_bridge,108,True,True,True,True,,,fa0c05cbd6cf87b39daf3762773b6278,"""Rakhman Asmatullayev"" Kazakhstan IMO Olympiad 2018 current employer university role",0.007,1,Rakhman Asmatullayev,https://linkedin.com/in/rainhunter13,profile,"> Deep Thinker > IMO Bronze ... ### Backend Engineer - [Laminar (YC S24)](https://www.linkedin.com/company/lmnr-ai) (Current) ... Nov 2025 - Present (8 months) in London Area, United Kingdom ... Department: Engineering and Technical • Level: Specialist ... Laminar (YC S24) is a Information Services company. Laminar is an open-source platform for tracing and evaluating AI applications. It provides reliable and efficient llm monitoring platforms, automatic tracing of llm frameworks and sdks, real-time traces, and browser agent observability. Laminar (YC S24) has 1-10 employees (+150% YoY). Headquartered in San Francisco, California, United States. Its workforce is distributed across United Kingdom and United States. Has $3.6M in total funding, with 2 prior funding rounds. ... ### Bachelors Computer Science at [Korea Advanced Institute of Science and Technology](https://www.linkedin.com/school/%ED%95%9C%EA%B5%AD%EA%B3%BC%ED%95%99%EA%B8%B0%EC%88%A0%EC%9B%90-kaist-) ... 2018 - 2022 (4 years) in Daejeon, South Korea ... ### International Mathematics Olympiad 2018 - Bronze ... Won a Bronze Medal at 59th International Mathematical Olympiad. IMO is the most prestigious annual mathematics competition for high school students, with 550+ participants from 100+ countries worldwide."
kaz-b596c2a8a5f9,Rassul Karabalin,IPhO,1997;1998,confirmed,Amazon,Research Science Manager leading quantum chip fabrication,http://www.linkedin.com/in/rassul,Amazon Web Services (AWS),"Tech Lead, Processor Fabrication, Quantum Computing",organization_match,integrated,,,selected,explicit_bridge,108,True,True,True,True,,,08a4314b888af70b3613716cb9199c0f,"""Rassul Karabalin"" Kazakhstan IPhO Olympiad 1997;1998 current employer university role",0.007,1,Rassul Karabalin,https://linkedin.com/in/rassul,profile,"Fab Tech Lead, Quantum Computing, ... Lead at AWS Center for ... ### Tech Lead, Processor Fabrication, Quantum Computing - [Amazon Web Services (AWS)](https://www.linkedin.com/company/amazon-web-services) (Current) ... ### Visiting Researcher - [Caltech](https://www.linkedin.com/school/california-institute-of-technology) (Current) ... Working at AWS Center for Quantum Computing at Caltech ... ### BS & MS, Physics at [Moscow Institute of Physics and Technology (State University) (MIPT)](https://www.linkedin.com/school/moscowinstituteofphysicsandtechnology) ... 1998 - 2003 (5 years) in Moscow, Moscow, Russian Federation ... Department of General and Applied Physics. Worked in nuclear and particle physics as a part of international collaboration at CERN. ... Moscow Institute of Physics and Technology (State University) (MIPT) is a higher education institution. Moscow Institute of Physics and Technology (State University) (MIPT) has 200-300 employees (+10% YoY), founded in 1951. Headquartered in Moscow, Moscow, Russia, with an office in Dolgoprudnyy. Its workforce is distributed across 18 countries (including Russia, Ukraine, Kazakhstan, Serbia, and India). Research output of 20,000-30,000 works, primarily in Physics and Astronomy, Engineering, and Materials Science. Funds research behind 100-150 works. ... ### Bronze Medal at 29th IPhO ... Jul 1998 ... Bronze medal at 29th International Physics Olympiad, representing Kazakhstan, Reykjavik, Iceland, July 1998, https://ipho-unofficial.org/timeline/1998/individual"
kaz-166b996bb739,Rinat Ilyussizov,IChO,2023;2024,confirmed,Purdue University,Undergraduate Research Fellow,https://linkedin.com/in/rinat-ilyussizov-4b1b9b290,Purdue University,Undergraduate Research Fellow,organization_match,integrated,,,selected,explicit_bridge,108,True,True,True,True,,,6c2e8b17b8c498ab0e77a1b5859daa66,"""Rinat Ilyussizov"" Kazakhstan IChO Olympiad 2023;2024 current employer university role",0.007,1,Rinat Ilyussizov,https://linkedin.com/in/rinat-ilyussizov-4b1b9b290,profile,"### Undergraduate Research Fellow - [Purdue University](https://www.linkedin.com/school/purdue-university) (Current) ... Jun 202 ... ### Olympiad Chemistry Instructor - Nazarbayev Intellectual Schools ... Oct 2024 - Aug 2025 (10 months) ... ### Kazakhstan National Chemistry Team Mentor - [Ministry of Education of the Republic of Kazakhstan](https://www.linkedin.com/company/moe-rk) ... Jun 2025 - Jul 2025 (1 month) ... Led the Kazakhstan IChO team (2025); translated and discussed ≈90 pages of exam content ... Ministry of Education of the Republic of Kazakhstan is a government agency. Ministry of Education of the Republic of Kazakhstan has 1-10 employees (+360% YoY). Headquartered in Astana, Kazakhstan. Its workforce is distributed across Kazakhstan and United States. ... ### International Chemistry Olympiad (IChO) Gold Medal ... Issued by: King Saud University, Saudi Arabia ... Jul 2024 ... ### Intenational Chemistry Olympiad (IChO) Silver Medal ... Issued by: ETH Zurich, Switzerland ... Jul 2023"
kaz-32373fc425de,Sergazy Kalmurzayev,IMO,2012;2013;2014,confirmed,ElevenLabs,Engineering,https://uk.linkedin.com/in/sergazy-kalmurzayev-2ba468231,ElevenLabs,Engineering,organization_match,integrated,,,selected,explicit_bridge,108,True,True,True,True,,,3aef85ac0d678278692da4bd5c3da870,"""Sergazy Kalmurzayev"" Kazakhstan IMO Olympiad 2012;2013;2014 current employer university role",0.007,1,Sergazy Kalmurzayev,https://linkedin.com/in/sergazy-kalmurzayev-2ba468231,profile,"### Engineering - [ElevenLabs](https://www.linkedin.com/company/elevenlabsio) (Current) ... company. Eleven ... is a free AI voice generator and voice agents platform ... powers enterprises, creators, and developers. They offer a customer experience, content creation, and AI voice generator. ElevenLabs has ... 800 employees (+ ... 0% YoY) and has annual revenue in ... . Headquartered ... Kingdom, operates ... ). Its workforce ... distributed across ... (including United States, United Kingdom ... [BTSDigital]( ... www.linkedin.com ... company/btsdigital ... BTSDigital is a Technology, Information and Internet company. BTSDigital has 150-200 employees (less than 1% YoY growth), founded in 2018. Headquartered in Kazakhstan. Its workforce is distributed across 17 countries (including Kazakhstan, Russia, Kyrgyzstan, United Arab Emirates, and Cyprus). ... ### Undergraduate Research Fellow - [University of Illinois Urbana-Champaign](https://www.linkedin.com/school/university-of-illinois-urbana-champaign) ... Jun 2017 - Aug 20 ... 7 (2 months) in Singapore ... of Illinois Urbana ... 0 employees (+3-4% YoY) ... 7. Head ... Champaign, Illinois, United ... . Its workforce ... 80 countries (including United States, China, India, South Korea, and Canada). ... 5M in total ... -300 ... Genetics and Molecular ... ### Bachelor's degree Mathematics and Computer Science at [Nazarbayev University](https://www.linkedin.com/school/nazarbayev-university) ... 2014 - 2018 (4 years) ... ### Silver Medal ... Issued by: International Mathematical Olympiad (IMO) ... Jul 2014 ... ### Silver Medal ... Issued by: International Mathematical Olympiad (IMO) ... Jul 2013"
kaz-0f9baaef8ac0,Sergey Umentayev,IMO,2001,confirmed,ChooSmart,Founder and CEO,https://www.linkedin.com/in/sergey-umentayev,ChooSmart,"Founder and CEO, IT AI e-commerce",organization_match,integrated,,,selected,explicit_bridge,108,True,True,True,True,,,81c1f6706e8f501bf52d88344d80cdac,"""Sergey Umentayev"" Kazakhstan IMO Olympiad 2001 current employer university role",0.007,1,Sergey Umentayev,https://linkedin.com/in/sergey-umentayev,profile,"### Founder and CEO, IT AI e-commerce - [ChooSmart](https://www.linkedin.com/company/choosmart) (Current) ... Jan 2023 - Present (3 years and 5 months) in United States ... personalization tools for ... ChooSmart is a Software Development company. Choosmart is a company that provides personalized customer shopping experiences to engage shoppers with personalized product recommendations based on reviews of similar customers. They offer a 2x boost in sales conversion rates and simplify quizzes and intuitive filters to save customers from overwhelming product research. ChooSmart has 1-10 employees, founded in 2023. Headquartered in New York, New York, United States. ... ### Master, Applied Mathematics at [Moscow Institute of Physics and Technology (State University) (MIPT)](https://www.linkedin.com/school/moscowinstituteofphysicsandtechnology) ... 2001 - 2007 (6 years) in Moscow, Moscow, Russian Federation ... Moscow Institute of Physics and Technology (State University) (MIPT) is a higher education institution. Moscow Institute of Physics and Technology (State University) (MIPT) has 200-300 employees (+10% YoY), founded in 1951. Headquartered in Moscow, Moscow, Russia, with an office in Dolgoprudnyy. Its workforce is distributed across 18 countries (including Russia, Ukraine, Kazakhstan, Serbia, and India). Research output of 20,000-30,000 works, primarily in Physics and Astronomy, Engineering, and Materials Science. Funds research behind 100-150 works. ... ### Silver medal in the International Competition of Science Projects (Almaty, Kazakhstan) in 2000 ... ### Silver medal in the International Mathematical Olympiad (Washington D.C., USA) in 2001 ... ### Winner of Kazakhstan national mathematical Olympiads in 1999-2001"
kaz-e894ef915410,Shyngys Aitkazinov,IPhO,2017,confirmed,Citadel Securities,Quantitative Researcher Intern,https://ch.linkedin.com/in/shyngys-aitkazinov-00496b193,Citadel Securities,Quantitative Researcher intern,organization_match,integrated,,,selected,explicit_bridge,108,True,True,True,True,,,18dfadf10da14a0f73ef46cd7839300c,"""Shyngys Aitkazinov"" Kazakhstan IPhO Olympiad 2017 current employer university role",0.007,1,Shyngys Aitkazinov,https://linkedin.com/in/shyngys-aitkazinov-00496b193,profile,"### Quantitative Researcher intern - [Citadel Securities](https://www.linkedin.com/company/citadel-securities) (Current) ... ### Master's degree Data Science at [ETH Zürich](https://www.linkedin.com/school/eth-zurich) ... ### [Korea Advanced Institute of Science and Technology](https://www.linkedin.com/school/%ED%95%9C%EA%B5%AD%EA%B3%BC%ED%95%99%EA%B8%B0%EC%88%A0%EC%9B%90-kaist-) ... #### Bachelor's degree Electrical and Electronics Engineering ... 2017 - 2022 (5 years) ... #### Bachelor's ... Kazakh - Native or bilingual proficiency ... ### SILVER Medal on 48th INTERNATIONAL PHYSICS OLYMPIAD ... Jul 2017 ... Yogyakarta, Indonesia. IPhO olympiads are considered to be the most reputable physics olympiad for high-school students. The olympiad consists of two tours: experimental and theoretical. Both of tours were designed to test students' understanding of physics and ability to solve problems in limited time. (http://ipho-unofficial.org/timeline/2017/) ... ### BRON ... on 18 ... Yakutsk ... consists of two ... . Both of ... students' understanding of ... to solve problems in limited time. ... most difficult in ... .mipt.ru/"
kaz-84b6c6673e87,Shyngys Bilyalov,IMO,2017;2018;2019,confirmed,Graviton Research Capital,Quantitative Researcher,https://sg.linkedin.com/in/shyngys-bilyalov-23b6b819b,Graviton Research Capital LLP,Quantitative Researcher,organization_match,integrated,,,selected,explicit_bridge,108,True,True,True,True,,,523186580a2390c1d0403910d0f9be15,"""Shyngys Bilyalov"" Kazakhstan IMO Olympiad 2017;2018;2019 current employer university role",0.007,1,Shyngys Bilyalov,https://linkedin.com/in/shyngys-bilyalov-23b6b819b,profile,"### Quantitative Researcher - [Graviton Research Capital LLP](https://www.linkedin.com/company/gravitonresearchcapital) (Current) ... Mar 2024 - Present (2 years and 3 months) in Singapore ... ### Coordinator - [International Mathematical Olympiad](https://www.linkedin.com/company/international-mathematical-olympiad) ... Jul 2022 - Jul 2022 in Oslo, Norway ... International Mathematical Olympiad is a nonprofit organization. IMO is the official website of the International Mathematical Olympiad. It provides information about competitions, results, organization, sponsors, news, contact, settings, and name format. International Mathematical Olympiad has 20-30 employees (9-10% YoY decline). Headquartered in Wallis and Futuna, Wallis and Futuna, South Africa, with presence in Greece. Its workforce is distributed across 13 countries (including United States, Australia, Botswana, Singapore, and United Kingdom). ... ### Bachelor of Arts - BA Mathematics at [University of Cambridge](https://www.linkedin.com/school/university-of-cambridge) ... 2019 - 2022 (3 years) in Cambridge, England, United Kingdom ... ### A-levels at Haileybury Almaty ... 2017 - 2019 (2 years) in Almaty, Kazakhstan ... ### Middle School Diploma at Kazakh-Turkish lyceum for gifted students ... 2013 - 2017 (4 years) in Kazakhstan ... ### Silver Medal, International Mathematical Olympiad ... Issued by: IMO ... Jul 2019 ... ### Silver Medal, International Mathematical Olympiad ... Issued by: IMO ... Jul 2018 ... ### Honourable Mention, International Mathematical Olympiad ... Issued by: IMO ... Jul 2017"
kaz-bda0b6a1ab68,Taimas Korganbayev,IOI,2022;2023,confirmed,Jump Trading,Software Engineer Intern,https://linkedin.com/in/taimas-korganbayev-a19b75211,Jump Trading,Software Engineer Intern,organization_match,integrated,,,selected,explicit_bridge,108,True,True,True,True,,,c2146cef7a28d85b3ea5530d1c69a2b1,"""Taimas Korganbayev"" Kazakhstan IOI Olympiad 2022;2023 current employer university role",0.007,1,Taimas Korganbayev,https://linkedin.com/in/taimas-korganbayev-a19b75211,profile,"IOI silver medalist🥈 | HKUST 27’ ... IOI silver medalist🥈 | HKUST 27’ ... ### Software Engineer Intern - [Jump Trading](https://www.linkedin.com/company/jump-trading) (Current) ... May 20 ... - Present ( ... ### BEng in Computer Science + AI at [The Hong Kong University of Science and Technology](https://www.linkedin.com/school/hkust) ... 2023 - 2027 (4 years) in Kowloon, Hong Kong, Hong Kong ... % YoY) ... 0 works, primarily in Engineering, ... Science, and ... ### [National School of Physics & Math (FIZMAT)](https://www.linkedin.com/school/fizmat) ... 2021 - 2023 (2 years) in Almaty, Almaty, Kazakhstan ... National School of Physics & Math (FIZMAT) is an educational institution. The company is the Republic of Physics and Mathematics Institute in Kazakhstan. National School of Physics & Math (FIZMAT) has 30-40 employees (+10% YoY), founded in 1972. Headquartered in Almaty, Almaty, Kazakhstan. Its workforce is distributed across 5 countries (including Kazakhstan, Canada, United Kingdom, United Arab Emirates, and United States). ... ### International Olympiad in Informatics (IOI) Silver medal ... Sep 2023 ... ### Asia-Pacific Informatics Olympiad (APIO) Gold medal ... May 2023 ... ### International Olympiad in Informatics (IOI) Bronze medal ... Aug 2022"
kaz-135e810b92e0,Tamirlan Bektemissov,IMO,2020,confirmed,Karlsruhe Institute of Technology (KIT),Student Research Assistant,https://de.linkedin.com/in/tbeka,wbk - Institute of Production Science,Industrial Robotics Research Assistant,organization_match,integrated,,,selected,explicit_bridge,108,True,True,True,True,,,3e0d7676291052eb4ca1e8b7c7b66744,"""Tamirlan Bektemissov"" Kazakhstan IMO Olympiad 2020 current employer university role",0.007,1,Tamirlan Bektemissov,https://linkedin.com/in/tbeka,profile,"Research Assistant @ KIT Institute of Production Science | IMO medalist ... I am a second-year student at Minerva University interested in pursuing a career in Business and Data Analytics. Spending most of my high-school time on mathematical competitions, I developed an analytical and solution-driven mindset that can be used for business improvement and social good. My experience includes the following: creating and teaching a math olympiad curriculum; managing a collaborative educational magazine; and consulting a non-profit on tackling housing issues through informational infrastructures. Currently, I am seeking opportunities to grow my expertise in analytical fields. Specific fields of interest include mathematics, education, and production. ... ### Industrial Robotics Research Assistant - [wbk - Institute of Production Science](https://www.linkedin.com/company/wbk-institut-für-produktionstechnik-kit) (Current) ... Sep 2025 - Present (10 months) in Karlsruhe ... wbk - Institute of Production Science is an educational institution. The company is the institute for production technology. Wbk - Institute of Production Science has 100-150 employees (+10% YoY). Headquartered in Karlsruhe, Baden-Württemberg, Germany. Its workforce is distributed across 5 countries (including Germany, France, Sweden, China, and Spain). ... combines global experience ... , and food security. ... , United States ... [Karlsruhe Institute of Technology ( ... www.linkedin. ... ### Bachelor's degree at [Minerva University](https://www.linkedin.com/school/minerva-university) ... ### Silver medal at International Mathematical Olympiad 2020 ... Issued by: International Mathematical Olympiad"
kaz-36f5d4e0f896,Van Li,IOI,2022;2023,confirmed,Huawei,Intern,https://linkedin.com/in/van-li-972a8a2b8,Huawei,Intern,organization_match,integrated,,,selected,explicit_bridge,108,True,True,True,True,,,40da5831c5140f4dcfd71494596ea8a7,"""Van Li"" Kazakhstan IOI Olympiad 2022;2023 current employer university role",0.007,1,Van Li,https://linkedin.com/in/van-li-972a8a2b8,profile,"I am currently studying at UNIST Have been engaged in competitive programming since 2017. Codeforces Master (max. rating 2276). Participated in various international olympiads in competitive programming. The most notable ones are: International Olympiad in Informatics 2022 (Bronze Medalist). International Olympiad in Informatics 2023 (Honorable Mention). ICPC Asia-Pacific Championship 2024 (Finalist). Participated in FIRST Robotics Asia Pacific Open Championship (Inspire Award 2nd place) ... ### Intern - [Huawei](https://www.linkedin.com/company/huawei) (Current) ... - [Ulsan National Institute of Science and Technology ... Intelligence at [Pusan National University ... ://www.linkedin.com/ ... /부산대학교) ... ### [National School of Physics & Math (FIZMAT)](https://www.linkedin.com/school/fizmat) ... 2019 - 2023 (4 years) in Almaty, Almaty, Kazakhstan ... National School of Physics & Math (FIZMAT) is an educational institution. The company is the Republic of Physics and Mathematics Institute in Kazakhstan. National School of Physics & Math (FIZMAT) has 30-40 employees (+10% YoY), founded in 1972. Headquartered in Almaty, Almaty, Kazakhstan. Its workforce is distributed across 5 countries (including Kazakhstan, Canada, United Kingdom, United Arab Emirates, and United States). ... ### IOI 2023 Honorable Mention ... Honorable Mention, given to participants who scored strictly more than 50% of contestants on at least one day, but did not receive a medal, at the International Olympiad in Informatics 2023 ... ### 19th IZhO Silver Medal ... ### IOI 2022 Bronze Medal ... Aug 2022 ... Bronze Medalist at the International Olympiad in Informatics 2022 ... ### 18th IZhO Silver Medal ... Silver Medalist at the 18th International Zhautykov Olympiad in Informatics."
kaz-e7f80acbcb7b,Viktor Passichenko,IOI,2007,confirmed,Augment Code,AI Engineer,https://www.linkedin.com/in/viktor-passichenko,Augment Code,AI Engineer,organization_match,integrated,,,selected,explicit_bridge,108,True,True,True,True,,,012670d628686652b76c1f3c5f3b8980,"""Viktor Passichenko"" Kazakhstan IOI Olympiad 2007 current employer university role",0.007,1,Viktor Passichenko,https://linkedin.com/in/viktor-passichenko,profile,"Senior Software Engineer with over 10 years of experience, specializing in machine learning, full-stack development, and data pipelines. Recently, I’ve been working at GELU AI, co-developing a TensorRT-based engine and experimenting with speculative models. I’ve also worked at Zoox, contributing to the self-driving car simulation platform, and at Meta, where I helped launch the first neural translation model for Facebook. In addition to this I have a background in game development, co-creating the indie game OVIVO, which has sold over 200k copies across platforms ... ### AI Engineer - [Augment Code](https://www.linkedin.com/company/augmentinc) (Current) ... Jan 2025 - Present (1 year and 6 months) in Palo Alto, California, United States ... Augment Code is a Software Development company. Augment ... is an agency software development platform that provides solutions for code review, incident management, investigation alerts, ticket to pr, and ... Augment Code has ... employees, founded ... . Headquartered ... . Its workforce is distributed across ... , Canada, ... total funding, with 3 prior funding rounds. ... Russia, Serbia, Turkey, Belarus, and ... ### Specialist Mathematics & Computer Science at Saint-Petersburg State University ... 2007 - 2012 (5 years) ... ### Bronze Medal in International Olympiad in Informatics ... Aug 2007"
kaz-fe0afafbd5f3,Vladimir Bychkov,IPhO,2005;2006,confirmed,Micron Technology,Senior Computer Vision Engineer,https://www.linkedin.com/in/vladimir-bychkov-98954252,,,no_current_affiliation_extracted,selected_no_current_extracted,,,selected,explicit_bridge,108,True,True,True,True,,,f180a4eed8b7bd8db9071920973241ed,"""Vladimir Bychkov"" Kazakhstan IPhO Olympiad 2005;2006 current employer university role",0.007,1,Vladimir Bychkov,https://linkedin.com/in/vladimir-bychkov-98954252,profile,"Senior Computer Vision Engineer at Micron Technology ... ### [Micron Technology](https://www.linkedin.com/company/micron-technology) ... #### Senior Computer Vision Engineer (Current) ... Nov 2022 - Present (3 years and 8 months) ... Department: Engineering and Technical • Level: Senior ... ### [University of Minnesota](https://www.linkedin.com/school/university-of-minnesota) ... ### Master's degree, Theoretical and Mathematical Physics at [Moscow Institute of Physics and Technology (State University) (MIPT ... https://www.linkedin.com/school/moscowinstituteofphysicsandtechnology) ... Moscow Institute of Physics and Technology (State University) (MIPT) is a higher education institution. Moscow Institute of Physics and Technology (State University) (MIPT) has 200-300 employees (+10% YoY), founded in 1951. Headquartered in Moscow, Moscow, Russia, with an office in Dolgoprudnyy. Its workforce is distributed across 18 countries (including Russia, Ukraine, Kazakhstan, Serbia, and India). Research output of 20,000-30,000 works, primarily in Physics and Astronomy, Engineering, and Materials Science. Funds research behind 100-150 works. ... ### Bachelor’s Degree, Theoretical and Mathematical Physics at Moscow Institute of Physics and Technology (State University) (MIPT) ... 2006 - 2010 (4 years) ... ## Honors & ... ### Silver Medal ... Issued by: XXXVII International Physics Olympiad ... Jul 2006 ... ### Silver Medal ... Issued by: VII Asian Physics Olimpiad ... May 2006 ... ### Bronze Medal ... Issued by: XXXVI International Physics Olympiad ... Jul 2005"
kaz-ba8a6f8bb8aa,Vladislav Cherdantsev,IChO,2018;2019,confirmed,Mirendil,Member of Technical Staff,https://linkedin.com/in/vladcherd,Mirendil,Member of Technical Staff,organization_match,integrated,,,selected,explicit_bridge,108,True,True,True,True,,,44b7bfc0d1ea172dbe525456b51137b5,"""Vladislav Cherdantsev"" Kazakhstan IChO Olympiad 2018;2019 current employer university role",0.007,1,Vladislav Cherdantsev,https://linkedin.com/in/vladcherd,profile,"MTS @ Mirendil ... MTS @ Mirendil ... ### Member of Technical Staff - [Mirendil](https://www.linkedin.com/company/mirendil) (Current) ... Apr 2026 - Present (3 months) in San Francisco, CA ... Mirendil is a Research Services company. Mirendil has 1-10 employees. ... ### Mentor of the Kazakhstan's Chemistry Olympiad National Team - RSPC Daryn ... Mar 2021 - Aug 2022 (1 year and 5 months) in Kazakhstan ... – Mentored the national team of 4 high school students in chemistry, resulting in 1 gold and 2 silver medals at the 2022 International Chemistry Olympiad. – Developed and assessed theoretical and experimental problems for approximately 150 students in the national chemistry olympiad, including writing and grading exam questions. ... Education • Level ... ### Administrator and Editor - [Beyond Curriculum PF](https://www.linkedin.com/company/beyondcurriculum) ... Feb 2020 - Aug 2021 (1 year and 6 months) in Kazakhstan ... – Contributed to the development of an online platform and forum dedicated to chemistry. Helped organize 6 online science olympiads. – Managed a team of 8 writers and personally authored 8 and edited 37 scientific and educational blog articles as part of a project sponsored by Chevron. ... is a nonprofit organization. ОФ ... Curriculum is a public foundation ... students transition from school programs. Beyond Curriculum PF has 1-10 employees, founded in 2017. Head ... in Taldykorgan, Kazakhstan. Its ... and Hong Kong. ... ## Honors & Awards ... ### Silver Medal ... Issued by: International Chemistry Olympiad ... Jul 2019 ... ### Silver Medal ... Issued by: International Mendeleev Chemistry Olympiad ... Apr 2019 ... ### Gold Medal ... Issued by: Kazakhstan's National Chemistry Olympiad ... Mar 2019 ... ### at American Chemical Society"
kaz-dd50209a641b,Vyacheslav Li,IPhO,2008;2009,confirmed,Statkraft,Quantitative Analyst,https://nl.linkedin.com/in/vyacheslav-li,Statkraft,Quantitative Analyst,organization_match,integrated,,,selected,explicit_bridge,108,True,True,True,True,,,5423ef02a352b81ca2911cabc5424d89,"""Vyacheslav Li"" Kazakhstan IPhO Olympiad 2008;2009 current employer university role",0.007,1,Vyacheslav Li,https://nl.linkedin.com/in/vyacheslav-li,profile,"### Quantitative Analyst - [Statkraft](https://www.linkedin.com/company/statkraft) (Current) ... year and 10 ... ) in Amsterdam ... ### Physics Teacher Olympiad Coach - [NURORDA INTERNATIONAL SCHOOLS](https://www.linkedin.com/company/nurorda-international-school) ... Jul 2016 - Jul 2018 (2 years) in Kazakhstan ... Prepared students for National and International Physics Olympiads. Lead National Physics Olympiad preparation camps. 𝐒𝐭𝐮𝐝𝐞𝐧𝐭'𝐬 𝐡𝐢𝐠𝐡𝐞𝐬𝐭 𝐚𝐜𝐡𝐢𝐞𝐯𝐞𝐦𝐞𝐧𝐭𝐬 Gold in Asian Physics Olympiad (APHO) Bronze in International Physics Olympiad (IPHO) Gold in National Physics Olympiad (Kazakhstan) 𝐀𝐰𝐚𝐫𝐝𝐬 Letter of appreciaion from the Minister of Education of Kazakhstan for the impact on the Olympiad preparation ... ### Bachelor's degree, Physics, 3.75 at [Nazarbayev University](https://www.linkedin.com/school/aoe-nazarbayev-university) ... Nazarbayev University is a higher education institution. Nazarbayev University is a leading university in Central Asia and Kazakhstan. Nazarbayev University has 1,000-2,000 employees (+6-7% YoY), founded in 2010. Headquartered in Astana, Kazakhstan. Its workforce is distributed across 47 countries (including Kazakhstan, United States, United Kingdom, Canada, and Pakistan). Research output of 10,000-20,000 works, primarily in Engineering, Medicine, and Social Sciences. Funds research behind 2,000-3,000 works. ... ### Silver Medal (IPHO) ... Jul 2009 ... 20 ... Issued by: Ministry of Education of Kazakhstan ... May 2009 ... National Physics Olympiad ... ### Gold Medal ... Issued by: Ministry of Education of Kazakhstan ... May 2008 ... National Physics Olympiad ... Issued by: Ministry of Education of Kazakhstan ... National Physics Olympiad"
kaz-a93118601e76,Yerdos Ordabayev,IChO,2007,confirmed,Generate:Biomedicines,Senior Machine Learning Scientist,https://www.linkedin.com/in/ordabayevy,Generate:Biomedicines,Senior Machine Learning Scientist I,organization_match,integrated,,,selected,explicit_bridge,108,True,True,True,True,,,549d949996a239690db2319fc8a912a7,"""Yerdos Ordabayev"" Kazakhstan IChO Olympiad 2007 current employer university role",0.007,1,Yerdos Ordabayev,https://linkedin.com/in/ordabayevy,profile,"### Senior Machine Learning Scientist I - [Generate:Biomedicines](https://www.linkedin.com/company/generate-biomedicines) (Current) ... May 2025 - Present (1 year and 1 month) in Somerville, Massachusetts, United States ... Generate:Biomedicines (GENB) is a Biotechnology Research company. Generate Biomedicines is a new kind of therapeutics company that pioneers generative biology to create breakthrough medicines. They have a platform that expands technical possibilities to fundamentally change the way medicines are made. They have studied millions of proteins to learn the generalizable rules by which nature encodes function and can generate novel medicines with specific therapeutic functions. Generate:Biomedicines has 200-300 employees (+1-2% YoY) and has annual revenue in the $20M-$30M range. Headquartered in Somerville, Massachusetts, United States, with offices in Andover and Cambridge. Its workforce is distributed across 6 countries (including United States, United Kingdom, Canada, France, and Switzerland). Has $1.1B in total funding, with 7 prior funding rounds. ... ### [Broad Institute of MIT and Harvard](https://www.linkedin.com/company/ ... : Research • Level: Senior ... ### Postdoctoral Associate - [Brandeis ... ](https://www.linkedin.com/school/brandeis-university) ... ### Bachelor of Science (B.S.) and Master of Science (M.S.) Department of Chemistry at Lomonosov Moscow State University (MSU) ... 2007 - 2012 (5 years) ... Kazakh - Native or bilingual proficiency ... ### Silver Medal, International Chemistry Olympiad ... Issued by: Moscow ... Jul 2007 ... ### Silver Medal, International Mendeleyev Chemistry Olympiad ... Issued by: Moscow ... May 2007"
kaz-59b5ec3d2687,Yernaz Satybaldiyev,IOI,2008,confirmed,North Caspian Operating Company (NCOC),Application Development Team Lead,https://kz.linkedin.com/in/yernaz-satybaldiyev,,,no_current_affiliation_extracted,selected_no_current_extracted,,,selected,explicit_bridge,108,True,True,True,True,,,3c9983b9d86e88be12a6280f7da650e9,"""Yernaz Satybaldiyev"" Kazakhstan IOI Olympiad 2008 current employer university role",0.007,1,Yernaz Satybaldiyev,https://linkedin.com/in/yernaz-satybaldiyev,profile,"Kazakhstan (KZ) ... ### [NCOC](https://www.linkedin.com/company/north-caspian-joint-venture) ... #### Application Development Team Lead (Current) ... Aug 2019 - Present (6 years and 7 months) ... Managing a team of 6 software developers, overseeing project delivery and making key decisions on demand fulfillment. Providing consultancy on projects and operational tasks. Leading development and maintenance of a portfolio of 40+ in-house applications used by over 3,000 users. Strong expertise in people management, application architecture, business processes, data modeling, database design, AI, ML, DL, Computer Vision, strategic thinking, and problem-solving. ... Department: Engineering and Technical • Level: Manager ... NCOC is a ... . North Caspian Operating ... ### Lecturer - [Kazakh-British Technical University](https://www.linkedin.com/school/kazakhbritishtechnicaluniversity) ... Kazakh-British Technical University is an educational institution. KBTU is a technical university in Kazakhstan that offers education in English language. They provide international level diplomas and have a strong focus on technical education. Kazakh-British Technical University has 100-150 employees (+10% YoY), founded in 2001. Headquartered in Almaty, Kazakhstan. Its workforce is distributed across 8 countries (including Kazakhstan, United Kingdom, Hungary, Italy, and United States). Research output of 1,000-2,000 works, primarily in Engineering, Materials Science, and Computer Science. ... ### Master's degree, Information Technology at Kazakh British Technical University ... ### Bachelor's degree, Information Technology at Kazakh British Technical University ... - 20 ... ### Multiple-time winner of National Olympiads in Informatics ... ### Participant of IOI 2008"
kaz-518d651456c7,Yerniyaz Nurgabylov,IMO,2012;2013,confirmed,Tzafon,Technical Staff,https://www.linkedin.com/in/yerniyaz-nurgabylov-701b83121,Tzafon,Technical Staff,organization_match,integrated,,,selected,explicit_bridge,108,True,True,True,True,,,abc8e163eff4880b2edaead51dbfefb9,"""Yerniyaz Nurgabylov"" Kazakhstan IMO Olympiad 2012;2013 current employer university role",0.007,1,Yerniyaz Nurgabylov,https://www.linkedin.com/in/yerniyaz-nurgabylov-701b83121,profile,"### Technical Staff - [Tzafon](https://www.linkedin.com/company/tzafon) (Current) ... Tzafon has ... ### University Lecturer - [Kazakh-British Technical University](https://www.linkedin.com/school/kazakhbritishtechnicaluniversity) ... Jan 2019 - Dec 2019 (11 months) in Алматы, Казахстан ... Kazakh-British Technical University is an educational institution. KBTU is a technical ... education in English language. They ... international level diplomas and have a strong focus on technical education. Kazakh-British Technical University has 100-150 employees (+10% YoY), founded in 2001. Headquartered in Almaty, Kazakhstan. Its workforce is distributed across 8 countries (including Kazakhstan, United Kingdom, Hungary, Italy, and United States). Research output of 1,000-2,000 works, primarily in Engineering, Materials Science, and Computer Science. ... ### Bachelor's degree Computer science at [Nazarbayev University](https://www.linkedin.com/school/aoe-nazarbayev-university) ... 2013 - 2017 (4 years) in Astana, Kazakhstan ... Nazarbayev University is a higher education institution. Nazarbayev University is a leading university in Central Asia and Kazakhstan. Nazarbayev University has 1,000-2,000 employees (+6-7% YoY), founded in 2010. Headquartered in Astana, Kazakhstan. Its workforce is distributed across 47 countries (including Kazakhstan, United States, United Kingdom, Canada, and Pakistan). Research output of 10,000-20,000 works, primarily in Engineering, Medicine, and Social Sciences. Funds research behind 2,000-3,000 works. ... Aug 2013 ... Colombia, 2013, 54th International Mathematical Olympiad (IMO) – bronze medal ... Aug 2012 ... Argentina, 2012, 53rd International Mathematical Olympiad (IMO) – silver medal"
kaz-28588384ab57,Yerzhan Imanmalik,IMO,2013;2014,confirmed,EPAM Systems,Senior Data Scientist,https://kz.linkedin.com/in/yerzhan-imanmalik,EPAM Systems,Senior Data Scientist,organization_match,integrated,,,selected,explicit_bridge,108,True,True,True,True,,,7f106963510efb21072cf0521e773890,"""Yerzhan Imanmalik"" Kazakhstan IMO Olympiad 2013;2014 current employer university role",0.007,1,Yerzhan Imanmalik,https://kz.linkedin.com/in/yerzhan-imanmalik,profile,"Senior Data Scientist at Epam Systems | LLMs, Agentic AI ... Astana, Kazakhstan (KZ) ... I am a Machine Learning Engineer / Researcher with 6 years of experience in the field, including my masters degree. My expertise ranges from traditional data science for tabular data to deep learning models for medical images and text corpora. Currently I focus on researching state-of-the-art NLP models Have solid background in olympiad mathematics (IMO) and a humble background in competitive programming (ICPC) I am passionate about neuroscience and biology of living creatures, observing how different speices adapted to this world as a result of millions years of evolution. I am happy to be alive at this time, where science and technology are so intertwined. It's fascinating that we as a humanity can apply collected knowledge for practical purposes - to prevent or cure diseases, convert speech to text in real-time or communicate with people all around the world. ... ### Senior Data Scientist - [EPAM Systems](https://www.linkedin.com/company/epam-systems) (Current) ... Feb 2024 - Present (2 years and 5 months) in Kazakhstan ... - Working on GenAI and LLMs: GPTs, Claude, AWS - Delivered two POC projects in 2024 - Resource manager for KZ/KG pool of 10 data scientists, co-head of the region ... ### Bachelor's degree, Computer Science at [Nazarbayev University](https://www.linkedin.com/school/aoe-nazarbayev-university) ... 2014 - 2018 (4 years) in Astana, Kazakhstan ... 1, ... ,000 ... 201 ... in Astana, Kazakhstan ... ). Research output of 10,000-20,000 works, primarily in ... ,00 ... ### Bronze Medal ... Issued by: International Mathematical Olympiad (IMO) ... Jul 2014 ... Issued by: International Mathematical Olympiad (IMO) ... Jul 2013"
kaz-3fc7579c7a89,Yeskendir Kassenov,IMO,2008,confirmed,The Trade Desk,Staff Software Engineer,https://uk.linkedin.com/in/yeskas,,,no_current_affiliation_extracted,selected_no_current_extracted,,,selected,explicit_bridge,108,True,True,True,True,,,f27217bf8185a68cea31f73307079ed9,"""Yeskendir Kassenov"" Kazakhstan IMO Olympiad 2008 current employer university role",0.007,1,Yeskendir Kassenov,https://uk.linkedin.com/in/yeskas,profile,"Staff Software Engineer at The Trade Desk ... I am an experienced Software Engineer with a comprehensive background in full-stack, backend, and distributed systems development, gained through extensive hands-on roles in the tech industry. Driven by a genuine passion for software engineering, I have led teams to deliver scalable and resilient solutions, consistently driving efficiency and innovation across various projects. My technical proficiency spans a wide array of technologies, including Python, Java, JavaScript, Node.js, AWS, Docker, and more, complemented by a solid foundation in Computer Science from Stanford University. Technologies & Skills: JavaScript, TypeScript, Python, Ruby, Java, C, C++ | Vue.js, React Native, Node.js, Express, Rails, Postgres, MySQL, MongoDB, Docker, AWS | REST, API design, microservices, distributed systems, OOP, CI/CD, unit/integration testing, IaC ... ### [The Trade Desk](https://www.linkedin.com/company/the-trade-desk) ... #### Staff Software Engineer (Current) ... Apr 2026 - Present (3 months) in London, England, United Kingdom ... ### Founder Tech Lead - [Dala Technologies](https://www.linkedin.com/company/dala-technologies) ... Jun 2020 - Feb 2024 (3 years and 8 months) in Astana, Kazakhstan ... - Re-architected a computer vision ... (Python), transitioning to Dockerized microservices with MySQL; enabled ... and management of 10 core services ... Dala Technologies is a Information Technology & Services company. Dala Technologies has 1-10 employees. Headquartered in Sultan, West Kazakhstan, Kazakhstan. ... . BI Innovations ... Kazakhstan, United States ... Japan, Italy ... and Germany). ... ### IMO Bronze Medal ... Issued by: International Mathematical Olympiad ... Jul 2008"
kaz-73232d09a9cf,Zhalgas Serimbetov,IChO,2009;2010,confirmed,Impala Partners,CIO and Portfolio Manager,https://linkedin.com/in/zhalgasserimbetov,,,no_current_affiliation_extracted,selected_no_current_extracted,,,selected,explicit_bridge,108,True,True,True,True,,,cc49bac890851203f6ba1954d52ec966,"""Zhalgas Serimbetov"" Kazakhstan IChO Olympiad 2009;2010 current employer university role",0.007,1,Zhalgas Serimbetov,https://linkedin.com/in/zhalgasserimbetov,profile,"Global Equity Portfolio Manager ... Kazakhstan (KZ) ... ### [Impala Partners](https://www.linkedin.com/company/impala-partners) ... #### CIO and Portfolio Manager (Current) ... Jul 2024 - Present (1 year and 11 months) in Almaty, Kazakhstan ... Manage a concentrated long-only portfolio of equity positions, driven by fundamental bottom-up analysis. ... Department: Engineering and Technical • Level: Manager ... Aug 2020 - Feb 2025 (4 years and 6 months) in Almaty, Kazakhstan ... ### Postdoctoral Fellow - [Nazarbayev University](https://www.linkedin.com/company/jsc-nazarbayev-university) ... Aug 2018 - Aug 2020 (2 years) in Astana, Kazakhstan ... Postdoctoral Fellow in the School of Sciences and Technology, Dept of Biology at Nazarbayev University. My role includes carrying out independent research and teaching load of 1 course per semester. ... Department: Education • Level: Director ... Nazarbayev University is a higher education institution. Nazarbayev University is a leading university in Central Asia and Kazakhstan. Nazarbayev University has 1,000-2,000 employees (+6-7% YoY), founded in 2010. Headquartered in Astana, Kazakhstan. Its workforce is distributed across 47 countries (including Kazakhstan, United States, United Kingdom, Canada, and Pakistan). Research output of 10,000-20,000 works, primarily in Engineering, Medicine, and Social Sciences. Funds research behind 2,000-3,000 works. ... ### Undergraduate Student - [Nanyang Technological University, Singapore](https://www.linkedin.com/company/ntusg) ... Nanyang Technological University Singapore ... Nanyang Technological University ... ### Bronze Medal, International Chemistry Olympiad, Tokyo, Japan 2010 ... ### Gold Medal, International Mendeleyev Olympiad, Baku, Azerbaijan, 2010"
kaz-7b9356cf00a8,Zhan Kurbanbayev,IOI,2019,confirmed,Stealth Startup,Software Engineer,https://uk.linkedin.com/in/zhan-kurbanbayev,Stealth Startup,Software Engineer,organization_match,integrated,,,selected,explicit_bridge,108,True,True,True,True,,,f4734103fb4923bb7d8428e55383b7aa,"""Zhan Kurbanbayev"" Kazakhstan IOI Olympiad 2019 current employer university role",0.007,1,Zhan Kurbanbayev,https://uk.linkedin.com/in/zhan-kurbanbayev,profile,"IOI Medalist | C++ | prev @Google ... IOI Medalist | C++ | prev @Google ... ### Software Engineer - [Stealth Startup](https://www.linkedin.com/company/stealth-startup-community) (Current) ... 2026 - Present (5 months) in London Area, United Kingdom ... ### Software Engineer - [Google](https://www.linkedin.com/company/google) ... ) in Munich ... ### Software Engineer - [Yandex](https://www.linkedin.com/company/yandex) ... Oct 2019 - Dec 2019 (2 months) in Moscow, Russian Federation ... Yandex (YNDX) ... Technology, Information and Internet ... that builds intelligent ... and services powered by artificial intelligence. Their ... and businesses better navigate ... online and offline world. Since 19 ... 7, they have ... world-class, locally relevant ... . Additionally, ... , and other mobile applications for millions of ... across the globe. Yandex has 10,000-20,000 employees (+4-5% YoY) and has annual revenue in the $500M-$600M range. Headquartered in Moscow, Russia, operates in 8 countries (including United States, Belarus, North Korea, Switzerland, and Czechia). ... workforce is distributed across 108 countries (including Russia, Serbia, Turkey, Belarus, and Kazakhstan). ... $340 ... 1M in total funding, with 7 prior funding rounds ... ### [Kazakh-Turkish lyceum for gifted students](https://www.linkedin.com/school/bilim) ... Kazakh-Turkish lyceum for gifted students is an educational institution. Kazakh-Turkish lyceum for gifted students has 1-10 employees (+40% YoY), founded in 1992. Headquartered in Kazakhstan. ... ### International Olympiad in Informatics - Bronze Medal ... Aug 2019 ... ### National Informatics Olympiad 2019 - Gold Medal ... Mar 2019 ... ### International Zhautykov Olympiad 2019 - Gold Medal ... ### National Informatics"
kaz-9b09f062bfeb,Zhanibek Datbayev,IOI,2002;2003;2004,confirmed,Nace AI,"CTO, Co-Founder",https://linkedin.com/in/zdatbayev,Nace AI,"CTO, Co-Founder",organization_match,integrated,,,selected,explicit_bridge,108,True,True,True,True,,,379f4659d7b55873128a1be58b4f089c,"""Zhanibek Datbayev"" Kazakhstan IOI Olympiad 2002;2003;2004 current employer university role",0.007,1,Zhanibek Datbayev,https://linkedin.com/in/zdatbayev,profile,"### CTO, Co-Founder - [Nace AI](https://www.linkedin.com/company/nace-ai) (Current) ... Feb 2024 - Present (2 years and 5 months) in Palo Alto, California, United States ... Nace AI is a Software Development company. Nace AI has 30-40 employees (-10% YoY), founded in 2024. Headquartered in Palo Alto, California, United States. Its workforce is distributed across 6 countries (including United States, Kazakhstan, India, Germany, and Canada). Has $31.5M in total funding, with 2 prior funding rounds. ... ### [Purdue University](https://www.linkedin.com/school/purdue-university) ... ### Information Systems at Kazakh British Technical University ... 2004 - 2006 (2 years) ... Kazakh - Native or bilingual proficiency ... ### Silver Medalist ... Issued by: International Olympiad in Informatics, Athens, Greece ... Sep 2004"
kaz-0622dfe9a63f,Ali Dautalinov,IOI,2009;2010;2011,confirmed,Synergy Partners Law Firm,Lawyer,https://linkedin.com/in/ali-dautalinov,Synergy Partners Law Firm,Lawyer,organization_match,integrated,,,selected,explicit_bridge,103,True,True,False,True,,,c063c51698a7e511382b44c148d063d0,"""Ali Dautalinov"" Kazakhstan IOI Olympiad 2009;2010;2011 current employer university role",0.007,1,Ali Dautalinov,https://linkedin.com/in/ali-dautalinov,profile,"- Всемирная олимпиада по информатике(IOI) – бронзовые медали (Канада 2010, Тайланд 2011) - Международная Жаутыковская Олимпиада(IZhO) – золотая медаль (2010), серебряная медаль (2011) - Республиканская олимпиада по информатике – золотые медали (2009, 2011), серебряная медаль (2010) - Всероссийская командная олимпиада школьников по программированию – дипломы 3 степени (2008, 2009, 2010) - Евразийская олимпиада по информатике – серебряные медали (2009, 2010) - ACM ICPC, NEERC, Tashkent Regional Group – дипломы 2 степени (2012, 2013) - ACM ICPC 2013-2014, 1/4 финала – диплом 2 степени (2013), диплом 3 степени (2014) - Республиканская студенческая предметная олимпиада по информатике – диплом 1 степени (2012) ... ### Lawyer - [Synergy Partners Law Firm](https://www.linkedin.com/company/synergy-partners-law-firm) (Current) ... ) in Ал ... provides solutions and results in various areas such as corporate, contracts, tax, insolvency ... employment, finance, disputes, ... . Headquartered in ... ### [Казахский национальный университет имени аль-Фараби (КазНУ)](https://www.linkedin.com/school/kaznu) ... 1 - 2 ... ) in Almaty, Kazakhstan ... Activities: Activities and Societies: Олимпиадное программирование"
kaz-e252a91b0399,Ayat Tassanov,IChO,2016,confirmed,Pennsylvania State University,Chemistry PhD Student,https://linkedin.com/in/ayattasanov,,,no_current_affiliation_extracted,selected_no_current_extracted,,,selected,explicit_bridge,103,True,True,False,True,,,7bde7c5516eb18fedeb9d967fdcbcc6b,"""Ayat Tassanov"" Kazakhstan IChO Olympiad 2016 current employer university role",0.007,1,Ayat Tassanov,https://linkedin.com/in/ayattasanov,profile,"### International Chemistry Olympiad ... Issued by: Tbilisi, Georgia ... 2016 ... ### International Mendeleev Olympiad ... ### Kazakhstan National Olympiad ... linkedin.com ... ov_im ... 'm a ... had the opportunity to present my research at the Inorganic Gordon Research ... and Gordon Research ... > ... inorganic chemistry community, ... . > I am ... of my advisor Professor James M. Hodges, my department Penn State Department of Chemistry, @The Kazakh ... at Penn State University, Professor Raymond ... labmates. ... - [2021-12-09 · Reshared · 29 reactions] [Alikhan Oitan doing an amazing job in promoting education in Kazakh...](https://www.linkedin.com/posts/ayattasanov_2-%D2%9B%D0%BE%D0%BD%D0%B4%D1%8B%D1%80%D1%83-%D0%BD%D3%A9%D0%BB%D0%B4%D0%B5%D0%BD-%D0%B1%D0%B0%D1%81%D1%82%D0%B0%D0%BF-nodejs-%D1%82%D0%B5-%D0%B1%D0%B0%D2%93%D0%B4%D0%B0%D1%80%D0%BB%D0%B0%D0%BC%D0%B0%D0%BB%D0%B0-activity-6874804524880666624-0eBx): Alikhan Oitan doing an amazing job in promoting education in Kazakh and helping students find internships!"
kaz-5f556ca182f6,Daniyar Kamal,IMO,2014,confirmed,WeGlobal.ai,Chief Implementation Officer,https://kz.linkedin.com/in/daniyar-kamal-91b041118,WeGlobal.ai,Исполнительный директор,organization_match,integrated,,,selected,explicit_bridge,103,True,True,False,True,,,81a90f4cd13fee8767351c6f3948651e,"""Daniyar Kamal"" Kazakhstan IMO Olympiad 2014 current employer university role",0.007,1,Daniyar Kamal,https://linkedin.com/in/daniyar-kamal-91b041118,profile,"Исп директор в EdTech ... Kazakhstan (KZ) ... ### Исполнительный директор - [WeGlobal.ai](https://www.linkedin.com/company/aiweglobal) (Current) ... Jan 2025 - Present (1 year and 6 months) in Астана ... Department: General Management • Level: Director ... WeGlobal.ai is a Education company. WeGlobal AI is an innovative startup that aims to transform edtech by integrating artificial intelligence into business paths. They provide accessible and effective tools to improve the opportunities for students and teachers in education and higher education. Their mission is to provide accessible and effective tools to improve the opportunities for students and teachers, offering them the opportunity to learn and advance their skills. They aim to create ready-to-eat ideas for future. WeGlobal.ai has 10-20 employees (+300% YoY), founded in 2023. Headquartered in Astana, Astana, Kazakhstan. Its workforce is distributed across Kazakhstan, South Korea, and United States. ... ### COO - BrainEdTech (Current) ... ### Bachelor's degree Mathematical science at [Ulsan National Institute of Science and Technology](https://www.linkedin.com/school/ulsan-national-institute-of-science-n-technology) ... 2014 - 2018 (4 years) in South Korea ... Ulsan National Institute of Science and Technology has 400 ... 20% ... ), founded in 2007. Headquartered in South Korea. Its workforce ... across 19 countries (including South Korea, United States, India, Germany, and Singapore). Research output of 20,000-30,000 works, primarily in Engineering, Materials Science, and Biochemistry, Genetics and Molecular Biology. Funds research behind 1,000-2,000 works. ... ### International Mathematical Olympiad ... Issued by: IMO ... Jul 2014"
kaz-49e2c68e6afb,Diyar Tulenov,IPhO,2018,confirmed,Siemens Healthineers,Data Scientist,https://de.linkedin.com/in/diyart,Siemens Healthineers,Data Scientist,organization_match,integrated,,,selected,explicit_bridge,103,True,True,False,True,,,ecde15da1caad35805ae13eb441678ba,"""Diyar Tulenov"" Kazakhstan IPhO Olympiad 2018 current employer university role",0.007,1,Diyar Tulenov,https://de.linkedin.com/in/diyart,profile,"Data Scientist | M.Sc. Student in AI @ FAU ... I'm a Computer Science and Mathematics student at KAIST, with a keen interest in data science, machine learning, and quantitative trading. Actively looking for internships and entry-level positions in these areas. ... ### Data Scientist - [Siemens Healthineers](https://www.linkedin.com/company/siemens-healthineers) (Current) ... Oct 2025 - Present (9 months) in Erlangen, Bavaria, Germany ... Level: Specialist ... Siemens Healthineers (SHL.DE) is a Hospitals and Health Care company. Siemens Healthineers has 30,000-40,000 employees (+10% YoY) and has annual revenue in the EUR20B-EUR30B range, founded in 2017. Headquartered in Forchheim, Germany, operates in 19 countries (including United States, United Kingdom, Costa Rica, Brazil, and El Salvador). Its workforce is distributed across 110 countries (including United States, Germany, India, United Kingdom, and China). Has a market cap in the EUR50B-EUR60B range. IPO 2018. Research output of 5,000-6,000 works, primarily in Medicine, Engineering, and Physics and Astronomy. Funds research behind 100-150 works. ... ### Master's degree Artificial Intelligence at [FAU Erlangen-Nürnberg](https://www.linkedin.com/school/fau-erlangen-n%C3%BCrnberg) ... ### Bachelor's Computer Science and Industrial Systems Engineering at [Korea Advanced Institute of Science and Technology](https://www.linkedin.com/school/%ED%95%9C%EA%B5%AD%EA%B3%BC%ED%95%99%EA%B8%B0%EC%88%A0%EC%9B%90-kaist-) ... ### International Physics Olympiad ... Jul 2018"
kaz-5354c12725ae,Dulat Azhibek,IChO,2005,confirmed,Nazarbayev University,Researcher,https://linkedin.com/in/dulat-azhibek-31417557,Nazarbayev University School of Medicine,Researcher,organization_match,integrated,,,selected,explicit_bridge,103,True,True,False,True,,,a6b844129ed2b1da93159756f80a8beb,"""Dulat Azhibek"" Kazakhstan IChO Olympiad 2005 current employer university role",0.007,1,Dulat Azhibek,https://linkedin.com/in/dulat-azhibek-31417557,profile,"Astana, Kazakhstan (KZ) ... ### Researcher - [Nazarbayev University School of Medicine](https://www.linkedin.com/company/nusom-official) (Current) ... Sep 2024 - Present (1 year and 10 months) in Astana, Kazakhstan ... Nazarbayev University School of Medicine is a higher education institution. Nazarbayev University School of Medicine (NU SoM) is the academic hub of the Republic of Kazakhstan’s first integrated academic health system. Nazarbayev University School of Medicine has 70-80 employees (+30% YoY), founded in 2015. Headquartered in Astana, Kazakhstan. Its workforce is distributed across 6 countries (including Kazakhstan, Singapore, United States, Serbia, and Germany). ... ### [Astana Medical University](https://www.linkedin.com/school/astana-medical-university) ... Aug 202 ... ) in Astana, Kazakhstan ... #### Acting Dean of Research School ... Astana Medical University is a higher education institution. The company is a university that offers medical education and research. Astana Medical University has 50-60 employees (+20% YoY), founded in 1964. Headquartered in Nur-Sultan, Kazakhstan. Its workforce is distributed across 7 countries (including Kazakhstan, India, Turkey, Netherlands, and Hungary). ... Department: Research • Level: Specialist ... Nazarbayev University is a higher education institution ... Nazarbayev University ... Asia and Kazakhstan. Nazarbayev University has ... 6-7% YoY), founded in 2010. Headquartered in Astana, Kazakhstan. Its workforce ... , and Pakistan). Research output of 10,000-20,000 works, primarily in Engineering, ... , and Social Sciences. Funds research behind 2,000-3,0 ... Department: Research • Level: Specialist ... ### International Chemistry Olympiad ... Jul 2005 ... ### International Mendeleev Olympiad ... May 2005"
kaz-f0f8ae850677,Kairat Albakov,IBO,2017;2018,confirmed,Adriel,Engineer,https://kr.linkedin.com/in/allbackoff,Adriel,Software Engineer,organization_match,integrated,,,selected,explicit_bridge,103,True,True,False,True,,,0bf3056fe358ada88a3162c58c2925ca,"""Kairat Albakov"" Kazakhstan IBO Olympiad 2017;2018 current employer university role",0.007,1,Kairat Albakov,https://linkedin.com/in/allbackoff,profile,"### Software Engineer - [Adriel](https://www.linkedin.com/company/adrielmarketing) (Current) ... Nov 2024 - Present (1 year and 8 months) in Seoul, South Korea ... Adriel is a Software Development company. Adriel has 20-30 employees (6-7% YoY decline) and has annual revenue in the $1M-$10M range, founded in 2017. Headquartered in Austin, Texas, United States, with presence in South Korea and United Kingdom. Its workforce is distributed across South Korea and United States. Has $19.5M in total funding, with 5 prior funding rounds. ... ### Research Assistant - [한국과학기술원(KAIST)](https://www.linkedin.com/school/한국과학기술원-kaist-) ... Nov 2018 - Jun 2019 (7 months) in Южная Корея ... Conducted drug screening among 300+ drug candidates for AgRP neuron suppression ... Korea Advanced Institute of Science and Technology is a higher education institution. Korea Advanced Institute of Science and Technology has 1,000-2,000 employees (+20% YoY), founded in 1971. Headquartered in Daejeon, South Korea. Its workforce is distributed across 35 countries (including South Korea, United States, India, United Kingdom, and Indonesia). Research output of 80,000-90,000 works, primarily in Engineering, Materials Science, and Computer Science. Funds research behind 800-900 works. ... ### [Korea Advanced Institute of Science and Technology](https://www.linkedin.com/school/%ED%95%9C%EA%B5%AD%EA%B3%BC%ED%95%99%EA%B8%B0%EC%88%A0%EC%9B%90-kaist-) ... #### Bachelor's degree Computer Science ... 2018 - 2022 (4 years) in Daejeon, South Korea ... Kazakh - Native or bilingual proficiency ... ### 29th International Biology Olympiad, Tehran, Iran ... Jul 2018 ... ### 28th International Biology Olympiad, Warwick University, United Kingdom ... Jul 2017"
kaz-2d9952af7ca2,Khafiz Zhumadil,IBO,2013;2014,confirmed,Abbott,Ambassador Core Diagnostics,https://linkedin.com/in/khafiz-zhumadil-8130571a6,Abbott,Ambassador Core Diagnostics,organization_match,integrated,,,selected,explicit_bridge,103,True,True,False,True,,,46baae9a7bc686040c2c2862f884a51e,"""Khafiz Zhumadil"" Kazakhstan IBO Olympiad 2013;2014 current employer university role",0.007,1,Khafiz Zhumadil,https://linkedin.com/in/khafiz-zhumadil-8130571a6,profile,"Almaty, Kazakhstan (KZ) ... Ambassador Core Diagnostics CIS ... ### Ambassador Core Diagnostics - [Abbott](https://www.linkedin.com/company/abbott-) (Current) ... Dec 2025 - Present (2 months) in Almaty, Kazakhstan ... ### Member Of The Scientific Committee - IBO-2024 ... Aug 2023 - Jul 2024 (11 months) ... ### Doctor of Medicine - MD, Medicine at [Akhmet Yassawi University](https://www.linkedin.com/school/akhmet-yassawi-university) ... 2017 - 2023 (6 years) in Kazakhstan ... Akhmet Yassawi University is a higher education institution. The company is a university that offers various academic programs and conducts research in different fields. Akhmet Yassawi University has 30-40 employees (+160% YoY), founded in 1992. Headquartered in Kazakhstan, with presence in Türkiye. Its workforce is distributed across Kazakhstan and Turkey. Research output of 2,000-3,000 works, primarily in Social Sciences, Medicine, and Arts and Humanities. ... ### Doctor of Medicine - MD, Medicine at [Şifa Üniversitesi](https://www.linkedin.com/school/şifa-üniversitesi) ... 2014 - 2017 (3 years) ... Şifa Üniversitesi is a higher education institution. Şifa Üniversitesi has 1-10 employees (+2-3% YoY). ... akh-Turkish lyceum for gifted students](https://www.linkedin.com/school/bilim) ... 2009 - 2014 (5 years) in Kazakhstan ... lyceum for gifted students is ... 10 employees (+ ... YoY), founded ... 992 ... - [2025-12-05 · Shared by] [⚡️ Thrilled to announce that I’ve started a new chapter in my...](https://www.linkedin.com/posts/khafiz-zhumadil-8130571a6_abbott-abbottproud-newbeginnings-activity-7402732508057866240-8V7q): ⚡️ Thrilled to announce that I’ve started a new chapter in my career as an Ambassador with Core Diagnostics at Abbott! I want to thank Ranida…"
kaz-42799b8826c4,Meirambek Omyrzak,IOI,2013;2015,confirmed,Google,Software Engineer,https://linkedin.com/in/meirambek77,Google,Software Engineer,organization_match,integrated,,,selected,explicit_bridge,103,True,True,False,True,,,661a806fc166b5d06ff02591dca478e4,"""Meirambek Omyrzak"" Kazakhstan IOI Olympiad 2013;2015 current employer university role",0.007,1,Meirambek Omyrzak,https://linkedin.com/in/meirambek77,profile,"Software Engineer – Google ... Software Engineer – Google ... ### Software Engineer - [Google](https://www.linkedin.com/company/google) (Current) ... Sep 2019 - Present (6 years and 10 months) in Munich Area, Germany ... ### 5.0/5.0 at Almaty Kazakh-Turkish High School ... 2010 - 2015 (5 years) ... ### Bachelor's degree, Computer Science at Ulsan National Insitute of Science and Technology ... 2015 - 2019 (4 years) ... ### Asia Pacific Informatics Olympiad ... Jan 2015 ... ### International Olympiad in Informatics ... Jan 2015 ... ### International Zhautykov Olympiad ... Jan 2015 ... ### Republic Olympiad, Kazakhstan ... Jan 2015 ... ### International Zhautykov Olympiad ... ### Republic Olympiad, Kazakhstan ... ### International Olympiad in Informatics ... Jan 2013 ... ### International Zhautykov Olympiad ... Jan 2013 ... ### Republic Olympiad, Kazakhstan ... Jan 2013 ... ### Republic Olympiad, Kazakhstan ... ### Eurasian Olympiad in Informatics 2015"
kaz-ce2eeb5d3d04,Nazarbek Altybay,IOI,2015;2016,confirmed,Qube Research & Technologies,Quantitative Technologist,https://uk.linkedin.com/in/nazarbek,Qube Research & Technologies,Quantitative Technologist,organization_match,integrated,,,selected,explicit_bridge,103,True,True,False,True,,,044a0a3800947aa88dee0d129e6ca226,"""Nazarbek Altybay"" Kazakhstan IOI Olympiad 2015;2016 current employer university role",0.007,1,Nazarbek Altybay,https://uk.linkedin.com/in/nazarbek,profile,"### Quantitative Technologist - [Qube Research & Technologies](https://www.linkedin.com/company/qube-rt) (Current) ... Qube Research & Technologies is a Financial Services company. qube research & technologies (qrt) is a global multi strategy investment manager that deploys a diverse range of investment strategies across geographies, asset classes, and time frames. They combine data, research, technology, and trading expertise to solve complex challenges. qrt's culture of innovation drives their ambition to deliver high quality returns for investors. Qube Research & Technologies has 1,000-2,000 employees (+50% YoY), founded in 2018. Headquartered in London, England, United Kingdom, operates in 13 countries (including Switzerland, United States, Hong Kong, Australia, and Netherlands). Its workforce is distributed across 25 countries (including United Kingdom, France, Hong Kong, Singapore, and India). ... at [U ... an National Institute of Science and Technology](https://www.linkedin.com/school/ulsan-national-institute ... of-science ... n-technology) ... ### High School Diploma at [Kazakh-Turkish lyceum for gifted students](https://www.linkedin.com/school/bilim) ... 2011 - 2016 (5 years) in Kazakhstan ... Kazakh-Turkish lyceum for gifted students is an educational institution. Kazakh-Turkish lyceum for gifted students has 1-10 employees (+40% YoY), founded in 1992. Headquartered in Kazakhstan. ... ### International Olympiad in Informatics (IOI 2016) ... Aug 2016 ... ### International Olympiad in Informatics (IOI 2015) ... Jul 2015"
kaz-264dfb257029,Rauan Rakhmet,IMO,2010;2011,confirmed,Google,Senior Software Engineer,https://ie.linkedin.com/in/rauanrakhmet,Google,Senior Software Engineer,organization_match,integrated,,,selected,explicit_bridge,103,True,True,False,True,,,49fbd15fd92e1030ad25827bc350f16e,"""Rauan Rakhmet"" Kazakhstan IMO Olympiad 2010;2011 current employer university role",0.007,1,Rauan Rakhmet,https://linkedin.com/in/rauanrakhmet,profile,"### Senior Software Engineer - [Google](https://www.linkedin.com/company/google) (Current) ... Nov 2025 - Present (8 months) in Dublin, County Dublin, Ireland ... ### Software Engineer - [Kaspi.kz](https://www. ... company/kaspi ... - Jan 20 ... ) in Almaty, ... ### Bachelor's degree Computer Science at [Kazakh-British Technical University](https://www.linkedin.com/school/kazakhbritishtechnicaluniversity) ... 2011 - 2015 (4 years) in Almaty, Kazakhstan ... Kazakh-British Technical University is an educational institution. KBTU is a technical university in Kazakhstan that offers education in English language. They provide international level diplomas and have a strong focus on technical education. Kazakh-British Technical University has 100-150 employees (+10% YoY), founded in 2001. Headquartered in Almaty, Kazakhstan. Its workforce is distributed across 8 countries (including Kazakhstan, United Kingdom, Hungary, Italy, and United States). Research output of 1,000-2,000 works, primarily in Engineering, Materials Science, and Computer Science. ... ### Winner of International Mathematical Olympiad by International Mathematical Olympiad Foundation ... ### IMO - 2011 ... Jan 2011 ... International Mathematical Olympiad in Amsterdam, 3rd place ... ### IMO - 2010 ... Jan 2010 ... International Mathematical Olympiad in Astana, 2nd place"
kaz-b893faccd3fc,Temirulan Mussayev,IMO,2011,confirmed,Deep Infra,Computational Scientist in Mathematics and Programming,https://www.linkedin.com/in/temirulan,Deep Infra Inc,Computational Scientist in Mathematics and Programming,organization_match,integrated,,,selected,explicit_bridge,103,True,True,False,True,,,28b10eb77aa86aeb8ddeb5bff8905e1f,"""Temirulan Mussayev"" Kazakhstan IMO Olympiad 2011 current employer university role",0.007,1,Temirulan Mussayev,https://www.linkedin.com/in/temirulan,profile,"### Computational Scientist in Mathematics and Programming - [Deep Infra Inc.](https://www.linkedin.com/company/deep-infra) (Current) ... ### Member of presidium - [Kazakhstan Competitive Programming Federation](https://www.linkedin.com/company/cpfed) (Current) ... Jul 2022 - Present (3 years and 4 months) in Astana, Kazakhstan ... ### [Kazakh-British Technical University](https://www.linkedin.com/company/kazakh-britishtechnicaluniversity) ... Aug 2016 - Aug 2020 ( ... ) in Almaty, Kazakhstan ... Kazakh-British Technical University ... a technical university in Kazakhstan ... education in English language. They ... various schools and institutes. They also offer support services for ... and graduates. Kazakh-British Technical University has 10-20 employees (5- ... % YoY decline), founded in 2001. Headquartered in Almaty, Kazakhstan. ... ### Bachelor's degree, Computer Science at [Kazakh-British Technical University](https://www.linkedin.com/school/kazakhbritishtechnicaluniversity) ... 2011 - 2016 (5 years) in Almaty, Kazakhstan ... Kazakh-British Technical University is an educational institution. KBTU is a technical university in Kazakhstan that offers education in English language. They provide international level diplomas and have a strong focus on technical education. Kazakh-British Technical University has 100-150 employees (+10% YoY), founded in 2001. Headquartered in Almaty, Kazakhstan. Its workforce is distributed across 8 countries (including Kazakhstan, United Kingdom, Hungary, Italy, and United States). Research output of 1,000-2,000 works, primarily in Engineering, Materials Science, and Computer Science. ... ### International Mathematical Olympiad ... Jul 2011 ... Member of national team at International Mathematical Olympiad - 2011(IMO, Amsterdam)."
kaz-de970224e20f,Vladimir Dolzhnikov,IChO,2011;2012,confirmed,PATRIOT,Raw Materials Technical Support Specialist,https://linkedin.com/in/vladimir-dolzhnikov-95684017b,PATRIOT,Raw Materials Technical Support Specialist,organization_match,integrated,,,selected,explicit_bridge,103,True,True,False,True,,,c0987b899991079ebecc27cfee5ad592,"""Vladimir Dolzhnikov"" Kazakhstan IChO Olympiad 2011;2012 current employer university role",0.007,1,Vladimir Dolzhnikov,https://linkedin.com/in/vladimir-dolzhnikov-95684017b,profile,"Raw Materials Department Manager - Connect R&D and Sales Department for Creating the Best Polymer Coating Materials for Industrial Enterprises ... Kazakhstan (KZ) ... ### Raw Materials Technical Support Specialist - PATRIOT (Current) ... Dec 2023 - Present (2 years) in Moscow, Moscow City, Russia ... ### Private Chemistry Tutor - Предприниматель (Current) ... More than 6 years of experience in preparing school graduates and students for chemistry exams and improving their academic performance. Special program for international chemistry Olympiads preparations (both theretical and practical rounds). Individualized lesson plans for various learning levels, including special programm for chemistry students specialized in Polymers. Proven ability to evaluate student needs and build positive learning environment. ... Moscow State University is a higher education institution ... 0. Head ... in Moscow, Russia. Its workforce is distributed across ... countries (including Russia, United States, Kazakhstan, Israel, and Germany). ... ### Specialist degree (Master's equivalent), Polymers and Plastics, Fundamental and Applied Chemistry; Specialization - Polymers, 4.7 (5 is max) at [Lomonosov Moscow State University (MSU)](https://www.linkedin.com/school/московский-государственный-университет-им.-м.в.-ломоносова-мгу-) ... 2012 - 2018 (6 years) ... Research output of ... 00 works, primarily in Physics and Astronomy, Engineering, and ... ### International chemistry Olympiads ... 2008-2012 Winner and awardee of international chemistry Olympiads (International Chemistry Olympiad (IChO), Mendeleev International chemistry Olympiad, International Junior Science Olympiad (IJSO), “Tuymaada”)"
kaz-9aa80e862003,Zhanadil Nurtoleuov,IOI,2013,confirmed,Google,Software Engineer,https://linkedin.com/in/zhanadil,Google,Software Engineer,organization_match,integrated,,,selected,explicit_bridge,103,True,True,False,True,,,b7a6252702172724f12ba6897f748f18,"""Zhanadil Nurtoleuov"" Kazakhstan IOI Olympiad 2013 current employer university role",0.007,1,Zhanadil Nurtoleuov,https://linkedin.com/in/zhanadil,profile,"# Zhanadil Nurto ... Software Engineer at Google ... Software Engineer at Google ... ### Software Engineer - [Google](https://www.linkedin.com/company/google) (Current) ... Aug 2023 - Present (2 years and 11 months) in Taipei, Taipei City, Taiwan ... : Engineering and Technical ... Department: Engineering and Technical ... ### High School at Almaty Kazakh-Turkish High School for Gifted Students ... 2009 - 2014 (5 years) ... ### Asia Pacific Informatics Olympiad - 2014 ... ### International Zhautykov Olympiad 2014 ... ### Eurasian Olympiad in Informatics 2013 ... ### International Olympiad in Informatics - 2013 ... ### Asia Pacific Informatics Olympiad - 2013 ... ### International Zhautykov Olympiad - 2013 ... ### Republic Olympiad, Kazakhstan ... Mar 2013"
kaz-236abc470fa7,Adilet Abu,IMO,2022,confirmed,Huawei,Deep Learning Researcher,https://kz.linkedin.com/in/adilet-abu-974647260,,,no_current_affiliation_extracted,selected_no_current_extracted,,,selected,explicit_bridge,100,True,True,True,False,,,d18e851bd4e4b78dbd8a437127da109d,"""Adilet Abu"" Kazakhstan IMO Olympiad 2022 current employer university role",0.007,1,Adilet Abu,https://kz.linkedin.com/in/adilet-abu-974647260,profile,"Kazakhstan (KZ) ... ### Deep Learning Researcher - [Huawei](https://www.linkedin.com/company/huawei) ... ### Bachelor's degree Mathematics and Computer Science at [Ulsan National Institute of Science and Technology](https://www.linkedin.com/school/ulsan-national-institute-of-science-n-technology) ... 2023 - 2027 (4 years) in South Korea ... Ulsan National Institute ... Science and Technology ... Ulsan National Institute ... employees (+20% YoY), ... in South Korea ... ### Bronze medal in International Mathematical Olympiad (IMO) 2022, Norway ... Issued by: IMO Committee ... Jul 2022"
kaz-59a056858c02,Adilet Zauytkhan,IMO,2022,confirmed,Ulsan National Institute of Science and Technology (UNIST),Computer Science Student,https://linkedin.com/in/adilet-zauytkhan-37a94221b,,,no_current_affiliation_extracted,selected_no_current_extracted,,,selected,explicit_bridge,100,True,True,True,False,,,a9b3af4f5cc64875ac0902b2babdec94,"""Adilet Zauytkhan"" Kazakhstan IMO Olympiad 2022 current employer university role",0.007,1,Adilet Zauytkhan,https://linkedin.com/in/adilet-zauytkhan-37a94221b,profile,"IMO medalist | CS @ UNIST ... Ulsan, South Korea (KR) ... IMO medalist | CS @ UNIST ... ### Bachelor of Science - BS, Computer Science at [울산과학기술원](https://www.linkedin.com/school/ulsan-national-institute-of-science-n-technology) ... 2017 - 2022 (5 years) in South Korea ... Ulsan National Institute ... Ulsan National Institute ... Science and Technology ... Science, and ... , Genetics and ... Biology. Funds research behind ... 00-2,000 works. ... ### High School Diploma, 5.0 out of 5.0 at [Kazakh-Turkish lyceum for gifted students](https://www.linkedin.com/school/bilim) ... 2017 - 2022 (5 years) in Kazakhstan ... ### Bronze medal in International Mathematical Olympiad (IMO) 2022, Norway ... ### Gold medal in National Mathematical Olympiad 2022 ... Issued by: Ministry of Education and Science of the Republic of Kazakhstan ... Apr 2022"
kaz-477ae2fd5dbc,Alikhan Kudaibergenov,IMO,2017;2018,confirmed,,,https://linkedin.com/in/alikhan-kudaibergenov-27726a154,,,no_current_affiliation_extracted,selected_no_current_extracted,,,selected,explicit_bridge,100,True,True,True,False,,,3e1247c7c7fba6b8bb34968519b998ca,"""Alikhan Kudaibergenov"" Kazakhstan IMO Olympiad 2017;2018 current employer university role",0.007,1,Alikhan Kudaibergenov,https://linkedin.com/in/alikhan-kudaibergenov-27726a154,profile,"# Alikhan Kudaibergenov ... IMO Medalist ... Waterloo, Ontario, Canada (CA) ... IMO Medalist ... ### [University of Waterloo](https://www.linkedin.com/school/uwaterloo) ... 2020 - 2026 (6 years) in Waterloo, Ontario, Canada ... University of Waterloo is a higher education institution. The University of Waterloo is a university that offers various services and resources to its students. They provide education in engineering, environment, arts, and community. The university also focuses on research and has a strong presence in the community. University of Waterloo has 7,000-8,000 employees (less than 1% YoY growth) and has annual revenue in the $1B-$2B range, founded in 1956. Headquartered in Waterloo, Ontario, Canada, with presence in United States. Its workforce is distributed across 54 countries (including Canada, United States, China, India, and United Kingdom). Has $8.4M in total funding, with 11 prior funding rounds. Research output of 100,000-200,000 works, primarily in Engineering, Computer Science, and Medicine. Funds research behind 100-150 works. ... 2013 - 2018 (5 years)"
kaz-6b502ce47b9f,Almira Nurlanova,IChO,2022;2023,confirmed,Massachusetts Institute of Technology (MIT),Undergraduate Student,https://www.linkedin.com/in/almira-nurlanova-a6777727a,,,no_current_affiliation_extracted,selected_no_current_extracted,,,selected,explicit_bridge,100,True,True,True,False,,,01e22536aa461c853fa22b2857ec6f84,"""Nurlanova Almira"" Kazakhstan IChO Olympiad 2022;2023 current employer university role",0.007,1,Almira Nurlanova,https://linkedin.com/in/almira-nurlanova-a6777727a,profile,"MIT AI & Decision Making | ML for Drug Discovery & Computational Chemistry | Silver IChO’23 ’24 ... A junior at Massachusetts Institute of Technology interested in Drug Discovery and Machine Learning ... ### Undergraduate Student Researcher at H.Kulik's lab - [Massachusetts Institute of Technology](https://www.linkedin.com/school/mit) ... ### Bachelor's degree, Artificial Intelligence at [Massachusetts Institute of Technology](https://www.linkedin.com/school/mit) ... ### [Nazarbayev Intellectual Schools](https://www.linkedin.com/school/nazarbayev-intellectual-schools) ... 2017 - 2023 (6 years) in Astana, Kazakhstan ... Nazarbayev Intellectual Schools is an educational institution. Nazarbayev Intellectual Schools has 300-400 employees (+10% YoY), founded in 2009. Headquartered in Astana, Kazakhstan. Its workforce is distributed across 18 countries (including Kazakhstan, United States, Philippines, United Kingdom, and China). Research output of 60-70 works, primarily in Social Sciences, Psychology, and Computer Science. ... ### International Chemistry Olympiad 2023: Silver ... ### International Chemistry Olympiad 2022: Silver ... ### International Mendeleev Chemistry Olympiad 2022: Bronze ... ### Kazakhstan National Chemistry Olympiad: Gold (2020), Silver (2021), Gold (2022), Silver (2023)"
kaz-6e64602de321,Aman Sariyev,IOI,2012;2013,confirmed,Nazarbayev University,Student,https://linkedin.com/in/aman-sariyev,,,no_current_affiliation_extracted,selected_no_current_extracted,,,selected,explicit_bridge,100,True,True,True,False,,,ee0a642b282ce8d1f39f446b7ce19d4e,"""Aman Sariyev"" Kazakhstan IOI Olympiad 2012;2013 current employer university role",0.007,1,Aman Sariyev,https://linkedin.com/in/aman-sariyev,profile,"Student at Nazarbayev University ... Student at Nazarbayev University ... ### Teaching Assistant - [Nazarbayev University](https://www.linkedin.com/company/jsc-nazarbayev-university) ... Aug 2019 - May 2020 (9 months) in Nur-Sultan, Kazakhstan ... Nazarbayev University is a higher education institution. Nazarbayev University is a leading university in Central Asia and Kazakhstan. Nazarbayev University has 1,000 ... 2,000 employees (+6-7% YoY), founded in 2010. Headquartered in Astana, Kazakhstan. Its workforce is distributed across 47 countries (including Kazakhstan, United States, United Kingdom, Canada, and Pakistan). Research output of 10,000-20,000 works, primarily in Engineering, Medicine, and Social Sciences. Funds research behind 2,000-3,000 works. ... ### [IOI - International Olympiad in Informatics](https://www.linkedin.com/company/ioinformatics) ... IOI - International Olympiad in Informatics ... The International Olympiad ... IOI) ... UNESCO and IFIP are ... The contest consists of two days of computer programming and solving ... tasks of algorithmic nature. ... at the IOI compete on an ... participating country. IOI - International Olympiad in Informatics ... 10-20 ... (-20% YoY). Its ... Nazarbayev University ... Nazarbayev University ... and Kazakhstan. Nazar ... works, primarily in Engineering, ... ### Gold Medalist at National Olympiad in Informatics ... Multiple times gold medalist at Kazakhstan's National Olympiad in Informatics (2011, 2012, 2013) ... ### Silver Medalist at IOI ... 69th place and silver medalist at 24th International Olympiad in Informatics, Italy (2012)"
kaz-b695dee1b41c,Amirbek Azatbekov,IPhO,2025;2026,confirmed,,,https://linkedin.com/in/amirbek-azatbekov-34b313386,,,no_current_affiliation_extracted,selected_no_current_extracted,,,selected,explicit_bridge,100,True,True,True,False,,,233c299aa29e2a9bea237cd7100870b1,"""Amirbek Azatbekov"" Kazakhstan IPhO Olympiad 2025;2026 current employer university role",0.007,1,Amirbek Azatbekov,https://linkedin.com/in/amirbek-azatbekov-34b313386,profile,"# Amirbek Azatbekov Kazakhstan (KZ) 61 connections • 61 followers ## Education ### [Nazarbayev Intellectual Schools](https://www.linkedin.com/school/nazarbayev-intellectual-schools) 2020 - 2026 (6 years) in Astana, Kazakhstan Nazarbayev Intellectual Schools is an educational institution. Nazarbayev Intellectual Schools has 300-400 employees (+10% YoY), founded in 2009. Headquartered in Astana, Kazakhstan. Its workforce is distributed across 18 countries (including Kazakhstan, United States, Philippines, United Kingdom, and China). Research output of 60-70 works, primarily in Social Sciences, Psychology, and Computer Science. ## Honors & Awards ### IPhO Silver Medal Jul 2025"
kaz-4fe09b624ebf,Artur Kim,IPhO,2024;2025,confirmed,Nanyang Technological University (NTU),Computer Science Student,https://linkedin.com/in/artur-kim-983558282,,,no_current_affiliation_extracted,selected_no_current_extracted,,,selected,explicit_bridge,100,True,True,True,False,,,057fbfd505163b947d3dc4fa60ad0431,"""Artur Kim"" Kazakhstan IPhO Olympiad 2024;2025 current employer university role",0.007,1,Artur Kim,https://linkedin.com/in/artur-kim-983558282,profile,"Turing AI Scholar in NTU | AI developer | Teacher | Music producer ... ### Computer Science at [Nanyang Technological University Singapore](https://www.linkedin.com/school/ntusg) ... 2025 - 2029 (4 years) in Singapore, Singapore ... Nanyang Technological University ... higher education institution ... Nanyang Technological University is one ... postgraduate education in engineering, business, science, humanities, arts, ... sciences, education and medicine. Nanyang Technological University employs 6,8 ... people) and ... of $1.5 ... in 1990. Headquartered ... , operates in 56 countries (including China, India, United States, United Kingdom, and Malaysia). ... ### at [Kazakh-Turkish lyceum for gifted students](https://www.linkedin.com/school/bilim) ... 2019 - 2024 (5 years) in Kazakhstan ... Kazakh-Turkish lyceum for gifted students is an educational institution. Kazakh-Turkish lyceum for gifted students employs 9 people (+40.9% YoY, +9 people), founded in 1992. Headquartered in Kazakhstan. ... ### International Physics Olympiad - Bronze medal ... Jul 2025 ... ### Asian Physics Olympiad 2025 - Silver Medal ... ### International Physics Olympiad - Silver medal ... Jul 2024 ... ### Asian Physics Olympiad 2024 - Bronze medal ... ### European Physics Olympiad 2023 - Bronze medal"
kaz-c5f47f6f2526,Dias Suleimenov,IBO,2024,confirmed,Hong Kong University of Science and Technology (HKUST),Mathematics Student,https://linkedin.com/in/dias-suleimenov-23888828b,,,no_current_affiliation_extracted,selected_no_current_extracted,,,selected,explicit_bridge,100,True,True,True,False,,,698e7b8c063ef98e0b81f4c8c1876f98,"""Dias Suleimenov"" Kazakhstan IBO Olympiad 2024 current employer university role",0.007,1,Dias Suleimenov,https://linkedin.com/in/dias-suleimenov-23888828b,profile,"math @ hkust ... math @ hkust ... ### Research Analyst - [Rivermap](https://www.linkedin.com/company/rivermap-quantitative-research) ... ### Bachelor's degree Mathematics at [The Hong Kong University of Science and Technology](https://www.linkedin.com/school/hkust) ... 2024 - 2028 (4 years) in Kowloon, Hong Kong, Hong Kong ... ### [Kazakh-Turkish lyceum for gifted students](https://www.linkedin.com/school/bilim) ... 2019 - 2024 (5 years) in Kazakhstan ... Kazakh-Turkish lyceum for gifted students is an educational institution. Kazakh-Turkish lyceum for gifted students has 1-10 employees (+40% YoY), founded in 1992. Headquartered in Kazakhstan. ... ### Gold, National Biology Olympiad ... Issued by: Ministry of education and science of the Republic of Kazakhstan ... Mar 2024 ... ### Bronze, International Biology Olympiad 2024 ... Issued by: IBO Board ... Jan 2024 ... The most prestigious High School Biology Olympiad"
kaz-087d239f6acf,Fetullakh Sam,IMO,2020;2021;2022,confirmed,Hong Kong University of Science and Technology (HKUST),Computer Science Student,https://linkedin.com/in/fetullakh-sam-108a08225,,,no_current_affiliation_extracted,selected_no_current_extracted,,,selected,explicit_bridge,100,True,True,True,False,,,6db1a64e352e1eb408edc4a072461e9f,"""Fetullakh Sam"" Kazakhstan IMO Olympiad 2020;2021;2022 current employer university role",0.007,1,Fetullakh Sam,https://linkedin.com/in/fetullakh-sam-108a08225,profile,"2x IMO Silver | ML Engineer | SWE ... 2x IMO Silver | ML Engineer | SWE ... ### RevisionDojo (YC F24) ... RevisionDojo (YC F24) is a Software Development company. RevisionDojo (YC F24) has 70-80 employees, founded in 2023. Headquartered in San Francisco, California, United States. Has $3.9M in total funding, with 1 prior funding round. ... ### NeWi.ai ... ### [The Hong Kong University of Science and Technology](https://www.linkedin.com/school/hkust) ... 2022 - 2026 (4 years) in Kowloon, Hong Kong, Hong Kong ... Minor in Mathematics Major GPA: 3.767/4.30 Honors: Dean’s list Fall 2023 Relevant Courses: Software Engineering, Machine Learning, OOP and Data Structures, Algorithms, Computer Organization, OS, NLP, Cloud Computing, ... ### SIlver Medal at International Math Olympiad in St. Petersburg, Russia ... Issued by: IMO Organizing Committee ... Jul 2022 ... ### Silver medal at International Math Olympiad in Oslo, Norway ... Issued by: IMO Organizing Committee ... Jul 2022 ... ### Honorable Mention, International Math Olympiad ... Issued by: IMO Organizing Committee ... Sep 2020"
kaz-213b92028ecf,Galymzhan Baktybai,IBO,2023;2024,confirmed,Korea Advanced Institute of Science and Technology (KAIST),Chemical and Biomolecular Engineering Student,https://kr.linkedin.com/in/galymzhnb,,,no_current_affiliation_extracted,selected_no_current_extracted,,,selected,explicit_bridge,100,True,True,True,False,,,bf5290324784dfd36c402b29d457c1ff,"""Baktybai Galymzhan"" Kazakhstan IBO Olympiad 2023;2024 current employer university role",0.007,1,Galymzhan Baktybai,https://linkedin.com/in/galymzhnb,profile,"# Galymzhan Baktybai ... Undergraduate Student at KAIST’29 ... KAIST undergraduate student planning to major in Chemical & Biomolecular Engineering and… ... ### Educational Mentor - [Astana BILIM-INNOVATION lyceum](https://www.linkedin.com/company/astana-bilim-innovation-lyceum) ... Aug 2024 - Jun 2025 (10 months) in Astana, Kazakhstan ... Department: Education • Level: Specialist ... Astana BILIM-INNOVATION lyceum is an educational institution. The company is a boarding lyceum for boys. They provide inclusive education policies, language policies, academic integrity, and guidance for students. They also have a library and offer guidance for parents and alumni. Astana BILIM-INNOVATION lyceum has 1-10 employees (+130% YoY), founded in 1994. Headquartered in Astana, Kazakhstan. ... Chemical and Biomolecular ... at [Korea ... Institute of Science and Technology](https://www.linkedin.com/school/% ... %95%9C%EA%B5%AD%EA%B3%BC%ED%95%99%EA%B8%B0%EC%88%A0%EC%9B%90-kaist-) ... .linkedin.com/ ... ### International Biology Olympiad - Two Times Bronze Medalist ... Issued by: International Biology Olympiad Committee and MOE of Kazakhstan. ... Jul 2024 ... Represented Kazakhstan twice at the International Biology Olympiad (IBO), was ranked in the top 32% globally (90th of 286 participants) in 2024. ... ### International Avicenna Biology Olympiad - Silver Medalist ... Jun 2024 ... Represented Kazakhstan at the International Avicenna Biology Olympiad. Ranked at the 18th among 100 participants. ... ### National Biology Olympiad - Three Times Gold Medalist ... Issued by: MOE of Kazakhstan and RSPC ""Daryn"" ... Mar 2024 ... Awarded my third consecutive Gold Medal at the National Biology Olympiad, including two consecutive years as the absolute first-place winner in my cohort."
kaz-9dc89c027c6a,Khaidar Kairbek,IChO,2020;2021,confirmed,Dartmouth College,"Bachelor of Engineering Student, Electrical Engineering",https://www.linkedin.com/in/khaidar-kairbek,,,no_current_affiliation_extracted,selected_no_current_extracted,,,selected,explicit_bridge,100,True,True,True,False,,,101fedb8793d3f3557f3587dfd3fffa7,"""Khaidar Kairbek"" Kazakhstan IChO Olympiad 2020;2021 current employer university role",0.007,1,Khaidar Kairbek,https://linkedin.com/in/khaidar-kairbek,profile,"EE @ dartmouth ... ### Bachelor's of Engineering, Electrical Engineering, Junior at [Dartmouth College](https://www.linkedin.com/school/dartmouth-college) ... ### High School Diploma, Chemistry at [Nazarbayev Intellectual Schools](https://www.linkedin.com/school/nazarbayev-intellectual-schools) ... Astana, Kazakhstan ... National Chemistry Olympiad - 2018 Gold, 2019 Gold, 2020 Gold, 2021 Gold International Mendeleev Chemistry Olympiad - 2019 Bronze, 2020 Silver, 2021 Silver International Chemistry Olympiad (IChO) - 2020 Bronze, 2021 Silver ""El Maqtanyshy"" (Pride of Nation) National Merit Prize for Distinguished Results 2020, 2021 ... Nazarbayev Intellectual Schools is an educational institution. Nazarbayev Intellectual Schools has 300-400 employees (+10% YoY), founded in 2009. Headquartered in Astana, Kazakhstan. Its workforce is distributed across 18 countries (including Kazakhstan, United States, Philippines, United Kingdom, and China). Research output of 60-70 works, primarily in Social Sciences, Psychology, and Computer Science. ... ### International Chemistry Olympiad (IChO) 2021 - Silver Medal ... 202 ... ### Kazakh National Chemistry Olympiad 2021 - Gold Medal / 1st place ... ### International Chemistry Olympiad (IChO) 2020 - Bronze Medal ... ### International Mendeleev Chemistry Olympiad 2020 - Silver Medal ... ### Kazakh National Chemistry Olympiad 2020 - Gold Medal / 1st place ... ### Kazakh National Chemistry Olympiad 2019 - Gold Medal / 1st place ... ### Kazakh National Chemistry Olympiad 2018 - Gold Medal / 1st place"
kaz-79f187c010c6,Kirill Kim,IChO,2024;2025,confirmed,Massachusetts Institute of Technology (MIT),Undergraduate Student,https://linkedin.com/in/kirill-kim-4bb3a8346,,,no_current_affiliation_extracted,selected_no_current_extracted,,,selected,explicit_bridge,100,True,True,True,False,,,7a21a4cfbe5d274a1c02b9b0a0141c04,"""Kirill Kim"" Kazakhstan IChO Olympiad 2024;2025 current employer university role",0.007,1,Kirill Kim,https://linkedin.com/in/kirill-kim-4bb3a8346,profile,"# Kirill Kim ... Astana, Kazakhstan (KZ) ... ### Ultracold Quantum Gases Group (Prof. Martin Zwierlein) | MIT Department of Physics ... Cambridge, Massachusetts, United States ... ### [Massachusetts Institute of Technology](https://www.linkedin.com/school/mit) ... 2025 - 2029 (4 years) in Cambridge, Massachusetts, United States ... ### International Chemistry Olympiad 2025 - Gold Medal ... Jul 2025 ... ### National Chemistry Olympiad 2025 - Gold Medal ... ### International Chemistry Olympiad 2024 - Gold Medal ... Jul 2024 ... ### Asia Pacific Linguistics Olympiad 2024 - Bronze Medal ... ### International Mendeleev Olympiad 2024 - SilverMedal ... ### National Chemistry Olympiad 2024 - Gold Medal"
kaz-b32bd2df1cfe,Mansur Taimas,IOI,2024,confirmed,Korea Advanced Institute of Science and Technology (KAIST),Computer Science and Mathematics Student,https://linkedin.com/in/mansur-taimas,,,no_current_affiliation_extracted,selected_no_current_extracted,,,selected,explicit_bridge,100,True,True,True,False,,,6789f976cfc626edae1fba0c51c28a60,"""Mansur Taimas"" Kazakhstan IOI Olympiad 2024 current employer university role",0.007,1,Mansur Taimas,https://linkedin.com/in/mansur-taimas,profile,"# Mansur Taimas ... KAIST Computer Science and Math | IOI silver medalist ... Daejeon, South Korea (KR ... KAIST Computer Science and Math | IOI silver medalist ... ### Jane Street SEE (Trading Track) - [Jane Street](https://www.linkedin.com/company/jane-street-global) ... 20 ... Hong Kong SAR ... ### Bachelor of Science - BS, Computer Science at [Korea Advanced Institute of Science and Technology](https://www.linkedin.com/school/%ED%95%9C%EA%B5%AD%EA%B3%BC%ED%95%99%EA%B8%B0%EC%88%A0%EC%9B%90-kaist-) ... 2024 - 2028 (4 years) in Daejeon, South Korea ... ### International Olympiad in Informatics 2024 Silver Medal ... Issued by: IOI ... Sep 2024 ... ### National Olympiad in Informatics (Kazakhstan) 2024 Gold medal ... Issued by: Republic of ... Mar 2024 ... ### National Olympiad in Informatics (Kazakh"
kaz-49fee0c7373b,Nurtas Shyntas,IMO,2019;2020,confirmed,New York University,Student,https://kz.linkedin.com/in/nurtas-shyntas-54b850199,,,no_current_affiliation_extracted,selected_no_current_extracted,,,selected,explicit_bridge,100,True,True,True,False,,,3e67a28489d357f2e019ceafc4d4295a,"""Nurtas Shyntas"" Kazakhstan IMO Olympiad 2019;2020 current employer university role",0.007,1,Nurtas Shyntas,https://linkedin.com/in/nurtas-shyntas-54b850199,profile,"Kazakhstan (KZ) ... ### [New York University Abu Dhabi](https://www.linkedin.com/school/new-york-university-abu-dhabi) ... ### High School Diploma, Mathematics at [Haileybury Almaty](https://www.linkedin.com/school/haileyburyalmaty) ... 2018 - 2020 (2 years) in Almaty, Kazakhstan ... Haileybury Almaty is a nonprofit organization. Haileybury Almaty has 100-150 employees, founded in 2008. Headquartered in Almaty, Kazakhstan, with an office in Tselinograd. Its workforce is distributed across 7 countries (including Kazakhstan, United Kingdom, Lithuania, Montenegro, and Serbia). ... ### Bronze medal at International Mathematical Olympiad ... Issued by: 2019 ... ### Silver medal at International Mathematical Olympiad ... Issued by: 2020"
kaz-07372798186f,Rakhim Baimurzin,IMO,2021,confirmed,Desargues AI,,https://kz.linkedin.com/in/baimurzzin,,,no_current_affiliation_extracted,selected_no_current_extracted,,,selected,explicit_bridge,100,True,True,True,False,,,e34efc1d136d1dffda8e4a55e15be251,"""Rakhim Baimurzin"" Kazakhstan IMO Olympiad 2021 current employer university role",0.007,1,Rakhim Baimurzin,https://kz.linkedin.com/in/baimurzzin,profile,"Desargues AI | IMO medalist | ICPC 0.5 finalist | BSc in Math from NU ... Astana, Astana, Kazakhstan (KZ) ... Desargues AI | IMO medalist | ICPC 0.5 finalist | BSc in Math from NU ... ### Machine Learning Engineer - [Higgsfield AI](https://www.linkedin.com/company/higgsfield) ... Sep 2025 - Feb 2026 (5 months) in Almaty, Kazakhstan ... ### Mathematics Coach - [Nazarbayev Intellectual Schools](https://www.linkedin.com/school/nazarbayev-intellectual-schools) ... Oct 2022 - Jun 2025 (2 years and 8 months) in Astana, Kazakhstan ... ### Bachelor of Science - BS Mathematics Computer Science at [Nazarbayev University](https://www.linkedin.com/school/aoe-nazarbayev-university) ... 2022 - 2026 (4 years) in Astana, Kazakhstan ... Nazarbayev University is a higher education institution. Nazarbayev University is a leading university in Central Asia and Kazakhstan. Nazarbayev University has 1,000-2,000 employees (+6-7% YoY), founded in 2010. Headquartered in Astana, Kazakhstan. Its workforce is distributed across 47 countries (including Kazakhstan, United States, United Kingdom, Canada, and Pakistan). Research output of 10,000-20,000 works, primarily in Engineering, Medicine, and Social Sciences. Funds research behind 2,000-3,000 works. ... Astana, Kazakhstan ... Jul 2021 ... bronze medal"
kaz-a7e23606a27b,Rassul Magauin,IPhO,2019,confirmed,Mohamed bin Zayed University of Artificial Intelligence (MBZUAI),Master's Student in Computer Science,https://kz.linkedin.com/in/rassul-magauin,,,no_current_affiliation_extracted,selected_no_current_extracted,,,selected,explicit_bridge,100,True,True,True,False,,,6fd6e0577d3b198df8d101d41a74273f,"""Rassul Magauin"" Kazakhstan IPhO Olympiad 2019 current employer university role",0.007,1,Rassul Magauin,https://kz.linkedin.com/in/rassul-magauin,profile,"Astana, Kazakhstan (KZ) ... Backend Developer with 2 years of experience, proficient in Go, Java, and Python. Educated in computer science at Nazarbayev University, I’ve engineered systems for high user traffic, optimized SQL for performance gains, and developed FTP solutions. Skilled in microservices with Spring Boot, and gRPC, and database management using PostgreSQL and Redis. Focused on delivering scalable, efficient backend architectures in dynamic settings. ... ### Master's degree, Computer Science at [MBZUAI (Mohamed bin Zayed University of Artificial Intelligence)](https://www.linkedin.com/school/mbzuai) ... (Mohamed bin ... ) is a ... of Artificial Intelligence) has 800-900 employees (+60% YoY) and has annual revenue in the $30M-$40M range, founded in ... 19. Headquartered in ... , United Arab Emirates, operates in ... (including United States, India, France, United Kingdom, and China). Has $35K in total funding. Research output of 3,000-4,000 works, primarily in Computer Science, Engineering, and Medicine ... ### Computer Science at [Nazarbayev University](https://www.linkedin.com/school/aoe-nazarbayev-university) ... Nazarbayev University is a higher education institution. Nazarbayev University is a leading university in Central Asia and Kazakhstan. Nazarbayev University has 1,000-2,000 employees (+6-7% YoY), founded in 2010. Headquartered in Astana, Kazakhstan, operates in 47 countries (including United States, United Kingdom, Canada, Pakistan, and United Arab Emirates). Research output of 10,000-20,000 works, primarily in Engineering, Medicine, and Social Sciences. Funds research behind 2,000-3,000 works. ... ### Silver medal - International Physics Olympiad ... Issued by: IPHO ... ### National Olympiad 2018,2019,2020 - Gold Medal"
kaz-f7a361eeb22e,Sanzhar Bissenali,IChO,2021;2022;2023,confirmed,California Institute of Technology (Caltech),Undergraduate Student,https://kz.linkedin.com/in/sanzhar-bissenali-323103260,,,no_current_affiliation_extracted,selected_no_current_extracted,,,selected,explicit_bridge,100,True,True,True,False,,,0c9754b6f4e719d94b28fb66c8211eef,"""Sanzhar Bissenali"" Kazakhstan IChO Olympiad 2021;2022;2023 current employer university role",0.007,1,Sanzhar Bissenali,https://linkedin.com/in/sanzhar-bissenali-323103260,profile,"Rising junior at Caltech | Physics major ... Astana, Kazakhstan (KZ) ... Rising junior at Caltech | Physics major ... Research Assistant - [stoltz group](https://www.linkedin.com/company/stoltz-group) ... ### Bachelor's degree, Physics at [Caltech](https://www.linkedin.com/school/california-institute-of-technology) ... 2023 - 2027 ( ... years) in Pasadena, California, United States ... ### 5.0 at [Назарбаев Интеллектуальные школы](https://www.linkedin.com/school/nazarbayev-intellectual-schools) ... 2017 - 2023 (6 years) in Astana, Kazakhstan ... Nazarbayev Intellectual Schools is an educational institution. Nazarbayev Intellectual Schools has 300-400 employees (+10% YoY), founded in 20 ... . Headquartered in Astana, Kazakhstan. Its workforce ... distributed across 1 ... countries (including Kazakhstan, ... States, Philippines, ... Kingdom, and China). Research output of 60 ... works, primarily in Social Sciences, Psychology, and Computer Science. ... ### The 55th International Chemistry Olympiad in Zurich (IChO 2023) - Gold Medal ... ChO Steering Committee ... Jul 2023 ... ### The 54th International Chemistry Olympiad (IChO 2022) - Silver Medal ... Issued by: IChO Steering Committee ... Jul 2022 ... ### The 56th International Mendeleev Chemistry Olympiad - Silver Medal ... ### National Chemistry Olympiad in Kazakhstan, 2022 - Gold Medal ... Apr 2022 ... ### The 53rd International Chemistry Olympiad (IChO 2021) - Silver Medal ... Jul 2021"
kaz-2c30c8a4a543,Sanzhar Nurgaliyev,IChO,2022,confirmed,Nazarbayev University,Chemistry Student,https://linkedin.com/in/sanzhar-nurgaliyev-b277762b8,,,no_current_affiliation_extracted,selected_no_current_extracted,,,selected,explicit_bridge,100,True,True,True,False,,,ccad4020af5be7a26d32cc1dd8603e34,"""Sanzhar Nurgaliyev"" Kazakhstan IChO Olympiad 2022 current employer university role",0.007,1,Sanzhar Nurgaliyev,https://linkedin.com/in/sanzhar-nurgaliyev-b277762b8,profile,"Student at Nazarbayev University ... Astana, Astana, Kazakhstan (KZ) ... Undergraduate student at Nazarbayev University, pursuing Bachelor’s Degree in Chemistry Science. Graduated at Bilim Innovation Lyceum in Aktau, Kazakhstan. Participated in national and international level chemistry olympiads during high school. Interested in cats, music, cybersports, and natural sciences. ... ### Research Assistant - [Institute for basic science (IBS)](https://www.linkedin.com/company/institute-for-basic-science-ibs) ... ### Chemistry Olympiad Tutor - [Nazarbayev Intellectual Schools](https://www.linkedin.com/school/nazarbayev-intellectual-schools) ... ### National Chemistry Olympiad 2024 - Jury Member - RSPC Daryn ... Olympiad Tutor - [Nazarbayev Intellectual Schools](https://www.linkedin.com/school/nazarbayev-intellectual-schools) ... ### Bachelor of Science - BS, Chemistry at [Nazarbayev University](https://www.linkedin.com/school/aoe-nazarbayev-university) ... 2022 - 2027 (5 years) in Astana, Kazakhstan ... Nazarbayev University is a higher education institution. Nazarbayev University is a leading university in Central Asia and Kazakhstan. Nazarbayev University has 1,000-2,000 employees (+6-7% YoY), founded in 2010. Headquartered in Astana, Kazakhstan. Its workforce is distributed across 47 countries (including Kazakhstan, United States, United Kingdom, Canada, and Pakistan). Research output of 10,000-20,000 works, primarily in Engineering, Medicine, and Social Sciences. Funds research behind 2,000-3,000 works. ... Activities: Activities and Societies: Chemistry Olympiads winner ... ### International Chemistry Olympiad 2022 - Silver Medal ... Jul 2022 ... ### International Mendeleev Chemistry Olympiad 2022 - Silver Medal ... ### National Chemistry Olympiad 2022 - Gold Medal"
kaz-2a649bf1de05,Sultan Aitekenov,IChO,2008,confirmed,Canadian provincial government,,https://ca.linkedin.com/in/sultan-aitekenov,,,no_current_affiliation_extracted,selected_no_current_extracted,,,selected,explicit_bridge,100,True,True,True,False,,,108b751dee6f7b2ae9c9d82ef7a989e0,"""Sultan Aitekenov"" Kazakhstan IChO Olympiad 2008 current employer university role",0.007,1,Sultan Aitekenov,https://ca.linkedin.com/in/sultan-aitekenov,profile,"### Data Scientist - [Nazarbayev University](https://www.linkedin.com/school/aoe-nazarbayev-university) ... Jan 2020 - May 2023 (3 years and 4 months) in Astana, Kazakhstan ... Nazarbayev University is a top research university in Kazakhstan. ... Department: Research • Level: Specialist ... Nazarbayev University is a higher education institution. Nazarbayev University is a leading university in Central Asia and Kazakhstan. Nazarbayev University has 1,000-2,000 employees (+6-7% YoY), founded in 2010. Headquartered in Astana, Kazakhstan. Its workforce is distributed across 47 countries (including Kazakhstan, United States, United Kingdom, Canada, and Pakistan). Research output of 10,000-20,000 works, primarily in Engineering, Medicine, and Social Sciences. Funds research behind 2,000-3,000 works. ... ### Research Assistant and Educator - Ministry of Education and Nazarbayev University ... Oct 2015 - Dec 2019 (4 years and 2 months) in Astana, Kazakhstan ... - Prepared the brightest students in Kazakhstan to compete in Olympiads and other high profile competitions. - Programmed algorithms for Quantum Physics and Thermodynamics research projects. ... ### Master's degree, Computational Physical Chemistry, With Honours at [Moscow State University](https://www.linkedin.com/school/moscow-state-university) ... 2008 - 2013 (5 years) in Moscow, Russian Federation ... ### International Chemistry Olympiad Medalist - IChO ... Jul 2008 ... Silver Medallist in the 40th International Chemistry Olympiad (IChO). 257 contestants from 66 countries. The most prestigious Olympiad in Chemistry."
kaz-c884dd65cdc8,Sultan Dalipov,IOI,2003,confirmed,Dalip.kz,Founder and Serial Entrepreneur,https://kz.linkedin.com/in/sultan-dalipov-620ba924,,,no_current_affiliation_extracted,selected_no_current_extracted,,,selected,explicit_bridge,100,True,True,True,False,,,8ad6a8eb56b9f7e2c19dc23bbeb69c53,"""Sultan Dalipov"" Kazakhstan IOI Olympiad 2003 current employer university role",0.007,1,Sultan Dalipov,https://kz.linkedin.com/in/sultan-dalipov-620ba924,profile,"Hi, I'm Sultan Dalipov, a serial entrepreneur who has built 5 successful companies. I was born in Kazakhstan, city Aktobe in 1986. At school time was one of the best computer programmer in Kazakhstan and at 10th grade joined national team in IOI 2003 (International Olympiad in Informatics) in USA, Wisconsin. After five years of programming, I decided to go into business. I graduated KIMEP university with cum laude degree and got my BSc degree in Business Administration and Finance. Then I graduated NAZARBAYEV university with joint FUQUA SCHOOL OF BUSINESS program with cum laude degree and got my Executive MBA degree. I am also a proud father of 5 children and a husband to a wonderful woman To date, I have launched my 5 different businesses, and never failed. PEGAS - chain of car washes in Astana, having 2 locations and more than 20 employees. CNKZ - property management company in Astana, capital of Kazakhstan. Managing now more than 180,000 sqr ft and having more than team of 5 employees. MANTELLO - retail stores, having 12 stores in 10 different cities and team more than 30 employees. DEL PIERO - shoes retail stores, having 2 shops in 2 different cities and 5 employees. BARISTA - chain of business coffee shops, having now 8 branches and more than 20 employees. Achievements: Letter of Thanks from President of Kazakhstan - Kassym-Zhomart Tokayev Best Business trainer & mentor of the year by People Awards Labour Award medal by ""Honor of the Country"" Republican Public Foundation Expertise: 1. I have trained 7000+ People in my ""Squared Success” training program. 2. I have coached 400+ Business Owners in my Business Breakfast program. 3. I have trained 100+ Business Owners in my ""Sales & Negotiation” training program. 4. I have consulted 40+ Businesses in manufacturing,"
kaz-aec3847e43a0,Temirkhan Zimanov,IMO,2016;2017,confirmed,,,https://linkedin.com/in/hcps42,,,no_current_affiliation_extracted,selected_no_current_extracted,,,selected,explicit_bridge,100,True,True,True,False,,,53eaa7fddc61eb7faa83f24a6e66be31,"""Temirkhan Zimanov"" Kazakhstan IMO Olympiad 2016;2017 current employer university role",0.007,1,Temirkhan Zimanov,https://linkedin.com/in/hcps42,profile,"Kazakhstan (KZ) ... ### [Высшая Школа Экономики](https://www.linkedin.com/school/высшая-школа-экономики) ... 2020 - 2025 (5 years) in Moscow, Russian Federation ... Higher School of Economics is a higher education institution. HSE University is one of the top universities in Russia and the leader in Eastern Europe and Eurasia in economics and social sciences. Higher School of Economics has 1,000-2,000 employees (+10% YoY) and has annual revenue in the $1M-$10M range, founded in 1992. Headquartered in Moscow, Russia. Its workforce is distributed across 71 countries (including Russia, Germany, Serbia, United Kingdom, and United States). ... ### International Mathematical Olympiad 2017 — Silver Medal ... Jul 2017 ... ### International Mathematical Olympiad 2016 — Silver Medal ... Jul 2016"
kaz-1725a7f689f9,Yersultan Pitebay,IPhO,2021;2022;2023,confirmed,Massachusetts Institute of Technology (MIT),Physics Student,https://linkedin.com/in/yersultan-pitebay-81bb9a2bb,,,no_current_affiliation_extracted,selected_no_current_extracted,,,selected,explicit_bridge,100,True,True,True,False,,,ec5273fbecaf3660d4df45a856a06cdd,"""Yersultan Pitebay"" Kazakhstan IPhO Olympiad 2021;2022;2023 current employer university role",0.007,1,Yersultan Pitebay,https://linkedin.com/in/yersultan-pitebay-81bb9a2bb,profile,"Student at Massachusetts Institute of Technology ... Student at Massachusetts Institute of Technology ... ### Undergraduate Researcher - [Research Laboratory of Electronics at MIT](https://www.linkedin.com/company/research-laboratory-of-electronics-at-mit) ... Apr 2024 - Aug 2024 (4 months) in Cambridge, Massachusetts, United States ... ### Bachelor of Science - BS, Physics at [Massachusetts Institute of Technology](https://www.linkedin.com/school/mit) ... 2023 - 2027 (4 years) in Cambridge, Massachusetts, United States ... Massachusetts Institute of Technology ... Massachusetts Institute of Technology ... Massachusetts Institute of Technology has 10 ... -20,00 ... 1. Headquartered in Cambridge, Massachusetts, United States. Its workforce is distributed across ... ### IPhO Silver Medal ... Issued by: International Physics Olympiad ... Jul 2023 ... ### IOAA Gold Medal ... Issued by: International Olympiad on Astronomy and Astrophysics ... Aug 2022"
kaz-afd3a80b5994,Igor Ganichev,IMO,2000;2001;2002,confirmed,Private hedge fund,Quantitative Researcher,https://www.linkedin.com/in/igor-ganichev-067bba16,a private hedge fund,Quantitative Researcher,organization_match,integrated,,,selected,explicit_bridge,98,True,False,True,True,,,6f60198e4bb75a1c6af3b49cf5737ba8,"""Igor Ganichev"" Kazakhstan IMO Olympiad 2000;2001;2002 current employer university role",0.007,1,Igor Ganichev,https://linkedin.com/in/igor-ganichev-067bba16,profile,"### Quantitative Researcher - [a private hedge fund](https://www.linkedin.com/company/a-private-hedge-fund) (Current) ... May 2020 - Present (6 years and 2 months) ... ### PhD Candidate - [UC Berkeley](https://www.linkedin.com/school/uc-berkeley) ... - Jun ... , challenges convention, and expands ... 10,000-20,000 employees (+3-4% YoY) and has annual revenue in the $2B-$3B range, founded ... California, United ... . Its workforce is distributed across 82 countries (including United ... , China, United Kingdom, Canada, and India). Research output of 300,000-400,000 works, primarily in Physics and Astronomy, Engineering, and Biochemistry, Genetics and Molecular Biology. Funds research behind 200-300 works. ... ### Doctor of Philosophy (Ph.D.), Computer Science at [University of California, Berkeley](https://www.linkedin.com/school/uc-berkeley) ... 2006 - 2011 (5 years) in Berkeley, California, United States ... University of California, Berkeley is a higher education ... . UC Berkeley is a university that pushes the boundaries of knowledge, challenges convention, and expands opportunity to create the leaders of tomorrow. University of California, Berkeley has 10,000-20,000 employees (+3-4% YoY) and has annual revenue in the $2B-$3B range, founded in 1868. Headquartered in Berkeley, California, United States. Its workforce is distributed across 82 countries (including United States, China, United Kingdom, Canada, and India). Research output of 300,000-400,000 works, primarily in Physics and Astronomy, Engineering, and Biochemistry, Genetics and Molecular Biology. Funds research behind 200-300 works. ... ### Gold and Two Silver Medals at International Mathematics Olympiads (IMO)"
kaz-462ea4363511,Denis Ovchinnikov,IMO,2010,confirmed,NVIDIA,Senior Deep Learning Algorithms Engineer,https://www.linkedin.com/in/denis-ovchinnikov-math,,,no_current_affiliation_extracted,selected_no_current_extracted,,,selected,explicit_bridge,95,True,False,True,True,,,23a669320e0e1717b94cad29f6630882,"""Denis Ovchinnikov"" Kazakhstan IMO Olympiad 2010 current employer university role",0.007,4,Denis Ovchinnikov,https://linkedin.com/in/denis-ovchinnikov-math,profile,", scikit-learn, basics of pytorch), visualisation tools (matplotlib, plotly, folium, dash). • SQL. • Probability and statistics: CLT, confidence intervals, significance testing, Bayesian statistics. • Large language models: experience implementing from scratch for high-performance use cases on custom hardware. • Machine learning: Regression (OLS, ridge, lasso, logistic regression, etc), decision trees, clustering. • Neural networks: backpropagation, gradient descent (including some modifications, e.g. Adam). • IBM Cloud tools: Watson, IBM db2, Foundry, etc. • Data visualization: Tableau, Looker. • Complexity and algorithms: theoretical knowledge and the ability to design and study algorithms in practical situations A PhD holder in Mathematics, I currently am a Software Engineer at Cornami, working on designing and implementing FHE-related algorithms. My passion is problem solving: I won gold medals at both IMO and IMC (two of the biggest international mathematics competition for high school and college students). I love designing, implementing and analyzing algorithms. I also enjoy working with data and obtaining insights from it. Most of my research involves probability theory, statistics and algorithmic theory. I also have extensive experience with coding, for my research, as well as for my own projects. My research includes (but is not limited to) analyzing complexity of algorithms in algebra and I have several papers on the subject that are published in top mathematics journals. In the past I worked at Stevens Institute of Technology which is known for it's research in the field, thus I have a lot of experience working with abstract algorithms, complexity theory and some cryptography theory. I believe myself to be an excellent communicator as I’ve"
kaz-c6c074aef2cf,Temirlan Baibolov,IOI,2019;2020,confirmed,Harbour.Space University,Frontend Lead Developer,https://linkedin.com/in/bthero,,,no_current_affiliation_extracted,selected_no_current_extracted,,,selected,explicit_bridge,95,True,True,False,False,,,da211c8b14ca4c67e59f26569becb2d5,"""Temirlan Baibolov"" Kazakhstan IOI Olympiad 2019;2020 current employer university role",0.007,1,Temirlan Baibolov,https://linkedin.com/in/bthero,profile,"I have been involved in competitive programming from the early days of school. I enjoy solving challenging problems and I have fun participating in contests on Codeforces, Codechef, Atcoder etc. I had a great opportunity to represent my country in International Olympiad in Informatics twice in 2019 and 2020. I am planning to become a successful Full-Stack developer in the future whilst also maintaining my position as a highly competitive problem solver. ... ### Frontend Lead Developer - [HARBOUR.SPACE](https://www.linkedin.com/school/harbour-space) ... HARBOUR. ... Spain, with ... Kingdom, and Russia). ... .SPACE is an educational ... ### Bachelor's degree, Information Technology, 1 at [Suleyman Demirel University](https://www.linkedin.com/school/sdu-kz) ... 2020 - 2021 (1 year) in Kazakhstan ... Suleyman Demirel University is a higher education institution. SDU University is a university that offers various academic programs and conducts research in various fields. Suleyman Demirel University has 90-100 employees (8-9% YoY decline), founded in 1996. Headquartered in Kazakhstan. Its workforce is distributed across 9 countries (including Kazakhstan, Turkey, United States, Germany, and Australia)."
kaz-66f479eb4560,Aidos Kuatov,IBO,2012,confirmed,University of Massachusetts Dartmouth,PhD Student and Research Assistant,https://www.linkedin.com/in/aidoskuatov,University of Massachusetts Dartmouth,PhD Student & Research Assistant,organization_match,not_applicable,,,selected,olympiad_context,93,True,False,False,True,,,e636e6411b48636d18e2a7cbb93b5b75,"""Aidos Kuatov"" Kazakhstan IBO Olympiad 2012 current employer university role",0.007,1,Aidos Kuatov,https://linkedin.com/in/aidoskuatov,profile,"### PhD Student & Research Assistant - [University of Massachusetts Dartmouth](https://www.linkedin.com/company/university-of-massachusetts-dartmouth) (Current) ... Curriculum and Methodology Specialist - [BILIM-INNOVATION International Social ... 20 ... - Instructed biology lessons for 7th to 10th grade students in English language. ... - Trained and mentored 20 students for biology regional, national, international Olympiads. Contributed to the school’s ranking rise from 31st place to 11th among the top 100 school in Kazakhstan within two years. ... - Trained and mentored 20 students for biology Olympiads contributing to the school’s ranking rise from 16th place to 2nd among the top 100 school in Kazakhstan.. Trained two students who were selected for the Kazakhstan team in the International Biology Olympiad (IBO) in 2019 and 2020. ... Nazarbayev University ... a higher education institution. Nazarbayev ... a leading university ... Asia and Kazakhstan. Nazarbayev University ... ,00 ... -2,0 ... 0 employees (+ ... -7% YoY), founded in 201 ... in Astana, Kazakhstan. Its workforce is distributed across 4 ... including Kazakhstan, ... States, United Kingdom, Canada, and Pakistan ... Research output of ... 10,0 ... 0-20 ... 000 works, primarily in Engineering ... Medicine, and Social Sciences ... ,000- ... 319 ... 037673 ... I’m ... 1%80- ... Түркістан, шынымен, киелі және берекелі жер екен ... Сау бол, Turk ... Bilim-Innovation Ly ... Achieved a ... 2 out of ... 40 ... 1 full ... Olympiad"
kaz-8c9c1b2b81a6,Mikhail Okhin,IMO,1995,confirmed,Fitch Ratings,Senior Software Engineer,https://linkedin.com/in/mikhail-okhin-109129148,Fitch Ratings,Senior Software Engineer,organization_match,not_applicable,,,selected,olympiad_context,93,True,False,False,True,,,7671d5e37e00e95acfc33f8fe8b5eab2,"""Mikhail Okhin"" Kazakhstan IMO Olympiad 1995 current employer university role",0.007,1,Mikhail Okhin,https://linkedin.com/in/mikhail-okhin-109129148,profile,"Senior Software Engineer at Fitch Ratings ... ### Senior Software Engineer - [Fitch Ratings](https://www.linkedin.com/company/fitch-ratings) (Current) ... Apr 2023 - Present (3 years and 3 months) in New York City Metropolitan Area ... : Engineering and Technical • Level: Senior ... ### Master's degree, information systems in business at East Kazakhstan State Technical University ... Activities: Activities and Societies: PARTICIPATION IN THE OLYMPIADS: ... Member of the Mathematical Olympiad IMO, Toronto, Canada"
kaz-f2b0c2f36f45,Nurzhan Ustemirov,IChO,1998,confirmed,DFlow,Solana Rust Developer,https://www.linkedin.com/in/nurzhan,DFlow,Solana Rust Dev,organization_match,not_applicable,,,selected,olympiad_context,93,True,False,False,True,,,bf8247177d69f5e0fe37f679a3653640,"""Nurzhan Ustemirov"" Kazakhstan IChO Olympiad 1998 current employer university role",0.007,1,Nurzhan Ustemirov,https://linkedin.com/in/nurzhan,profile,"### Solana Rust Dev - [DFlow](https://www.linkedin.com/company/dflow-protocol) (Current) ... Startup. Crypto/Solana DEX. Rust on-chain/off-chain dev. ... DFlow is a Technology, Information and Internet company. DFlow has 10-20 employees (+120% YoY), founded in 2021. Headquartered in Chicago, United States, with presence in Nicaragua. Its workforce is distributed across United States and India. Has $7.5M in total funding, with 1 prior funding round. ... ### Research and Teaching ... of Nebraska-Lincoln](https://www.linkedin.com/school/university-of- ... braska-lin ... , India, ... , Brazil, and Canada ... 90,0 ... 100,00 ... Kazakh - Native or bilingual proficiency ... - [2026-07-21 · Nurzhan Ustemirov liked this] [25 years ago, I stood on the other side of this competition - a...](https://www.linkedin.com/posts/anuarnurtazin01_icho2026-internationalchemistryolympiad-activity-7485197033344131072-94uY): 25 years ago, I stood on the other side of this competition - a student representing Kazakhstan at the International Chemistry Olympiad in India (2001), the Netherlands (2002), and Greece (2003) Th... ... - [2026-06-19 · Nurzhan Ustemirov liked this] [A historic moment for Kazakhstan and world boxing. On June 14...](https://www.linkedin.com/posts/a-historic-moment-for-kazakhstan-and-world-activity-7473722636758327296-WS_K): A historic moment for Kazakhstan and world boxing. On June 14, 2026, Mr. Gennadiy Golovkin was officially inducted into the International Boxing Hall of Fame in Canastota, New York, a recognition t..."
kaz-77d19cd54c33,Yernar Batyrzhanov,IBO,2021,confirmed,Ulsan National Institute of Science and Technology (UNIST),Biomedical Engineering Student,https://linkedin.com/in/yernar-batyrzhanov-166028228,,,no_current_affiliation_extracted,not_applicable,,,selected,olympiad_context,85,True,False,False,False,,,02f29542b4010a22c88fdcfcd17c815b,"""Yernar Batyrzhanov"" Kazakhstan IBO Olympiad 2021 current employer university role",0.007,1,Yernar Batyrzhanov,https://linkedin.com/in/yernar-batyrzhanov-166028228,profile,"### Biology Olympiad Mentor - [Republican Scientific and Practical center ""Daryn""](https://www.linkedin.com/company/republican-scientific-and-practical-center-daryn) ... Jan 2023 - Aug 2024 (1 year and 7 months) in Kazakhstan ... - Conducted and delivered lectures at National-level Olympiad camps for 9th-11th grade students, focusing on Molecular Biology, Genetics, and Biochemistry. - Served on the jury committee, contributed to managing the design and grading of National Olympiad papers. - Represented Kazakhstan as part of the delegation to the 34th International Biology Olympiad at Al-Ain, UAE. - Organized training camps for Kazakhstan 35th IBO members. - Represented Kazakhstan as part of the delegation to the 35th International Biology Olympiad at Astana, Kazakhstan. Show less ... Republican Scientific and Practical center ""Daryn"" is an educational institution. D ... .kz is a company ... Republican Scientific and Practical center ... Headquartered in ... ### Bachelor's degree, Biomedical/Medical Engineering at [Ulsan National Institute of Science and Technology](https://www.linkedin.com/school/ulsan-national-institute-of-science-n-technology) ... Ulsan National Institute of Science and Technology is a higher education institution. UNIST is a university that offers various programs and services in education, research, and campus activities. Ulsan National Institute of Science and Technology has 400-500 employees (+20% YoY), founded in 2007. Headquartered in South Korea. Its workforce is distributed across 19 countries (including South Korea, United States, India, Germany, and Singapore). Research output of 20,000-30,000 works, primarily in Engineering, Materials Science, and Biochemistry, Genetics and Molecular Biology. Funds research behind 1,000-2,000 works."
kaz-95803b7b2c5f,Amanzhol Kuantay,IBO,2018;2019,confirmed,UBS,Software Engineer,https://hk.linkedin.com/in/amanzholkuantay,UBS,Software Engineer,organization_match,not_applicable,,,selected,exact_name_only,78,False,True,True,True,,,3eda3afce5ee3251b4bc02df38ee64d3,"""Amanzhol Kuantay"" Kazakhstan IBO Olympiad 2018;2019 current employer university role",0.007,1,Amanzhol Kuantay,https://linkedin.com/in/amanzholkuantay,profile,"### Software Engineer - [UBS](https://www.linkedin.com/company/ubs) (Current) ... ### [The Hong Kong University of Science and Technology](https://www.linkedin.com/school/hkust) ... #### Bachelor of Science - BS Mathematics and Computer Science ... 2019 - 2024 (5 years) in Kowloon, Hong Kong, Hong Kong ... The Hong Kong University of Science and Technology is a higher education institution ... The Hong Kong University of Science and Technology (HKUST) is a top-ranked global university in Hong Kong recognized for cutting-edge research and innovation in science, medical science, engineering, business, and interdisciplinary education. The Hong Kong University of Science and Technology has 2,000-3,000 employees (+10% YoY) and has annual revenue in the $500M-$600M range, founded in 1991. Headquartered in Kowloon, Hong Kong, Hong Kong, with presence in China. Its workforce is distributed ... 47 countries (including Hong Kong, China, United States, United Kingdom, and Canada). Has ... in total funding. Research output ... 70,000-80,000 works, primarily in Engineering, Computer Science, and Materials Science. Funds research behind 1,000-2,000 works. ... 2026-07-12 · Amanzhol Kuantay liked this] [It is truly unbelievable. I am honored to be holding five gold...](https://www.linkedin.com/posts/dr-samat-maxutov-413651b0_it-is-truly-unbelievable-i-am-honored-to-activity-7482128704521986049-LRA7): It is truly unbelievable. I am honored to be holding five gold medals out of a possible five as the team leader of an extraordinary group of students. At the International Physics Olympiad (IPhO) 2... ... 26-0 ... Amanzhol Kuantay ... 🚀 Guldana Abduali is originally from Kazakhstan ... https://www ... /limon-kg_guldana-abduali-is-originally-from- ... pursuing education abroad"
kaz-a2011ec03297,Renat Bekbolatov,IMO,1996;1997;1998,confirmed,Genie,Software Developer,https://www.linkedin.com/in/bekbolatov,"Genie, Inc",Software Developer,organization_match,not_applicable,,,selected,exact_name_only,78,False,True,True,True,,,a6d33b318044fa7057455ae37bd26959,"""Renat Bekbolatov"" Kazakhstan IMO Olympiad 1996;1997;1998 current employer university role",0.007,1,Renat Bekbolatov,https://linkedin.com/in/bekbolatov,profile,"Engineer at Genie 🇺🇸 ... ### Software Developer - [Genie, Inc.](https://www.linkedin.com/company/genieinc) (Current) ... Genie, Inc. ... , Inc. ... ### 1st place ... Issued by: Kazakhstan National Math Olympiad ... Jan 1998 ... ### Bronze Medal ... Issued by: International Math Olympiad ... Jan 1998 ... ### 1st place ... Issued by: Kazakhstan National Math Olympiad ... Jan 1997 ... 1997"
kaz-09e9190640e1,Vitaliy Tsvayer,IMO,1997,confirmed,Self-employed,Software Architect and Backend Engineer,https://tr.linkedin.com/in/vitaliy-tsvayer,Remote,Software Architect Backend Engineer & Tech Lead,organization_match,not_applicable,,,selected,exact_name_only,78,False,True,True,True,,,75450b408b1052c27e0b2f0044b79563,"""Vitaliy Tsvayer"" Kazakhstan IMO Olympiad 1997 current employer university role",0.007,1,Vitaliy Tsvayer,https://linkedin.com/in/vitaliy-tsvayer,profile,"### Software Architect Backend Engineer & Tech Lead - Remote (Current) ... Aug 2017 - Present (8 years and 11 months) in Antalya, Turkey ... 2010 - Aug 20 ... countries (including Russia ... ### Awarded to Silver medal at Kazakhstan Math Olympiads, 1997 ... ### Participated in 38th International Math Olympiad as a contestant (Mar del Plata, Argentina), 1997"
kaz-cfbf52394abd,Adilkhan Sarsen,IPhO,2016,confirmed,Higgsfield AI,Head of Applied ML,https://www.linkedin.com/in/adilkhan-sarsen-b62749140/,,,no_current_affiliation_extracted,not_applicable,,,selected,exact_name_only,73,False,True,False,True,,,bfecf82ecbd11bf0c59c016332a6e279,"""Adilkhan Sarsen"" Kazakhstan IPhO Olympiad 2016 current employer university role",0.007,1,Adilkhan Sarsen,https://linkedin.com/in/adilkhan-sarsen-b62749140,profile,"Head of Applied ML ... Kazakhstan (KZ) ... Head of Applied ML ... ### [Higgsfield AI](https://www.linkedin.com/company/higgsfield) ... #### Head of Applied ML (Current) ... 2026 - Present (6 months) ... Higgsfield ... ### Graduate Research And Teaching Assistant - [Institute of Smart Systems and Artificial Intelligence - Nazarbayev University](https://www.linkedin.com/company/institute-of-smart-systems-and-artificial-intelligence) ... Institute of Smart Systems and Artificial Intelligence - Nazarbayev University is an educational institution. Institute of Smart Systems and Artificial Intelligence (issai) is a driver of research and innovation in the digital sphere of Kazakhstan. They conduct interdisciplinary research on machine intelligence to solve real-world problems of industry and society. Institute of Smart Systems and Artificial Intelligence - Nazarbayev University has 40-50 employees, founded in 2019. Headquartered in Astana, Kazakhstan. Its workforce is distributed across Kazakhstan, United Kingdom, and India. ## Education ... ### [Nazarbayev University](https://www.linkedin.com/school/aoe-nazarbayev-university) ... 2016 - 2020 (4 years) in Astana, Kazakhstan ... Nazarbayev University is a higher education institution. Nazarbayev University is a leading university in Central Asia and Kazakhstan. Nazarbayev University has 1,000-2,000 employees (+6-7% YoY), founded in 2010. Headquartered in Astana, Kazakhstan. Its workforce is distributed across 47 countries (including Kazakhstan, United States, United Kingdom, Canada, and Pakistan). Research output of 10,000-20,000 works, primarily in Engineering, Medicine, and Social Sciences. Funds research behind 2,000-3,000 works."
kaz-15c5ca0ee628,Alibek Sailanbayev,IMO,2012;2013,confirmed,National Information Technologies JSC (NITEC),Managing Director for AI,https://kz.linkedin.com/in/alibek-sailanbayev,NITEC,Managing Director of AI,organization_match,not_applicable,,,selected,exact_name_only,73,False,True,False,True,,,380a129fdcac1861295d30ea7623e717,"""Alibek Sailanbayev"" Kazakhstan IMO Olympiad 2012;2013 current employer university role",0.007,1,Alibek Sailanbayev,https://kz.linkedin.com/in/alibek-sailanbayev,profile,"Managing Director of AI @ NITEC | AI Strategist & Engineer | AI in GovTech ... Kazakhstan (KZ) ... ### Managing Director of AI - [NITEC](https://www.linkedin.com/company/nitec2024) (Current) ... Dec 2025 - Present (7 months) in Astana, Kazakhstan ... Management • Level: Director ... NITEC is a government agency. The company is the operator of the digital government and IT projects in Kazakhstan. They have 24 years of experience and a team of 1900 professionals in 20 municipalities. Their mission is to provide innovative and efficient information technology solutions to the public. NITEC has 100-150 employees (+40% YoY), founded in 2000. Headquartered in Astana, Kazakhstan. Its workforce is distributed across 7 countries (including Kazakhstan, Canada, United Arab Emirates, Malaysia, and Italy). ... ### Bachelor of Science - BS Applied Mathematics at [Nazarbayev University](https://www.linkedin.com/school/aoe-nazarbayev-university) ... 2013 - 2017 (4 years) in Astana, Kazakhstan ... Nazarbayev University is a higher education institution. Nazarbayev University is a leading university in Central Asia and Kazakhstan. Nazarbayev University has 1,000-2,000 employees (+6-7% YoY), founded in 2010. Headquartered in Astana, Kazakhstan. Its workforce is distributed across 47 countries (including Kazakhstan, United States, United Kingdom, Canada, and Pakistan). Research output of 10,000-20,000 works, primarily in Engineering, Medicine, and Social Sciences. Funds research behind 2,000-3,000 works. ... Aug 2013 ... ### International Zhautykov Olympiad ... Jan 2013 ... in 2013 and 2012. ... Aug 2012 ... ### National Mathematical Olympiad of Kazakhstan ... May 2012 ... Medals in 2013 and 2012."
kaz-380ff32a092b,Amir Bralin,IPhO,2013;2014,confirmed,Texas Tech University,Postdoctoral Research Associate,https://linkedin.com/in/amirbralin,Texas Tech University,Postdoctoral Research Associate,organization_match,not_applicable,,,selected,exact_name_only,73,False,True,False,True,,,433dc626afd29aeeae371c85cde53198,"""Amir Bralin"" Kazakhstan IPhO Olympiad 2013;2014 current employer university role",0.007,1,Amir Bralin,https://linkedin.com/in/amirbralin,profile,"### Postdoctoral Research Associate - [Texas Tech University](https://www.linkedin.com/company/texas-tech-university) (Current) ... 20 ... - Present in Lub ... ### Bachelor of Science - BS, Physics at [Nazarbayev University](https://www.linkedin.com/school/aoe-nazarbayev-university) ... 2014 - 2018 (4 years) in Astana, Kazakhstan ... Nazarbayev University is a higher education institution. Nazarbayev University is a leading university in Central Asia and Kazakhstan. Nazarbayev University has 1,000-2,000 employees (+6-7% YoY), founded in 2010. Headquartered in Astana, Kazakhstan. Its workforce is distributed across 47 countries (including Kazakhstan, United States, United Kingdom, Canada, and Pakistan). Research output of 10,000-20,000 works, primarily in Engineering, Medicine, and Social Sciences. Funds research behind 2,000-3,000 works."
kaz-5e6bd77516c5,Askarbek Zadauly,IOI,2001,confirmed,ZINE,Frontend Developer,https://linkedin.com/in/askarbek-zadauly-264b8662,ZINE,Frontend Developer,organization_match,not_applicable,,,selected,exact_name_only,73,False,True,False,True,,,520bb368390f5c90e0330116dc96fc0b,"""Askarbek Zadauly"" Kazakhstan IOI Olympiad 2001 current employer university role",0.007,1,Askarbek Zadauly,https://linkedin.com/in/askarbek-zadauly-264b8662,profile,"# Askarbek Zadauly ... Almaty, Kazakhstan (KZ) ... ### Frontend Developer - [ZINE](https://www.linkedin.com/company/zine) (Current) ... Feb 2017 - Present (9 years and 1 month) ... Department: Engineering and Technical • Level: Specialist ... ZINE is a Advertising Services company. ZINE is an influencer marketing platform for brands, agencies, and influencers. They help brands find the right influencers for their target audience and run campaigns more effectively. They also offer free tools and education. ZINE has 1-10 employees (+20% YoY), founded in 2015. Headquartered in United Kingdom. Its workforce is distributed across Philippines, Kazakhstan, United Kingdom, and United States. ... Department: Engineering and Technical • Level: Specialist ... лист По Стабилизации Решений ОРИС УРИТ СИТ - ... https://www.linkedin.com/company/ ... hmys-plc) ... ### бакалавр, Прикладная математика at КазНУ им. аль-Фараби ... 2001 - 2006 (5 years)"
kaz-12d9dc922ba8,Bogdan Zagribelnyy,IChO,2013,confirmed,Insilico Medicine,Senior Researcher in Medicinal Chemistry and CADD,https://linkedin.com/in/bogdanzagribelnyy,Insilico Medicine,Medicinal chemistry and CADD Senior Researcher,organization_match,not_applicable,,,selected,exact_name_only,73,False,True,False,True,,,e41106c9e356ca2f67938cc183af040e,"""Bogdan Zagribelnyy"" Kazakhstan IChO Olympiad 2013 current employer university role",0.007,1,Bogdan Zagribelnyy,https://linkedin.com/in/bogdanzagribelnyy,profile,"Principal AIDD Scientist at Insilico Medicine | Co-creator of Chemistry42 | Retrosynthesis&AIDD Team Lead ... Principal AIDD Scientist at Insilico Medicine | Co-creator of Chemistry42 | Retrosynthesis&AIDD Team Lead ... ### Medicinal chemistry and CADD Senior Researcher - [Insilico Medicine](https://www.linkedin.com/company/in-silico-medicine) (Current) ... Oct 2017 - Present (8 years and 9 months) ... Responsible for Design and Validation of Chemistry42 AI-platform for automated drug discovery. Former lead of SARS-CoV-2 3CLpro inhibitor project. ... Insilico Medicine (03 ... HK) is a Biotechnology Research company. Insilico Medicine is ... generate AI and automation solutions for longevity and sustainability. Insilico Medicine has 150-200 employees (+3-4% YoY) and has annual revenue in the $70M-$80 ... . Headquartered ... Boston, Massachusetts, ... States, with presence ... and China. Its workforce ... Emirates, United States, Hong Kong, and Canada). ... total funding, with 15 prior funding ... Research output of ... 60-70 works ... in Biochemistry, Genetics ... ### Master of Science - MS, Organic, Medicinal and Pharmaceutical Chemistry, 5.0/5.0 at [Lomonosov Moscow State University (MSU)](https://www.linkedin.com/school/московский-государственный-университет-им.-м.в.-ломоносова-мгу-) ... 2013 - 2019 (6 years) ... Lomonosov Moscow State University (MSU) ... Lomonosov Moscow State University ... Headquartered in Soviet Union ... distributed across 36 countries ... United States, Ukraine, ... Kingdom). Research output of ... 00,000-2 ... 00 works, primarily in Physics and Astronomy, Engineering, and Materials Science. Funds research behind 700-800 works."
kaz-7f81bf383084,Daulet Kurmantayev,IPhO,2014;2015,confirmed,Tele2 Kazakhstan,Junior Data Scientist,https://kz.linkedin.com/in/daulet-kurmantayev-41912a176,Tele2 Kazakhstan,Junior Data Scientist,organization_match,not_applicable,,,selected,exact_name_only,73,False,True,False,True,,,02722fd3c20d9c0c95e9eaabcbe1c738,"""Daulet Kurmantayev"" Kazakhstan IPhO Olympiad 2014;2015 current employer university role",0.007,1,Daulet Kurmantayev,https://linkedin.com/in/daulet-kurmantayev-41912a176,profile,"Data Scientist at MT-S ... Kazakhstan (KZ) ... Data Scientist at MT-S ... ### Junior Data Scientist - [Tele2 Kazakhstan](https://www.linkedin.com/company/mobile-telecom-service) (Current) ... May 2023 - Present (2 years and 11 months) in Almaty, Kazakhstan ... Tele2 Kazakhstan is a Telecommunications company. Tele2 is a telecommunications company that creates new products and services, implements new technological solutions, and aims to provide the best services for its users. Tele2 Kazakhstan has 500-600 employees (+10% YoY), founded in 2016. Headquartered in Almaty, Kazakhstan. Its workforce is distributed across 13 countries (including Kazakhstan, United States, Russia, Germany, and Qatar). ... ### Master's degree, Electrical and Electronics Engineering at [Ulsan National Institute of Science and Technology](https://www.linkedin.com/school/ulsan-national-institute-of-science-n-technology) ... 2015 - 2020 (5 years) in South Korea ... Ulsan National Institute of Science and Technology ... a higher education institution. UNIST ... education, research, and ... Ulsan National Institute of Science and Technology ... 400 ... 500 ... 0% YoY), founded ... 2007. ... South Korea. Its workforce ... including South Korea, United States, India, Germany ... ). Research output ... -30,000 works, primarily ... Engineering, Materials Science ... and Biochemistry, Genetics and Molecular ... 2,00 ... ### Bachelor's degree, Electrical and Electronics Engineering at [Korea Advanced Institute of Science and Technology](https://www.linkedin.com/school/한국과학기술원-kaist-) ... 2015 - 2020 (5 years) in Daejeon, South Korea ... Korea Advanced Institute ... Daejeon ... , Materials Science ... and Computer Science ... Funds research behind ... 900"
kaz-22487c0da1b1,Khairosh Yerzhan,IOI,2002,confirmed,Siemens Energy,Senior Automation Engineer,https://linkedin.com/in/khairosh,Siemens Energy,Senior Automation Engineer,organization_match,not_applicable,,,selected,exact_name_only,73,False,True,False,True,,,0f92e9a9ce2eae86c75a5a0d92c38d37,"""Khairosh Yerzhan"" Kazakhstan IOI Olympiad 2002 current employer university role",0.007,1,Khairosh Yerzhan,https://linkedin.com/in/khairosh,profile,"# Khairosh Yerzhan ... Senior Automation Engineer at Siemens Qatar ... Senior Automation Engineer at Siemens Qatar ... ### Senior Automation Engineer - [Siemens Energy](https://www.linkedin.com/company/siemens-energy) (Current) ... Jul 2020 - Present (6 years) in Doha, Qatar ... Department: Engineering and Technical ... Level: Senior ... ### Programmer - [Tengizchevroil](https://www.linkedin.com/company/ ... engizchevroil) ... Sep 2007 - Oct 2008 (1 year and 1 month) in Atyrau, Kazakhstan ... Programmer at EDMS and Business Applications groups. ... Department: Engineering and Technical • Level: Specialist ... ### Specialist, Information Systems at Kazakh-British Technical University ... 2002 - 2007 (5 years)"
kaz-3dd740673c5d,Maxat Aipanov,IOI,1998,confirmed,Kcell,Head of Intelligent Systems Development,https://kz.linkedin.com/in/maxat-aipanov-192903a3,,,no_current_affiliation_extracted,not_applicable,,,selected,exact_name_only,73,False,True,False,True,,,2db582ae5678d03dbe88638a44546159,"""Maxat Aipanov"" Kazakhstan IOI Olympiad 1998 current employer university role",0.007,1,Maxat Aipanov,https://linkedin.com/in/maxat-aipanov-192903a3,profile,"Almaty, Kazakhstan (KZ) ... . Extensive prior experience ... ### [Kcell JSC](https://www.linkedin.com/company/kcell-jsc) ... #### Head of Intelligent Systems Development (Current) ... Kcell JSC (KCELL.AIX) is a Telecommunications company. Kcell JSC has 600-700 employees (+7-8% YoY) and has annual revenue in the $200B-$300B range, founded in 1998. Headquartered in Almaty, Kazakhstan, with an office in Алматы. Its workforce is distributed across 12 countries (including Kazakhstan, Netherlands, South Korea, Tajikistan, and United Kingdom). IPO 2012. ... ### Master's Degree, Computer Science at [Universität des Saarlandes](https://www.linkedin.com/school/saarland-university) ... ) in Saarbrücken, Saarland, Germany ... Universität des Saar ... ### Master's Degree, Information Systems at [Kazakh-British Technical University](https://www.linkedin.com/school/kazakhbritishtechnicaluniversity) ... 2004 - 2006 (2 years) in Almaty, Kazakhstan ... Kazakh-British Technical University is an educational institution. KBTU is a technical university in Kazakhstan that offers education in English language. They provide international level diplomas and have a strong focus on technical education. Kazakh-British Technical University has 100-150 employees (+10% YoY), founded in 2001. Headquartered in Almaty, Kazakhstan. Its workforce is distributed across 8 countries (including Kazakhstan, United Kingdom, Hungary, Italy, and United States). Research output of 1,000-2,000 works, primarily in Engineering, Materials Science, and Computer Science. ... ### Bachelor's Degree, Computer Engineering at [Suleyman Demirel University](https://www.linkedin.com/school/suleyman-demirel-university-qazaqstan) ... 1999 - 2004 (5 years) in Kazakhstan"
kaz-2523ce5463b9,Meiirbek Baimuratov,IBO,2019,confirmed,University of Padua,Master's Student in Computer Science,https://www.linkedin.com/in/meiirbek-baimuratov/,Bloomberg,Software Engineer Intern,organization_change,not_applicable,,,selected,exact_name_only,73,False,True,False,True,,,7c2f9c4744783e52a3468f362b64b198,"""Meiirbek Baimuratov"" Kazakhstan IBO Olympiad 2019 current employer university role",0.007,1,Meiirbek Baimuratov,https://linkedin.com/in/meiirbek-baimuratov,profile,"### Software Engineer Intern - [Bloomberg](https://www.linkedin.com/company/bloomberg) (Current) ... AZ is a IT System Custom Software Development company. combridge is a team of IT experts that provides individual solutions in SAP, app development, and IT consulting. They optimize business processes through the implementation of sap systems and develop user-friendly apps for a unique customer experience. They also have a hospitality platform that makes digital ticketing in the VIP sector a standard. ... bridge KAZ has 1-10 employees, founded ... 20 ... 2. Headquartered in Almaty, Kazakhstan. Its workforce is distributed across Germany, Israel, and Kazakhstan. ... ### Master's degree, Computer Science at [Università degli Studi di Padova (UNIPD) / University of Padua](https://www.linkedin.com/school/teabyte-b.ed.-traning-college-katni) ... ### Bachelor's degree, Computer Science at [Nazarbayev University](https://www.linkedin.com/school/aoe-nazarbayev-university) ... 2019 - 2023 (4 years) in Astana, Kazakhstan ... Nazarbayev University is a higher education institution. Nazarbayev University is a leading university in Central Asia and Kazakhstan. Nazarbayev University has 1,000-2,000 employees (+6-7% YoY), founded in 2010. Headquartered in Astana, Kazakhstan. Its workforce is distributed across 47 countries (including Kazakhstan, United States, United Kingdom, Canada, and Pakistan). Research output of 10,000-20,000 works, primarily in Engineering, Medicine, and Social Sciences. Funds research behind 2,000-3,000 works."
kaz-be34a221eedd,Mikhail Shakhmatov,IMO,1997;1998,confirmed,KAZ Minerals,"Manager, Finance IT Projects",https://kz.linkedin.com/in/mikhail-shakhmatov,KAZ Minerals,"Manager, Finance IT Projects",organization_match,not_applicable,,,selected,exact_name_only,73,False,True,False,True,,,4d9d57283e8d1799d084e747463c5b50,"""Mikhail Shakhmatov"" Kazakhstan IMO Olympiad 1997;1998 current employer university role",0.007,1,Mikhail Shakhmatov,https://linkedin.com/in/mikhail-shakhmatov,profile,"# Mikhail Shakhmatov ... Manager, Finance IT Projects at KAZ Minerals ... Almaty, Kazakhstan (KZ) ... Manager, Finance IT Projects at KAZ Minerals ... ### Manager, Finance IT Projects - [KAZ Minerals](https://www.linkedin.com/company/kaz-minerals) (Current) ... Oct 2014 - Present (11 years and 5 months) in Almaty, Kazakhstan ... Department: Project Management • Level: Manager ... ### Bachelor of Arts - BA, Economics at [Boğaziçi University](https://www.linkedin.com/school/bogazici-university) ... 1998 - 2003 (5 years) in Istanbul, Türkiye ... Boğaziçi University is a higher education institution. Boğaziçi Üniversitesi is a university located in Boğaziçi, Turkey. They offer various academic programs and conduct research in various fields. They also provide services such as campus life, student clubs, and support for students. Boğaziçi University has 1,000-2,000 employees (+6-7% YoY), founded in 1863. Headquartered in Istanbul, Turkey. Its workforce is distributed across 20 countries (including Turkey, United States, Germany, United Kingdom, and France)."
kaz-abf1bb1c0e02,Miras Bekbergenov,IChO,2010;2011,confirmed,VACANTE,Chief Commercial Officer,https://kz.linkedin.com/in/miras-bekbergenov-73b54a231,vacante.kz,Chief Commercial Officer,organization_match,not_applicable,,,selected,exact_name_only,73,False,True,False,True,,,740784fa1e200b5fc534df5e5a98af03,"""Miras Bekbergenov"" Kazakhstan IChO Olympiad 2010;2011 current employer university role",0.007,1,Miras Bekbergenov,https://linkedin.com/in/miras-bekbergenov-73b54a231,profile,"Almaty, Almaty, Kazakhstan (KZ) ... ### Chief Commercial Officer - [vacante.kz](https://www.linkedin.com/company/vacante-kz) (Current) ... Aug 2025 - Present (7 months) in Астана, Казахстан ... AI-recruting agent helping HR to accelerate hiring and screening ... ### Bachelor of Science - BS, Chemistry at [Kazakh-British Technical University](https://www.linkedin.com/school/kazakhbritishtechnicaluniversity) ... 2013 - 2017 (4 years) in Almaty, Kazakhstan ... Kazakh-British Technical University is an educational institution. KBTU is a technical university in Kazakhstan that offers education in English language. They provide international level diplomas and have a strong focus on technical education. Kazakh-British Technical University has 100-150 employees (+10% YoY), founded in 2001. Headquartered in Almaty, Kazakhstan. Its workforce is distributed across 8 countries (including Kazakhstan, United Kingdom, Hungary, Italy, and United States). Research output of 1,000-2,000 works, primarily in Engineering, Materials Science, and Computer Science. ... ### Foundation degree at [Назарбаев Университет](https://www.linkedin.com/school/aoe-nazarbayev-university) ... 2012 - 2013 (1 year) in Astana, Kazakhstan ... Nazarbayev University is a higher education institution. Nazarbayev University is a leading university in Central Asia and Kazakhstan. Nazarbayev University has 1,000-2,000 employees (+6-7% YoY), founded in 2010. Headquartered in Astana, Kazakhstan. Its workforce is distributed across 47 countries (including Kazakhstan, United States, United Kingdom, Canada, and Pakistan). Research output of 10,000-20,000 works, primarily in Engineering, Medicine, and Social Sciences. Funds research behind 2,000-3,000 works."
kaz-a8612d505db7,Miras Myrzakerey,IOI,2014,confirmed,Bloomberg,Senior Software Engineer,https://linkedin.com/in/miras-myrzakerey-b37529101,Bloomberg,Senior Software Engineer,organization_match,not_applicable,,,selected,exact_name_only,73,False,True,False,True,,,0bb09e8ecfdf328743e0510f8fd6c207,"""Miras Myrzakerey"" Kazakhstan IOI Olympiad 2014 current employer university role",0.007,1,Miras Myrzakerey,https://linkedin.com/in/miras-myrzakerey-b37529101,profile,"### Senior Software Engineer - [Bloomberg](https://www.linkedin.com/company/bloomberg) (Current) ... May 2025 - Present (1 year and 2 months) ... Department: Engineering and Technical • Level: Senior ... ### [Nazarbayev University](https://www.linkedin.com/school/aoe-nazarbayev-university) ... 2014 - 2018 (4 years) in Astana, Kazakhstan ... Nazarbayev University is a higher education institution. Nazarbayev University is a leading university in Central Asia and Kazakhstan. Nazarbayev University has 1,000-2,000 employees (+6-7% YoY), founded in 2010. Headquartered in Astana, Kazakhstan. Its workforce is distributed across 47 countries (including Kazakhstan, United States, United Kingdom, Canada, and Pakistan). Research output of 10,000-20,000 works, primarily in Engineering, Medicine, and Social Sciences. Funds research behind 2,000-3,000 works."
kaz-e15af1368e42,Mussa Rajamov,IPhO,2012;2013,confirmed,Deutsche Bank,Senior Model Validation Specialist,https://de.linkedin.com/in/mussa-rajamov,,,no_current_affiliation_extracted,not_applicable,,,selected,exact_name_only,73,False,True,False,True,,,201851fe317d64ecc2782da62202c3a2,"""Mussa Rajamov"" Kazakhstan IPhO Olympiad 2012;2013 current employer university role",0.007,1,Mussa Rajamov,https://linkedin.com/in/mussa-rajamov,profile,"Quantitative Analyst | Anti-Financial Crime at Deutsche Bank ... Quantitative Analyst | Anti-Financial Crime at Deutsche Bank ... ### [Deutsche Bank](https://www.linkedin.com/company/deutsche-bank) ... #### Senior Model Validation Specialist (Current) ... Mar 2025 - Present (1 year and 4 months) in Berlin, Germany ... colleagues' work on Anti ... Financial Crime model ... ### Research Assistant - [RWTH Aachen University](https://www.linkedin.com/school/rwth-aachen-university) ... Sep 2019 - Mar 2021 (1 year and 6 months) in Aachen ... Development and maintenance of numerical C++ programs for high energy Physics computation, education of Master's ... in Theoretical Physics. ... ### Master of Science, Theoretical Physics at [Utrecht University](https://www.linkedin.com/school/universiteit-utrecht) ... ### [Orta Doğu Teknik Üniversitesi / Middle East Technical University](https://www.linkedin.com/school/orta-dogu-teknik-universitesi) ... #### Bachelor of Science, Physics ... 2013 - 2017 (4 years) in Ankara, Türkiye ... #### Bachelor of Science, Mathematics ... 2013 - 2017 (4 years) in Ankara, Türkiye ... Orta Doğu Teknik Üniversitesi / Middle East Technical University is ... education institution. METU - Middle East Technical University ... a company that can change the world ... Orta Doğu Teknik Üniversitesi / Middle East Technical University has 2,000-3,000 employees (+3-4% YoY) and has annual revenue in the $80M-$90M range ... Headquartered in Ankara, Turkey, with an office in Bilkent. Its workforce ... distributed across 35 countries (including Turkey, Cyprus, United States, Germany, and United Kingdom). Research output of 30,000-40,000 works, primarily in Engineering, Physics and Astronomy, and Materials Science. Funds research behind 400-500 works."
kaz-d1a89ad778a3,Nurzhan Bakibayev,IOI,2000;2001;2002,confirmed,Jane Street,Software Engineer,https://linkedin.com/in/hypuk,Jane Street,Software Engineer,organization_match,not_applicable,,,selected,exact_name_only,73,False,True,False,True,,,2b53b068009a61ad0086705699f83f33,"""Nurzhan Bakibayev"" Kazakhstan IOI Olympiad 2000;2001;2002 current employer university role",0.007,1,Nurzhan Bakibayev,https://linkedin.com/in/hypuk,profile,"### Software Engineer - [Jane Street](https://www.linkedin.com/company/jane-street-global) (Current) ... ### Advisor - [Nazarbayev University Research and Innovation System](https://www.linkedin.com/school/aoe-nazarbayev-university) ... Nov 2013 - Oct 2014 (11 months) in Astana, Kazakhstan ... Department: Consulting • Level: Specialist ... Nazarbayev University is a higher education institution. Nazarbayev University is a leading university in Central Asia and Kazakhstan. Nazarbayev University has 1,000-2,000 employees (+6-7% YoY), founded in 2010. Headquartered in Astana, Kazakhstan. Its workforce is distributed across 47 countries (including Kazakhstan, United States, United Kingdom, Canada, and Pakistan). Research output of 10,000-20,000 works, primarily in Engineering, Medicine, and Social Sciences. Funds research behind 2,000-3,000 works. ... ### Research Assistant - [University of Oxford](https://www.linkedin.com/school/oxforduni) ... ### FIT - Kazakh-British Technical University ... Sep 2007 - Aug 2010 (2 years and 11 months) ... ### MS Information Systems at Kazakh-British Technical University ... 2007 - 2008 (1 year) ... ### Bachelor Information Systems at Kazakh-British Techincal University ... 2002 - 2007 (5 years) ... [2026-07-0 ... Nurzhan Bakibayev ... друга - Bak ... zhan Baizhikenov - ... лось...](https://www.linkedin.com/ ... друга- ... izhikenov- ... 48059 ... 711788 ... -tW8P): У моего близкого друга - Bak ... han Baizhikenov - ... ное время для технических проектов. Он старший ... чик в Meta (London), ... 2007, один из самых ... ливых и ... тных раз..."
kaz-6b2d94581317,Olzhas Nurpeisov,IChO,2018;2019,confirmed,Laminar,Software Engineer,https://uk.linkedin.com/in/olzhas-nurpeisov,Laminar (YC S24),Software Engineer,organization_match,not_applicable,,,selected,exact_name_only,73,False,True,False,True,,,ebabc4046376f5cedae792a44933efe1,"""Olzhas Nurpeisov"" Kazakhstan IChO Olympiad 2018;2019 current employer university role",0.007,1,Olzhas Nurpeisov,https://linkedin.com/in/olzhas-nurpeisov,profile,"Undergraduate student at KAIST ... ### Software Engineer - [Laminar (YC S24)](https://www.linkedin.com/company/lmnr-ai) (Current) ... Apr 2025 - Present (1 year and 3 months) in Greater London, England, United Kingdom ... ) is a ... company. Laminar is an open ... tracing and evaluating AI ... , and browser agent observability ... ) has ... ### Bachelor's degree, Computer Science at [한국과학기술원(KAIST)](https://www.linkedin.com/school/한국과학기술원-kaist-) ... 2019 - 2024 (5 years) in Daejeon, South Korea ... Korea Advanced Institute of Science and Technology is a higher education institution. Korea Advanced Institute of Science and Technology has 1,000-2,000 employees (+20% YoY), founded in 1971. Headquartered in Daejeon, South Korea. Its workforce is distributed across 35 countries (including South Korea, United States, India, United Kingdom, and Indonesia). Research output of 80,000-90,000 works, primarily in Engineering, Materials Science, and Computer Science. Funds research behind 800-900 works. ... - [2026-07-20 · Olzhas Nurpeisov liked this] [Казахстанец ... стартап, который попал в Y Combinator, а теперь...](https://www.linkedin.com/posts/digitalbusinesskz_ ... хстанец-создал-стартап-который-попал-activity- ... 484820 ... 6183 ... 631 ... -mIHB): Казахстанец создал стартап, который попал ... Y Combinator, а теперь развивает медицинский проект в Кремниевой ... 7-летний Темирлан Мырзахметов ро ... из Темиртау. Парень окон"
kaz-5529282c441f,Roman Cheremnov,IPhO,2026,confirmed,Astana/Almaty Physics Battles Tournament,Head of Department,https://kz.linkedin.com/in/roman-cheremnov-a02b8a341,Astana/Almaty Physics Battles Tournament,Head of Department,organization_match,not_applicable,,,selected,exact_name_only,73,False,True,False,True,,,eb0873983509571f7fd0dd436b231c43,"""Roman Cheremnov"" Kazakhstan IPhO Olympiad 2026 current employer university role",0.007,1,Roman Cheremnov,https://linkedin.com/in/roman-cheremnov-a02b8a341,profile,"Student at Miras International School ... Almaty, Kazakhstan (KZ) ... Student at Miras International School ... ### Head of Department - [Astana/Almaty Physics Battles Tournament](https://www.linkedin.com/company/astphb) (Current) ... Feb 2025 - Present (1 year and 5 months) in Almaty, Kazakhstan ... Lead academic planning and organization for an international physics competition, including creating problems, developing solutions, and ensuring high academic standards. ... Department: General Management • Level: Head ... Astana/Almaty Physics Battles Tournament is a nonprofit organization. Almaty Physics Battles is a II tournament for physical battles in Central Asia. It combines a unique format of team competitions for students in solving Olympic Physics tasks. The tournament is organized exclusively for students and students, with a focus on solving challenging tasks. The tournament is the first tournament in Kazakhstan and Central Asia. Astana/Almaty Physics Battles Tournament has 1-10 employees (+20% YoY), founded in 2023. Headquartered in Almaty, Kazakhstan. ... ### Physics Tutor - Kazakhstan IJSO Team ... Prepared and mentored the national team for the International Junior Science Olympiad through intensive 3-hour daily training sessions, enhancing problem-solving skills and competition readiness. ... ### Problems Setter - Quadrat Olympiad ... ### Miras International School ... 2024 - 2026 (2 years) ... Issued by: International Scientific Physics Olympiad (ISPhO), (Khanty-Mansiysk, Russia) ... Issued by: National Olympiad in Physics (Astana, Kazakhstan) ... Issued by: International Zhautykov Olympiad (Astana, Kazakhstan) ... Issued by: National Olympiad in Physics (Astana, Kazakhstan) ... : International Zhautykov ... Almaty, Kazakhstan) ... 787 ... 0680 ... 6-d"
kaz-0cc4d473da7f,Roman Langolf,IBO,2009,confirmed,AnyMind Group,Technical Lead,https://linkedin.com/in/roman-langolf,AnyMind Group,Technical Lead,organization_match,not_applicable,,,selected,exact_name_only,73,False,True,False,True,,,73cfd25e78618467658d20dc2d5e6a61,"""Roman Langolf"" Kazakhstan IBO Olympiad 2009 current employer university role",0.007,1,Roman Langolf,https://linkedin.com/in/roman-langolf,profile,"in 2007 ... building efficient, reliable, and maintainable ... , while I'm continually learning and evolving. Currently in ... and functional programming ... ### Technical Lead - [AnyMind Group](https://www.linkedin.com/company/anymindgroup) (Current) ... Aug 2022 - Present (3 years and 11 months) ... Department: Engineering and Technical • Level: Head ... AnyMind Group (5027) is a Technology, Information and Internet company. AnyMind Group is an end-to-end Brand Enablement Platform with proprietary software that enables individuals and businesses for brand building, manufacturing, e-commerce, marketing, logistics and global expansion. AnyMind Group has 1,000-2,000 employees (+10% YoY) and has annual revenue in the $300M-$400M range, founded in 2016. Headquartered in Tokyo, Tokyo, Japan, operates in 14 countries (including United States, Singapore, Vietnam, United Arab Emirates, and China). Its workforce is distributed across 36 countries (including Thailand, Indonesia, Vietnam, Japan, and India). IPO 2023. ... Software Engineer - [OVO Energy](https://www.linkedin.com/company/ovoenergy) ... OVO is a Utilities company. OVO has 1,000-2,000 employees (4-5% YoY decline) and has annual revenue in the GBP5B-GBP6B range, founded in 2009. Headquartered in Bristol, United States, with offices in Glasgow and London. Its workforce is distributed across 26 countries (including United Kingdom, Australia, India, South Africa, and United States). Has GBP431M in total funding, with 2 prior funding rounds. ... ### Information Technology at Siemens Berufskolleg für Informations-, Kommunikations- und Automatisierungstechnik - BIKA Düsseldorf ... 2007 - 2008 (1 year) ... ### Bertolt-Brecht-Berufskolleg Duisburg"
kaz-fc66298b9bbf,Salamat Nuraliyev,IOI,2004,confirmed,KAZ Minerals,Full Stack Developer,https://linkedin.com/in/salamat-nuraliyev-6a24b613,KAZ Minerals Management LLP,Full Stack Developer (outstaff),organization_match,not_applicable,,,selected,exact_name_only,73,False,True,False,True,,,09621c15c6d0240673e81778646783a2,"""Salamat Nuraliyev"" Kazakhstan IOI Olympiad 2004 current employer university role",0.007,1,Salamat Nuraliyev,https://linkedin.com/in/salamat-nuraliyev-6a24b613,profile,"# Salamat Nuraliyev ... Kazakhstan (KZ) ... ### Full Stack Developer (outstaff) - [KAZ Minerals Management LLP](https://www.linkedin.com/company/kaz-minerals) (Current) ... Dec 2018 - Present (7 years and 3 months) in Kazakhstant ... Department: Engineering and Technical • Level: Specialist ... Department: Engineering and Technical • Level: Specialist ... ### Bachelor, Computer Engineering at Suleyman Demiral University ... 2004 - 2008 (4 years)"
kaz-663572d0d26e,Shaikhitdin Nezametdinov,IOI,2016,confirmed,Google,Software Engineer,https://www.linkedin.com/in/shaikhitdin,Google,Software Engineer,organization_match,not_applicable,,,selected,exact_name_only,73,False,True,False,True,,,2a66c1ceeb52706564a4a74b8642f813,"""Shaikhitdin Nezametdinov"" Kazakhstan IOI Olympiad 2016 current employer university role",0.007,1,Shaikhitdin Nezametdinov,https://linkedin.com/in/shaikhitdin,profile,"Software Engineer @ Google ... ### Software Engineer - [Google](https://www.linkedin.com/company/google) (Current) ... Aug 2022 - Present (3 years and 11 months) in Mountain View, California, United States ... .linkedin.com/ ... ### Bachelor's degree, Computer Science and Engineering at [Ulsan National Institute of Science and Technology](https://www.linkedin.com/school/ulsan-national-institute-of-science-n-technology) ... 2017 - 2022 (5 years) in South Korea ... Ulsan National Institute of Science and Technology is a higher education institution. UNIST is a university that offers various programs and services in education, research, and campus activities. Ulsan National Institute of Science and Technology has 400-500 employees (+20% YoY), founded in 2007. Headquartered in South Korea. Its workforce is distributed across 19 countries (including South Korea, United States, India, Germany, and Singapore). Research output of 20,000-30,000 works, primarily in Engineering, Materials Science, and Biochemistry, Genetics and Molecular Biology. Funds research behind 1,000-2,000 works. ... Issued: Sep 2016 ... 2-08-19 ... Shaikhitdin Nezametdinov ... linkedin.com ... shaikhitdin ... -to-share-that-im-starting-a-new-activity ... share that I’m starting a new position as Software Engineer at Google! ... - [2025-12-11 · Shaikhitdin Nezametdinov liked this] [By the decree of the President of the Republic of Kazakhstan, I...](https://www.linkedin.com/posts/assel-zhanassova-03b50b31_by-the-decree-of-the-president-of-the-republic-activity-7404784107265720322-IFH2): By the decree of the President of the Republic of Kazakhstan, I have been appointed Deputy Head of the Administration of the President of the Republic of Kazakhstan. I stand ready to faithfully and..."
kaz-0606abc1583b,Shirali Kadyrov,IMO,1999,confirmed,New Uzbekistan University,Associate Professor of Mathematics,https://linkedin.com/in/shirali-kadyrov-0731b6217,New Uzbekistan University,Associate Professor of Mathematics,organization_match,not_applicable,,,selected,exact_name_only,73,False,True,False,True,,,0091e31b9f7b8b5acac158aae3d7716c,"""Shirali Kadyrov"" Kazakhstan IMO Olympiad 1999 current employer university role",0.007,1,Shirali Kadyrov,https://linkedin.com/in/shirali-kadyrov-0731b6217,profile,"### Associate Professor of Mathematics - [New Uzbekistan University](https://www.linkedin.com/school/newuzbekistanuniversity) (Current) ... Aug 2024 - Present (1 year and 11 months) in Tashkent, Uzbekistan ... ### [Suleyman Demirel University, Kazakhstan](https://www.linkedin.com/school/suleyman-demirel-university-kazakhstan) ... Apr 2018 - Oct 2020 (2 years and 6 months) in Qaskeleng, Almaty Qalasy, Kazakhstan ... have faculties and centers ... ciplinary education, continuing education ... education and methodical, and research centers. They also have completed research projects and have completed research centers ... SDU University ... committed to making dreams a reality. SDU University, Kazakhstan has 150-200 ... (+30% YoY) and has annual revenue in the under $1M range, founded in 1996. Head ... , Almaty, ... workforce is distributed across 1 ... countries (including Kazakhstan, United States, Australia, France, and United Kingdom). Research output of 10,000-20,000 works, primarily in Social Sciences, Medicine, and Engineering. Funds research behind 30-40 works ... ### Bachelor of Science - BS, Mathematics at [Boğaziçi University](https://www.linkedin.com/school/bogazici-university) ... 1999 - 2004 (5 years) in Istanbul, Türkiye ... Boğaziçi University is a higher education institution. Boğaziçi Üniversitesi is a university located in Boğaziçi, Turkey. They offer various academic programs and conduct research in various fields. They also provide services such as campus life, student clubs, and support for students. Boğaziçi University has 1,000-2,000 employees (+6-7% YoY), founded in ... 1863. Headquartered in Istanbul, Turkey. Its workforce is distributed across 20 countries (including Turkey, United States, Germany, United Kingdom, and France)."
kaz-40d2fa33ec3e,Syrymbet Iskakov,IOI,2004,confirmed,BI Group,Director of Information Technology,https://kz.linkedin.com/in/syrymbet-iskakov-42335a20,BI Group,Директор по информационным технологиям,organization_match,not_applicable,,,selected,exact_name_only,73,False,True,False,True,,,d9cb5cb81bf90a9a74646395ce542543,"""Syrymbet Iskakov"" Kazakhstan IOI Olympiad 2004 current employer university role",0.007,1,Syrymbet Iskakov,https://linkedin.com/in/syrymbet-iskakov-42335a20,profile,"Chief Executive Officer at Smart Remont ... Kazakhstan (KZ) ... ### Директор по информационным технологиям - [BI Group](https://www.linkedin.com/company/bi-group-development-%26-construction-%26-engineering-) (Current) ... BI Group is a Construction company. BI Group has 800-900 employees (+20% YoY). Headquartered in Kazakhstan, with presence in Canada. Its workforce is distributed across 28 countries (including Kazakhstan, Uzbekistan, United Arab Emirates, United States, and Saudi Arabia). ... ### Chief Executive Officer - [Smart Remont Ltd.](https://www.linkedin.com/company/smart-remont-ltd) ... Smart Remont Ltd. is a Construction company. The company is involved in the construction and project management of projects. Smart Remont Ltd. has 10-20 employees (+20% YoY). Headquartered in Nur-Sultan, Kazakhstan. ... ### Lector - [International Information Technologies University](https://www.linkedin.com/company/international-information-technologies-university) ... Aug 2012 - May 2016 (3 years and 9 months) in Kazakhstan ... International Information Technologies University is a higher education institution. IITU is an international information technologies university that is the leading higher education institution in the Central Asia region in the field of preparing qualified, internationally recognized IT professionals. International Information Technologies University has 20-30 employees (1-2% YoY decline), founded in 2009. Headquartered in Almaty, Kazakhstan. Its workforce is distributed across Kazakhstan, United States, Czechia, and United Kingdom. ... ### Doctor of Philosophy (PhD) Information Technology at IITU ... ### Master Information Systems at IITU ... ### Bachelor Information Systems at KBTU ... 2004 - 2008 (4 years)"
kaz-7907a5491483,Talgat Ismukhamedov,IPhO,2002,confirmed,Honeywell,Cyber Security Consultant,https://ae.linkedin.com/in/talgat-ismukhamedov-a7b77323,Honeywell,Cyber Security Consultant,organization_match,not_applicable,,,selected,exact_name_only,73,False,True,False,True,,,10dac190c88343f2b57ff6da50da8e5a,"""Talgat Ismukhamedov"" Kazakhstan IPhO Olympiad 2002 current employer university role",0.007,1,Talgat Ismukhamedov,https://linkedin.com/in/talgat-ismukhamedov-a7b77323,profile,"Cyber Security Consultant – Honeywell Middle East ... Cyber Security Consultant – Honeywell Middle East ... ### Cyber Security Consultant - [Honeywell](https://www.linkedin.com/company/honeywell) (Current) ... Jan 2020 - Present (6 years and 6 months) in EMEA ... - Review SAT related documentation and execution of SAT tests for network and Server equipment. Preparing Network Infrastructure Integration Procedures, Permanent and Temporary Change Requests. Acting as a member of Infrastructure Team at TCO FGP Project in Kazakhstan. ... ### Master's degree, Physics at Kazakh National University named after al-Farabi ... 2006 - 2008 (2 years) ... ### Bachelor's degree, Physics at Kazakh National University named after al-Farabi ... 2002 - 2006 (4 years)"
kaz-03a266067148,Vladislav Kamysbayev,IChO,2011;2012,confirmed,Intel Corporation,Process Integration Engineer,https://www.linkedin.com/in/vladislav-kamysbayev-83bb81181,,,no_current_affiliation_extracted,not_applicable,,,selected,exact_name_only,73,False,True,False,True,,,9664162fda558d7395428e52e9cbed3e,"""Vladislav Kamysbayev"" Kazakhstan IChO Olympiad 2011;2012 current employer university role",0.007,1,Vladislav Kamysbayev,https://linkedin.com/in/vladislav-kamysbayev-83bb81181,profile,"Process Integration Engineer at Intel Corporation ... Process Integration Engineer at Intel Corporation ... ### [Intel Corporation](https://www.linkedin.com/company/intel-corporation) ... #### Process Integration Engineer (Current) ... Jul 2022 - Present (4 years) in Hillsboro, Oregon, United States ... ### [University of Chicago](https://www.linkedin.com/school/uchicago) ... #### Assistant Manager ... Dec 2017 - May 2020 (2 years and 5 months) in Greater Chicago Area ... manager of the University of Chicago X-ray facilities: SAXSLab SAXS, Bruker powder XRD, Rigaku XRF and Kratos XPS (training new users, instrument upkeep and calibration) ... ### Doctor of Philosophy - PhD, Materials Science at [University of Chicago](https://www.linkedin.com/school/uchicago) ... ### Bachelor of Science - BS, Chemistry, 4.93/5 at [Nanyang Technological University](https://www.linkedin.com/school/ntusg) ... 2012 - 2015 (3 years) in Singapore, Singapore ... Nanyang Technological University Singapore is a higher education institution. Nanyang Technological University is one of the top universities in Singapore offering undergraduate and postgraduate education in engineering, business, science, humanities, arts, social sciences, education and medicine. Nanyang Technological University Singapore has 6,000-7,000 employees (+9-10% YoY) and has annual revenue in the $1B-$2B range, founded in 1990. Headquartered in Singapore, Singapore, with offices in 11 Mandalay Road and 11 Slim Barracks Rise (off North Buona Vista Road). Its workforce is distributed across 56 countries (including Singapore, China, India, United States, and United Kingdom). Research output of 100,000-200,000 works, primarily in Engineering, Computer Science, and Materials Science. Funds research behind 3,000-4,000 works."
kaz-ccdb407317c8,Yerkebulan Tulibergenov,IOI,1999,confirmed,Square,Staff Software Engineer,https://www.linkedin.com/in/yerkebulant,Square,Senior Software Engineer,organization_match,not_applicable,,,selected,exact_name_only,73,False,True,False,True,,,268f3d8c3d46bd135a9264829491c3e6,"""Yerkebulan Tulibergenov"" Kazakhstan IOI Olympiad 1999 current employer university role",0.007,1,Yerkebulan Tulibergenov,https://linkedin.com/in/yerkebulant,profile,"Staff Software Engineer at ... ### Senior Software Engineer - [Square](https://www.linkedin.com/company/joinsquare) (Current) ... Jun 2018 - Present (8 years and 1 month) in San Francisco Bay Area ... Halyk ... is a Investment Banking company. Halyk ... is a leading investment ... focused on central Asia. They ... such as pensions, brokerage, asset management, research, and investment banking. Halyk ... has 50-60 employees (+8-9% YoY), ... in 20 ... in Almaty, Kazakhstan. ... workforce is distributed across Kazakhstan and Hungary. ... ### Senior Programmer - Kazakh National University ... Oct 2000 - Sep 2002 (1 year and 11 months) in Almaty, Kazakhstan ... Worked in Distance Learning Department of the university ... med in Microsoft ... kz Was part of ... ### BSc, Economic Cybernetics at [Al-Farabi Kazakh National University](https://www.linkedin.com/school/kaznu) ... 1999 - 2003 (4 years) in Almaty, Kazakhstan ... Al-Farabi Kazakh National University is a higher education institution. The company is a university called Farabi. It provides online admission services for foreign students, as well as government services. It also offers job opportunities for individuals with disabilities. The university is involved in the development of sustainable development and has a scientific and academic council. It has a research and educational association. Al-Farabi Kazakh National University has 200-300 employees (+40% YoY), founded in 1934. Headquartered in Almaty, Kazakhstan. Its workforce is distributed across 25 countries (including Kazakhstan, United States, India, United Kingdom, and Pakistan). Research output of 10,000-20,000 works, primarily in Social Sciences, Engineering, and Physics and Astronomy. Funds research behind 10-20 works."
kaz-26886bea5396,Yernur Rysmagambetov,IPhO,2002;2003,confirmed,Alem Entertainment,CEO and Director,https://kz.linkedin.com/in/yernur-rysmagambetov,Alem Entertainment GP,Генеральный директор,organization_match,not_applicable,,,selected,exact_name_only,73,False,True,False,True,,,ebd32834a3c9950448daca01500cbb76,"""Yernur Rysmagambetov"" Kazakhstan IPhO Olympiad 2002;2003 current employer university role",0.007,1,Yernur Rysmagambetov,https://kz.linkedin.com/in/yernur-rysmagambetov,profile,"Esil district, Astana, Kazakhstan (KZ) ... ### Генеральный директор - Alem Entertainment GP (Current) ... Jan 2026 - Present (6 months) in Астана, Казахстан ... ### Founder, Chairman of Board - ... Astana, Kazakhstan ... ### Executive MBA Eurasia BRI 4th IR at [Moscow School of Management SKOLKOVO](https://www.linkedin.com/school/skolkovo) ... 2018 - 2020 (2 years) in Russian Federation ... Moscow School of Management SKOLKOVO is ... educational institution. Moscow School of Management SKOLKOVO has ... 200-300 employees (less than 1% YoY decline), founded in ... 2006. Headquartered in Russia. Its workforce is distributed across 27 countries (including Russia, United Arab Emirates, Israel, United States, and Armenia). Research output of 300 ... 400 works, primarily in Social ... etrics and Finance, and Business, Management and Accounting. ... ### Bachelor of Science (BS) Business Economics and Management at [Caltech](https://www.linkedin.com/school/california-institute-of-technology) ... 2003 - 2007 (4 years) in Pasadena, California, United States ... Caltech is a higher education institution. The California Institute of Technology aims to expand human knowledge and benefit society through research integrated with education. Caltech has 3,000-4,000 employees (+2-3% YoY) and has annual revenue in the $3B-$4B range, founded in 1891. Headquartered in Pasadena, California, United States. Its workforce is distributed across 42 countries (including United States, India, United Kingdom, China, and Canada). Has $86.5M in total funding, with 2 prior funding rounds. Research output of 200,000-300,000 works, primarily in Physics and Astronomy, Engineering, and Biochemistry, Genetics and Molecular Biology. Funds research behind 2,000-3,000 works."
kaz-3357e6338568,Yevgeniy Zagayevskiy,IPhO,2005,confirmed,VoltaGrid,Data Scientist and Software Developer,https://www.linkedin.com/in/yevgeniy-zagayevskiy,VoltaGrid,Data Scientist,organization_match,not_applicable,,,selected,exact_name_only,73,False,True,False,True,,,2d859db563b89d905383643ba86a7930,"""Yevgeniy Zagayevskiy"" Kazakhstan IPhO Olympiad 2005 current employer university role",0.007,1,Yevgeniy Zagayevskiy,https://linkedin.com/in/yevgeniy-zagayevskiy,profile,"### Data Scientist - [VoltaGrid](https://www.linkedin.com/company/voltagrid) (Current) ... Jul 2025 - Present ( ... year) in Houston, ... , United States ... is a company that provides infrastructure solutions, power solutions, data centers, microgrids, ... as a service, ... and gas, utility, mining, remote power, grid paralleling, emergency response, electric hydraulic fracturing, gas ... , virtual pipeline ... , refrigeration units, compression units, dehydration units, h2s removal units, and slug catc.[/. ... Grid has 300-400 employees (+6 ... % YoY) and has annual revenue in the ... M-$1 ... range, founded ... 0. Headquartered ... States, with an office in ... . Its workforce is distributed across ... and Canada. Has ... Jan 2009 ... Feb 200 ... ) in Aktau, ... a Oil and ... ### [University of ... ](https://www.linkedin.com/school/university-of-alberta) ... ### Bachelor, Petroleum Engineering at [Kazakh-British Technical University](https://www.linkedin.com/school/kazakhbritishtechnicaluniversity) ... 2005 - 2009 (4 years) in Almaty, Kazakhstan ... Activities: Activities and Societies: Member of SPE Student Chapter at KBTU ... Kazakh-British Technical University is an educational institution. KBTU is a technical university in Kazakhstan that offers education in English language. They provide international level diplomas and have a strong focus on technical education. Kazakh-British Technical University has 100-150 employees (+10% YoY), founded in 2001. Headquartered in Almaty, Kazakhstan. Its workforce is distributed across 8 countries (including Kazakhstan, United Kingdom, Hungary, Italy, and United States). Research output of 1,000-2,000 works, primarily in Engineering, Materials Science, and Computer Science."
kaz-f67b534425a5,Zhaslan Baraissov,IPhO,2010;2011,confirmed,Cornell University,PhD Candidate,https://linkedin.com/in/zhaslan-baraissov-5460b1151,Cornell University,PhD candidate,organization_match,not_applicable,,,selected,exact_name_only,73,False,True,False,True,,,a5d848c262b4c02e35a7afe546b1e823,"""Zhaslan Baraissov"" Kazakhstan IPhO Olympiad 2010;2011 current employer university role",0.007,1,Zhaslan Baraissov,https://linkedin.com/in/zhaslan-baraissov-5460b1151,profile,"### PhD candidate - [Cornell University](https://www.linkedin.com/school/cornell-university) (Current) ... Aug 2019 - Present (6 years and 11 months) in Ithaca, New York ... employees (+1-2% YoY) and ... annual revenue in the $5B-$6B range, founded in 1865 ... Headquartered in Ithaca, New York, United States, ... presence in Qatar ... distributed across 8 ... including United States, Canada, India, China, and United Kingdom). Research output of 400,000-500,000 works, primarily in Medicine, Biochemistry, Genetics and Molecular Biology, and Agricultural and Biological Sciences. Funds research behind 200-300 works. ... ### Research Assistant - [National University of Singapore](https://www.linkedin.com/school/national-university-of-singapore) ... ### Bachelor of Science - BS, Engineering Physics/Applied Physics at [Nanyang Technological University](https://www.linkedin.com/school/ntusg) ... 2011 - 2015 (4 years) in Singapore, Singapore ... Nanyang Technological University Singapore is a higher education institution. Nanyang Technological University is one of the top universities in Singapore offering undergraduate and postgraduate education in engineering, business, science, humanities, arts, social sciences, education and medicine. Nanyang Technological University Singapore has 6,000-7,000 employees (+9-10% YoY) and has annual revenue in the $1B-$2B range, founded in 1990. Headquartered in Singapore, Singapore, with offices in 11 Mandalay Road and 11 Slim Barracks Rise (off North Buona Vista Road). Its workforce is distributed across 56 countries (including Singapore, China, India, United States, and United Kingdom). Research output of 100,000-200,000 works, primarily in Engineering, Computer Science, and Materials Science. Funds research behind 3,000-4,000 works."
kaz-7bc4b3d48a29,Nurdaulet Kemel,IPhO,2017;2018,confirmed,Undisclosed prop trading firm,Quantitative Researcher,https://hk.linkedin.com/in/nurdauletkemel,Undisclosed prop trading firm,Quantitative Researcher,organization_match,not_applicable,,,selected,exact_name_only,72,False,True,False,True,,,67c0f2ce59880e0b08023a6cac6793fb,"""Nurdaulet Kemel"" Kazakhstan IPhO Olympiad 2017;2018 current employer university role",0.007,2,Nurdaulet Kemel,https://linkedin.com/in/nurdauletkemel,profile,"### Quantitative Researcher - Undisclosed prop trading firm (Current) ... Apr 2024 - Present (2 years and 3 months) ... ### Bachelor's degree Statistics and Computer Science at [The University of Hong Kong](https://www.linkedin.com/school/universityofhongkong) ... 2018 - 2023 (5 years) in Hong Kong ... The University of Hong Kong is a higher education institution. The University of Hong Kong (HKU) is the territory’s oldest institute of higher learning and an internationally recognized, research led, comprehensive university. The University of Hong Kong has 5,000-6,000 employees and has annual revenue in the $10M-$20M range. Headquartered in Hong Kong, with presence in China. Its workforce is distributed across 54 countries (including Hong Kong, China, United States, United Kingdom, and Canada). Research output of 100,000-200,000 works, primarily in Medicine, Engineering, and Social Sciences. Funds research behind 2,000-3,000 works. ... - [2026-06-07 · Nurdaulet Kemel liked this] [New route just dropped. 🌏 Hong Kong → Almaty, Kazakhstan. Direct...](https://www.linkedin.com/posts/simonluk86_cathaypacific-aviation-kazakhstan-activity-7469320853696970752-Jyg2): New route just dropped. 🌏 Hong Kong → Almaty, Kazakhstan. Direct. A330. Three times a week. Q1 2027. Central Asia, we're coming. #CathayPacific #Aviation #Kazakhstan"
kaz-5a5848e42390,Kuandyk Altynkhanov,IMO,2014,confirmed,,,https://linkedin.com/in/kuandyk-altynkhanov-9b591ba9,,,no_current_affiliation_extracted,not_applicable,,,selected,exact_name_only,70,False,True,True,False,,,a79cba705d0da27a397a87878a8253dd,"""Kuandyk Altynkhanov"" Kazakhstan IMO Olympiad 2014 current employer university role",0.007,1,Kuandyk Altynkhanov,https://linkedin.com/in/kuandyk-altynkhanov-9b591ba9,profile,# Kuandyk Altynkhanov Software Engineer Kazakhstan (KZ) 500 connections • 641 followers ## About Software Engineer ## Education ### Ulsan National Institute of Science and Technology 2014 - 2018 (4 years) 2009 - 2014 (5 years) ## Languages Russian - Native or bilingual proficiency Kazakh - Native or bilingual proficiency English - Full professional proficiency Turkish - Limited working proficiency ## Projects ### Renovatio Sep 2015 - Dec 2015 Mobile Application ## Honors & Awards ### International Mathematics Olympiad Jun 2014 Bronze Medal ### International Zhautykov Olympiad Jan 2014 Gold Medal ## GitHub [GitHub Profile](https://github.com/Kuandyk) Username: Kuandyk
kaz-cc4a2f7877ce,Timur Murat,IMO,2026,confirmed,,,https://kz.linkedin.com/in/timur-murat-2a1735333,,,no_current_affiliation_extracted,not_applicable,,,selected,exact_name_only,70,False,True,True,False,,,11d9b4c7b815a0d097c6ce7ccc409dc7,"""Timur Murat"" Kazakhstan IMO Olympiad 2026 current employer university role",0.007,1,Timur Murat,https://linkedin.com/in/timur-murat-2a1735333,profile,"# Timur Murat Almaty, Almaty, Kazakhstan (KZ) 57 connections • 58 followers ## Experience ### [Maths Battles Community (MBC)](https://www.linkedin.com/company/maths-battles-community-mbc) Maths Battles Community (MBC) is a nonprofit organization. Maths Battles Community (MBC) has 1-10 employees (-10% YoY), founded in 2022. Headquartered in Almaty, Almaty, Kazakhstan. Its workforce is distributed across Kazakhstan and France. ## Education ### [Haileybury Almaty](https://www.linkedin.com/school/haileyburyalmaty) 2024 - 2026 (2 years) in Almaty, Kazakhstan Haileybury Almaty is a nonprofit organization. Haileybury Almaty has 100-150 employees, founded in 2008. Headquartered in Almaty, Kazakhstan, with an office in Tselinograd. Its workforce is distributed across 7 countries (including Kazakhstan, United Kingdom, Lithuania, Montenegro, and Serbia). ## Projects ### Beamline for Schools - Team Synchromatic Oct 2024 - Apr 2025 ## Honors & Awards ### British Mathematics Olympiad Feb 2025 Absolute 8th position on the British Mathematics Olympiad Round 2 ### Asian Pacific Mathematics Olympiad - Gold medal Mar 2024 APMO 2024 National Gold medal, International Silver medal ### Mathematical Olympiad Silk Road - Gold medal Mar 2024"
kaz-f4ec7f952510,Ali-Amir Aldan,IOI,2010;2011,confirmed,Fourier,Co-Founder,https://www.linkedin.com/in/ali-amir-aldan-a2b81b46,Fourier,Co-Founder,organization_match,not_applicable,,,selected,exact_name_only,68,False,False,True,True,,,ba26ae0168b3e5e07d0d955f24cdd862,"""Ali-Amir Aldan"" Kazakhstan IOI Olympiad 2010;2011 current employer university role",0.007,1,Ali-Amir Aldan,https://linkedin.com/in/ali-amir-aldan-a2b81b46,profile,"Co-Founder at Fourier ... ### Co-Founder - [Fourier](https://www.linkedin.com/company/fourier-earth) (Current) ... May 2022 - Present (4 years and 2 months) in Palo Alto, CA ... Fourier is a Renewable Energy Equipment Manufacturing company. Fourier has 30-40 employees (+60% YoY), founded in 2022. Headquartered in Palo Alto, California, United States. Its workforce is distributed across 5 countries (including United States, India, Canada, South ... , and Switzerland). Has $18.6M in total funding, with 1 prior funding round. ... ### Bachelor's Degree Computer Science at [Massachusetts Institute of Technology](https://www.linkedin.com/school/mit) ... 2014 - 2017 (3 years) in Cambridge, Massachusetts, United States ... Massachusetts Institute of Technology is ... higher education institution. MIT - Massachusetts Institute of Technology is a company ... aims to advance knowledge ... and the world in the 21st century. Massachusetts Institute of Technology has 10,000-20,000 employees (+3-4% YoY) and has ... revenue in the $5B-$6B ... , founded in 1861. Headquartered in Cambridge, Massachusetts, United States. Its workforce is distributed across 95 countries (including United States, India, United Kingdom, Canada, and Germany). ... ### Bachelor's Degree Physics at University of Texas at Brownsville ... 2012 - 2014 (2 years) ... - [2026-07-12 · Ali-Amir Aldan liked this] [It is truly unbelievable. I am honored to be holding five gold...](https://www.linkedin.com/posts/dr-samat-maxutov-413651b0_it-is-truly-unbelievable-i-am-honored-to-activity-7482128704521986049-LRA7): It is truly unbelievable. I am honored to be holding five gold medals out of a possible five as the team leader of an extraordinary group of students. At the International Physics Olympiad (IPhO) 2..."
kaz-f3c66de0174f,Ulan Mukashev,IMO,1999;2000,confirmed,Kuwait Oil Company (KOC),Senior Deployment Engineer,https://kg.linkedin.com/in/ulan-mukashev-59771a2b,,,no_current_affiliation_extracted,not_applicable,,,selected,exact_name_only,68,False,False,True,True,,,74fda35c34d9a812630cb6466ee9d072,"""Ulan Mukashev"" Kazakhstan IMO Olympiad 1999;2000 current employer university role",0.007,1,Ulan Mukashev,https://linkedin.com/in/ulan-mukashev-59771a2b,profile,"Senior Site Administrator - Kumtor Gold Company ... Senior Site Administrator - Kumtor Gold Company ... ### [Kumtor Gold Company](https://www.linkedin.com/company/kumtor-gold-company) ... #### Manager, Site Administration (Current) ... Nov 2021 - Present (4 years and 8 months) in Иссык-Кульская область, Киргизия ... #### Senior Site Administrator (Current) ... , including equipment, equipment, and logistics ... sustainability and environmental protection ... has 100-150 employees, founded in 1 ... . Headquartered ... Kyrgyzstan, with an ... countries (including Kyrgyzstan, ... , Canada, France, and United Kingdom ... ### Master of Business Administration - MBA, Business Administration and Management, General at [元智大學](https://www.linkedin.com/school/yuan-ze-university) ... at [International Alatoo ... .linkedin.com/school/alatoo ... International Alatoo University ... a higher education institution. Международный Университет ... ла-Тоо is an ... offers education and research opportunities. They have various faculties and departments, including it & business college, distance ... center, and university life. They also have research centers and research centers, as well as laboratories and research centers. The university provides various services and facilities to students, including accommodation, sports clubs, and health and medicine facilities. International Alatoo University has 100-150 employees (+10% YoY), founded in 199 ... . Headquartered in Kyrgyzstan. Its workforce is distributed across 11 countries (including Kyrgyzstan, United States, France, Canada, and Hungary). Research output of 500-600 works, primarily in Medicine,"
kaz-ec80d9fc8daf,Akezhan Amankeldi,IMO,2011;2012,confirmed,Boston Consulting Group (BCG),Consultant,https://kz.linkedin.com/in/akezhan-amankeldi,,,no_current_affiliation_extracted,not_applicable,,,selected,exact_name_only,65,False,True,False,False,,,43d8e0b809f72a415fba862be656df60,"""Akezhan Amankeldi"" Kazakhstan IMO Olympiad 2011;2012 current employer university role",0.007,1,Akezhan Amankeldi,https://kz.linkedin.com/in/akezhan-amankeldi,profile,"CIO at Fonte Capital Ltd ... Kazakhstan (KZ) ... CIO at Fonte Capital Ltd ... ### Chief Investment Officer - [Fonte Capital LTD](https://www.linkedin.com/company/fonte-capital-ltd) ... Fonte Capital Ltd is a Investment Management company. Fonte Capital Ltd is an investment management company that offers professional expertise and opportunities to access new markets with the goal of ensuring sustainable capital growth. Fonte Capital Ltd has 10-20 employees (+30% YoY), founded in 2021. Headquartered in Astana, Kazakhstan, with an office in Almaty. Its workforce is distributed across Kazakhstan, United Arab Emirates, and Russia. ... ### Bachelor's degree, Mathematics at [Nazarbayev University](https://www.linkedin.com/school/aoe-nazarbayev-university) ... 2014 - 2018 (4 years) in Astana, Kazakhstan ... Nazarbayev University is a higher education institution. Nazarbayev University is a leading university in Central Asia and Kazakhstan. Nazarbayev University has 1,000-2,000 employees (+6-7% YoY), founded in 2010. Headquartered in Astana, Kazakhstan. Its workforce is distributed across 47 countries (including Kazakhstan, United States, United Kingdom, Canada, and Pakistan). Research output of 10,000-20,000 works, primarily in Engineering, Medicine, and Social Sciences. Funds research behind 2,000-3,000 works. ... ### The International Math Olympiad – III place (Amsterdam 2011) ... ### The International Math Olympiad – III place (Mar del Plata 2012) ... ### The International Zhautykov Olympi"
kaz-8c6b4dfb5df9,Assylbek Olzhabayev,IMO,2021,confirmed,Institute of Science and Technology Austria,Mathematics Researcher,https://at.linkedin.com/in/assylbek-olzhabayev-b8b94a190,,,no_current_affiliation_extracted,not_applicable,,,selected,exact_name_only,65,False,True,False,False,,,48e1aa25df7d461fb7e50640eea9350c,"""Assylbek Olzhabayev"" Kazakhstan IMO Olympiad 2021 current employer university role",0.007,1,Assylbek Olzhabayev,https://linkedin.com/in/assylbek-olzhabayev-b8b94a190,profile,"- [Hausdorff Center for Mathematics](https://www.linkedin.com/company/hausdorff-center) ... - [The ... https://www. ... .com/ ... ### Doctor of Philosophy - PhD, Mathematics at [Institute of Science and Technology Austria](https://www.linkedin.com/school/istaustria) ... ### Bachelor of Science - BS, Mathematics at [Rheinische Friedrich-Wilhelms-Universität Bonn](https://www.linkedin.com/school/rheinische-friedrich-wilhelms-universität-bonn) ... ### Gymnasieexamen at [Nazarbayev Intellectual Schools](https://www.linkedin.com/school/nazarbayev-intellectual-schools) ... 2015 - 2021 (6 years) in Astana, Kazakhstan ... Nazarbayev Intellectual Schools is an educational institution. Nazarbayev Intellectual Schools has 300-400 employees (+10% YoY), founded in 2009. Headquartered in Astana, Kazakhstan. Its workforce is distributed across 18 countries (including Kazakhstan, United States, Philippines, United Kingdom, and China). Research output of 60-70 works, primarily in Social Sciences, Psychology, and Computer Science. ... ### Balkan Mathematical Olympiad 2020 ... ### International Mathematics Olympiad 2021 ... ### International Zhautykov Olympiad 2021"
kaz-b60a544a248a,Kanat Satylkhanov,IMO,2009;2010,confirmed,Kazakhstan International Mathematical Olympiad Team,Deputy Leader,https://linkedin.com/in/kanat-satylkhanov-bb205080,,,no_current_affiliation_extracted,not_applicable,,,selected,exact_name_only,65,False,True,False,False,,,7e7618fdfc0c996749d223972af7d53e,"""Kanat Satylkhanov"" Kazakhstan IMO Olympiad 2009;2010 current employer university role",0.007,1,Kanat Satylkhanov,https://linkedin.com/in/kanat-satylkhanov-bb205080,profile,# Kanat Satylkhanov 1 Kazakhstan (KZ) 202 connections • 197 followers ## About 1 ## Education ### KBTU 2010 - 2014 (4 years)
kaz-a125f99f4940,Marat Shotanov,IBO,2005,confirmed,eXpace,Founder and CEO,https://ae.linkedin.com/in/marat-shotanov,,,no_current_affiliation_extracted,not_applicable,,,selected,exact_name_only,65,False,True,False,False,,,ecbecac0416c805f33c33d3c0024a4e5,"""Marat Shotanov"" Kazakhstan IBO Olympiad 2005 current employer university role",0.007,1,Marat Shotanov,https://linkedin.com/in/marat-shotanov,profile,"Founder & CEO @ eXpace (DIFC IH Alumni) ... I am building ... truly sustainable life via Intelligent City ecosystem. My passion is about converting visionary ideas into sustainable, impactful enterprises that resonate on a global scale. To be precise, I ... crazy about going 0-1-10 ... and competitive by nature ... entrepreneur and well-network ... in multiple industries across ... and CIS. Mult ... and culturally adept, with a ... global markets and ... ### General Secondary Education at Kazakh Turkish High School for Gifted Children ... 2000 - 2005 (5 years) ... Activities: <p class=""education__item education__item--activities-and-societies""> Activities and Societies: Biology Olympiads, High School Soccer, Karate, Traditional Musical Instruments </p> ... ### BS, Molecular Biology, transferred to UVA at [Fatih Üniversitesi](https://www.linkedin.com/school/fatih-university) ... 2005 - 2007 (2 years) in İstanbul, Türkiye ... ### BA, Biology at [University of Virginia](https://www.linkedin.com/school/university-of-virginia) ... 2007 - 2009 (2 years) in Charlottesville, Virginia, United States"
kaz-8ba9adfc1870,Nazar Serazitdinov,IOI,2023;2024,confirmed,University of Oxford,Computer Science Student,https://kz.linkedin.com/in/nazar-serazitdinov-2030a229b,,,no_current_affiliation_extracted,not_applicable,,,selected,exact_name_only,65,False,True,False,False,,,94aff2b98282c4448827a53c079d4c1a,"""Nazar Serazitdinov"" Kazakhstan IOI Olympiad 2023;2024 current employer university role",0.007,1,Nazar Serazitdinov,https://kz.linkedin.com/in/nazar-serazitdinov-2030a229b,profile,"Student at Oxford University ... Almaty, Kazakhstan (KZ) ... Student at Oxford University ... ### [Haileybury Almaty](https://www.linkedin.com/school/haileyburyalmaty) ... 2023 - 2025 (2 years) in Almaty, Kazakhstan ... ileybury Al ... Haileybury Al ... Almaty, Kazakhstan ... - [2024-04-29 · Nazar Serazitdinov liked this] [🥉 Exciting News! We are thrilled to announce that Alikhan (12ELWI)...](https://www.linkedin.com/posts/haileyburyalmaty_exciting-news-we-are-thrilled-to-announce-activity-7190688898061111297-xPQS): 🥉 Exciting News! We are thrilled to announce that Alikhan (12ELWI) brilliantly represented Kazakhstan and Haileybury Almaty at the International Mendeleev Chemistry Olympiad held in Shenzhen, China..."
kaz-92adb8a08f0e,Nurgul Yegenbergenova,IPhO,2025;2026,confirmed,Massachusetts Institute of Technology (MIT),Incoming Undergraduate Student,https://linkedin.com/in/nurgul-yegenbergenova-395548347,,,no_current_affiliation_extracted,not_applicable,,,selected,exact_name_only,65,False,True,False,False,,,e53fd28b363dd09107e4cfa9ac44ff3b,"""Nurgul Yegenbergenova"" Kazakhstan IPhO Olympiad 2025;2026 current employer university role",0.007,1,Nurgul Yegenbergenova,https://linkedin.com/in/nurgul-yegenbergenova-395548347,profile,"urgul Yegenbergenova ... --MIT’30 / Nurorda’26 ... Astana, Kazakhstan (KZ) ... --MIT’30 / Nurorda’26 ... ### [NURORDA INTERNATIONAL SCHOOLS](https://www.linkedin.com/company/nurorda-international-school) ... Astana, Kazakhstan ... NURORDA INTERNATIONAL SCHOOLS is an educational institution. NURORDA is a modern school in Astana with international standards of education, IB programs, strong academic preparation, and personal development. NURORDA INTERNATIONAL SCHOOLS has 30-40 employees (+10% YoY), founded in 2007. Headquartered in Kazakhstan. Its workforce is distributed across Kazakhstan, Mozambique, and Germany. ... ### NURORDA INTERNATIONAL SCHOOL ... 2024 - 2026 (2 years) ... - [2026-03-22 · Liked] [Egypt’s First Participation in the Balkan Mathematical Olympiad...](https://www.linkedin.com/posts/mohamed-youssef-845a1a3a6_egypt-mathematics-olympiad-activity-7441555619859439616-cpuC): Egypt’s First Participation in the Balkan Mathematical Olympiad (BMO) I’m excited to share an important milestone: This year, Egypt is participating… ... - [2026-03-29 · Liked] [🎓 From Kazakhstan to MIT Proud to share that our student, Nurgul...](https://www.linkedin.com/posts/s3rzhan_from-kazakhstan-to-mit-proud-to-share-activity-7444039855816310784-YLnY): 🎓 From Kazakhstan to MIT Proud to share that our student, Nurgul Yegenbergenova , has been admitted to the Massachusetts Institute of Technology —…"
kaz-d9616cfe0fb5,Nurlykhan Kopenov,IChO,2019,confirmed,CoBALT,,https://kr.linkedin.com/in/nurlykhan-kopenov,,,no_current_affiliation_extracted,not_applicable,,,selected,exact_name_only,65,False,True,False,False,,,a39b75985962623a44c73d7cab27076d,"""Nurlykhan Kopenov"" Kazakhstan IChO Olympiad 2019 current employer university role",0.007,1,Nurlykhan Kopenov,https://linkedin.com/in/nurlykhan-kopenov,profile,"# Nurlykhan Kopenov ... Учащийся в уч. заведении 한국과학기술원(KAIST) ... Daejeon, South Korea (KR) ... Учащийся в уч. заведении 한국과학기술원(KAIST) ... ### [Stonelab](https://www.linkedin.com/company/stonelab) ... ### Bachelor's degree, computer science at [한국과학기술원(KAIST)](https://www.linkedin.com/school/한국과학기술원-kaist-) ... 2019 - 2023 (4 years) in Daejeon, South Korea ... Korea Advanced Institute of Science and Technology is a higher education institution. Korea Advanced Institute of Science and Technology has 1,000-2,000 employees (+20% YoY), founded in 1971. Headquartered in Daejeon, South Korea. Its workforce is distributed across 35 countries (including South Korea, United States, India, United Kingdom, and Indonesia). Research output of 80,000-90,000 works, primarily in Engineering, Materials Science, and Computer Science. Funds research behind 800-900 works."
kaz-dcb24ecb815a,Temirlan Amangeldinov,IMO;IPhO,2015;2016;2017,confirmed,Seoul Robotics,Research Engineer,https://linkedin.com/in/temirlan-amangeldinov,,,no_current_affiliation_extracted,not_applicable,,,selected,exact_name_only,65,False,True,False,False,,,7451e559255608aa6dfde079fe460d6d,"""Temirlan Amangeldin"" Kazakhstan IMO Olympiad 2015;2016 current employer university role",0.007,1,Temirlan Amangeldinov,https://linkedin.com/in/temirlan-amangeldinov,profile,"# Temirlan Amangeldinov ... Astana, Kazakhstan (KZ) ... ### Research Engineer - [Seoul Robotics](https://www.linkedin.com/company/seoul-robotics) ... in Seoul, South Korea ... ### [Ulsan National Institute of Science and Technology](https://www.linkedin.com/company/ulsan-national-institute-of-science-and-technology) ... #### Research Assistant at Bio-Medical Image Processing Lab ... Jun 2019 - Sep 2021 (2 years and 3 months) in Ulju-gun, Ulsan, Korea ... Ulsan National Institute of Science and Technology is an educational institution. UNIST is a world-class science and technology leading university that contributes to human life. Ulsan National Institute of Science and Technology has 100-150 employees (2-3% YoY decline), founded in 2007. Headquartered in Ulsan, South Korea. Its workforce is distributed across 13 countries (including South Korea, United States, India, Canada, and Vietnam). ... ### Bachelor's degree at [Ulsan National Institute of Science and Technology](https://www.linkedin.com/school/ulsan-national-institute-of-science-n-technology) ... 2017 - 2021 (4 years) in South Korea ... Ulsan National Institute of Science and Technology is a higher education institution. UNIST is a university that offers various programs and services in education, research, and campus activities. Ulsan National Institute of Science and Technology has 400-500 employees (+20% YoY), founded in 2007. Headquartered in South Korea. Its workforce is distributed across 19 countries (including South Korea, United States, India, Germany, and Singapore). Research output of 20,000-30,000 works, primarily in Engineering, Materials Science, and Biochemistry, Genetics and Molecular Biology. Funds research behind 1,000-2,000 works. ... Kazakh - Native or bilingual proficiency"
kaz-0f47bbbea1f0,Zhambyl Maksotov,IOI,2020;2021;2022,confirmed,Nazarbayev University,Student,https://linkedin.com/in/zhambyl-maksotov,,,no_current_affiliation_extracted,not_applicable,,,selected,exact_name_only,65,False,True,False,False,,,18775cc82fe6096ea46c7927b8df2a66,"""Zhambyl Maksotov"" Kazakhstan IOI Olympiad 2020;2021;2022 current employer university role",0.007,1,Zhambyl Maksotov,https://linkedin.com/in/zhambyl-maksotov,profile,"# Zhambyl Maksotov Kazakhstan (KZ) 500 connections • 781 followers ## Education ### [Nazarbayev University](https://www.linkedin.com/school/aoe-nazarbayev-university) 2022 - 2027 (5 years) in Astana, Kazakhstan Nazarbayev University is a higher education institution. Nazarbayev University is a leading university in Central Asia and Kazakhstan. Nazarbayev University has 1,000-2,000 employees (+6-7% YoY), founded in 2010. Headquartered in Astana, Kazakhstan. Its workforce is distributed across 47 countries (including Kazakhstan, United States, United Kingdom, Canada, and Pakistan). Research output of 10,000-20,000 works, primarily in Engineering, Medicine, and Social Sciences. Funds research behind 2,000-3,000 works. ## GitHub [GitHub Profile](https://github.com/seduneon) Username: seduneon Notable Repositories: - ml-study - 1 stars ML studying duet - GALAHAD A library of modern Fortran modules for nonlinear optimization - lbfgsb Modern Fortran Refactoring of L-BFGS-B Nonlinear Optimization Code - cube - introtodeeplearning Lab Materials for MIT 6.S191: Introduction to Deep Learning - class-schedule Capstone Project. Class Scheduling Automation Using Integer Programming: Aligning Professors, Courses, and Time Slots - oral-bil Oral Bilim-Innovation Lyceum"
kaz-f9ab6cbeaa06,Andrey Sapronov,IPhO,1999,confirmed,Karlsruhe Institute of Technology (KIT),Data Scientist,https://linkedin.com/in/andrey-sapronov,Karlsruhe Institute of Technology (KIT),Data Scientist,organization_match,not_applicable,,,selected,exact_name_only,63,False,False,False,True,,,e703b15e98f0c9f75225525b1e1779a9,"""Andrey Sapronov"" Kazakhstan IPhO Olympiad 1999 current employer university role",0.007,1,Andrey Sapronov,https://linkedin.com/in/andrey-sapronov,profile,"### Data Scientist - [Karlsruhe Institute of Technology (KIT)](https://www.linkedin.com/school/kit) (Current) ... Sep 2023 - Present (2 years and 10 months) in Karlsruhe, Baden-Württemberg, Germany ... Karlsruhe Institute of Technology (KIT) is a higher education institution. Karlsruher Institut für Technologie is a technical university and a national research center with unique research infrastructures. Karlsruhe Institute of Technology (KIT) has 4,000-5,000 employees (+6-7% YoY), founded in 1825. Headquartered in Karlsruhe, Baden-Württemberg, Germany, with presence in United States. Its workforce is distributed across 67 countries (including Germany, France, Italy, India, and Switzerland). Research output of 100,000-200,000 works, primarily in Engineering, Physics and Astronomy, and Materials Science. Funds research behind 100-150 works. ... planning force, ... geospatial analytics, ... planning, replenishment ... , Russia. ... , Georgia, ... ### BS, MS, Phisics and applied mathematics at [Moscow Institute of Physics and Technology (State University) (MIPT)](https://www.linkedin.com/school/moscowinstituteofphysicsandtechnology) ... Moscow Institute of Physics and Technology (State University) (MIPT) is a higher education institution. Moscow Institute of Physics and Technology (State University) (MIPT) has 200-300 employees (+10% YoY), founded in 1951. Headquartered in Moscow, Moscow, Russia, with an office in Dolgoprudnyy. Its workforce is distributed across 18 countries (including Russia, Ukraine, Kazakhstan, Serbia, and India). Research output of 20,000-30,000 works, primarily in Physics and Astronomy, Engineering, and Materials Science. Funds research behind 100-150 works."
kaz-8fe9da4c845a,Azamat Abilkhanov,IBO,1996,confirmed,Rominserv,Acting General Manager,https://kz.linkedin.com/in/azamat-abilkhanov-a4522210,,,no_current_affiliation_extracted,not_applicable,,,selected,exact_name_only,63,False,False,False,True,,,f2224029ce55929445c4c4f36b53cbc1,"""Azamat Abilkhanov"" Kazakhstan IBO Olympiad 1996 current employer university role",0.007,1,Azamat Abilkhanov,https://linkedin.com/in/azamat-abilkhanov-a4522210,profile,"# Azamat Abilkhanov ... Kazakhstan (KZ) ... ### [Rompetrol (KMG International)](https://www.linkedin.com/company/rompetrol) ... #### Budgeting and Cost Estimation (Current) ... Mar 2020 - Present (6 years and 4 months) in Constanţa, Romania ... Department: Finance & Accounting • Level: Specialist ... #### Excellence Center Deputy ... Mar 2018 - Feb 2020 (1 year and 11 months) in Constanta County, Romania ... Rompetrol (KMG International) is a Oil and Gas company. Rompetrol is an international company with +4 decades of experience in refining, petrochemicals, petroleum products and distribution stations in RO, MD, BG, GE. Rompetrol (KMG International) has 1,000-2,000 employees (+4-5% YoY) and has annual revenue in the $10B-$20B range, founded in 1974. Headquartered in Romania, with presence in Georgia. Its workforce is distributed across 20 countries (including Romania, Georgia, Bulgaria, Moldova, and Kazakhstan). ... ### Bachelor's degree, Law at East Kazakhstan State University ... ### MA, International Business at [Marmara University](https://www.linkedin.com/school/marmara1883) ... 2001 - 20 ... 3 (2 ... ) in Türkiye ... Marmara ... Marmara University ... -7% ... -50, ... 00 works, ... in Medicine, ... Sciences, and Engineering. Funds research behind ... 0-600 works ... ### BLS, Economics at [Istanbul University](https://www.linkedin.com/school/istanbul-university) ... -9% YoY ... in 1453 ... 34 ... , United States, Germany, United Kingdom, and United ... Research output of ... -80,000 works ... primarily in Medicine, Biochemistry, Genetics and Molecular Biology, and Social Sciences ... Funds research behind ... 700-800 works"
kaz-c1c692af0296,Azizkhan Almakhan,IOI,2010,confirmed,Google,Software Engineer,https://linkedin.com/in/azizkhan-almakhan-1652b952,Google,Software Engineer,organization_match,not_applicable,,,selected,exact_name_only,63,False,False,False,True,,,e03d55baa18c6a120937e49110f9df70,"""Azizkhan Almakhan"" Kazakhstan IOI Olympiad 2010 current employer university role",0.007,1,Azizkhan Almakhan,https://linkedin.com/in/azizkhan-almakhan-1652b952,profile,"Software Engineer – Google ... Software Engineer – Google ... ### Software Engineer - Google (Current) ... Nov 2014 - Present (11 years and 8 months) ... Department: Engineering and Technical ... ### Bachelor's degree, Information systems at Kazakh-British Technical University ... 2011 - 2014 (3 years)"
kaz-da119ef48a6d,Batyr Sardarbekov,IOI,2019,confirmed,Nethermind,Software Engineer,https://linkedin.com/in/998batrr,Nethermind,Software Engineer,organization_match,not_applicable,,,selected,exact_name_only,63,False,False,False,True,,,be2bdb82a86820d6cbd507bb30298aa7,"""Batyr Sardarbekov"" Kazakhstan IOI Olympiad 2019 current employer university role",0.007,1,Batyr Sardarbekov,https://linkedin.com/in/998batrr,profile,"Almaty, Almaty, Kazakhstan (KZ) ... ### Software Engineer - [Nethermind](https://www.linkedin.com/company/nethermind) (Current) ... Nethermind is a IT Services and IT Consulting company. Nethermind is a company that provides blockchain research and software engineering solutions for institutions and enterprises. Nethermind has 150-200 employees (-10% YoY), founded in 2017. Headquartered in United Kingdom. Its workforce is distributed across 52 countries (including United Kingdom, Poland, India, United States, and Brazil). Has $190.2K in total funding, with 2 prior funding rounds. ... Department: Engineering and Technical ... Software Engineer - [HAR ... .linkedin.com/ ... Department: Engineering and Technical ... HARBOUR.SPACE is an educational institution. Harbour.Space is a university for technology and design in Barcelona, taught in English. Programs include computer science, math, and digital marketing. HARBOUR.SPACE has 100-150 employees (+10% YoY), founded in 2015. Headquartered in Barcelona, Catalonia, Spain, with presence in Thailand. Its workforce is distributed across 19 countries (including Spain, Thailand, United States, United Kingdom, and Russia). ... ### Software Engineer - [Tinker Tech](https://www.linkedin.com/company/tinkertechnology) ... May 2021 - May 2022 (1 year) in Almaty, Kazakhstan ... Department: Engineering and Technical ... Tinker Tech is a IT Services and IT Consulting company. Tinker TECH is a software development company and digital transformation consultancy that provides cutting edge engineering solutions, helping industry-leading companies to untangle complex issues. Tinker Tech has 10-20 employees (+40% YoY), founded in 2017. Headquartered in Almaty, Kazakhstan. Its workforce is distributed across Kazakhstan, Kyrgyzstan, and Nepal."
kaz-f721e7240925,Darkhan Akzholov,IOI,2009,confirmed,Google,Software Engineer,https://kz.linkedin.com/in/darkhan-akzholov-b0399151,Google,Software Engineer,organization_match,not_applicable,,,selected,exact_name_only,63,False,False,False,True,,,dd2b7e4f044e369d687bc16216a544f5,"""Darkhan Akzholov"" Kazakhstan IOI Olympiad 2009 current employer university role",0.007,1,Darkhan Akzholov,https://linkedin.com/in/darkhan-akzholov-b0399151,profile,"# Darkhan Akzholov Bachelor of Computer Science at Nazarbayev Nazarbayev University Kazakhstan (KZ) 500 connections • 556 followers ## About Bachelor of Computer Science at Nazarbayev Nazarbayev University Total Experience: 6 years and 3 months ## Experience ### Software Engineer - [Google](https://www.linkedin.com/company/google) (Current) May 2020 - Present (6 years and 2 months) in Цюрих, Швейцарская Конфедерация Department: Engineering and Technical Google (GOOGL) is a Software Development company. Google is a technology company that offers a wide range of services and products to help businesses grow. They provide engineering jobs, artificial intelligence and machine learning, consumer hardware design and build systems, platforms and ecosystems, site reliability engineer, teams, engineering and tech, sales, service and support, and people. Google has 100,000-200,000 employees (1-2% YoY decline) and has annual revenue in the $300B-$400B range, founded in 1998. Headquartered in Mountain View, California, United States, operates in 17 countries (including Australia, Spain, France, Italy, and Switzerland). Its workforce is distributed across 201 countries (including United States, India, United Kingdom, Ireland, and Canada). Has a market cap in the $500B-$600B range. IPO 2004. ## Education ### Specialised Republican Physics and Mathematics School 2006 - 2010 (4 years) ### Bachelor's degree, Computer Science at [Назарбаев Университет](https://www.linkedin.com/school/nazarbayev-university) 2010 - 2015 (5 years) Activities: Activities and Societies: ACM ICPC Club ## Skills engineer • engineering • software engineering"
kaz-2fe78cfd647b,Dinmukhammed Nurbek,IPhO,2013;2014,confirmed,EPAM Systems,Senior Data Engineer,https://linkedin.com/in/dinmukhammed-nurbek,EPAM Systems,Senior Data Engineer,organization_match,not_applicable,,,selected,exact_name_only,63,False,False,False,True,,,05da357c71ae8ed348a7da7951a1c4d1,"""Dinmukhammed Nurbek"" Kazakhstan IPhO Olympiad 2013;2014 current employer university role",0.007,1,Dinmukhammed Nurbek,https://linkedin.com/in/dinmukhammed-nurbek,profile,"# Dinmukhammed Nurbek ... Data Engineer - EPAM ... Astana, Kazakhstan (KZ) ... Data Engineer - EPAM ... ### Senior Data Engineer - [EPAM Systems](https://www.linkedin.com/company/epam-systems) (Current) ... May 2022 - Present (4 years and 2 months) in Астана ... Department: Engineering and Technical • Level: Senior ... ### Bachelor's degree, Physics at [Назарбаев Университет](https://www.linkedin.com/school/aoe-nazarbayev-university) ... 2018 - Present in Astana, Kazakhstan ... Nazarbayev University is a higher education institution. Nazarbayev University is a leading university in Central Asia and Kazakhstan. Nazarbayev University has 1,000-2,000 employees (+6-7% YoY), founded in 2010. Headquartered in Astana, Kazakhstan. Its workforce is distributed across 47 countries (including Kazakhstan, United States, United Kingdom, Canada, and Pakistan). Research output of 10,000-20,000 works, primarily in Engineering, Medicine, and Social Sciences. Funds research behind 2,000-3,000 works."
kaz-4e3828c7955c,Diyar Mailepessov,IBO,2005,confirmed,National Environment Agency Singapore,Principal Analyst,https://linkedin.com/in/diyar-mailepessov-5828b722,,,no_current_affiliation_extracted,not_applicable,,,selected,exact_name_only,63,False,False,False,True,,,2f1ac29ba0de4ace50e029bec487fa69,"""Diyar Mailepessov"" Kazakhstan IBO Olympiad 2005 current employer university role",0.007,1,Diyar Mailepessov,https://linkedin.com/in/diyar-mailepessov-5828b722,profile,"Principal Analyst at National Environment Agency ... Principal Analyst at National Environment Agency ... National Environment Agency ... #### Principal Analyst (Current) ... [Nanyang Technological University ... ://www.linkedin.com/company/ntusg) ... Nanyang Technological University Singapore ... higher education institution ... Nanyang Technological University ... one of the ... undergraduate and postgraduate education ... engineering, business, science, humanities, arts, social sciences, ... Nanyang Technological University Singapore has ... ,000-7, ... -10% YoY) and has annual revenue in the $1B-$2B range, founded in 1990 ... Headquartered in Singapore, Singapore, ... offices in 11 Mandalay Road and 11 Slim Barracks Rise (off North Buona Vista Road ... workforce is distributed across 56 countries (including Singapore, China, India, United States, and United Kingdom ... Research output of 100,000-200,000 works, primarily in Engineering, Computer Science, and Materials Science. Funds research behind 3,000-4,000 works ... ### Bachelor's degree, Life Sciences at [Nanyang Technological University](https://www.linkedin.com/school/ntusg) ... - 2010 (4 years) in Singapore, Singapore ... Nanyang Technological University Singapore ... Nanyang Technological University ... and postgraduate education ... business, science, ... , arts, ... sciences, education ... Nanyang Technological University Singapore ... 7,000 ... -10% ... -$2B ... 0. Headquartered in Singapore, Singapore, ... and 1 ... Barracks Rise ... Buona Vista Road). Its workforce ... Singapore, China, India, United States, and United Kingdom). Research output of 100,000-200,000 works, primarily in Engineering, Computer Science, and Materials Science. ... research behind ... ,000-4,000 works."
kaz-b788eb650e7a,Nurgali Arystanov,IMO,1995,confirmed,Embassy of Kazakhstan in the Republic of Korea,Ambassador,https://linkedin.com/in/nurgali-arystanov-07548042,Embassy of Kazkhstan to the Republic of Korea,Kazakh Ambassador to Republic of Korea,organization_match,not_applicable,,,selected,exact_name_only,63,False,False,False,True,,,64c74bab79625e1ae52a1bf1080cbd28,"""Nurgali Arystanov"" Kazakhstan IMO Olympiad 1995 current employer university role",0.007,1,Nurgali Arystanov,https://linkedin.com/in/nurgali-arystanov-07548042,profile,"Kazakh Ambassador to Republic of Korea ... Kazakh Ambassador to Republic of Korea ... ### Kazakh Ambassador to Republic of Korea - Embassy of Kazkhstan to the Republic of Korea (Current) ... Jun 2023 - Present (3 years and 1 month) ... ### Director General for the Americas - Kazakh Foreign Ministry ... Apr 2021 - Jun 2023 (2 years and 2 months) in Kazakhstan ... Department: General Management • Level: Director ... ### Director General for the Asia Pacific Region - Kazakh Foreign Ministry ... Department: General Management • Level ... ### Deputy Director General for the Americas - Kazakh Foreign Ministry ... ### Master of International Public Policy at [The Johns Hopkins University - Paul H. Nitze School of Advanced International Studies (SAIS)](https://www.linkedin.com/school/saishopkins) ... ### Bachelor's Degree, International Economics at [Al-Farabi Kazakh National University](https://www.linkedin.com/school/kaznu) ... Almaty, Kazakhstan ... Al-Farabi Kazakh National University is a higher education institution. The company is a university called Farabi. It provides online admission services for foreign students, as well as government services. It also offers job opportunities for individuals with disabilities. The university is involved in the development of sustainable development and has a scientific and academic council. It has a research and educational association. Al-Farabi Kazakh National University has 200-300 employees (+40% YoY), founded in 1934. Headquartered in Almaty, Kazakhstan. Its workforce is distributed across 25 countries (including Kazakhstan, United States, India, United Kingdom, and Pakistan). Research output of 10,000-20,000 works, primarily in Social Sciences, Engineering, and Physics and Astronomy. Funds research behind 10-20 works."
kaz-633cb9726092,Nurlybek Sulaimanov,IBO,2015,confirmed,AlliedYoung FBC,Full Stack Engineer,https://linkedin.com/in/nurlybek-sulaimanov-387201245,AlliedYoung FBC / 아영FBC,Full Stack Engineer,organization_match,not_applicable,,,selected,exact_name_only,63,False,False,False,True,,,96362b694f649b9f02600e525b53f02c,"""Nurlybek Sulaimanov"" Kazakhstan IBO Olympiad 2015 current employer university role",0.007,1,Nurlybek Sulaimanov,https://linkedin.com/in/nurlybek-sulaimanov-387201245,profile,"### Full Stack Engineer - [AlliedYoung FBC / 아영FBC](https://www.linkedin.com/company/alliedyoung-fbc) (Current) ... Jan 2024 - Present (2 years and 5 months) in Сеул, Южная Корея ... Department: Engineering and Technical • Level: Specialist ... AlliedYoung FBC / 아영FBC is a Wine & Spirits company. AlliedYoung FBC / 아영FBC has 10-20 employees (9-10% YoY decline), founded in 1987. Headquartered in South Korea. ... Department: Engineering and Technical • Level: Specialist ... ### Бакалавр технических наук, Biology, General at [한국과학기술원(KAIST)](https://www.linkedin.com/school/한국과학기술원-kaist-) ... 2016 - 2022 (6 years) in Daejeon, South Korea ... Korea Advanced Institute of Science and Technology is a higher education institution. Korea Advanced Institute of Science and Technology has 1,000-2,000 employees (+20% YoY), founded in 1971. Headquartered in Daejeon, South Korea. Its workforce is distributed across 35 countries (including South Korea, United States, India, United Kingdom, and Indonesia). Research output of 80,000-90,000 works, primarily in Engineering, Materials Science, and Computer Science. Funds research behind 800-900 works. ... - [2025-12-15 · Nurlybek Sulaimanov posted this] [This story isn’t pretty, but it’s true. Every biology student who’s...](https://www.linkedin.com/posts/nurlybek-sulaimanov-387201245_this-story-isnt-pretty-but-its-true-every-activity-7406223294686937091-Qg53): This story isn’t pretty, but it’s true. Every biology student who’s ever worked with lab animals knows what I’m about to describe. During my university years, I studied at KAIST, a very prestigious..."
kaz-ef4bc11dbc64,Nurzhas Aidynov,IPhO,2010;2011;2012,confirmed,Solai,Data Scientist,https://kz.linkedin.com/in/nurzhas-aidynov-747540155,Solai Inc,Data Scientist,organization_match,not_applicable,,,selected,exact_name_only,63,False,False,False,True,,,7396a89325cb6334fb90235b9366c49a,"""Nurzhas Aidynov"" Kazakhstan IPhO Olympiad 2010;2011;2012 current employer university role",0.007,1,Nurzhas Aidynov,https://linkedin.com/in/nurzhas-aidynov-747540155,profile,"has Aidynov ... Attended Moscow Institute of Physics and Technology (State University) (MIPT) ... Kazakhstan (KZ) ... Attended Moscow Institute of Physics and Technology (State University) (MIPT) ... ### Data Scientist - [Solai Inc.](https://www.linkedin.com/company/solailabs) (Current) ... Jun 2022 - Present (4 years and 1 month) in Delaware, United States ... Department: Research • Level: Specialist ... Solai Inc. is a Transportation, Logistics, Supply Chain and Storage company. SolaiLabs.com is a company that sells domain names. They offer affordable payment plans to fit any budget and provide friendly customer support. Solai Inc. has 1-10 employees, founded in 2021. Headquartered in Dover, Delaware, United States. Has $275K in total funding, with 2 prior funding rounds. ... ### [Moscow Institute of Physics and Technology (State University) (MIPT)](https://www.linkedin.com/school/moscowinstituteofphysicsandtechnology) ... 2013 - 2018 (5 years) in Moscow, Moscow, Russian Federation ... Moscow Institute of Physics and Technology (State University) (MIPT) is a higher education institution. Moscow Institute of Physics and Technology (State University) (MIPT) has 200-300 employees (+10% YoY), founded in 1951. Headquartered in Moscow, Moscow, Russia, with an office in Dolgoprudnyy. Its workforce is distributed across 18 countries (including Russia, Ukraine, Kazakhstan, Serbia, and India). Research output of 20,000-30,000 works, primarily in Physics and Astronomy, Engineering, and Materials Science. Funds research behind 100-150 works."
kaz-5da1ec7d4068,Rustem Takhanov,IMO,2000,confirmed,Nazarbayev University,Assistant Professor,https://linkedin.com/in/rustem-takhanov-7907149,Nazarbayev University,Assistant Professor,organization_match,not_applicable,,,selected,exact_name_only,63,False,False,False,True,,,66da58d85d66f9d5cff843e8cc286ebd,"""Rustem Takhanov"" Kazakhstan IMO Olympiad 2000 current employer university role",0.007,1,rustem takhanov,https://linkedin.com/in/rustem-takhanov-7907149,profile,"Assistant Professor at Nazarbayev University ... Assistant Professor at Nazarbayev University ... ### Assistant Professor - [Nazarbayev University](https://www.linkedin.com/school/aoe-nazarbayev-university) (Current) ... Jan 2015 - Present (11 years and 6 months) in Astana, Kazakhstan ... • Level: ... Nazarbayev University is a higher education institution. Nazarbayev University is a leading university in Central Asia and Kazakhstan. Nazarbayev University has 1,000-2,000 employees (+6-7% YoY), founded in 2010. Headquartered in Astana, Kazakhstan. Its workforce is distributed across 47 countries (including Kazakhstan, United States, United Kingdom, Canada, and Pakistan). Research output of 10,000-20,000 works, primarily in Engineering, Medicine, and Social Sciences. Funds research behind 2,000-3,000 works. ... Physics and Technology ( ... University) (M ... ) is a higher education institution. Moscow Institute of Physics and Technology (State University) (MIPT) has 200-300 employees (+1 ... % YoY), founded in 195 ... in Moscow, Moscow ... Russia, with an office in Dolgoprudnyy. Its workforce ... distributed across ... countries (including Russia, Ukraine, Kazakhstan, Serbia, and India). Research output of ... 00 works, primarily in ... and Astronomy, Engineering, and Materials ... 00-1"
kaz-d7f55daeca5c,Zhanybek Alpichshev,IPhO,1999,confirmed,Institute of Science and Technology Austria,Assistant Professor,https://at.linkedin.com/in/zhanybek-alpichshev-41bb4b207,Institute of Science and Technology Austria,Assistant Professor,organization_match,not_applicable,,,selected,exact_name_only,63,False,False,False,True,,,711a12520b174d2e9acf8bc15c970b9a,"""Zhanybek Alpichshev"" Kazakhstan IPhO Olympiad 1999 current employer university role",0.007,1,Zhanybek Alpichshev,https://linkedin.com/in/zhanybek-alpichshev-41bb4b207,profile,"### Assistant Professor - [Institute of Science and Technology Austria](https://www.linkedin.com/company/institute-of-science-and-technology-austria) (Current) ... Aug 2018 - Present (7 years and 10 months) ... Institute of Science and Technology Austria is an educational institution. ISTA is a PhD-granting research institution dedicated to cutting-edge research in the physical, mathematical, computer, and life sciences. Institute of Science and Technology Austria has 600-700 employees (+10% YoY), founded in 2007. Headquartered in Klosterneuburg, Austria. Its workforce is distributed across 37 countries (including Austria, Italy, Germany, France, and India). Research output of 7,000-8,000 works, primarily in Biochemistry, Genetics and Molecular Biology, Computer Science, and Physics and Astronomy. Funds research behind 90-100 works. ... ### Doctor of Philosophy - PhD, Condensed Matter and Materials Physics at [Stanford University](https://www.linkedin.com/school/stanford-university) ... ### Bachelor's degree, Applied Physics and Mathematics at [Moscow Institute of Physics and Technology (State University) (MIPT)](https://www.linkedin.com/school/moscowinstituteofphysicsandtechnology) ... Moscow Institute of Physics and Technology (State University) (MIPT) is a higher education institution. Moscow Institute of Physics and Technology (State University) (MIPT) has 200-300 employees (+10% YoY), founded in 1951. Headquartered in Moscow, Moscow, Russia, with an office in Dolgoprudnyy. Its workforce is distributed across 18 countries (including Russia, Ukraine, Kazakhstan, Serbia, and India). Research output of 20,000-30,000 works, primarily in Physics and Astronomy, Engineering, and Materials Science. Funds research behind 100-150 works."
kaz-9f8b5c60daf2,Kairat Akhmetov,IPhO,1998;1999,confirmed,Freedom Telecom,Chief Executive Officer,https://kz.linkedin.com/in/kairatakhmetov,Messenger CRM,Founder,organization_change,not_applicable,,,selected,exact_name_only,60,False,False,False,True,,,914a08c28e5db2275d22dc84cc3e5e3e,"""Kairat Akhmetov"" Kazakhstan IPhO Olympiad 1998;1999 current employer university role",0.007,4,Kairat Akhmetov,https://linkedin.com/in/kairatakhmetov,profile,# Kairat Akhmetov ... Kazakhstan (KZ) ... ### Founder - Messenger CRM (Current) ... ### CTO & Co-Founder - Nommi (Current) ... Department: Engineering and Technical • Level: C-Level ... ### Stanford Executive Program: Be a Leader Who Matters by [Stanford University Graduate School of Business](https://linkedin.com/school/stanford-graduate-school-of-business)
kaz-c81d0e9f9556,Adil Zhugralin,IChO,1998;1999;2000,confirmed,Novartis,Patent Attorney,https://www.linkedin.com/in/adil-zhugralin-9bb1b03,,,no_current_affiliation_extracted,not_applicable,,,selected,exact_name_only,55,False,False,False,False,,,f6d17f6124f81dfd47352b2a5e02327b,"""Adil Zhugralin"" Kazakhstan IChO Olympiad 1998;1999;2000 current employer university role",0.007,1,Adil Zhugralin,https://linkedin.com/in/adil-zhugralin-9bb1b03,profile,# Adil Zhugralin ... Greater Boston (US) ... ### Attorney by [Massachusetts Board of Bar Examiners](https://linkedin.com/company/massachusetts-board-of-bar-examiners) ... ### Patent Bar Admission by [USPTO](https://linkedin.com/company/uspto)
kaz-afe18421e5b7,Daulet Zhanguzin,IMO,2006,confirmed,NVIDIA,Senior Staff Software Engineer,https://www.linkedin.com/in/daulet-zhanguzin,,,no_current_affiliation_extracted,not_applicable,,,selected,exact_name_only,55,False,False,False,False,,,3f262cc1d8352aaa713d7d2c486285c2,"""Daulet Zhanguzin"" Kazakhstan IMO Olympiad 2006 current employer university role",0.007,1,Daulet Zhanguzin,https://linkedin.com/in/daulet-zhanguzin,profile,"# Daulet Zhanguzin United States (US) 500 connections • 1,131 followers"
kaz-2732f0e135fa,Nurislam Tursynbek,IPhO,2013;2014,confirmed,University of North Carolina at Chapel Hill,Graduate Student in Computer Science,https://linkedin.com/in/nurislam-tursynbek-0a8620ab,,,no_current_affiliation_extracted,not_applicable,,,selected,exact_name_only,55,False,False,False,False,,,a71ed3c24ea452eae0197413f6bdaeb0,"""Nurislam Tursynbek"" Kazakhstan IPhO Olympiad 2013;2014 current employer university role",0.007,1,Nurislam Tursynbek,https://linkedin.com/in/nurislam-tursynbek-0a8620ab,profile,"## Work Experience ... ### University of North Carolina at Chapel Hill ... ### Skolkovo Institute of Science and Technology ... ### Nazarbayev University ... 2017, 2018 ... ### [Skolkovo Institute of Science and Technology](https://www.linkedin.com/school/skolkovo-institute-of-science-and-technology) ... Skolkovo Institute of Science and Technology is a higher education institution. Skolkovo institute of science and technology offers education, msc programs, professional education, and thesis defenses. Skolkovo Institute of Science and Technology has 400-500 employees (+2-3% YoY) and has annual revenue in the RUB8B-RUB9B range, founded in 2011. Headquartered in Moscow, Moscow Oblast, Russia. Its workforce is distributed across 35 countries (including Russia, Germany, United States, Kazakhstan, and United Arab Emirates). Research output of 10,000-20,000 works, primarily in Engineering, Biochemistry, Genetics and Molecular Biology, and Materials Science. Funds research behind 150-200 works."
kaz-36fb8d2c335b,Zeinul-Gabiden Kazhkenov,IChO,2000;2001,confirmed,Polymer Production,Financial Director,https://kz.linkedin.com/in/zeinul-gabiden-kazhkenov-23203052,,,no_current_affiliation_extracted,not_applicable,,,selected,exact_name_only,55,False,False,False,False,,,fece214e55a76d7a0bed69411a6d8688,"""Zeinul-Gabiden Kazhkenov"" Kazakhstan IChO Olympiad 2000;2001 current employer university role",0.007,1,Zeinul-Gabiden Kazhkenov,https://linkedin.com/in/zeinul-gabiden-kazhkenov-23203052,profile,"# Zeinul-Gabiden Kazhkenov ... Kazakhstan (KZ) ... ### Financial Director - Polymer Production ... Sep 2020 - Oct 2021 (1 year and 1 month) in Kazakhstan ... Department: Finance & Accounting • Level: C-Level ... ### Sr Financial Specialist - Polymer Production ... Feb 2018 - Sep 2020 (2 years and 7 months) in Kazakhstan ... : Finance & Accounting • Level ... : Finance & Accounting • Level ... ### Chemical Technology Manager - Kaztechproject ... Aug 20 ... 4 - Jan ... (1 year and ... ) in Astana, Kazakhstan ... ### Master of Science (M.Sc.), Chemistry at [Cornell University](https://www.linkedin.com/school/cornell-university) ... 2008 - 2011 (3 years) in Ithaca, New York, United States ... Cornell University is a higher education institution. Cornell University has 10,000-20,000 employees (+1-2% YoY) and has annual revenue in the $5B-$6B range, founded in 1865. Headquartered in Ithaca, New York, United States, with presence in Qatar. Its workforce is distributed across 89 countries (including United States, Canada, India, China, and United Kingdom). Research output of 400,000-500,000 works, primarily in Medicine, Biochemistry, Genetics and Molecular Biology, and Agricultural and Biological Sciences. Funds research behind 200-300 works."
kaz-2fe78cfd647b,Dinmukhammed Nurbek,IPhO,2013;2014,confirmed,EPAM Systems,Senior Data Engineer,https://linkedin.com/in/dinmukhammed-nurbek,,,no_current_affiliation_extracted,not_applicable,,,supporting,exact_name_only,64,False,True,False,False,Older duplicate profile repeats the exact rare name and 2014-2018 Nazarbayev University physics degree used in the confirmed identity chain,https://linkedin.com/in/dinmukhammed-nurbek,05da357c71ae8ed348a7da7951a1c4d1,"""Dinmukhammed Nurbek"" Kazakhstan IPhO Olympiad 2013;2014 current employer university role",0.007,2,Dinmukhammed Nurbek,https://linkedin.com/in/dinmukhammed-nurbek-085153101,profile,"# Dinmukhammed Nurbek Учащийся - Nazarbayev University Kazakhstan (KZ) 62 connections • 61 followers ## About Учащийся - Nazarbayev University ## Education ### Bachelor's degree, Physics at [Nazarbayev University](https://www.linkedin.com/school/aoe-nazarbayev-university) 2014 - 2018 (4 years) in Astana, Kazakhstan Nazarbayev University is a higher education institution. Nazarbayev University is a leading university in Central Asia and Kazakhstan. Nazarbayev University has 1,000-2,000 employees (+6-7% YoY), founded in 2010. Headquartered in Astana, Kazakhstan. Its workforce is distributed across 47 countries (including Kazakhstan, United States, United Kingdom, Canada, and Pakistan). Research output of 10,000-20,000 works, primarily in Engineering, Medicine, and Social Sciences. Funds research behind 2,000-3,000 works."
kaz-73232d09a9cf,Zhalgas Serimbetov,IChO,2009;2010,confirmed,Impala Partners,CIO and Portfolio Manager,https://linkedin.com/in/zhalgasserimbetov,,,no_current_affiliation_extracted,not_applicable,,,supporting,exact_name_only,64,False,True,False,False,Older profile gives the rare exact name and chemistry study at the Taraz gifted lyceum through the 2009-2010 IChO years,https://linkedin.com/in/zhalgasserimbetov,cc49bac890851203f6ba1954d52ec966,"""Zhalgas Serimbetov"" Kazakhstan IChO Olympiad 2009;2010 current employer university role",0.007,2,Zhalgas Serimbetov,https://linkedin.com/in/jalgas,profile,"# Zhalgas Serimbetov Student at Kazakh-Turkish High School for gifted boys (Taraz city) Kazakhstan (KZ) ## About Student at Kazakh-Turkish High School for gifted boys (Taraz city) ## Education ### chemistry at Kazakh-Turkish High School for gifted boys (Taraz city) 1999 - 2010 (11 years) Activities: Activities and Societies: Chemistry Team, Torpedo F.Club"
kaz-f4f08ec984b8,Nikolay Berezhnoy,IBO,2001;2002,confirmed,Nazarbayev University,Senior Researcher in Bioengineering and Regenerative Medicine,,NUS Yong Loo Lin School of Medicine,Senior Research Fellow,organization_change,not_applicable,,,supporting,exact_name_only,63,False,False,False,True,Rare exact-name profile continues the verified biological research path into an NUS medical research fellowship although its own post says the contract ended in 2024,https://www.linkedin.com/posts/nikolay-berezhnoy-83262530_dear-connections-my-employment-contract-activity-7229356943256002561-QFyJ,6a9f5da7b34403e50dfde5a8556557d7,"""Nikolay Berezhnoy"" Kazakhstan IBO Olympiad 2001;2002 current employer university role",0.007,1,Nikolay Berezhnoy,https://linkedin.com/in/nikolay-berezhnoy-83262530,profile,"### Senior Research Fellow - [NUS Yong Loo Lin School of Medicine](https://www.linkedin.com/school/nusmedicine) (Current) ... Oct 2021 - Present (4 years and 9 months) in Singapore ... NUS Yong Loo Lin School of Medicine ... education institution. NUS Yong Loo Lin School of Medicine ... Singapore, Singapore. ... across 13 countries (including Singapore, United States, Malaysia, Switzerland, and United Kingdom). ... ### Research Fellow - Singapore Center for Environmental Life Sceinces Engineering, Nanyang Technological University ... Nanyang Technological University ... Nanyang Technological ... 1 Mandalay ... (including Singapore, China, India, United States, and ... Research output of ... 00,0 ... 0-200, ... 00 works ... primarily in Engineering, Computer Science, and Materials Science ... Funds research behind 3,000-4,000 works ... Nanyang Technological University ... Nanyang Technological ... Nanyang Technological ... Nanyang Technological University ... -$2B range ... including Singapore, China, India, ... States, and ... Research output of 100,000-200,000 works, primarily in Engineering, Computer Science, and Materials Science ... Funds research behind 3,000-4,000 works ... - [2024-08-14 · Posted by] [Dear connections, my employment contract with National University...](https://www.linkedin.com/posts/nikolay-berezhnoy-83262530_dear-connections-my-employment-contract-activity-7229356943256002561-QFyJ): Dear connections, my employment contract with National University of Singapore will end on 30 of September 2024. I am looking for new opportunities…"
kaz-2b2d1a08a130,Arnat Balabiyev,IBO,2007;2008,confirmed,Arizona State University,Senior Staff Scientist,https://linkedin.com/in/arnat-balabiyev,Arizona State University,Postdoctoral Research Fellow,organization_match,not_applicable,,,supporting,exact_name_only,62,False,False,False,True,Duplicate rare-name profile independently corroborates the current Arizona State postdoctoral research affiliation,https://linkedin.com/in/arnat-balabiyev,a0709997f4423dc6b104ca0055d95221,"""Arnat Balabiyev"" Kazakhstan IBO Olympiad 2007;2008 current employer university role",0.007,2,Arnat Balabiyev,https://linkedin.com/in/arnat-balabiyev-65838821b,profile,"Postdoctoral Research Fellow at Arizona State University ... Postdoctoral Research Fellow at Arizona State University ... ### Postdoctoral Research Fellow - [Arizona State University](https://www.linkedin.com/school/arizona-state-university) (Current) ... Department: Research • Level: Specialist ... Arizona State University is a higher education institution. ASU is a university offering various degree programs in different fields such as architecture & construction arts business communication & media computing & mathematics education & training engineering & technology entrepreneurship exploratory health & wellness humanities interdisciplinary studies law, justice & public service science social & behavioral sciences sustainability stem and andecided degree type undergraduate graduate discover what's right for me pause view all rankings i am a. Arizona State University has 10,000-20,000 employees (+2-3% YoY) and has annual revenue in the $3B-$4B range, founded in 1885. Headquartered in Tempe, Arizona, United States, with offices in Washington, Phoenix, Glendale, Mesa, and Los Angeles. Its workforce is distributed across 118 countries (including United States, India, China, Canada, and United Kingdom). Has $75.6M in total funding, with 14 prior funding rounds. Research output of 100,000-200,000 works, primarily in Social Sciences, Engineering, and Physics and Astronomy. Funds research behind 300-400 works."
kaz-3fc7579c7a89,Yeskendir Kassenov,IMO,2008,confirmed,The Trade Desk,Staff Software Engineer,https://uk.linkedin.com/in/yeskas,,,no_current_affiliation_extracted,not_applicable,,,supporting,exact_name_only,54,False,False,False,False,Older rare-name profile supplies an age-compatible 2011-2016 Nazarbayev University technical path before the selected Trade Desk outcome,https://uk.linkedin.com/in/yeskas,f27217bf8185a68cea31f73307079ed9,"""Yeskendir Kassenov"" Kazakhstan IMO Olympiad 2008 current employer university role",0.007,2,Yeskendir Kassenov,https://linkedin.com/in/yeskendir-kassenov-42202711b,profile,"# Yeskendir Kassenov Учащийся - Nazarbayev University Kazakhstan (KZ) 33 connections • 33 followers ## About Учащийся - Nazarbayev University Total Experience: 1 year and 1 month ## Experience ### Разработчик - VR Envision May 2016 - Apr 2017 (11 months) in Астана, Казахстан Занимался созданием приложения для ПК и мобильных устройств на базе игрового движка Unreal Engine 4. Department: Engineering and Technical • Level: Specialist ### Разработчик - VR Envision Mar 2016 - Apr 2017 (1 year and 1 month) Department: Engineering and Technical • Level: Specialist ## Education ### [Nazarbayev University](https://www.linkedin.com/school/aoe-nazarbayev-university) 2011 - 2016 (5 years) in Astana, Kazakhstan Nazarbayev University is a higher education institution. Nazarbayev University is a leading university in Central Asia and Kazakhstan. Nazarbayev University has 1,000-2,000 employees (+6-7% YoY), founded in 2010. Headquartered in Astana, Kazakhstan. Its workforce is distributed across 47 countries (including Kazakhstan, United States, United Kingdom, Canada, and Pakistan). Research output of 10,000-20,000 works, primarily in Engineering, Medicine, and Social Sciences. Funds research behind 2,000-3,000 works. ## Skills unreal engine ## Publications Total of 1 work and 3 citations, including 1 work in 2017, with an h-index of 1. Research areas include Virtual Reality Applications and Impacts, Tactile and Sensory Interactions, and Teleoperation and Haptic Systems."
kaz-444dd6943eb0,Vyacheslav Kim,IOI,2011;2012,confirmed,,,,Kaspi.kz,Java Software Developer,missing_published_outcome,not_applicable,,,deferred,exact_name_only,73,False,True,False,True,Common-name Kaspi developer profile has no IOI MIT or established identity bridge,https://linkedin.com/in/kim-vyacheslav,2e38053e95c151f110fe7956e9416ad8,"""Vyacheslav Kim"" Kazakhstan IOI Olympiad 2011;2012 current employer university role",0.007,1,Vyacheslav Kim,https://linkedin.com/in/kim-vyacheslav,profile,"Almaty Region, Kazakhstan (KZ) ... ### Java Software Developer - [Kaspi.kz](https://www.linkedin.com/company/kaspi-kz) (Current) ... Sep 2024 - Present (1 year and 9 months) in Almaty, Kazakhstan ... Combining roles of analyst, developer and qa, on a position of Java Software Developer at Service Request Team of CRM Department ... Department: Engineering and Technical • Level: Specialist ... Kaspi.kz (KSPI.L) is a Technology, Information and Internet company. Kaspi.kz is a company that provides various financial services including banking, online shopping, payment options, credit, and savings accounts. Kaspi.kz has 1,000-2,000 employees (+30% YoY) and has annual revenue in the $4B-$5B range, founded in 2008. Headquartered in Almaty, Kazakhstan, with an office in БЦ «Каблан». Its workforce is distributed across 24 countries (including Kazakhstan, Russia, Germany, United States, and Kyrgyzstan). IPO 2020. ... com/company/and ... Department: Engineering ... Technical • Level ... ### [Saint Petersburg State University](https://www.linkedin.com/school/санкт-петербургский-государственный-университет) ... 2012 - 2015 (3 years) in Russian Federation ... Saint Petersburg State University is a higher education institution. Saint Petersburg State University has 300-400 employees (+4-5% YoY), founded in 1724. Headquartered in Russia. Its workforce is distributed across 37 countries (including Russia, Egypt, Ukraine, Turkey, and Germany). Research output of 70,000-80,000 works, primarily in Physics and Astronomy, Engineering, and Materials Science. Funds research behind 2,000-3,000 works."
kaz-9f8b5c60daf2,Kairat Akhmetov,IPhO,1998;1999,confirmed,Freedom Telecom,Chief Executive Officer,https://kz.linkedin.com/in/kairatakhmetov,,,no_current_affiliation_extracted,not_applicable,,,deferred,exact_name_only,72,False,True,False,True,Common-name profile exposes no evidence connecting it to the IPhO medalist and Freedom Telecom executive,https://linkedin.com/in/kairat-akhmetov-535589145,914a08c28e5db2275d22dc84cc3e5e3e,"""Kairat Akhmetov"" Kazakhstan IPhO Olympiad 1998;1999 current employer university role",0.007,2,Kairat Akhmetov,https://linkedin.com/in/kairat-akhmetov-535589145,profile,"Kazakhstan (KZ) ... ### [Тенгизшевройл](https://www.linkedin.com/company/tengizchevroil) ... #### IRM Coordinator (Current) ... Nov 2020 - Present (5 years and 1 month) in Тенгиз ... 018 ... in Tengiz ... Tengizchevroil is a Oil and Gas company. Tengizchevroil is a leading company in Kazakhstan that produces oil, gas and associated products that fuels the modern economy. Tengizchevroil has 2,000-3,000 employees (4-5% YoY decline) and has annual revenue in the $10B-$20B range, founded in 1993. Headquartered in Kazakhstan, with presence in United States. Its workforce is distributed across 54 countries (including Kazakhstan, United States, United Kingdom, Russia, and South Korea). ... ### Bachelor's degree, Computer Science at [Suleyman Demirel University](https://www.linkedin.com/school/sdu-kz) ... 1998 - 2002 (4 years) in Kazakhstan ... Suleyman Demirel University is a higher education institution. SDU University is a university that offers various academic programs and conducts research in various fields. Suleyman Demirel University has 90-100 employees (8-9% YoY decline), founded in 1996. Headquartered in Kazakhstan. Its workforce is distributed across 9 countries (including Kazakhstan, Turkey, United States, Germany, and Australia)."
kaz-4fe09b624ebf,Artur Kim,IPhO,2024;2025,confirmed,Nanyang Technological University (NTU),Computer Science Student,https://linkedin.com/in/artur-kim-983558282,,,no_current_affiliation_extracted,not_applicable,,,deferred,exact_name_only,71,False,True,False,True,Common-name profile exposes no IPhO NTU or selected recent-medalist bridge,https://linkedin.com/in/artur-kim-12a1ba23a,057fbfd505163b947d3dc4fa60ad0431,"""Artur Kim"" Kazakhstan IPhO Olympiad 2024;2025 current employer university role",0.007,3,Artur Kim,https://linkedin.com/in/artur-kim-12a1ba23a,profile,"Team Lead - Kaspi.kz ... Almaty, Almaty, Kazakhstan (KZ) ... Team Lead - Kaspi.kz ... ### [Kaspi.kz](https://www.linkedin.com/company/kaspi-kz) ... #### Team Lead (Current) ... Sep 2024 - Present (1 year and 10 months) ... #### Software Engineer ... May 2022 - Jan 2025 (2 years and 8 months) in Алматы, Казахстан ... Kaspi.kz (KSPI.L) is a Technology, Information and Internet company. Kaspi.kz is a company that provides various financial services including banking, online shopping, payment options, credit, and savings accounts. Kaspi.kz has 1,000-2,000 employees (+30% YoY) and has annual revenue in the $4B-$5B range, founded in 2008. Headquartered in Almaty, Kazakhstan, with an office in БЦ «Каблан». Its workforce is distributed across 24 countries (including Kazakhstan, Russia, Germany, United States, and Kyrgyzstan). IPO 2020. ... Алматы, Казахстан ... [2025-0 ... -23 ... Artur Kim shared this] ... experience attending Spring I/O 2025 ... https://www.linkedin.com/ ... /artur-kim-12a1ba23 ... io25-whova- ... -7331691763964841986- ... I/O 2025 ... Работа полностью фултайм из офиса в ... работа-полностью ... -73 ... Работа полностью фултайм из офиса ... сейчас в поиске ... QA Software Engineer"
kaz-4fe09b624ebf,Artur Kim,IPhO,2024;2025,confirmed,Nanyang Technological University (NTU),Computer Science Student,https://linkedin.com/in/artur-kim-983558282,,,no_current_affiliation_extracted,not_applicable,,,deferred,exact_name_only,70,False,True,False,True,Common-name profile exposes no IPhO NTU or selected recent-medalist bridge,https://linkedin.com/in/artur-kim-b51a51306,057fbfd505163b947d3dc4fa60ad0431,"""Artur Kim"" Kazakhstan IPhO Olympiad 2024;2025 current employer university role",0.007,4,Artur Kim,https://linkedin.com/in/artur-kim-b51a51306,profile,"Almaty, Almaty, Kazakhstan (KZ) ... ### [RTSDecaux JSC](https://www.linkedin.com/company/rts-decaux-jsc) ... #### Middle Full Stack Developer (Current) ... Jan 2026 - Present (6 months) in Алматы, Казахстан ... Jan 202 ... - Present (1 ... ) in Алматы, Казахстан ... Department: Engineering and Technical • Level: Specialist ... RTSDecaux JSC ... . RTSDecaux JSC has 1-10 employees (+5 ... % YoY), founded ... 20 ... . Headquartered in Almaty ... Jan 202 ... - Jan 20 ... 6 (1 year) in Алматы, Казахстан ... Department: Engineering and Technical • Level: Specialist ... Jan 2025 - Jan 2026 (1 year) in Алматы ... Department: Engineering and Technical • Level: Specialist ... -разработчик - [Oris Lab](https://www.linkedin.com/company/oris-lab) ... Jan 202 ... - May 20 ... 4 (4 months) in Алматы, Казахстан ... Engineering and Technical • Level ... ### Bachelor's degree Software engineering at [International Information Technologies University](https://www.linkedin.com/school/iitu-kz) ... 2021 - 2025 (4 years) in Almaty, Kazakhstan ... International Information Technologies University is a higher education institution. International Information Technologies University has 30-40 employees (+20% YoY), founded in 2009. Headquartered in Almaty, Kazakhstan. Its workforce is distributed across Kazakhstan, Russia, United States, and France. Research output of 1,000-2,000 works, primarily in Computer Science, Engineering, and Social Sciences. ... ### Software Design and Architecture Specialization by [University of Alberta](https://linkedin.com/school/university-of-alberta)"
kaz-58dea61d1101,Denis Ivanov,IOI,2001,confirmed,,,,,,no_current_affiliation_extracted,not_applicable,,,deferred,exact_name_only,70,False,True,False,True,Common-name profile has no Kazakhstan IOI school education or handle evidence,https://linkedin.com/in/denisivanov,ebe6dfbdac4f5790a32d95c94d237484,"""Denis Ivanov"" Kazakhstan IOI Olympiad 2001 current employer university role",0.007,4,Denis Ivanov,https://linkedin.com/in/denisivanov,profile,"Principal Software Engineer at Microsoft working on distributed tracing and OpenTelemetry ... ### [Microsoft](https://www.linkedin.com/company/microsoft) ... #### Principal Software Engineer (Current) ... Mar 2023 - Present (3 years and 4 months) in Redmond, Washington, United States ... #### Senior Software Engineer (Current) ... Sep 2021 - Present (3 years and 4 months) in Redmond, Washington, United States ... Azure Edge + Platform, Telemetry Core team, focusing on distributed tracing and OpenTelemetry ... ### Master of Applied Mathematics and Computer Science Applied Mathematics and Computer Science at [Novosibirsk State Technical University (NSTU)](https://www.linkedin.com/school/новосибирский-государственный-технический-университет-нгту-) ... 2001 - 2007 (6 years) ... mathematical physics ( ... Novosibirsk State Technical University (NSTU) is a higher education institution. Novosibirsk State Technical University (NSTU) has 20-30 employees (+8-9% YoY), founded in 1950. Headquartered in Soviet Union. Its workforce is distributed across Russia, Kazakhstan, and South Korea. Research output of 7,000-8,000 works, primarily in Engineering, Physics and Astronomy, and Materials Science. Funds research behind 20-30 works."
kaz-58dea61d1101,Denis Ivanov,IOI,2001,confirmed,,,,NTI Danmark,Software Developer,missing_published_outcome,not_applicable,,,deferred,exact_name_only,69,False,True,False,True,Denmark software profile has no Kazakhstan IOI school education or handle evidence,https://linkedin.com/in/denis-ivanov-218381129,ebe6dfbdac4f5790a32d95c94d237484,"""Denis Ivanov"" Kazakhstan IOI Olympiad 2001 current employer university role",0.007,5,Denis Ivanov,https://linkedin.com/in/denis-ivanov-218381129,profile,"Software Developer at NTI A/S ... ### Software Developer - [NTI Danmark](https://www.linkedin.com/company/nti-as) (Current) ... Aug 2025 - Present (10 months) in Region Midtjylland, Danmark ... Department: Engineering and Technical • Level: Specialist ... NTI Denmark is a IT Services and IT Consulting company. The company offers solutions in BIM, CAD, and Autodesk. They provide education, software, and consulting services for construction and industry. NTI Denmark has 150-200 employees (1-2% YoY decline), founded in 1945. Headquartered in Denmark, with offices in Vejle and Risskov. Its workforce is distributed across 14 countries (including Denmark, United States, Norway, Egypt, and Netherlands). ... : Engineering and Technical • Level: Specialist ... ### Datamatiker at [Arhus Købmandsskole](https://www.linkedin.com/school/aarhus-business-college) ... 2001 - 2003 (2 years) in Århus, Middle Jutland, Denmark ... Aarhus Business College is an educational institution. AABC is an educational institution that offers various courses and study programs in different fields such as business, education, and business. Aarhus Business College has 200-300 employees (+2-3% YoY), founded in 1865. Headquartered in Århus, Middle Jutland, Denmark. Its workforce is distributed across Denmark and United States. Research output of 2,000-3,000 works, primarily in Business, Management and Accounting, Economics, Econometrics and Finance, and Social Sciences. ... ### HH at Grenå Handelsskole ... 1998 - 20"
kaz-e0511f92fe0d,Almas Serikov,IBO,2015,confirmed,,,,,,no_current_affiliation_extracted,not_applicable,,,deferred,exact_name_only,65,False,True,False,False,Name-only profile exposes no IBO Korean research or KIST identity evidence,https://linkedin.com/in/almasserikov,04eaba178ba9579fb21fb07ad03731d3,"""Almas Serikov"" Kazakhstan IBO Olympiad 2015 current employer university role",0.007,1,Almas Serikov,https://linkedin.com/in/almasserikov,profile,"# Almas ... Astana, Kazakhstan (KZ) ... ### Sales Executive - [Bureau Veritas Kazakhstan](https://www.linkedin.com/company/bureau-veritas-group) ... Dec 2024 - Aug 2025 (8 months) in Astana, Kazakhstan ... ### Sales Manager - [IC Lab LLP](https://www.linkedin.com/company/ic-lab-llp) ... ### Junior Research Scientist - [L.N.Gumilyov Eurasian National University](https://www.linkedin.com/school/enu) ... L.N. ... атындағы Е ... зия ұлттық университеті is ... . L. ... ilyov Eurasian National University has ... 00- ... 50 employees ... 0% YoY), founded in ... 6. Headquartered ... Astana, Kazakhstan. Its workforce ... , Turkey, Spain, and Poland). Has $ ... total funding, with ... 0 works, primarily in ... ### Master of Engineering - MEng, Chemical technology of organic substances, 3.73 at Kazakh University of Technology and Business ... ### Bachelor of Engineering - BE, Chemical Engineering, 3,53 at Kazakh University of Technology and Business ... 2015 - 2019 (4 years)"
kaz-21741893c5a2,Talap Kossybakov,IBO,2009;2010,confirmed,Galaxy International School Almaty,Science Teacher,,,,no_current_affiliation_extracted,not_applicable,,,deferred,exact_name_only,65,False,True,False,False,Rare-name medicine profile is age-compatible but does not connect its university history to the IBO contestant or selected teaching role,https://linkedin.com/in/talap-kossybakov-b381751a1,834ee0abf0aec77a32e5968284cfa08d,"""Talap Kossybakov"" Kazakhstan IBO Olympiad 2009;2010 current employer university role",0.007,1,Talap Kossybakov,https://linkedin.com/in/talap-kossybakov-b381751a1,profile,"Almaty, Almaty, Kazakhstan (KZ) ... ### Master of Science - MS, medicine at [Назарбаев Университет](https://www.linkedin.com/school/aoe-nazarbayev-university) ... 2018 - 2020 (2 years) in Astana, Kazakhstan ... Nazarbayev University is a higher education institution. Nazarbayev University is a leading university in Central Asia and Kazakhstan. Nazarbayev University has 1,000-2,000 employees (+6-7% YoY), founded in 2010. Headquartered in Astana, Kazakhstan. Its workforce is distributed across 47 countries (including Kazakhstan, United States, United Kingdom, Canada, and Pakistan). Research output of 10,000-20,000 works, primarily in Engineering, Medicine, and Social Sciences. Funds research behind 2,000-3,000 works. ... ### MD, Surgeon at КМУ"
kaz-fe0afafbd5f3,Vladimir Bychkov,IPhO,2005;2006,confirmed,Micron Technology,Senior Computer Vision Engineer,https://www.linkedin.com/in/vladimir-bychkov-98954252,,,no_current_affiliation_extracted,not_applicable,,,deferred,exact_name_only,64,False,True,False,False,Name-only profile exposes no IPhO Micron computer-vision or selected-profile bridge,https://linkedin.com/in/vladimir-bychkov-26a9545b,f180a4eed8b7bd8db9071920973241ed,"""Vladimir Bychkov"" Kazakhstan IPhO Olympiad 2005;2006 current employer university role",0.007,2,Vladimir Bychkov,https://linkedin.com/in/vladimir-bychkov-26a9545b,profile,"Region Manager - Gazprom Georesurs ... Region Manager - Gazprom Georesurs ... ### Director of Marketing and Sales - Weatherford (Wireline - Company GIS) ... Jan 2007 - Jan 2009 (2 years) in Kazakhstan ... • Level: Director ... ### Director of Marketing and Sales - Company GIS ... Jan 2005 - Jan 2007 (2 years) in Kazakhstan ... • Level: ... ### Branch Director in Aktobe - Company GIS ... Jan 2003 - Jan 2005 (2 years) in Aktobe, Kazakhstan ... ### Magister, Geophysics at Karaganda Technical University, Kazakhstan ... 1989 - 1994 (5 years)"
kaz-236abc470fa7,Adilet Abu,IMO,2022,confirmed,Huawei,Deep Learning Researcher,https://kz.linkedin.com/in/adilet-abu-974647260,,,no_current_affiliation_extracted,not_applicable,,,deferred,exact_name_only,63,False,True,False,False,Secondary common-name profile exposes no IMO Huawei UNIST or selected-profile bridge,https://linkedin.com/in/adilet-abu-36551b252,d18e851bd4e4b78dbd8a437127da109d,"""Adilet Abu"" Kazakhstan IMO Olympiad 2022 current employer university role",0.007,3,Adilet Abu,https://linkedin.com/in/adilet-abu-36551b252,profile,"Signal Processing Engineer | Railway Track Diagnostics (NDT) & Predictive Maintenance | MSc University of Padua ... Astana, Kazakhstan (KZ) ... Processing Engineer specializing in Railway NDT and Structural Health Monitoring (SHM). I bridge the gap between hardware instrumentation and software data analysis. I specialize in processing raw sensor ... to detect anomalies in industrial infrastructure. My technical focus includes ... for railway track defect ... filtering with Python & MATLAB, and analyzing vibration ... for predictive maintenance. My ... Master’s degree in Italy with ... &D experience. I ... , working with sensor arrays, and ... signal processing (DSP ... ### [SpaceLab LTD](https://www.linkedin.com/company/spacelab-ltd) ... SpaceLab LTD is a Space Research and Technology company. SpaceLab is a company that specializes in satellite technology and disaster prevention solutions. They build technologies that connect earth and space through satellite technology, using satellites, sensors, and 3d manufacturing to protect the planet and improve lives. SpaceLab LTD has 10-20 employees (+50% YoY). Headquartered in Astana, Astana, Kazakhstan. Its workforce is distributed across Kazakhstan, Nigeria, United States, and Germany. ... ### Graduate Researcher (Signal Processing) - [Università degli Studi di Padova](https://www.linkedin.com/company/university-of-padova) ... Jun 2025 - Feb 2026 (8 months) in Padova, Padova, IT ... Conducting research on Structural Health Monitoring (SHM) using MEMS accelerometers. ... Saint Petersburg State Elect ... ### Master's degree Applied Sciences at [Università degli Studi di Padova](https://www.linkedin.com/school/university-of-padova) ... 2022 - 2026 (4 years) ... TI""​ ... ://www.linkedin.com ... spbetu"
kaz-e0511f92fe0d,Almas Serikov,IBO,2015,confirmed,,,,,,no_current_affiliation_extracted,not_applicable,,,deferred,exact_name_only,63,False,True,False,False,Name-only profile exposes no IBO Korean research or KIST identity evidence,https://linkedin.com/in/almas-serikov-1102a910b,04eaba178ba9579fb21fb07ad03731d3,"""Almas Serikov"" Kazakhstan IBO Olympiad 2015 current employer university role",0.007,3,Almas Serikov,https://linkedin.com/in/almas-serikov-1102a910b,profile,"Учащийся - 울산과학기술대학교 ... Учащийся - 울산과학기술대학교 ... ### Ulsan National Institute of Science and Technology ... 016 ... ### [울산과학기술대학교](https://www.linkedin.com/school/ulsan-national-institute-of-science-n-technology) ... 2015 - 2019 (4 years) in South Korea ... Ulsan National Institute of Science and Technology is a higher education institution. UNIST is a university that offers various programs and services in education, research, and campus activities. Ulsan National Institute of Science and Technology has 400-500 employees (+20% YoY), founded in 2007. Headquartered in South Korea. Its workforce is distributed across 19 countries (including South Korea, United States, India, Germany, and Singapore). Research output of 20,000-30,000 works, primarily in Engineering, Materials Science, and Biochemistry, Genetics and Molecular Biology. Funds research behind 1,000-2,000 works. ... - Yessengali Ussenbekov, V. P. Terletskiy, Orik Orazimanovna Zhanserkenova, et al. On the Absence of BLAD, CVM, DUMPS and BC Autosomal Recessive Mutations in Stud Bulls of the Local Alatau Cattle Breed of the Republic of Kazakhstan. World Academy of Science, Engineering and Technology, International Journal of Agricultural and Biosystems Engineering. 2016. ... - Almas Serikov, T. I. Kuzmina, V. P. Terletskiy, et al. Use of sexed semen for Holstein Friesian cattle breeding in Kazakhstan. 2016."
kaz-49e795089f9c,Anton Nikolayev,IOI,2002;2003,confirmed,,,,SIIK-INVEST,Совладелец,missing_published_outcome,not_applicable,,,deferred,exact_name_only,63,False,False,False,True,Kazakhstan business profile has an age-compatible university timeline but no IOI programming school or handle bridge for the common name,https://linkedin.com/in/anton-nikolayev-a4403a185,ca0b4a1b00eded4c41865f16abf099d5,"""Anton Nikolayev"" Kazakhstan IOI Olympiad 2002;2003 current employer university role",0.007,1,Anton Nikolayev,https://linkedin.com/in/anton-nikolayev-a4403a185,profile,"Совладелец – SIIK-INVEST ... ### Совладелец - SIIK-INVEST (Current) ... Apr 2018 - Present (8 years and 2 months) ... Department: General Management • Level: Owner ... ### Self employed - AN Consalt (Current) ... Dec 2015 - Present (9 years and 10 months) ... Department: General Management • Level: Owner ... ### Директор по развитию бизнеса - [Boston Consulting Group (BCG)](https://www.linkedin.com/company/boston-consulting-group) ... Sep 2011 - Dec 2015 (4 years and 3 months) in Europe ... Анализ рынка потребителей нефтепродуктов Казахстана ... https://www ... ### Master of Business Administration - MBA, BUSINESS ADMINISTRATION at [The Open University of Switzerland](https://www.linkedin.com/school/abms-the-open-university-of-switzerland) ... 2010 - 2012 (2 years) in Zurich, Switzerland ... The Open University of Switzerland is a higher education institution. The Open University of Switzerland has 1-10 employees (+100% YoY), founded in 2001. Headquartered in Zurich, Switzerland. ... ### Bachelor's degree, Business Administration, Management and Operations at Brussels School of International Studies (BSIS) - University of Kent ... 2000 - 2004 (4 years)"
kaz-ae7bbfa79815,Azamat Smagulov,IChO,2015;2016,confirmed,Prog.AI,Software Engineer,https://linkedin.com/in/azamatsmagulov,,,no_current_affiliation_extracted,not_applicable,,,deferred,exact_name_only,63,False,True,False,False,Secondary exact-name profile exposes no IChO KAIST Prog.AI or selected-profile bridge,https://linkedin.com/in/azamat-smagulov-4886b1a8,801c8e6790905414e82d55f15e3cca4d,"""Azamat Smagulov"" Kazakhstan IChO Olympiad 2015;2016 current employer university role",0.007,3,Azamat Smagulov,https://linkedin.com/in/azamat-smagulov-4886b1a8,profile,"# Azamat Smagulov Учащийся - Казанский Государственный Университет Kazakhstan (KZ) ## About Учащийся - Казанский Государственный Университет ## Education ### [Казанский государственный университет им. В.И. Ульянова-Ленина](https://www.linkedin.com/school/казанский-государственный-университет-им.-в.и.-ульянова-ленина) 2011 - 2015 (4 years) in Russian Federation Kazan State University is a higher education institution. Kazan State University has 80-90 employees (+7-8% YoY), founded in 1804. Headquartered in Russia. Its workforce is distributed across 13 countries (including Russia, Ukraine, Kazakhstan, Germany, and United States). Research output of 30,000-40,000 works, primarily in Social Sciences, Chemistry, and Physics and Astronomy. Funds research behind 1,000-2,000 works."
kaz-1d49feff22fe,Dmitriy Gorbachev,IOI,1999,confirmed,,,,АО «Bereke Bank»,Head Of Analytics,missing_published_outcome,not_applicable,,,deferred,exact_name_only,63,False,False,False,True,Common-name banking profile has no Kazakhstan IOI school education or handle bridge,https://linkedin.com/in/dmitriy-gorbachev-59ba181a3,10bccd85c9562609c98f0a205e9bdcbc,"""Dmitriy Gorbachev"" Kazakhstan IOI Olympiad 1999 current employer university role",0.007,1,Dmitriy Gorbachev,https://linkedin.com/in/dmitriy-gorbachev-59ba181a3,profile,"# Dmitriy Gorbachev ... Head of the Reporting Department Data Modeling & Analysis Expert ... Almaty, Almaty, Kazakhstan (KZ) ... Head of the Reporting Department Data Modeling & Analysis Expert ... ### Head Of Analytics - [АО «Bereke Bank»](https://www.linkedin.com/company/sberkz) (Current) ... Nov 2023 - Present (2 years) in Алматы, Казахстан ... Department: Other • Level: Head ... АО «Bereke Bank» is a Banking company. Bereke Bank is a financial institution that offers banking services for both individuals and businesses. They provide services such as auto loans, unsecured loans, deposits, debit cards, and other banking services. АО «Bereke Bank» has 500-600 employees (+20% YoY), founded in 2006. Headquartered in Almaty, Kazakhstan. Its workforce is distributed across 18 countries (including Kazakhstan, Russia, United States, Georgia, and Estonia). ... Eurasian ... https://www.linkedin.com/ ... Алматы, Казахстан ... Eurasian Bank is a Banking company. Eurasian Bank has 100-150 employees (less than 1% YoY growth), founded in 1994. Headquartered in Almaty, Kazakhstan. Its workforce is distributed across 6 countries (including Kazakhstan, Russia, United States, Turkey, and Germany). ... Nov 2021 - Nov 2023 (2 years) in Алматы, Казахстан ... Компания KMF is a Financial Services ... is a leader ... in Kazakhstan. ... strong focus on growth and ... important activities in ... Kazakhstan economy. Компания K ... 100-150 employees (-10% YoY ... 7. Headquartered in Kazakhstan. ... countries (including Kazakhstan, Montenegro, Luxembourg, United Kingdom, and Italy ... Has $2 ... Алматы, Казахстан ... ### Information system at DKU ... 2008 - 2012 (4 years)"
kaz-9f8b5c60daf2,Kairat Akhmetov,IPhO,1998;1999,confirmed,Freedom Telecom,Chief Executive Officer,https://kz.linkedin.com/in/kairatakhmetov,S.Seifullin Kazakh Agro Technical University,Senior Lecturer,organization_change,not_applicable,,,deferred,exact_name_only,63,False,False,False,True,University lecturer profile has no IPhO MIPT Freedom Telecom or selected-profile bridge for the common name,https://linkedin.com/in/kairat-akhmetov-42981b15b,914a08c28e5db2275d22dc84cc3e5e3e,"""Kairat Akhmetov"" Kazakhstan IPhO Olympiad 1998;1999 current employer university role",0.007,1,Kairat Akhmetov,https://linkedin.com/in/kairat-akhmetov-42981b15b,profile,"Senior Lecturer at S.Seifullin Kazakh Agro Technical University ... ### Senior Lecturer - [S.Seifullin Kazakh Agro Technical University](https://www.linkedin.com/company/kazatu) (Current) ... Sep 2017 - Present (8 years and 10 months) in Nur-Sultan, Kazakhstan ... Conducting lectures and practical classes on robots and manipulators. Arduino microcontroller programming. Conducting laboratory exercises on a machine tool with software numerical programming. ... S.Seifullin Kazakh Agrotechnical Research University is a higher education institution. The company is a university that offers various academic programs and conducts research. They provide undergraduate and graduate programs, as well as research opportunities. The university has a history, history, and strategic vision. They also have a strong focus on accreditation and have achieved various rankings. They have a strong presence in the industry and have a strong presence in international cooperation. S.Seifullin Kazakh Agrotechnical Research University has 20-30 employees (+20% YoY), founded in 1957. Headquartered in Astana, Kazakhstan. Its workforce is distributed across Kazakhstan, United States, and United Kingdom. Research output of 2,000-3,000 works, primarily in Agricultural and Biological Sciences, Engineering, and Social Sciences."
kaz-58dea61d1101,Denis Ivanov,IOI,2001,confirmed,,,,"ТОО ""НПП "" Интеррин""",Заместитель Технического Директора,missing_published_outcome,not_applicable,,,deferred,exact_name_only,62,False,False,False,True,Industrial technical-director profile has no Kazakhstan IOI school education or handle bridge for the common name,https://linkedin.com/in/denis-ivanov-a64461122,ebe6dfbdac4f5790a32d95c94d237484,"""Denis Ivanov"" Kazakhstan IOI Olympiad 2001 current employer university role",0.007,2,Denis Ivanov,https://linkedin.com/in/denis-ivanov-a64461122,profile,"Заместитель технического директора - ТОО НПП Интеррин ... Kazakhstan (KZ) ... Заместитель технического директора - ТОО НПП Интеррин ... ### Заместитель Технического Директора - ТОО ""НПП "" Интеррин"" (Current) ... Nov 2019 - Present (6 years and 5 months) in Алматы ... Department: General Management • Level: President/Vice President ... ### Начальник Отдела Горного Оборудования - ТОО "" НПП Интеррин"" ... Dec 2016 - Nov 2019 (2 years and 11 months) in Алматы ... ### Начальник Отдела Бурового Оборудования - ТОО "" НПП Интеррин"" ... Department: General Management • Level: Head ... ### Бакалавр, Технологические машины и оборудование, 5 at КарГту ... 2018 - 20 ... 0 (2"
kaz-1d49feff22fe,Dmitriy Gorbachev,IOI,1999,confirmed,,,,Philip Morris International,Vertical Start-Up Lead,missing_published_outcome,not_applicable,,,deferred,exact_name_only,62,False,False,False,True,Philip Morris operations profile has no Kazakhstan IOI school education or handle bridge for the common name,https://linkedin.com/in/dmitriy-gorbachev-468a3a126,10bccd85c9562609c98f0a205e9bdcbc,"""Dmitriy Gorbachev"" Kazakhstan IOI Olympiad 1999 current employer university role",0.007,2,Dmitriy Gorbachev,https://linkedin.com/in/dmitriy-gorbachev-468a3a126,profile,"Almaty, Kazakhstan (KZ) ... Vertical Start-Up Lead ... ### Vertical Start-Up Lead - [Philip Morris International](https://www.linkedin.com/company/insidepmi) (Current) ... Oct 2025 - Present (5 months) in Алматы, Казахстан ... Department: Project Management • Level: Head ... ### Диплом специалиста по инженерной специальности, Biotechnology at Казанский Государственный Технологический Университет ... 2005 - 2010 (5 years)"
kaz-444dd6943eb0,Vyacheslav Kim,IOI,2011;2012,confirmed,,,,Freedom Bank,Managing Director,missing_published_outcome,not_applicable,,,deferred,exact_name_only,62,False,False,False,True,Common-name banking executive profile has no IOI MIT or established identity bridge,https://linkedin.com/in/vyacheslavkim,2e38053e95c151f110fe7956e9416ad8,"""Vyacheslav Kim"" Kazakhstan IOI Olympiad 2011;2012 current employer university role",0.007,2,Vyacheslav Kim,https://linkedin.com/in/vyacheslavkim,profile,", marketing, and visual communications ... My team is building ... bringing together the key services ... Freedom Holding Corp ... — banking, brokerage, insurance, telecom, and lifestyle ... — into one ... as Chief Marketing Officer ... Freedom 24 ... online stock marketplace ... make investing simple and accessible ... retail clients. ... ⸻ CEO ... директор Freedom Bank ... Также курирую ... визуальные коммуника ... емы Freedom в целом. Под мо ... руководством строится экосистемный продукт ... 5 миллионов клиентов, объединяющий ключе ... — банковские, ... ### Managing Director - Freedom Bank (Current) ... Jan 2022 - Present (4 years and 6 months) in Almaty, Almaty, Kazakhstan ... ### Bachelor of Architecture (B.Arch.), Архитектура | Architecture at [Technical University of Liberec](https://www.linkedin.com/school/technical-university-of-liberec) ... ### Бакалавр, Marketing/Marketing Management, General at [Университет ""Синергия""](https://www.linkedin.com/school/университет-синергия-) ... Синергия"" ... higher education institution ... Университет СИНЕРГИЯ ... in Russia with branches in 7 countries and a wide selection of higher ... focused on practice ... Университет ""Си ... 0 employees (+"
kaz-58dea61d1101,Denis Ivanov,IOI,2001,confirmed,,,,,,no_current_affiliation_extracted,not_applicable,,,deferred,exact_name_only,61,False,False,False,True,Name-only profile has no Kazakhstan IOI school education or handle evidence,https://linkedin.com/in/denis-ivanov-9304b1b2,ebe6dfbdac4f5790a32d95c94d237484,"""Denis Ivanov"" Kazakhstan IOI Olympiad 2001 current employer university role",0.007,3,Denis Ivanov,https://linkedin.com/in/denis-ivanov-9304b1b2,profile,"# Denis Ivanov Сервис-менеджер, заведующий складом - Сеть магазинов цифровой техники Alser Kazakhstan (KZ) ## About Сервис-менеджер, заведующий складом - Сеть магазинов цифровой техники Alser Total Experience: 13 years and 8 months ## Experience ### [Сеть магазинов цифровой техники Alser](https://www.linkedin.com/company/-alser) #### Сервис-менеджер, Заведующий Складом (Current) May 2014 - Present (11 years and 10 months) Department: Operations • Level: Manager #### Заведующий Складом Jan 2014 - May 2014 (4 months) Department: Operations • Level: Manager #### Продавец-консультант Jul 2012 - Jan 2014 (1 year and 6 months) Department: Sales • Level: Specialist Сеть магазинов цифровой техники Alser has 1-10 employees."
kaz-1d49feff22fe,Dmitriy Gorbachev,IOI,1999,confirmed,,,,Severstal,Business System Development Director,missing_published_outcome,not_applicable,,,deferred,exact_name_only,61,False,False,False,True,Severstal management profile has no Kazakhstan IOI school education or handle bridge for the common name,https://linkedin.com/in/dmitriy-gorbachev-b6284b5b,10bccd85c9562609c98f0a205e9bdcbc,"""Dmitriy Gorbachev"" Kazakhstan IOI Olympiad 1999 current employer university role",0.007,3,Dmitriy Gorbachev,https://linkedin.com/in/dmitriy-gorbachev-b6284b5b,profile,"# Dmitriy Gorbachev ... Business System Development Director – Severstal ... ### Business System Development Director - [Severstal](https://www.linkedin.com/company/severstal) (Current) ... Nov 2017 - Present (8 years and 8 months) ... Department: Project Management • Level: Director ... Severstal (CHMF.ME) is a Mining company. Северсталь is a vertically integrated mining and metals company. Their vision is to be a leader ... metal industry and the ... and partners. Severstal has 700-800 employees (+3-4% YoY) and has annual revenue in the RUB ... 3. Headquartered ... moscow, moscow (city), Russia, with offices in Ulitsa Klary Tsetkin and Cherepovets ... (including Russia ... ### Master of Business Administration - MBA, General Management at [Stockholm School of Economics Executive Education](https://www.linkedin.com/school/stockholm-school-of-economics-ifl-executive-education) ... 2016 - 2018 (2 years) in Stockholm, Sweden ... Stockholm School of Economics Executive Education is an educational institution. SSE Executive Education is a leading partner in North Europe for executive education, ranking as the best in the Nordic region in leadership and business development according to financial times. They offer a wide range of training programs for individuals and businesses, tailored to help them prepare for new challenges or become safer in their professional roles. They provide leadership, strategy, economics, management, and specialist programs in financial economy and insurance. Stockholm School of Economics Executive Education has 80-90 employees (+1-2% YoY), founded in 1968. Headquartered in Stockholm, Sweden. Its workforce is distributed across 5 countries (including Sweden, Russia, India, United Kingdom, and Denmark)."
kaz-9f8b5c60daf2,Kairat Akhmetov,IPhO,1998;1999,confirmed,Freedom Telecom,Chief Executive Officer,https://kz.linkedin.com/in/kairatakhmetov,Bolashak-Atyrau(TengizChevroil),Lead Coordinator,organization_change,not_applicable,,,deferred,exact_name_only,61,False,False,False,True,Oil-project coordinator profile has no IPhO MIPT Freedom Telecom or selected-profile bridge for the common name,https://linkedin.com/in/kairat-akhmetov-07301a5,914a08c28e5db2275d22dc84cc3e5e3e,"""Kairat Akhmetov"" Kazakhstan IPhO Olympiad 1998;1999 current employer university role",0.007,3,Kairat Akhmetov,https://linkedin.com/in/kairat-akhmetov-07301a5,profile,# Kairat Akhmetov Lead Coordinator at TengizChevroil Kazakhstan (KZ) ## About Lead Coordinator at TengizChevroil Total Experience: 20 years and 5 months ## Experience ### Lead Coordinator - Bolashak-Atyrau(TengizChevroil) (Current) Oct 2005 - Present (20 years and 5 months) Department: Project Management • Level: Specialist ## Education ### Suleyman Demirel University 2007 - 2008 (1 year) ## Skills lead coordinator • coordination • leadership
kaz-444dd6943eb0,Vyacheslav Kim,IOI,2011;2012,confirmed,,,,General Solutions,Senior Sales Manager,missing_published_outcome,not_applicable,,,deferred,exact_name_only,61,False,False,False,True,Common-name sales profile has no IOI MIT or established identity bridge,https://linkedin.com/in/vyacheslav-kim-738812114,2e38053e95c151f110fe7956e9416ad8,"""Vyacheslav Kim"" Kazakhstan IOI Olympiad 2011;2012 current employer university role",0.007,3,Vyacheslav Kim,https://linkedin.com/in/vyacheslav-kim-738812114,profile,"# Vyacheslav Kim ... Product & Project Manager ... Almaty, Almaty, Kazakhstan (KZ) ... ### Senior Sales Manager - [General Solutions](https://www.linkedin.com/company/general-solutions) (Current) ... Jun 2023 - Present (2 years and 8 months) in Казахстан ... : Sales • Level: Manager ... ### CU Central Asia ... Алматинская область, Казахстан ... ### Бакалавр искусств, Архитектор at КазГАСА ... 2010 - 2015 (5 years)"
kaz-444dd6943eb0,Vyacheslav Kim,IOI,2011;2012,confirmed,,,,COCR - Caspian Offshore Construction Realty,Transport Supervisor,missing_published_outcome,not_applicable,,,deferred,exact_name_only,60,False,False,False,True,Common-name transport profile has no IOI MIT or established identity bridge,https://linkedin.com/in/vyacheslav-kim-05282058,2e38053e95c151f110fe7956e9416ad8,"""Vyacheslav Kim"" Kazakhstan IOI Olympiad 2011;2012 current employer university role",0.007,4,Vyacheslav Kim,https://linkedin.com/in/vyacheslav-kim-05282058,profile,"Logistics & Transportation Coordinator ... Kazakhstan (KZ) ... Logistics & Transportation ... ### Transport Supervisor - COCR - Caspian Offshore Construction Realty (Current) ... Jan 2025 - Present (1 year and 6 months) in Атырау, Атырауская область, Казахстан ... Coordination of the work of vehicles and drivers, including planning, monitoring of technical condition and documentation, Logistics in TCO Base Business Project ... ### Logistics Coordinator - ... Атырау, Атырауская область, Казахстан ... ### Bachelor's degree, Petroleum Engineering, Technics and Technologies at Atyrau Oil and Gas University ... 2017 - 2019 (2 years) ... ### Bachelor's degree, Instrumentation, Electrical Technician at High Technical College APEC Petrotechnic ... ### Bachelor's degree, Jurisprudence, Entrepreneurial Law at Atyrau University of Kh.Dosmukhamedov ... 2003 - 2008 (5 years)"
kaz-444dd6943eb0,Vyacheslav Kim,IOI,2011;2012,confirmed,,,,"ТОО ""Азимут Трейд""",директор,missing_published_outcome,not_applicable,,,deferred,exact_name_only,59,False,False,False,True,Common-name company-director profile has no IOI MIT or established identity bridge,https://linkedin.com/in/vyacheslav-kim-59742637,2e38053e95c151f110fe7956e9416ad8,"""Vyacheslav Kim"" Kazakhstan IOI Olympiad 2011;2012 current employer university role",0.007,5,Vyacheslav Kim,https://linkedin.com/in/vyacheslav-kim-59742637,profile,"директор ТОО Азимут Трейд ... Karaganda, Karaganda Region, Kazakhstan (KZ) ... директор ТОО Азимут Трейд ... ### директор - ТОО ""Азимут Трейд"" (Current) ... Jun 2003 - Present (23 years and 1 month) ... Department: General Management • Level: Director ... ### Генеральный директор - Холдинг ""Азимут"" (Current) ... Dec 2015 - Present (9 years and 10 months) in Казахстан ... Department: General Management • Level: C-Level ... ### Диплом at Business School of Open University Great Britain ... ### Engineer's degree, Geophysics, 4,82 at [Karaganda State Technical University](https://www.linkedin.com/school/kstu2) ... 1978 - 1983 (5 years) in Karaganda, Kazakhstan ... Karaganda State Technical University is a higher education institution. Karaganda State Technical University has 1-10 employees (-10% YoY), founded in 1953. Headquartered in Karaganda, Kazakhstan."
kaz-26535589e436,Timur Abishev,IOI,2005;2006;2007,confirmed,,,,,,no_current_affiliation_extracted,not_applicable,,,deferred,exact_name_only,55,False,False,False,False,Common-name profile exposes no IOI TokarR education or career bridge,https://linkedin.com/in/timur-abishev-16775217,717e0578d2f9a732740299afb34e6a2b,"""Timur Abishev"" Kazakhstan IOI Olympiad 2005;2006;2007 current employer university role",0.007,1,Timur Abishev,https://linkedin.com/in/timur-abishev-16775217,profile,"MD, MBA ... Kazakhstan (KZ) ... Experienced Medical Director with a demonstrated history of working in the medical device industry. Skilled in Biotechnology, Medical Devices, Capital Equipment, and Hospitals. Strong healthcare services professional with a Doctor of Philosophy (PhD) focused in Allergology&Immunology from Scientific Centre for Hygiene and Epidemiology, Almaty. ... ### Master of Business Administration - MBA, project management at [City Business School](https://www.linkedin.com/school/city-business-school) ... 2018 - 2019 (1 year) in Almaty, Kazakhstan ... City Business School is an educational institution. City Business School has 30-40 employees (4-5% YoY decline), founded in 2008. Headquartered in Almaty, Kazakhstan. Its workforce is distributed across 7 countries (including Russia, Kazakhstan, Moldova, Ukraine, and Belarus). ... ### Doctor of Philosophy (PhD), Allergology&Immunology at Scientific Centre for Hygiene and Epidemiology, Almaty ... 9 - 2003 (4 years) ... ### Doctor of Medicine (MD), детская хирургия at Almaty State Medical Institute ... ### педиатрия at Ленинградский Педиатрический Медицинский Институт"
kaz-cfbf52394abd,Adilkhan Sarsen,IPhO,2016,confirmed,Higgsfield AI,Head of Applied ML,https://www.linkedin.com/in/adilkhan-sarsen-b62749140/,,,no_current_affiliation_extracted,not_applicable,,,deferred,exact_name_only,54,False,False,False,False,Sarsenbay profile has an age-compatible Kazakhstan IT timeline but no IPhO MIPT Higgsfield or selected-profile bridge,https://linkedin.com/in/adilkhan-sarsenbay-57769128a,bfecf82ecbd11bf0c59c016332a6e279,"""Adilkhan Sarsen"" Kazakhstan IPhO Olympiad 2016 current employer university role",0.007,2,Adilkhan Sarsenbay,https://linkedin.com/in/adilkhan-sarsenbay-57769128a,profile,"# Adilkhan Sarsenbay ... Almaty, Almaty, Kazakhstan (KZ) ... ### Frontend Developer - [WISK TELECOM SOLUTIONS, TOO](https://www.linkedin.com/company/wisk-telecom-solutions-too) ... Oct 2023 - Sep 2024 (11 months) in Алматы, Казахстан ... ### Associate's degree, Information System at [International Information Technologies University](https://www.linkedin.com/school/iitu-kz) ... 2020 - 2024 (4 years) in Almaty, Kazakhstan ... International Information Technologies University is a higher education institution. International Information Technologies University has 30-40 employees (+20% YoY), founded in 2009. Headquartered in Almaty, Kazakhstan. Its workforce is distributed across Kazakhstan, Russia, United States, and France. Research output of 1,000-2,000 works, primarily in Computer Science, Engineering, and Social Sciences."
kaz-4fe09b624ebf,Artur Kim,IPhO,2024;2025,confirmed,Nanyang Technological University (NTU),Computer Science Student,https://linkedin.com/in/artur-kim-983558282,,,no_current_affiliation_extracted,not_applicable,,,deferred,exact_name_only,54,False,False,False,False,Common-name profile exposes no IPhO NTU or selected recent-medalist bridge,https://linkedin.com/in/artur-kim,057fbfd505163b947d3dc4fa60ad0431,"""Artur Kim"" Kazakhstan IPhO Olympiad 2024;2025 current employer university role",0.007,2,Artur Kim,https://linkedin.com/in/artur-kim,profile,"# Artur Kim Frontend Developer Almaty, Kazakhstan (KZ) ## About Welcome to my profile!I’m a Frontend Developer. ## Education ### Bachelor's degree, Computer Science at [Narxoz University](https://www.linkedin.com/school/narxoz-university) 2022 - 2026 (4 years) in Almaty, Kazakhstan Narxoz University is a higher education institution. The company is a university that provides international education, online services, job placement, and contact information. They have been inspiring leaders since 1963. Narxoz University has 150-200 employees (+10% YoY), founded in 1963. Headquartered in Almaty, Kazakhstan. Its workforce is distributed across 7 countries (including Kazakhstan, United States, Malaysia, Cyprus, and Russia). Research output of 1,000-2,000 works, primarily in Social Sciences, Economics, Econometrics and Finance, and Business, Management and Accounting. ## Skills frontend development"
kaz-c5f47f6f2526,Dias Suleimenov,IBO,2024,confirmed,Hong Kong University of Science and Technology (HKUST),Mathematics Student,https://linkedin.com/in/dias-suleimenov-23888828b,,,no_current_affiliation_extracted,not_applicable,,,deferred,exact_name_only,54,False,False,False,False,Secondary common-name profile exposes no 2024 IBO HKUST or selected-profile bridge,https://linkedin.com/in/dias-suleimenov-052818290,698e7b8c063ef98e0b81f4c8c1876f98,"""Dias Suleimenov"" Kazakhstan IBO Olympiad 2024 current employer university role",0.007,2,Dias Suleimenov,https://linkedin.com/in/dias-suleimenov-052818290,profile,"Student at Nazarbayev University ... Astana, Kazakhstan (KZ) ... Student at Nazarbayev University ... ### Research Assistant - [Nazarbayev University](https://www.linkedin.com/school/aoe-nazarbayev-university) ... May 2025 - Aug 2025 (3 months) in Astana, Kazakhstan ... Department: Research • Level: Specialist ... Nazarbayev University is a higher education institution. Nazarbayev University is a leading university in Central Asia and Kazakhstan. Nazarbayev University has 1,000-2,000 employees (+6-7% YoY), founded in 2010. Headquartered in Astana, Kazakhstan. Its workforce is distributed across 47 countries (including Kazakhstan, United States, United Kingdom, Canada, and Pakistan). Research output of 10,000-20,000 works, primarily in Engineering, Medicine, and Social Sciences. Funds research behind 2,000-3,000 works. ... ### Bachelor of Science - BS, Mathematics, 3.63 at [Nazarbayev University](https://www.linkedin.com/school/aoe-nazarbayev-university) ... 2022 - 2027 (5 years) in Astana, Kazakhstan ... Nazarbayev University is a higher education institution. Nazarbayev University is a leading university in Central Asia and Kazakhstan. Nazarbayev University has 1,000-2,000 employees (+6-7% YoY), founded in 2010. Headquartered in Astana, Kazakhstan. Its workforce is distributed across 47 countries (including Kazakhstan, United States, United Kingdom, Canada, and Pakistan). Research output of 10,000-20,000 works, primarily in Engineering, Medicine, and Social Sciences. Funds research behind 2,000-3,000 works. ... 2025-07-3 ... · Shared by] [Volunteering on the ISA ... congress was so cooool. ... suleimenov ... volunteering-on-the-isa ... -congress- ... -so-activity-735 ... 172 ... -s- ... ): Volunteering on the ... ool. Especially, when you can listen and talk with"
kaz-26535589e436,Timur Abishev,IOI,2005;2006;2007,confirmed,,,,,,no_current_affiliation_extracted,not_applicable,,,deferred,exact_name_only,53,False,False,False,False,Common-name profile exposes no IOI TokarR education or career bridge,https://linkedin.com/in/timur-abishev-38255680,717e0578d2f9a732740299afb34e6a2b,"""Timur Abishev"" Kazakhstan IOI Olympiad 2005;2006;2007 current employer university role",0.007,3,Timur Abishev,https://linkedin.com/in/timur-abishev-38255680,profile,# Timur Abishev M - 1 Russia (RU) 64 connections • 64 followers ## About M - 1 ## Experience ### 1 ## Skills public relations
kaz-4fe09b624ebf,Artur Kim,IPhO,2024;2025,confirmed,Nanyang Technological University (NTU),Computer Science Student,https://linkedin.com/in/artur-kim-983558282,,,no_current_affiliation_extracted,not_applicable,,,deferred,exact_name_only,51,False,False,False,False,Common-name profile exposes no IPhO NTU or selected recent-medalist bridge,https://linkedin.com/in/artur-kim-opm,057fbfd505163b947d3dc4fa60ad0431,"""Artur Kim"" Kazakhstan IPhO Olympiad 2024;2025 current employer university role",0.007,5,Artur Kim,https://linkedin.com/in/artur-kim-opm,profile,"# Artur Kim ... Backend Developer (Python, Django) ... Shymkent, Shymkent, Kazakhstan (KZ) ... Backend Developer (Python, Django) ... ### [oitech.io](https://www.linkedin.com/company/oitech-io) ... oitech.io is a IT Services and IT Consulting company. Oitech Development is a software development agency. Oitech.io has 1-10 employees, founded in 2021. Headquartered in Almaty, Kazakhstan."
kaz-6c47e89eeff1,Alexander Zaitsev,IMO,1996,candidate,Khristianovich Institute of Theoretical and Applied Mechanics (ITAM SB RAS),senior reseacher,,"ООО ""СК Альфа Горизонт""",Руководитель отдела научных исследовательской работы,organization_change,not_applicable,,,deferred,exact_name_only,71,False,True,False,True,Age-compatible Russian research profile has no Kazakhstan school mathematics 1996 IMO or patronymic bridge for the common name,https://linkedin.com/in/alexander-zaitsev-560746bb,3942afd2d7a913fd63a2791ada9988dd,"""Alexander Zaitsev"" Kazakhstan IMO Olympiad 1996 current employer university role",0.007,3,Alexander Zaitsev,https://linkedin.com/in/alexander-zaitsev-560746bb,profile,"### Руководитель отдела научных исследовательской работы - ООО ""СК Альфа Горизонт"" (Current) ... преподаватель ... ский Государственный Университет ... linkedin.com/company/%d0%bd%d0%be%d0%b2%d0%be%d1%81%d0%b8%d0%b1%d0%b8%d1%80%d1%81%d0%ba%d0%b8%d0%b9-%d0%b3%d0%be%d1%81%d1%83%d0%b4%d ... %d1%80% ... %81% ... 1%82%d0%b2% ... %d0 ... %d0%bd%d1%8b%d0%b9-%d1%83%d0 ... 1%80% ... Novosibirsk State University (NSU) is a higher education institution. Новосибирский государственный университет is a ... located in Russia. Novosibirsk State University ... NSU) has ... 50-200 employees (+5-6% YoY), founded in 1952. Headquartered in Novosibirsk, Russia. Its workforce is distributed across 20 countries (including Russia, United States, Kazakhstan, Turkey, and Australia). Research output of 30,000-40,000 works, primarily in Physics and Astronomy, Engineering, and Materials Science. ... ### Бакалавр, САПР at [Томский Государственный Университет Систем Управления и Радиоэлектроники](https://www.linkedin.com/school/томский-государственный-университет-систем-управления-и-радиоэлектроники) ... 1996 - 1998 (2 years) ... Tomsk State University of Control Systems and Radioelectronics ... Tomsk State University of Control Systems and Radioelectronics ... 10-20 employees (+3-4% YoY). Headquartered in RU. Its workforce is distributed across Russia, Italy, Bangladesh, and United States. Research output of 3, ... 00-4,000 works, ... in Engineering, Physics and Astronomy, and Materials Science."
kaz-be04ddfb5a42,Islam Amangeldi,IBO,2023,unmatched,,,,KPMG Kazakhstan,Associate 1 (Senior Consultant) M&A,missing_published_outcome,not_applicable,,,rejected,exact_name_only,85,False,True,False,True,,,9dbbbb19652403dc275fe3bfea527950,"""Islam Amangeldi"" Kazakhstan IBO Olympiad 2023 current employer university role",0.007,1,Islam Amangeldi,https://linkedin.com/in/iamangeldi,profile,"### Associate 1 (Senior Consultant) M&A - [KPMG Kazakhstan](https://www.linkedin.com/company/kpmg-kz) (Current) ... ### Faculty Lecturer - [Kazakh-British Technical University](https://www.linkedin.com/school/kazakhbritishtechnicaluniversity) ... akh-British Technical University ... level diplomas and ... -British Technical University ... 1, ... 00-2,000 works, primarily in Engineering, Materials Science, and Computer Science. ... ### Head of Bloomberg Financial Lab - [Kazakh-British Technical University](https://www.linkedin.com/school/kazakhbritishtechnicaluniversity) ... ### Jury Member of National Physics Olympiad - Ministry of Education and Science, Kazakhstan ... Sep 2021 - May 2023 (1 year and 8 months) in Казахстан ... Designed and presented 20 olympiad problems for 2nd, 3rd and final 4th step of National Physics Olympiad. Assessed works of >100 olympiad participants and provided feedback on the solutions presented. ... ### Bachelor's degree, Finance at [Kazakh-British Technical University](https://www.linkedin.com/school/kazakhbritishtechnicaluniversity) ... Kazakh-British Technical University is an educational institution. KBTU is a technical university in Kazakhstan that offers education in English language. They provide international level diplomas and have a strong focus on technical education. Kazakh-British Technical University has 100-150 employees (+10% YoY), founded in 2001. Headquartered in Almaty, Kazakhstan. Its workforce is distributed across 8 countries (including Kazakhstan, United Kingdom, Hungary, Italy, and United States). Research output of 1,000-2,000 works, primarily in Engineering, Materials Science, and Computer Science."
kaz-8d648f29d1e0,Yuriy Ten,IMO,2020;2022,unmatched,,,,,,no_current_affiliation_extracted,not_applicable,,,rejected,exact_name_only,85,False,True,False,True,,,3baf8c6d4592791a6495be3547f1f6cd,"""Yuriy Ten"" Kazakhstan IMO Olympiad 2020;2022 current employer university role",0.007,1,Yuriy Ten,https://linkedin.com/in/ysten,profile,"Kazakhstan ... ### [АО ""Транстелеком""​](https://www.linkedin.com/company/ttc-kz) ... #### Директор по развитию розничного бизнеса (Current) ... Nov 2021 - Present (4 years and 7 months) in Казахстан ... 1-е место в номинации ""Лучшая служба продаж B2C"" за 2022 год. 2-е место в номинации ""Лучшая служба продаж B2C"" за 1 кв-л 2022 год. Создание дирекции, состоящей из трёх подразделений. ... Department: Sales • Level: Director ... #### Branch Commercial Director ... Jul 2019 - May 2021 (1 year and 10 months) in Kazakhstan, Karagandy ... Department: Sales • Level: Director ... #### Chief sales manager. IT direction ... Nov 2018 - Jun 2019 (7 months) in Kazakhstan ... АО ""Транстелеком""​ is a Telecommunications company. TTC is a company that provides telecommunications and digital solutions. They specialize in IT, communication, automation, and energy. They have a history dating back to 1999 and have built bridges covering all regions of Kazakhstan. They are a system integrator in the fields of telecommunications, communication, automation, and energy, and supplier of telecom and digital solutions. АО ""Транстелеком""​ has 100-150 employees (+4-5% YoY). Headquartered in Kazakhstan. Its workforce is distributed across Kazakhstan, Russia, and United Arab Emirates. ... Department: General Management • Level: Director ... Department: General Management • Level: Director ... Procurement rules of goods, works and services, e-procurement information system of Samruk-Kazyna JSC at Samruk-Kazyna Corporate University"
kaz-be04ddfb5a42,Islam Amangeldi,IBO,2023,unmatched,,,,Kazakhstan Housing Company,Data engineer,missing_published_outcome,not_applicable,,,rejected,exact_name_only,84,False,True,False,True,,,9dbbbb19652403dc275fe3bfea527950,"""Islam Amangeldi"" Kazakhstan IBO Olympiad 2023 current employer university role",0.007,2,Islam Amangeldi,https://linkedin.com/in/islam-amangeldi-258928210,profile,"### Data engineer - [Kazakhstan Housing Company](https://www.linkedin.com/company/khc-kz) (Current) ... Sep 2025 - Present (10 months) in Астана, Казахстан ... : Engineering and Technical • Level: Specialist ... Kazakhstan Housing Company is a government agency. Kazakhstan Housing Company has 1-10 employees, founded in 2000. Headquartered in Almaty, Almaty City, Kazakhstan. IPO 2009. ... ### Data Analyst - [Kcell АО](https://www.linkedin.com/company/kcell-jsc) ... Oct 2023 - Sep 2025 (1 year and 11 months) in Алматы, Казахстан ... Kcell JSC (KCELL.AIX) is a Telecommunications company. Kcell JSC has 600-700 employees (+7-8% YoY) and has annual revenue in the $200B-$300B range, founded in 1998. Headquartered in Almaty, Kazakhstan, with an office in Алматы. Its workforce is distributed across 12 countries (including Kazakhstan, Netherlands, South Korea, Tajikistan, and United Kingdom). IPO 2012. ... ### Степень бакалавра, Автоматизация и Управление at [Kazakh-British Technical University](https://www.linkedin.com/school/kazakhbritishtechnicaluniversity) ... 2018 - 2022 (4 years) in Almaty, Kazakhstan ... Kazakh-British Technical University is an educational institution. KBTU is a technical university in Kazakhstan that offers education in English language. They provide international level diplomas and have a strong focus on technical education. Kazakh-British Technical University has 100-150 employees (+10% YoY), founded in 2001. Headquartered in Almaty, Kazakhstan. Its workforce is distributed across 8 countries (including Kazakhstan, United Kingdom, Hungary, Italy, and United States). Research output of 1,000-2,000 works, primarily in Engineering, Materials Science, and Computer Science."
kaz-8d648f29d1e0,Yuriy Ten,IMO,2020;2022,unmatched,,,,QazCode,IT Product Analyst,missing_published_outcome,not_applicable,,,rejected,exact_name_only,84,False,True,False,True,,,3baf8c6d4592791a6495be3547f1f6cd,"""Yuriy Ten"" Kazakhstan IMO Olympiad 2020;2022 current employer university role",0.007,2,Yuriy Ten,https://linkedin.com/in/yuriy-ten-862119125,profile,"Almaty, Kazakhstan (KZ) ... ### IT Product Analyst - [QazCode](https://www.linkedin.com/company/qazcode) (Current) ... Aug 2023 - Present (2 years and 4 months) in Алматы, Казахстан ... QazCode is a Software Development company. QazCode is a company that provides solutions in Telco, Gamification, Entertainment, and Enterprise Automation. They are part of NASDAQ listed Veon group and are one of the largest it communities in the country. QazCode has 100-150 employees (+60% YoY), founded in 2023. Headquartered in Almaty, Kazakhstan. Its workforce is distributed across 7 countries (including Kazakhstan, Canada, Georgia, United Arab Emirates, and United Kingdom). ... ### Business Analyst - [Beeline Kazakhstan](https://www.linkedin.com/company/kar-tel-llp-beeline-) (Current) ... Nov 2022 - Present (2 years and 7 months) in Алматы, Казахстан ... Beeline Kazakhstan is a Telecommunications company. The company provides telecommunications services for businesses. Beeline Kazakhstan has 900-1,000 employees (+10% YoY), founded in 1999. Headquartered in Kazakhstan. Its workforce is distributed across 20 countries (including Kazakhstan, Russia, United Arab Emirates, United States, and Kyrgyzstan). ... ### Bachelor's degree, Economy, 3.26 at Kazakh-American university ... 2007 - 2015 (8 years)"
kaz-8d648f29d1e0,Yuriy Ten,IMO,2020;2022,unmatched,,,,JSA,Functional Consultant,missing_published_outcome,not_applicable,,,rejected,exact_name_only,83,False,True,False,True,,,3baf8c6d4592791a6495be3547f1f6cd,"""Yuriy Ten"" Kazakhstan IMO Olympiad 2020;2022 current employer university role",0.007,3,Yuriy Ten,https://linkedin.com/in/iurii-ten92,profile,"### Functional Consultant - [JSA](https://www.linkedin.com/company/jsa) (Current) ... May 2025 - Present (1 year and 2 months) in Moscow, Moscow City, Russia ... AXENIX is a IT Services and IT Consulting company. AXENIX is a company that provides integrated solutions for various industries, including technology, strategy, consulting, and outsourcing. They offer services in digitalization, strategic consulting, and business efficiency improvement. AXENIX has 400-500 employees, founded in 1992. Headquartered in Moscow, Moscow City, Russia. Its workforce is distributed across 24 countries (including Russia, Kazakhstan, Armenia, Germany, and Serbia). ... ### Business & Integration Arch Specialist ... [Accenture ... ://www.linkedin.com/company/accenture) ... Feb 2022 - ... 20 ... 2 (9 months) in Москва, Москва, Россия ... 2 Business Line: ... Systems and Features: SAP S/4 ... Senior Consultant Short ... - SAP S/4 HANA Replication Company: KPI - Kazakhstan Petrochemical Industries Inc. Project Timeline: 08.2022 ... - 11.2022 Business Line: Chemical Industry Systems and Features: SAP S/4 HANA; ePP/DS Project Position: SAP PP Senior Consultant Short Description: ... ### Senior Consultant SAP PP - SAP ... ) in Москва ... ### Аспирант Машиностроение at Морской Государственный Университет им. адмирала Г.И. Невельского (МГУ) ... 2015 - 2019 (4 years) ... По 01.09.2019 г обучаюсь в аспирантуре ... ### Диплом специалиста по инженерной специальности Нефтегазовое дело at Морской Государственный Университет им. адмирала Г.И. Невельского (МГУ)"
kaz-618279226751,Maxim Tsoy,IOI,2024;2025,unmatched,,,,,,no_current_affiliation_extracted,not_applicable,,,rejected,exact_name_only,77,False,True,False,False,,,7300efb4d07c63357d7cb1bc25373d10,"""Maxim Tsoy"" Kazakhstan IOI Olympiad 2024;2025 current employer university role",0.007,1,Maxim Tsoy,https://linkedin.com/in/tsoy-maxim,profile,"Astana, Kazakhstan (KZ) ... ### Bachelor's degree, Computer Science at [Назарбаев Университет](https://www.linkedin.com/school/aoe-nazarbayev-university) ... 2020 - 2024 (4 years) in Astana, Kazakhstan ... Nazarbayev University is a higher education institution. Nazarbayev University is a leading university in Central Asia and Kazakhstan. Nazarbayev University has 1,000-2,000 employees (+6-7% YoY), founded in 2010. Headquartered in Astana, Kazakhstan. Its workforce is distributed across 47 countries (including Kazakhstan, United States, United Kingdom, Canada, and Pakistan). Research output of 10,000-20,000 works, primarily in Engineering, Medicine, and Social Sciences. Funds research behind 2,000-3,000 works."
kaz-b8e3ad83d883,Andrey Drobakh,IMO,2011,unmatched,,,,Lindblad Expeditions,Chief Engineer,missing_published_outcome,not_applicable,,,rejected,exact_name_only,75,False,False,False,True,,,a4e5b09ded3e7680c38911148b8bc74a,"""Andrey Drobakh"" Kazakhstan IMO Olympiad 2011 current employer university role",0.007,1,Andrey Drobakha,https://linkedin.com/in/andrey-drobakha-25812a111,profile,"Chief Engineer - Lindblad Expeditions ... Chief Engineer - Lindblad Expeditions ... ### Chief Engineer - [Lindblad Expeditions](https://www.linkedin.com/company/lindblad-expeditions) (Current) ... Jun 2019 - Present (6 years and 5 months) in Stavanger Area, Norway ... Department: Engineering and Technical • Level: Head ... Lindblad Expeditions (LIND) is a Travel Arrangements company. National Geographic-Lindblad Expeditions is a luxury adventure cruise company that offers expedition ships and adventurous destinations. They have renowned teams and aim to exceed consumers expectations. Lindblad Expeditions has 600-700 employees and has annual revenue in the $700M-$800M range, founded in 1979. Headquartered in New York, New York, United States, with presence in Australia. Its workforce is distributed across 43 countries (including United States, Ecuador, United Kingdom, Australia, and Philippines). Has $1B in total funding, with 3 prior funding rounds. ... ### Cheif Engineer - CSM Odessa (Current) ... Dec 2013 - Present (11 years and 11 months) ... Department: Engineering and Technical • Level: C-Level ... ### 3rd Engineer - Chief Engineer - Vival Marine, Vships and Colambia ... ### Специалист, Эксплуатация судовых энергетических установок, 4,79 at Odessa National Marine Academy ... 2002 - 2004 (2 years) ... Учился и работал лаборантом на кафедре СЭУ ... ### Степень бакалавра, эксплуатация судвых энергетических установок, 4,9 at Одесский морской колледж технического флота ... 1997 - 2002 (5 years)"
kaz-9bcf8f03ca96,Andrey Jigalov,IBO,1997;1998,unmatched,,,,Jigalov show,https youtu.be q7S5eZ57OBw si TGBpYmioWeJ2Bl3Q,missing_published_outcome,not_applicable,,,rejected,exact_name_only,75,False,False,False,True,,,88905da4bbda9e25382ad61647892f88,"""Andrey Jigalov"" Kazakhstan IBO Olympiad 1997;1998 current employer university role",0.007,1,Andrey Jigalov,https://linkedin.com/in/andrey-jigalov-256b7a39,profile,"# Andrey Jigalov ... Andrey Jigalov ... Berlin Metropolitan Area (DE) ... TV PARIS SHOW KO LOVE STORY ... ### https youtu.be q7S5eZ57OBw si TGBpYmioWeJ2Bl3Q - Jigalov show (Current) ... Jun 2007 - Present (19 years) in Europe ... Cabaret du monde 20 ... 8.,Andrey Jigalov and Oleg Ponukalin in Patrick ... ### Director,actor - Jigalov Show (Current) ... Jan 2003 - Present (22 years and 10 months) ... Department: Operations • Level ... ### CLOWN, ACTOR,DIRECTOR - JIGALOV SHOW (Current) ... Jan 2014 - Present (11 years and 10 months) ... i - circus (Current) ... ### Actor,Clown - Theater (Current) ... Jan 1991 - Present (34 years and 10 months) ... ### Actor - Film Oblako Rai. ... Jan 1991 - Jan 1991 ... Andrey Jigalov ... ### Academic Prize S.Vavilova 1992 Russia"
kaz-c056b8e8822d,Aslan Kuan,IBO,2012;2013,unmatched,,,,QazynaJol,"Chief Executive Officer, Founder",missing_published_outcome,not_applicable,,,rejected,exact_name_only,75,False,False,False,True,,,e37d4aaa2a49e1df363cebfe0d0c0a22,"""Aslan Kuan"" Kazakhstan IBO Olympiad 2012;2013 current employer university role",0.007,1,Aslan Kuanbayev,https://linkedin.com/in/aslan-kuanbayev-860990347,profile,"IBDP Graduate | Finance & Economics | TKS ’25-26 | Founder - QazynaJol | ESG & Sustainability Enthusiast | Skilled in IFRS S1 & S2 Reporting and Risk Analysis ... IBDP Graduate | Finance & Economics | TKS ’25-26 | Founder - QazynaJol | ESG & Sustainability Enthusiast | Skilled in IFRS S1 & S2 Reporting and Risk Analysis ... ### Chief Executive Officer, Founder - QazynaJol (Current) ... Oct 2024 - Present (1 year and 9 months) in Astana, Kazakhstan ... Financial advisory platform helping individuals achieve material goals through personalized plans, AI-driven guidance, and smart budget statistics. Led vision and strategy, built AI-based financial tools, managed product development and key decisions to deliver personalized user financial plans. ... ### TKS - [The Knowledge Society (TKS)](https://www.linkedin.com/school/theknowledgesociety) ... Sep 2025 - Jun 2026 (9 months) in Astana, Kazakhstan ... ### International school of Astana ... 2014 - 2026 (1 ... ### Economics, Business Management at [International Baccalaureate](https://www.linkedin.com/school/ibo) ... 2014 - 2026 (12 years) in Switzerland ... Economics, Business Management ... International Baccalaureate is a nonprofit organization. The International Baccalaureate® (IB) offers four high quality international education programmes to more than one million students in more than 163 countries. International Baccalaureate has 6,000-7,000 employees (+8-9% YoY) and has annual revenue in ... $200M-$300M range, founded ... 68. Headquartered in Switzerland, operates in 5 countries (including Netherlands, United Kingdom, Singapore, and United States). Its workforce is distributed across 141 countries (including United States, India, United Kingdom, Netherlands, and Canada). Research output of 400-"
kaz-e9cd35b41255,Damir Kurman,IPhO,2026,unmatched,,,,,,no_current_affiliation_extracted,not_applicable,,,rejected,exact_name_only,75,False,False,False,True,,,d787364c0fc15496fa2484448eb3e8f6,"""Damir Kurman"" Kazakhstan IPhO Olympiad 2026 current employer university role",0.007,1,Damir Kurmanguzhin,https://linkedin.com/in/damir-kurmanguzhin-b02726235,profile,"# Damir Kurmanguzhin ... Senior Fullstack QA Engineer / Automation QA ... Kazakhstan (KZ) ... Senior Fullstack QA Engineer / Automation QA ... ### [Ozon Tech](https://www.linkedin.com/company/ozon-tech) ... #### Senior Fullstack QA Engineer (Current) ... Oct 2025 - Present (5 months) ... Department: Engineering and Technical • Level: Senior ... #### Fullstack QA Engineer ... Sep 2024 - Oct 2025 (1 year and 1 month) in Астана, Казахстан ... Ozon Tech is a Technology, Information and Internet company. Ozon is a leading e-commerce company in Russia that provides IT infrastructure and specialists to support projects. They solve real-world cloud-based challenges and use best practices to build infrastructure to support projects efficiently. Ozon Tech has 1,000-2,000 employees (+40% YoY), founded in 1998. Headquartered in Almaty, Kazakhstan, with offices in 15/1 and дом 77/7. Its workforce is distributed across 49 countries (including Russia, Belarus, Kazakhstan, Georgia, and Serbia). ... ### Степень бакалавра, IT at [M. Kozybayev North Kazakhstan State University](https://www.linkedin.com/school/nkzu) ... 2020 - 2024 (4 years) in Kazakhstan ... M. Kozybayev North Kazakhstan State University is a higher education institution. М.Қозыбаев атындағы Солтүстік Қазақстан университеті is a university that offers high-quality education. M. Kozybayev North Kazakhstan State University has 10-20 employees (+60% YoY), founded in 1937. Headquartered in Kazakhstan. Its workforce is distributed across 6 countries (including Kazakhstan, India, Pakistan, United Kingdom, and United States). Research output of 1,000-2,000 works, primarily in Social Sciences, Engineering, and Agricultural and Biological Sciences."
kaz-b41761cae333,Kirill Panov,IMO,1998,unmatched,,,,Fairmarkit,Senior Software Engineer,missing_published_outcome,not_applicable,,,rejected,exact_name_only,75,False,False,False,True,,,73f163c828bd656668b03e67a685bfcd,"""Kirill Panov"" Kazakhstan IMO Olympiad 1998 current employer university role",0.007,1,Kirill Panov,https://linkedin.com/in/kirill-panov-64b394206,profile,"# Kirill Panov ... Lead Angular Developer | TypeScript ... Senior/Lead Angular Developer | TypeScript ... ### Senior Software Engineer - [Fairmarkit](https://www.linkedin.com/company/fairmarkit) (Current) ... Mar 2024 - Present (2 years and 4 months) in Варшава, Мазовецкое воеводство, Польша ... Department: Engineering and Technical • Level: Senior ... Fairmarkit is a Software Development company. Fairmarkit is a leading autonomous sourcing platform that uses AI agents to automate the full sourcing lifecycle. It offers up to 86% faster cycle times and 11% average savings. It is built for enterprise procurement. Fairmarkit has 100-150 employees and has annual revenue in the $1M-$10M range, founded in 2017. Headquartered in Boston, Massachusetts, United States, with an office in Malden. Its workforce is distributed across 10 countries (including United States, Poland, Ireland, United Kingdom, and Serbia). Has $77.5M in total funding, with 5 prior funding rounds. ... Aug 2021 - Feb 2024 (2 years and 6 months) in Варшава, Мазовецкое воеводство, Польша ... Department: Engineering and Technical • Level: Senior ... Mar 2018 - Aug 2021 (3 years and 5 months) in Минск, Республика Беларусь ... Department: Engineering and Technical • Level: Senior ... EPAM Systems (EPAM) is a IT Services and IT Consulting company. EP ... is a software engineering and ... development company that has been helping ... ,000 ... 000 employees ... 9-10% YoY) and has annual revenue in ... $5B-$6B range, founded in 1 ... 3. Headquartered in Newtown, Pennsylvania, United States ... Poland, China, United Kingdom, and Netherlands ... including India, Ukraine ... Poland, Belarus, and"
kaz-32cf54f8673f,Oleg Obukhov,IBO,2006;2007,unmatched,,,,Kalamkas-Khazar Operating LLP,Corporate Security Manager,missing_published_outcome,not_applicable,,,rejected,exact_name_only,75,False,False,False,True,,,cd2a4933e23a8f3b648ec897c5186c87,"""Oleg Obukhov"" Kazakhstan IBO Olympiad 2006;2007 current employer university role",0.007,1,Oleg Obukhovich,https://linkedin.com/in/oleg-obukhovich-aa3a4a256,profile,"# Oleg Obukhovich ... Aktau, Mangystau Region, Kazakhstan (KZ) ... ### Corporate Security Manager - [Kalamkas-Khazar Operating LLP](https://www.linkedin.com/company/kkpo) (Current) ... Sep 2024 - Present (1 year and 10 months) in Актау, Мангистауская область, Казахстан ... Department: Operations • Level: Manager ... Kalamkas-Khazar Operating LLP is a Oil and Gas company. PS.kz is a hosting provider in Kazakhstan that offers hosting services for websites of any complexity and attendance level. They provide domain registration services in .kz and other popular zones, and have been operating since 2003. They offer technical support 24/7 and have a website where users can register domain names. Kalamkas-Khazar Operating LLP has 70-80 employees (+10% YoY), founded in 2023. Headquartered in Astana, Kazakhstan. ... in Aktau, ... ### Бакалавр, Автодорожная. строительная и специальная техника at Казахский Автомобильно-дорожный Институтимени Л.Б. Гончарова ... 2001 - 2005 (4 years)"
kaz-21cc95b51c33,Yaroslav Alexandrov,IPhO,1999,unmatched,,,,Consyst Business Group,CPO HR TECH,missing_published_outcome,not_applicable,,,rejected,exact_name_only,75,False,False,False,True,,,3dcc309ca8cdc3427ce767d31086f189,"""Yaroslav Alexandrov"" Kazakhstan IPhO Olympiad 1999 current employer university role",0.007,1,Yaroslav Alexandrov,https://linkedin.com/in/yaroslav-alexandrov-31394b87,profile,"Chief AI Officer | Enterprise AI & Digital Products | ERP, HR TECH, EHSM, PMS | AI Strategy, Governance & ROI | ex-CPO ... ### CPO HR TECH - Consyst Business Group (Current) ... Dec 2024 - Present (1 year and 6 months) in Москва, Россия ... HR Tech, Project Management products, Accounting, AI divisions managing AI expansion leader Product strategy and roadmap owning Go To Market strategy owning PreSale activities Division budgeting Product growth hacking Product metrics: LTV, CAC, Retention, Churn Rate, Conversion Rate, ARPU/ARPPU ... ### Methodological basis for IT project management at [ ... School of Economics](https://www.linkedin.com/school/высшая-школа-экономики) ... 1,0 ... 2,000 employees (+10% YoY ... 1M-$10M ... , founded in 1992. Head ... including Russia, Germany, Serbia ... ### Master of Technology - MTech, Information and network technologies in economics and enterprise at [Российский Государственный Технологический Университет им. К.Э.Циолковского (МАТИ)](https://www.linkedin.com/school/mati-rgtu) ... [Saint Petersburg State University]( ... ### [Moscow State University](https://www.linkedin.com/school/moscow-state-university) ... Moscow State University is a higher education institution. Moscow State University has 700-800 employees (+1-2% YoY), founded in 1800. Headquartered in Moscow, Russia. Its workforce is distributed across 44 countries (including Russia, United States, Kazakhstan, Israel, and Germany). ... ### Master's Degree, Data Science in HR TECH at [Higher School of Economics](https://www.linkedin.com/school/высшая-школа-экономики) ... 024 - ... in Moscow, Russian Federation"
kaz-b41761cae333,Kirill Panov,IMO,1998,unmatched,,,,,,no_current_affiliation_extracted,not_applicable,,,rejected,exact_name_only,74,False,False,False,True,,,73f163c828bd656668b03e67a685bfcd,"""Kirill Panov"" Kazakhstan IMO Olympiad 1998 current employer university role",0.007,2,Kirill Panov,https://linkedin.com/in/kirill-panov-b7664b162,profile,"### [CANCOM](https://www.linkedin.com/company/cancom) ... #### Senior Database Administrator (Current) ... Jan 2026 - Present (6 months) in Munich ... 100+ databases: SQL Server 2022,2019,2017,2016... AlwaysOn availability groups. Databases up to 11 tb My responsibilities include supporting MS SQL Server and performance tuning. ... Softline Group is a Information Technology & Services company. Softline is a company that increases business efficiency through digital technologies. They offer a full range of solutions for all industries with financial projects for any IT budget. Softline Group has 900-1,000 employees (2-3% YoY decline) and has annual ... $20M-$30 ... range. Head ... in Russia, with presence in United Kingdom. Its workforce is distributed across 44 countries (including Russia, Belarus, Kazakhstan, India, and Vietnam). IPO 2023. ... #### Partner Technology Specialist ... Jul 2004 - Jun 2006 (1 year and ... 11 months) in Ekaterinbugr ... I am responsible as PTS for MS SQL Server in Midmarket and Small Solutions & Partners Group. I was responsible for: Presales support Partner development: Assist partners in sales strategy and solution/technology knowledge Development Microsoft competencies Owner of SQL Server 2005 Track at TechNet: * TechNet Autumn’05 * TechNet Spring’06 Presenter at Launch SQL Server 2005 at Kazakhstan ... ### Diploma degree Computer Mathematics at [Ural State University named after A.M.Gorky](https://www.linkedin.com/school/%D1%83%D1%80%D0%B0%D0%BB%D1%8C%D1%81%D0%BA%D0%B8%D0%B9-%D0%B3%D0%BE%D1%81%D1%83%D0%B4%D0%B0%D1%80%D1%81%D1%82%D0%B2%D0%B5%D0%BD%D0%BD%D1%8B%D0%B9-%D1%83%D0%BD%D0%B8%D0%B2%D0%B5%D1%80%D1%81%D0%B8%D1%82%D0%B5%D1%82-%D0%B8%D0%BC.-%D0%B0.%D0%BC.-%D0%B3%D0%BE%D1%80%D1%8C%D0%BA%D0%BE%D0%B3%D0%BE)"
kaz-618279226751,Maxim Tsoy,IOI,2024;2025,unmatched,,,,JobLeads,Senior Software Engineer,missing_published_outcome,not_applicable,,,rejected,exact_name_only,74,False,False,False,True,,,7300efb4d07c63357d7cb1bc25373d10,"""Maxim Tsoy"" Kazakhstan IOI Olympiad 2024;2025 current employer university role",0.007,2,Maxim Tsoy,https://linkedin.com/in/maxim-tsoy-138046135,profile,"# Maxim Tsoy ... Almaty, Kazakhstan (KZ) ... ### Senior Software Engineer - [JobLeads](https://www.linkedin.com/company/jobleads-gmbh) (Current) ... Nov 2023 - Present (2 years and 8 months) in Мюнхен, Бавария, Германия ... Department: Engineering and Technical • Level: Senior ... JobLeads is a Technology, Information and Internet company. JobLeads is a technology company that helps job seekers find more relevant jobs, get more interview invitations, and receive multiple offers. They cover 725,152 companies, job boards, and headhunters worldwide. JobLeads has 90-100 employees (+30% YoY) and has annual revenue in the $1M-$10M range, founded in 2007. Headquartered in Hamburg, Germany, with presence in Romania and United States. Its workforce is distributed across 27 countries (including Germany, Poland, Spain, United Kingdom, and Russia). ... Department: Engineering and Technical • Level: Senior ... #### Senior Software Engineer ... May 2022 - Nov 2022 (6 months) in Алматы, Казахстан ... Department: Engineering and Technical • Level: Senior ... #### Software Engineer ... Jan 2021 - May 2022 (1 year and 4 months) in Алматы, Казахстан ... Department: Engineering and Technical ... Klika Tech is a IT Services and IT Consulting company. Klika Tech builds connected, intelligent solutions using cloud, IoT, GenAI, and embedded systems. AWS Advanced Tier Services Partner. Klika Tech has 150-200 employees (-10% YoY) and has annual revenue in the $10M-$20M range, founded in 2013. Headquartered in Lubbock, Texas, United States, with presence in Poland, Kazakhstan, and Georgia. Its workforce is distributed across 13 countries (including Poland, Kazakhstan, Belarus, United States, and Colombia)."
kaz-21cc95b51c33,Yaroslav Alexandrov,IPhO,1999,unmatched,,,,Amazon Web Services (AWS),Senior Data Engineer,missing_published_outcome,not_applicable,,,rejected,exact_name_only,74,False,False,False,True,,,3dcc309ca8cdc3427ce767d31086f189,"""Yaroslav Alexandrov"" Kazakhstan IPhO Olympiad 1999 current employer university role",0.007,2,Yaroslav Alexandrov 🇺🇦,https://linkedin.com/in/yaroslav-aleksandrov,profile,"### Senior Data Engineer - [Amazon Web Services (AWS)](https://www.linkedin.com/company/amazon-web-services) (Current) ... Jul 2022 - Present (4 years) in Seattle, Washington, United States ... Data Engineer, I’m responsible for modernizing ... pipelines, optimizing ETL processes, and leading initiatives ... Pipeline Modernization: Spearheaded ... and deployment time by ... ✅ Python Version Migration: Led ... migration of Python from version ... compatibility challenges and ... package dependency management ... Development: Contributed to ... Created a common ... all data engineering teams ... & Metadata Analysis: Utilized ... flow, AWS Glue, and ... -to-End Data ... data product that ... Data Governance & Lineage: Implemented AWS ... Data Catalog and DataZone for robust data governance, lineage tracking, and standardization across data pipelines. ✅ Redshift Performance Enhancements: Built query tuning guidelines and developed a monitoring dashboard to track cluster performance, identifying bottlenecks, ... hours, and top users ... optimize Redshift workload ... 185 countries ... $4B-$5B range. Headquartered in Moscow, Russia ... noproletarskaya Ulitsa. ... 36 countries (including Russia, Georgia, Kazakhstan, United Arab Emirates, and Turkey ... ### Specialist Computer Science at Taras Shevchenko National University of Kyiv ... 2005 - 2010 (5 years) in Kyiv, Ukraine"
kaz-b41761cae333,Kirill Panov,IMO,1998,unmatched,,,,Stralis Aircraft (YC W23),Postgraduate Engineer,missing_published_outcome,not_applicable,,,rejected,exact_name_only,73,False,False,False,True,,,73f163c828bd656668b03e67a685bfcd,"""Kirill Panov"" Kazakhstan IMO Olympiad 1998 current employer university role",0.007,3,Kirill Panov,https://linkedin.com/in/kirillpan0v,profile,"Postgraduate Engineer at Stralis Aircraft ... ### Postgraduate Engineer - [Stralis Aircraft (YC W23)](https://www.linkedin.com/company/stralis-aircraft) (Current) ... ### The University of Auckland ... #### Exam Invigilator Room supervisor ( ... #### Postgraduate Researcher (Current) ... University of Auckland ... University of Auckland ... -6% YoY) ... B-$2B ... Auckland, New Zealand ... 60 countries ... including New Zealand ... Australia, United States, ... Kingdom, and China ... Research output of ... 000- ... 00, ... works, primarily in Medicine, ... Funds research behind 300-400 works ... ### Doctor of Philosophy - PhD Chemical Engineering at [University of Auckland](https://www.linkedin.com/school/university-of-auckland) ... University of Auckland is a higher education institution. The University of Auckland is New Zealand’s world-ranked university. University of Auckland has 7,000-8,000 employees (+5-6% YoY) and has annual revenue in the $1B-$2B range, founded in 1883. Headquartered in Auckland, New Zealand. Its workforce is distributed across 60 countries (including New Zealand, Australia, United States, United Kingdom, and China). Research output of 100,000-200,000 works, primarily in Medicine, Social Sciences, and Engineering. Funds research behind 300-400 works. ... - [2025-09-22 · Kirill Panov shared this] [After a short-term role at Hyundai last year as a Hydrogen...](https://www.linkedin.com/posts/kirillpan0v_after-a-short-term-role-at-hyundai-last-year-activity-7376010734557786112-Gzpp): After a short-term role at Hyundai last year as a Hydrogen Refueling Engineer, I’ve now found myself on an even more exciting journey with Stralis Aircraft (YC W23) . Currently working at the Auckl..."
kaz-b41761cae333,Kirill Panov,IMO,1998,unmatched,,,,Rusagro,Project Manager,missing_published_outcome,not_applicable,,,rejected,exact_name_only,71,False,False,False,True,,,73f163c828bd656668b03e67a685bfcd,"""Kirill Panov"" Kazakhstan IMO Olympiad 1998 current employer university role",0.007,5,Kirill Panov,https://linkedin.com/in/kirill-panov-0a491a83,profile,"### Project Manager - [Rusagro](https://www.linkedin.com/company/rusagro) (Current) ... May 2023 - Present (3 years and 2 months) in Москва, Россия ... Rusagro is a Food and Beverage Manufacturing company. Rusagro is a third-largest Russian manufacturer of sugar in Russia. Rusagro has 200-300 employees (+7-8% YoY), founded in 1995. Headquartered in Moscow, Russia, with presence in Cyprus. Its workforce is distributed across 19 countries (including Russia, Kazakhstan, United Arab Emirates, Netherlands, and United Kingdom). ... health and safety ... a blog and ... 0 employees and ... Moscow, Russia. ... 16 countries ... , Ukraine, United States, and Uzbekistan). Has a ... 000 ... . IPO ... ### Специалист, Томоженое дело at [Московская Финансово-Юридическая Академия (МФЮА)](https://www.linkedin.com/school/московская-финансово-юридическая-академия-мфюа-) ... 2006 - 2010 (4 years) in Russian Federation ... Moscow Finance and Law Academy (MFUA) is a higher education institution. Московский финансово-юридический университет МФЮА offers higher education, college, and academy programs. They provide various educational programs in Moscow and have campuses. Moscow Finance and Law Academy (MFUA) has 10-20 employees (+7-8% YoY). Headquartered in Russia. Its workforce is distributed across Russia and Moldova. Research output of 300-400 works, primarily in Social Sciences, Economics, Econometrics and Finance, and Business, Management and Accounting. ... ### Специалист, Иностранный язык at Красногорский государственный колледж"
kaz-618279226751,Maxim Tsoy,IOI,2024;2025,unmatched,,,,JCS KTZ Express,Senior Manager,missing_published_outcome,not_applicable,,,rejected,exact_name_only,71,False,False,False,True,,,7300efb4d07c63357d7cb1bc25373d10,"""Maxim Tsoy"" Kazakhstan IOI Olympiad 2024;2025 current employer university role",0.007,5,Maxim Tsoy,https://linkedin.com/in/maxim-tsoy-4b000a61,profile,"# Maxim Tsoy Senior Manager – JCS KTZ Express Kazakhstan (KZ) 77 connections • 78 followers ## About Senior Manager – JCS KTZ Express Total Experience: 10 years and 10 months ## Experience ### Senior Manager - JCS KTZ Express (Current) May 2015 - Present (10 years and 10 months) in Astana, Kazakhstan Department: Other • Level: Senior ## Education ### Bachelor's degree, International economic and trade at [Chang'an University](https://www.linkedin.com/school/长安大学) 2010 - 2014 (4 years) in Xi'an, Shaanxi, China Chang'an University is a higher education institution. 长安大学 is a university located in China. It offers various academic programs and conducts scientific research. The university provides education and services to students, faculty, and visitors. It has a campus with various facilities and facilities. Chang'an University has 200-300 employees (+4-5% YoY), founded in 1951. Headquartered in Xi'an, Shaanxi, China. Its workforce is distributed across 21 countries (including China, Pakistan, United States, Japan, and Germany). Research output of 30,000-40,000 works, primarily in Engineering, Environmental Science, and Earth and Planetary Sciences. Funds research behind 1,000-2,000 works. ## Skills management • senior management"
kaz-21cc95b51c33,Yaroslav Alexandrov,IPhO,1999,unmatched,,,,,,no_current_affiliation_extracted,not_applicable,,,rejected,exact_name_only,65,False,False,False,False,,,3dcc309ca8cdc3427ce767d31086f189,"""Yaroslav Alexandrov"" Kazakhstan IPhO Olympiad 1999 current employer university role",0.007,3,Yaroslav Alexandrov,https://linkedin.com/in/yaroslav-alexandrov-4b1262145,profile,"# Yaroslav Alexandrov Stockholm, Stockholm County, Sweden (SE) 42 connections • 42 followers ## Education ### [KYH](https://www.linkedin.com/school/kyh) 2015 - 2017 (2 years) in Sweden KYH is a higher education institution. KYH Yrkeshögskola is a company that offers Yrkesutbildningar inom samhällsbyggnad, IT, and teknik. They provide both short and distance learning options for students. They have multiple locations in Sweden and offer both distance learning and in-person programs. KYH has 150-200 employees (+10% YoY), founded in 2007. Headquartered in Sweden. Its workforce is distributed across Sweden and Belgium. ## Social ### Linkedin - [2018-02-28 · Yaroslav Alexandrov liked this] [Nu kommer dom. UL spelet för yh-väst :) #yh](https://www.linkedin.com/posts/pelle-israelsson-54630812_nu-kommer-dom-ul-spelet-för-yh-väst-activity-6374523255725838336-xRW0): Nu kommer dom. UL spelet för yh-väst :) #yh"
kaz-9bdeb2eedd97,Zhan Dautov,IMO,2023;2024,unmatched,,,,,,no_current_affiliation_extracted,not_applicable,,,rejected,exact_name_only,65,False,False,False,False,,,85c6764e5842a393cb05c82d4a33b5b2,"""Zhan Dautov"" Kazakhstan IMO Olympiad 2023;2024 current employer university role",0.007,3,Avutzhan Dautov,https://linkedin.com/in/avutzhan-dautov,profile,"# Avutzhan Dautov ... Kazakhstan (KZ) ... ### Lead Backend Developer - LPP aQode ... Jun 20 ... 2 - Jan 20 ... 6 (3 years and ... months) in Latvia ... ### Senior Backend Developer - LLP Mediodok ... Mar 2021 - Jun 2022 (1 year and 3 months) in Kazakhstan ... Designed and developed backend architecture for an e-commerce platform. * Implemented complex integrations (Bitrix24, Magento, 1C, delivery services ... * Built asynchronous communication between services using Rabbit ... . * Developed REST APIs and integration modules. * Contributed to architectural decisions and service structure documentation. * Conducted technical interviews and mentored developers. Additional: developed backend services in Go (Fiber, Gorm) and Python (Flask). Stack: PHP (Laravel), Redis, RabbitMQ, Go, PostgreSQL, Docker, CI/CD, Linux. ... ### Back End Developer - IBEC Systems ... Jan 20 ... (1 year and 2 months) in Kazakhstan ... ### Bachelor's degree, Linguistics at [Университет ""Синергия""](https://www.linkedin.com/school/%D1%83%D0%BD%D0%B8%D0%B2%D0%B5%D1%80%D1%81%D0%B8%D1%82%D0%B5%D1%82-%D1%81%D0%B8%D0%BD%D0%B5%D1%80%D0%B3%D0%B8%D1%8F-) ... ### Bachelor's degree, Linguistics at [Istanbul University](https://www.linkedin.com/school/istanbul-university) ... 2011 - 2015 (4 years) in Türkiye ... Istanbul University is a higher education institution. Istanbul University has 3,000-4,000 employees (+8-9% YoY), founded in 1453. Headquartered in Turkey, with an office in Istanbul. Its workforce is distributed across 34 countries (including Turkey, United States, Germany, United Kingdom, and United Arab Emirates). Research output of 70,000-80,000 works, primarily in Medicine, Biochemistry, Genetics and Molecular Biology, and Social Sciences. Funds research behind 700-800 works."
kaz-b41761cae333,Kirill Panov,IMO,1998,unmatched,,,,,,no_current_affiliation_extracted,not_applicable,,,rejected,exact_name_only,64,False,False,False,False,,,73f163c828bd656668b03e67a685bfcd,"""Kirill Panov"" Kazakhstan IMO Olympiad 1998 current employer university role",0.007,4,Kirill Panov,https://linkedin.com/in/kirill-panov-b4716415b,profile,"# Kirill Panov ... ### [Mariupol State University](https://www.linkedin.com/school/mrpl-university) ... 2021 - 2022 (1 year) in Kyiv, Ukraine ... 2017 - 2021 (4 years) in Kyiv, Ukraine ... Mariupol State University is a higher education institution. Mariupol State University is a university that focuses on developing internationalization of educational process and research activity. They offer bachelor's and master's education programs and have a large number of students and graduates. The university is a member of the European universities alliance and has archaeological research of a medieval necropolis. They also have international cooperation and partnerships with other institutions. Mariupol State University has 50-60 employees (+5-6% YoY), founded in 1991. Headquartered in Kyiv, Ukraine. Its workforce is distributed across 10 countries (including Ukraine, United Kingdom, Czechia, Norway, and Germany). Research output of 800-900 works, primarily in Social Sciences, Engineering, and Economics, Econometrics and Finance."
kaz-197ec90e92c1,Yuriy Kudryavtsev,IChO,2000,unmatched,,,,,,no_current_affiliation_extracted,not_applicable,,,rejected,exact_name_only,64,False,False,False,False,,,beecde6f5eaef1b1dc2f707850fdd1a4,"""Yuriy Kudryavtsev"" Kazakhstan IChO Olympiad 2000 current employer university role",0.007,4,Yuriy Kudryavtsev,https://linkedin.com/in/yuriy-kudryavtsev-990a33b8,profile,"# Yuriy Kudryavtsev директор департамента морских перевозок – ОАО Амурское пароходство Russia (RU) 66 connections • 66 followers ## About директор департамента морских перевозок – ОАО Амурское пароходство ## Experience ### директор департамента морских перевозок - ОАО ""Амурское пароходство"" Department: General Management • Level: Director"
kaz-ac8d11f139c6,David Li,IPhO,2019,probable,Huawei,Researcher,https://ru.linkedin.com/in/david-li-ab07b332b,Google,Software Engineer,organization_change,not_applicable,,,rejected,exact_name_only,79,False,True,False,True,,,037c67132d239c21b3e06f3b9a25e609,"""David Li"" Kazakhstan IPhO Olympiad 2019 current employer university role",0.007,2,David Li,https://linkedin.com/in/davidli12,profile,"Driven and innovative computer engineering student at Purdue University seeking opportunities to gain industry experience and develop professional skills. My interests include computer/software engineering and machine learning. Feel free to contact me at davidli2881@gmail.com. My projects can be found at ... ### Software Engineer - [Google](https://www.linkedin.com/company/google) (Current) ... Jul 2022 - Present (4 years) in Kirkland, Washington, United States ... ### Honors Engineering Teaching Assistant - [Purdue University College of Engineering](https://www.linkedin.com/school/purdue-engineering) ... Aug 2019 - May 2021 (1 year and 9 months) in West Lafayette, IN ... Purdue University College ... . Its workforce ... , South Korea, ... 0 works. ... ### Bachelor of Science - BS, Computer Engineering, GPA: 3.74 / 4.00 at [Purdue University](https://www.linkedin.com/school/purdue-university) ... 2018 - 2022 (4 years) in West Lafayette, Indiana, United States ... Purdue University is a higher education institution. Purdue University is a world-renowned, public research university that advances discoveries in science, technology, engineering and math. Purdue University has 10,000-20,000 employees (+1-2% YoY) and has annual revenue in the $2B-$3B range, founded in 1869. Headquartered in West Lafayette, Indiana, United States. Its workforce is distributed across 71 countries (including United States, India, China, Colombia, and Brazil). Research output of 200,000-300,000 works, primarily in Engineering, Environmental Science, and Biochemistry, Genetics and Molecular Biology. Funds research behind 800-900 works."
kaz-4c524655befe,Guldana Abduali,IBO,2021,probable,Korea Advanced Institute of Science and Technology (KAIST),Undergraduate Student in Computer Science,https://kr.linkedin.com/in/guldana-abduali,,,no_current_affiliation_extracted,not_applicable,,,rejected,exact_name_only,78,False,True,False,True,,,6064206da6a896257415e7654fa2893a,"""Guldana Abduali"" Kazakhstan IBO Olympiad 2021 current employer university role",0.007,3,Guldana Abdualiyeva,https://linkedin.com/in/guldana-abdualiyeva-9a681080,profile,"Astana, Kazakhstan (KZ) ... ### AML CFT & Compliance & Legal Associate Collect & Pay Ltd. FinTech Company - Collect & Pay Ltd.| FinTech Company (Current) ... Feb 2022 - Present (4 years and 5 months) ... ### Head Of Legal - Sport Center LLP ... Feb 2019 - Dec 2021 (2 years and 10 months) in Алматы, Казахстан ... Head of Legal | World Class Almaty | sports premium services 2019 – 2021 ... Level: Head ... ### Legal Associate KAUIRWL Top 5 university in KZ - KAUIRWL ... 20 ... and 2 ... KAUIRWL ... KZ 20 ... 3 – 20 ... ### Master's degree, International Law, 3,84/4.00 at Al-Farabi Kazakh National University | TOP KZ University ... 2011 - 2013 (2 years) ... ### UNIVERSITY STUDENT At Bachelor & Master Degree Studies/Qualification Training at Max Planck Institute for Comparative Public Law & International Law"
kaz-96fed62edd90,Adilzhan Ismailov,IMO,2007,probable,Depop,"Lead Data Scientist, Pricing and Inventory",https://uk.linkedin.com/in/adilzhanismailov,IP Ismailov,Senior Quality Assurance Engineer,organization_change,not_applicable,,,rejected,exact_name_only,70,False,False,False,True,,,7700630b01fc5bb37314540b4cc2547c,"""Adilzhan Ismailov"" Kazakhstan IMO Olympiad 2007 current employer university role",0.007,1,Adilzhan Ismailov,https://linkedin.com/in/adilzhan-ismailov,profile,"# Adilzhan Ismailov ... Senior QAE | ... 6+ years of exp. | ISTQB certified ... Astana, Kazakhstan (KZ) ... Assurance Engineer ( ... am passionate about ... advanced automation techniques ... and API testing ... performance optimization. My ... only functional but also scalable, ... technologies, refine ... , and contribute to innovative software solutions ... connect and discuss how we can drive quality forward ... ### Senior Quality Assurance Engineer - IP Ismailov (Current) ... a Senior QAE, my responsibilities have expanded far beyond standard testing ... I play an active role in building automation strategies, integrating QA best practices, and improving overall system stability ... In addition to manual testing, I focus on test automation, process optimization, risk analysis, and mentoring. Key Responsibilities and Achievements: ... ### QA Engineer - IP Ismailov (Current) ... linkedin.com ... Jan 2022 - Mar 2025 (3 years and 2 months) in Almaty, Kazakhstan ... Petrel AI is a Software Development company. Petrel.AI is an enterprise services and startup studio that invests in product development expertise and software engineering experience in early-stage businesses. They partner with bright minds to forge a better world and foster an entrepreneurial ecosystem rooted in trust, mutual support, and ambition. Petrel AI has 10-20 employees (+10% YoY), founded in 2017. Headquartered in Almaty, Almaty, Kazakhstan, with presence in United Kingdom. Its workforce is distributed across Kazakhstan, United Kingdom, and Australia."
kaz-a55fa73a7d5f,Anna Zavalishina,IBO,2016,probable,Association for the Conservation of Biodiversity of Kazakhstan,Conservation Research Contributor,,ideaHelix,Business Development Representative,organization_change,not_applicable,,,rejected,exact_name_only,70,False,False,False,True,,,2a85ea39c2454fcf5b7bd3673ed1f94f,"""Anna Zavalishina"" Kazakhstan IBO Olympiad 2016 current employer university role",0.007,1,Anna Zavalishina,https://linkedin.com/in/anna-zavalishina,profile,"### Business Development Representative - [ideaHelix](https://www.linkedin.com/company/ideahelix-inc) (Current) ... Aug 2025 - Present (11 months) in Barcelona, Catalonia, Spain ... ideaHelix is a IT Services and IT Consulting company. ideahelix is a company that specializes in delivering specialized Salesforce consulting services to salesforce industries. They have orchestrated successful large-scale digital transformations for customers around the world and are committed to delivering with excellence. IdeaHelix has 100-150 employees, founded in 2014. Headquartered in Fremont, California, United States. Its workforce is distributed across 18 countries (including India, United States, Canada, Netherlands, and Turkey). ... ### Master's degree, Journalism at [Linguistics University of Nizhny Novgorod (LUNN)](https://www.linkedin.com/school/нижегородский-государственный-лингвистический-университет-им.-н.а.-добролюбова-нглу-) ... Linguistics ... LUNN ... UNN) ... 4-5% YoY ... including Russia, Turkey, Mongolia ... Egypt, and ... Social Sciences, Arts and ... , and Computer Science ... ### [The University of Manchester](https://www.linkedin.com/school/university-of-manchester) ... 0-20 ... 7% YoY) ... -GBP2 ... in Manchester, ... workforce is distributed across 91 countries (including United Kingdom, India, United States, China, and Saudi Arabia). ... total funding, with 6 prior funding rounds. Research output of 200, ... 00-300 ... 00 works, primarily in Medicine, Engineering, and Physics and Astronomy. Funds research behind 700-800 works"
kaz-bfdcf65f4a6e,Anton Vassilyev,IMO,2003,probable,Lomonosov Moscow State University (MSU),Associate Professor of Mathematics,,,,no_current_affiliation_extracted,not_applicable,,,rejected,exact_name_only,70,False,False,False,True,,,786e2ac711f0bb427459de3bc93d1b59,"""Anton Vassilyev"" Kazakhstan IMO Olympiad 2003 current employer university role",0.007,1,Anton Vassilyev,https://linkedin.com/in/anton-vassilyev-009ab911b,profile,"# Anton Vassilyev Full-stack & Rust Developer Kazakhstan (KZ) ## About Fullstack developer with experience in JavaScript/TypeScript, PHP, SQL, and Rust. Develop… ## Experience ### Self-employed (Current) Worldwide ## Education ### Rudny College of Information Technology 2010 - 2013 (3 years) ## Skills sql • php • developer • full-stack development • developer experience"
kaz-ac8d11f139c6,David Li,IPhO,2019,probable,Huawei,Researcher,https://ru.linkedin.com/in/david-li-ab07b332b,Ruprecht-Karls-Universität Heidelberg,Studentische Hilfskraft beim Exzellenzcluster STRUCTURES,organization_change,not_applicable,,,rejected,exact_name_only,70,False,False,False,True,,,037c67132d239c21b3e06f3b9a25e609,"""David Li"" Kazakhstan IPhO Olympiad 2019 current employer university role",0.007,1,David Li,https://linkedin.com/in/david-li-6a3472249,profile,"### Studentische Hilfskraft beim Exzellenzcluster STRUCTURES - [Ruprecht-Karls-Universität Heidelberg](https://www.linkedin.com/school/uni-heidelberg) (Current) ... Jul 2024 - Present (2 years) in Heidelberg, Baden-Württemberg, Deutschland ... Department: Research • Level: Intern ... Heidelberg University is a higher education institution. Heidelberg University has 2,000-3,000 employees, founded in 1386. Headquartered in Heidelberg, Baden-Württemberg, Germany. Its workforce is distributed across 49 countries (including Germany, United States, Austria, Switzerland, and United Kingdom). Research output of 200,000-300,000 works, primarily in Medicine, Biochemistry, Genetics and Molecular Biology, and Physics and Astronomy. Funds research behind 100-150 works. ... a higher education institution ... [Ruprecht-Karls-Universität Heidelberg](https://www.linkedin.com/school ... uni-heidelberg) ... Heidelberg University is a higher education institution. Heidelberg University has 2,000-3,000 employees, founded in 1386. Headquartered in Heidelberg, Baden-Württemberg, Germany. Its workforce is distributed across 49 countries (including Germany, United States, Austria, Switzerland, and United Kingdom). Research output of 200,000-300,000 works, primarily in Medicine, Biochemistry, Genetics and Molecular Biology, and Physics and Astronomy. Funds research behind 100-150 works. ... - [2022-10-03 · David Li posted this] [Ich habe einen neuen Job und arbeite jetzt als Tutor bei...](https://www.linkedin.com/posts/david-li-6a3472249_ich-habe-einen-neuen-job-und-arbeite-jetzt-activity-6982792376687681536-6eFC): Ich habe einen neuen Job und arbeite jetzt als Tutor bei Ruprecht-Karls-Universität Heidelberg ."
kaz-1deffa0c0a86,Vadim Murzin,IChO,2004,probable,Deutsches Elektronen-Synchrotron DESY,Scientist (alumnus),,СБЕР,Руководитель Направления,organization_change,not_applicable,,,rejected,exact_name_only,70,False,False,False,True,,,b88e876cc6e4bbab26a352b1f3ba7e27,"""Vadim Murzin"" Kazakhstan IChO Olympiad 2004 current employer university role",0.007,1,Vadim Murzin,https://linkedin.com/in/vadim-murzin,profile,"# Vadim Murzin ... Руководитель направления – СБЕР ... Руководитель направления – СБЕР ... ### Руководитель Направления - [СБЕР](https://www.linkedin.com/company/%d1%81%d0%b1%d0%b5%d1%80) (Current) ... Nov 2016 - Present (9 years and 4 months) ... - Internal bank management unit ... Department: General Management • Level: Head ... СБЕР is a Investment Banking company. СБЕР has 2,000-3,000 employees (+20% YoY). Its workforce is distributed across 36 countries (including Russia, Belarus, Kazakhstan, Georgia, and United Arab Emirates). ... ### Specialist degree, Mathematics at [Moscow State University](https://www.linkedin.com/school/moscow-state-university) ... 2005 - 2010 (5 years) in Moscow, Russian Federation ... Moscow State University is a higher education institution. Moscow State University has 700-800 employees (+1-2% YoY), founded in 1800. Headquartered in Moscow, Russia. Its workforce is distributed across 44 countries (including Russia, United States, Kazakhstan, Israel, and Germany)."
kaz-17b78d6e8c0f,Yernar Tursynbay,IBO,2010;2011,probable,,,,,,no_current_affiliation_extracted,not_applicable,,,rejected,exact_name_only,70,False,False,False,True,,,2d7a862459625e58b4b817811e10b3e7,"""Yernar Tursynbay"" Kazakhstan IBO Olympiad 2010;2011 current employer university role",0.007,1,Yernar Tursynbayev,https://linkedin.com/in/yernar-tursynbayev-a74556251,profile,"ar Tursyn ... Almaty, Kazakhstan (KZ) ... ### Product Line Manager - ASBC Kazakhstan | iSpace Apple Premium Partner (Current) ... Dec 2022 - Present (3 years and 7 months) in Almaty, Kazakhstan ... Department: Product • Level: Manager ... ASBC Kazakhstan | iSpace | Apple Premium Partner is a Retail company. ASBC is a company that provides IT solutions for businesses. They offer video communication systems, devices, and accessories. They have been operating in the world since 1996 and are part of the ASBISc Enterprises PLC group. They are known for their partnership with Apple and offer integration of the best IT solutions based on Apple products and other leading brands. ASBC Kazakhstan | iSpace | Apple Premium Partner has 20-30 employees (+5-6% YoY). Headquartered in Almaty, Kazakhstan. ... ### Bachelor's degree, ENGINEERING at [Suleyman Demirel University](https://www.linkedin.com/school/sdu-kz) ... 2019 - 2023 (4 years) in Kazakhstan ... Suleyman Demirel University is a higher education institution. SDU University is a university that offers various academic programs and conducts research in various fields. Suleyman Demirel University has 90-100 employees (8-9% YoY decline), founded in 1996. Headquartered in Kazakhstan. Its workforce is distributed across 9 countries (including Kazakhstan, Turkey, United States, Germany, and Australia)."
kaz-a55fa73a7d5f,Anna Zavalishina,IBO,2016,probable,Association for the Conservation of Biodiversity of Kazakhstan,Conservation Research Contributor,,Фриланс,English Translator. Proofreader. Transcreator,organization_change,not_applicable,,,rejected,exact_name_only,69,False,False,False,True,,,2a85ea39c2454fcf5b7bd3673ed1f94f,"""Anna Zavalishina"" Kazakhstan IBO Olympiad 2016 current employer university role",0.007,2,Anna Zavalishina,https://linkedin.com/in/anna-zavalishina-65a2511a1,profile,"Astana, Kazakhstan (KZ) ... ### English Translator. Proofreader. Transcreator. - Фриланс (Current) ... Dec 2011 - Present (14 years and 7 months) ... Department: Education • Level: Specialist ... ### Высшее, Социально-культурный сервис и туризм at [Московский Государственный Университет Путей Сообщения (МИИТ)](https://www.linkedin.com/school/московский-государственный-университет-путей-сообщения-миит-) ... Moscow State University of Transport (MIIT) is a higher education institution. РУТ (МИИТ) is a leading national transport university in Russia, the largest industrial university in Russia, and a basic platform for personnel support and scientific support in the transportation industry. Moscow State University of Transport (MIIT) has 20-30 employees (+9-10% YoY). Headquartered in RU. Its workforce is distributed across 5 countries (including Russia, Kazakhstan, Spain, Qatar, and Georgia). Research output of 3,000-4,000 works, primarily in Engineering, Social Sciences, and Computer Science."
kaz-dc3a6a35b589,Dauren Muratov,IOI,2012,probable,DashDevs,iOS Engineer,https://linkedin.com/in/dauren-muratov-1a114676,Abiroy Business Group,Координатор проектов,organization_change,not_applicable,,,rejected,exact_name_only,69,False,False,False,True,,,d4e9d6a3c8113615daabff8cfc9383dc,"""Dauren Muratov"" Kazakhstan IOI Olympiad 2012 current employer university role",0.007,2,Dauren Muratov / ABIROY,https://linkedin.com/in/dauren-muratov-abiroy-428994253,profile,"### Координатор проектов - [Abiroy Business Group](https://www.linkedin.com/company/abiroybusinessgroup) (Current) ... Apr 2022 - Present (4 years and 3 months) in Караганда Г.А., Карагандинская область, Казахстан ... ABIROY is a ... Consulting and Services company ... a project consulting company that provides business functions for corporate changes. They ... for real changes ... 0 employees (+ ... . Headquartered ... Innopolis, Tatarstan, Russia, with presence ... Finland, and Israel. ... ### Human Resources Specialist - [Karaganda Medical University](https://www.linkedin.com/company/karagandamedical) ... Feb 2 ... 17 - Sep 2018 (1 year and 7 months) in Караганда, Карагандинская область, Казахстан ... ### Степень магистра, Legal Studies, General, 3.7 at [Карагандинский Государственный Университет им.Е.А.Букетова](https://www.linkedin.com/school/karagandy-state-university-eabuketov) ... 2018 - 2020 (2 years) in Kazakhstan ... Karaganda State University is a higher education institution. Karaganda State University has 20-30 employees (+10% YoY) and has annual revenue in the under $1M range, founded in 1972. Headquartered in Kazakhstan. Its workforce is distributed across Kazakhstan, Uzbekistan, India, and United States. Research output of 3,000-4,000 works, primarily in Social Sciences, Engineering, and Materials Science. ... ### Степень бакалавра, Legal Studies, General, 3.9 at [Карагандинский Государственный Университет им.Е.А.Букетова](https://www.linkedin.com/school/karagandy-state-university-eabuketov) ... ) in Kazakhstan"
kaz-01957a6accca,Pavel Levchenko,IPhO,2006,probable,Tengizchevroil,Reservoir Simulation Engineer,https://kz.linkedin.com/in/pavel-levchenko-a315041a7,,,no_current_affiliation_extracted,not_applicable,,,rejected,exact_name_only,69,False,False,False,True,,,886d4b6b05b1c25ee50f5ad138a5adb0,"""Pavel Levchenko"" Kazakhstan IPhO Olympiad 2006 current employer university role",0.007,2,Pavel Levchenko,https://linkedin.com/in/pavel-levchenko-it,profile,"Head of IT @ Toloka AI | ex-Yandex, ex-Biocad | Tech Manager and AI adoption ... ### [Toloka](https://www.linkedin.com/company/toloka) ... #### Head of IT (Current) ... Mar 2024 - Present (2 years and 4 months) ... - Spearheaded corporate IT strategy, driving significant cloud and AI adoption and SaaS integration across the company to enhance system scalability and operational agility ... savings through strategic ... consolidation and optimized application landscape ... ### Engineer's degree, Control and informatics in technical systems at [ITMO University](https://www.linkedin.com/school/itmouni) ... 2003 - 2009 (6 years) in Russian Federation ... ITMO University is a higher education institution. ITMO University is one Russia’s leading higher education and research institutions, specializing in Information Technology, Optical Design and Engineering. ITMO University has 800-900 employees (+5-6% YoY), founded in 1900. Headquartered in Russia. Its workforce is distributed across 52 countries (including Russia, Kazakhstan, Serbia, Ukraine, and Georgia). Research output of 10,000-20,000 works, primarily in Engineering, Materials Science, and Physics and Astronomy. Funds research behind 100-150 works."
kaz-00408ca19291,Rashid Amirov,IChO,2001,probable,FINCRAFT Investment House,Chairman of the Board of Directors,https://linkedin.com/in/rashidamirov,ITSK,Head of Project Office,organization_change,not_applicable,,,rejected,exact_name_only,69,False,False,False,True,,,1f8438785fe93951a87d07d011204fcd,"""Rashid Amirov"" Kazakhstan IChO Olympiad 2001 current employer university role",0.007,2,Rashid Amirov,https://linkedin.com/in/rashid-amirov-400b1b,profile,"# Rashid Amirov ... Head of Project Office, ITSK ... Moscow, Russia ... 20 years in the IT-divisions; 15 years of managing complex IT-projects, including: technological development of business processes; management requirements for the project; interaction with outsourcers; software development process organization; logistics (including fulfillment and customs) Специализация: CIO, CTO, Project Manager ... ### Head of Project Office - ITSK (Current) ... May 2018 - Present (8 years and 2 months) in Moscow ... Project Office Management Project and Project Portfolio Management Expertise, launch and coordination of projects in the field of IT infrastructure (offices, gas stations, oil depots). Launching of process control systems projects Бюджетное и ресурсное планирование. Ajile projects ... Department: Project Management ... Level: Head ... ### IT, Mathematics at [Moscow Transport Institute (MTI)](https://www.linkedin.com/school/московский-транспортный-институт-мти-) ... 1983 - 1988 (5 years) ... Moscow Transport Institute (MTI) is a higher education institution. The company provides educational and research services in London. Moscow Transport Institute (MTI) has 10-20 employees."
kaz-07b1a7ba2159,Renat Shaimardanov,IOI,1998,probable,Agregator,Owner and CEO,https://linkedin.com/in/renatshaimardanov,IPG Laser GmbH & CO. KG,Software Engineer,organization_change,not_applicable,,,rejected,exact_name_only,69,False,False,False,True,,,46a1fde94ca24823587dd0a42ea7ee74,"""Renat Shaimardanov"" Kazakhstan IOI Olympiad 1998 current employer university role",0.007,2,Renat Shaimardanov,https://linkedin.com/in/shaimardanov-renat-b412a17a,profile,"### Software Engineer - IPG Laser GmbH & CO. KG (Current) ... Jan 2023 - Present (3 years and 5 months) in Burbach, North Rhine-Westphalia, Germany ... IPG Photonics GmbH & Co. KG is a Appliances, Electrical, and Electronics Manufacturing company. IPG Photonics GmbH & Co. KG has 200-300 employees. Headquartered in Germany, operates in 5 countries (including United States, Poland, Spain, Czechia, and France). ... Deloitte is a Business Consulting and Services company. Deloitte has 300,000-400,000 employees (+7-8% YoY) and has annual revenue in the $70B-$80B range, founded in 1845. Headquartered in United States, operates in 44 countries (including Australia, United Kingdom, Hong Kong, Kazakhstan, and Lithuania). Its workforce is distributed across 175 countries (including India, United States, United Kingdom, Canada, and Italy). ... ### специалист, программист САПР at [Санкт-Петербургский Государственный Университет Информационных Технологий, Механики и Оптики (Университет ИТМО)](https://www.linkedin.com/school/itmouni) ... 1999 - 2003 (4 years) in Russian Federation ... ITMO University is a higher education institution. ITMO University is one Russia’s leading higher education and research institutions, specializing in Information Technology, Optical Design and Engineering. ITMO University has 800-900 employees (+5-6% YoY), founded in 1900. Headquartered in Russia. Its workforce is distributed across 52 countries (including Russia, Kazakhstan, Serbia, Ukraine, and Georgia). Research output of 10,000-20,000 works, primarily in Engineering, Materials Science, and Physics and Astronomy. Funds research behind 100-150 works."
kaz-dc3a6a35b589,Dauren Muratov,IOI,2012,probable,DashDevs,iOS Engineer,https://linkedin.com/in/dauren-muratov-1a114676,AMD Global LLP,Procurement Manager,organization_change,not_applicable,,,rejected,exact_name_only,68,False,False,False,True,,,d4e9d6a3c8113615daabff8cfc9383dc,"""Dauren Muratov"" Kazakhstan IOI Olympiad 2012 current employer university role",0.007,3,Dauren Muratov,https://linkedin.com/in/dauren-muratov-28760a209,profile,"Atyrau Region, Kazakhstan (KZ) ... ### Procurement Manager - AMD Global LLP (Current) ... Feb 2023 - Present (3 years and 5 months) in Атырау Г.А., Атырауская область, Казахстан ... Department: Operations • Level: Manager ... - [2023-06-02 · Dauren Muratov ... [🎓Думаете, ... ребенку с поступлением в университеты ... https://www ... linkedin.com/posts/crimsoneducation_думаете-как-помочь-своему-ребенку-с-поступлением-activity-7070269497357578240-o2wX): 🎓Думаете, как помочь своему ребенку с поступлением в университеты США? В первую очередь стоит позаботиться об ... ческой подготовке, а точнее об экзаменах ... или ACT. Какой ... этих экзаменов лу..."
kaz-ac8d11f139c6,David Li,IPhO,2019,probable,Huawei,Researcher,https://ru.linkedin.com/in/david-li-ab07b332b,University of Nebraska at Omaha,Assistant Professor,organization_change,not_applicable,,,rejected,exact_name_only,68,False,False,False,True,,,037c67132d239c21b3e06f3b9a25e609,"""David Li"" Kazakhstan IPhO Olympiad 2019 current employer university role",0.007,3,David Li,https://linkedin.com/in/davidshuenli,profile,"David Li is an Assistant Professor in the Department of Biomechanics at University of Nebraska Omaha. He received his PhD in Biomedical Engineering from The University of Texas at Austin. His current research with the Center for Cardiovascular Research in Biomechanics consists of developing computational models of the cardiovascular system for the improvement of disease therapies. ... ### Assistant Professor - [University of Nebraska at Omaha](https://www.linkedin.com/school/unomaha) (Current) ... Aug 2025 - Present (11 months) ... Department: Education • Level: Specialist ... University of Nebraska at Omaha is a higher education institution. University of Nebraska Omaha is a metropolitan university with strong academic values and significant relationships with our community that transforms and improves life. University of Nebraska at Omaha has 2,000-3,000 employees (+3-4% YoY) and has annual revenue in the $1M-$10M range, founded in 1908. Headquartered in Omaha, Nebraska, United States. Its workforce is distributed across 15 countries (including United States, India, South Korea, China, and Australia). Research output of 10,000-20,000 works, primarily in Medicine, Social Sciences, and Psychology. Funds research behind 40-50 works."
kaz-01957a6accca,Pavel Levchenko,IPhO,2006,probable,Tengizchevroil,Reservoir Simulation Engineer,https://kz.linkedin.com/in/pavel-levchenko-a315041a7,СДЭК - Экспресс доставка грузов по России и миру,Коммерческий директор,organization_change,not_applicable,,,rejected,exact_name_only,68,False,False,False,True,,,886d4b6b05b1c25ee50f5ad138a5adb0,"""Pavel Levchenko"" Kazakhstan IPhO Olympiad 2006 current employer university role",0.007,3,Pavel Levchenko,https://linkedin.com/in/pavel-levchenko,profile,"Коммерческий директор ... Коммерческий директор ... ### Коммерческий директор - [СДЭК - Экспресс доставка грузов по России и миру](https://www.linkedin.com/company/cdek-express) (Current) ... Apr 2021 - Present (5 years and 3 months) in Республика Беларусь ... Department: General Management • Level: Director ... CDEK Express is a Transportation, Logistics, Supply Chain and Storage company. CDEK Express has 100-150 employees (less than 1% YoY growth), founded in 2000. Headquartered in Moscow, Russia. Its workforce is distributed across 10 countries (including Russia, Belarus, Armenia, Kazakhstan, and Spain). ... ### Экономист, Финансы и банковского дела at [Belarusian State Economic University](https://www.linkedin.com/school/belarusian-state-economic-university) ... 2004 - 2009 (5 years) in Belarus ... Belarusian State Economic University is a higher education institution. The company is a Belarusian state economic university that offers education and research activities. It provides services to students, graduates, and students. The university has various institutes and faculties, including the Institute of Economics and Management, Institute of Higher Education and Postgraduate Training, Institute of Social-Humanitarian Education, and Institute of International Business Communication. Belarusian State Economic University has 90-100 employees (+7-8% YoY), founded in 1933. Headquartered in Belarus. Its workforce is distributed across Belarus, Brazil, Germany, and China. Research output of 600-700 works, primarily in Social Sciences, Economics, Econometrics and Finance, and Business, Management and Accounting."
kaz-ac8d11f139c6,David Li,IPhO,2019,probable,Huawei,Researcher,https://ru.linkedin.com/in/david-li-ab07b332b,Independent Electricity System Operator (IESO),Power System Planning Student,organization_change,not_applicable,,,rejected,exact_name_only,67,False,False,False,True,,,037c67132d239c21b3e06f3b9a25e609,"""David Li"" Kazakhstan IPhO Olympiad 2019 current employer university role",0.007,4,David Li,https://linkedin.com/in/0314davidli,profile,"Power System Planning @ IESO | EngSci ECE @ UofT ... Hey! I am currently an Engineering Science student at the University of Toronto, with a major in Electrical and Computer Engineering and minors in Artificial Intelligence and Engineering Business. Specifically, my interests pertain to developing hardware enabled machine learning applications, and would love to explore any future opportunities! ... ### Power System Planning Student - [Independent Electricity System Operator (IESO)](https://www.linkedin.com/company/ieso) (Current) ... May 2026 - Present (2 months) in Toronto, Ontario, Canada ... Independent Electricity System Operator (IESO) is a government agency. Independent Electricity System Operator (IESO) is a company that manages the power system, oversees the electricity market, and plans for the future. They work with sector partners to ensure energy efficiency, demand response, and energy storage. The company also focuses on decarbonizing the electricity sector and promoting indigenous relations. Independent Electricity System Operator (IESO) has 800-900 employees and has annual revenue in the $200M-$300M range. Headquartered in Toronto, Ontario, Canada, with presence in United States. Its workforce is distributed across 9 countries (including Canada, United States, Chile, Democratic Republic of the Congo, and Spain). Has $31.1M in total funding, with 1 prior funding round. Research output of 100-150 works, primarily in Engineering, Computer Science, and Business, Management and Accounting. Funds research behind 1-10 works. ... ### Circuitry Lead Engineer - [University of Toronto Chemical Vehicles (UTCV)](https://www.linkedin.com/company/utcv) ... States, and"
kaz-01957a6accca,Pavel Levchenko,IPhO,2006,probable,Tengizchevroil,Reservoir Simulation Engineer,https://kz.linkedin.com/in/pavel-levchenko-a315041a7,,,no_current_affiliation_extracted,not_applicable,,,rejected,exact_name_only,67,False,False,False,True,,,886d4b6b05b1c25ee50f5ad138a5adb0,"""Pavel Levchenko"" Kazakhstan IPhO Olympiad 2006 current employer university role",0.007,4,Pavel Levchenko,https://linkedin.com/in/pavel-levchenko-ecologist,profile,"### [Челябинский Государственный Университет](https://www.linkedin.com/school/%d1%87%d0%b5%d0%bb%d1%8f%d0%b1%d0%b8%d0%bd%d1%81%d0%ba%d0%b8%d0%b9-%d0%b3%d0%be%d1%81%d1%83%d0%b4%d0%b0%d1%80%d1%81%d1%82%d0%b2%d0%b5%d0%bd%d0%bd%d1%8b%d0%b9-%d1%83%d0%bd%d0%b8%d0%b2%d0%b5%d1%80%d1%81%d0%b8%d1%82%d0%b5%d1%82) ... #### Deputy Dean (Current) ... Челябинский государственный ... courses and programs. Chelyabinsk State University has 2 ... -30 employees ... less than 1% YoY decline), ... in 1976. Headquartered in RU. Its workforce is distributed across ... 10 countries (including Russia, South Korea, Hungary, Zambia, and Iran). Research output of 4,000-5,0 ... 0 works, primarily in Social Sciences, Materials Science, and Mathematics. ... Ministry of Ecology and Natural Resources has 30-40 employees (-10% YoY), founded in 2001. Headquartered in Azerbaijan. Its workforce is distributed across Azerbaijan, Kazakhstan, Japan, and Russia. ... Chelyabinsk State University ... . Челябинский государственный ... (ЧелГУ) ... a higher education institution located in Челябинск, Russia ... various academic programs and services to students, faculty, and staff. The university focuses on research and ... a strong international presence. It provides online learning options and offers various courses and programs. Chelyabinsk State University has 20-30 employees (less than 1% YoY decline), founded in 1976. Headquartered in RU. Its workforce is distributed across 10 countries (including Russia, South Korea, Hungary, Zambia, and Iran). Research output of 4,000-5,000 works, primarily in Social Sciences, Materials Science, and Mathematics."
kaz-00408ca19291,Rashid Amirov,IChO,2001,probable,FINCRAFT Investment House,Chairman of the Board of Directors,https://linkedin.com/in/rashidamirov,,,no_current_affiliation_extracted,not_applicable,,,rejected,exact_name_only,67,False,False,False,True,,,1f8438785fe93951a87d07d011204fcd,"""Rashid Amirov"" Kazakhstan IChO Olympiad 2001 current employer university role",0.007,4,Rashid Amirov,https://linkedin.com/in/rashid-amirov-6b8031250,profile,"# Rashid Amirov ... Студент(ка) в уч. заведении The Academy of Public Administration under the President of the Republic of Azerbaijan ... ### Степень бакалавра, Economics at [The Academy of Public Administration under the President of the Republic of Azerbaijan](https://www.linkedin.com/school/the-academy-of-public-administration-under-the-pre) ... 2018 - 2022 (4 years) in Baku, Azerbaijan ... Econometrics and Finance ... ### Степень магистра, Logistics at [Azerbaijan State University of Economics • UNEC](https://www.linkedin.com/school/azerbaijan-state-university-of-economics) ... 2022 - Present in Azerbaijan ... Azerbaijan State University of Economics • UNEC is a higher education institution. UNEC is a university located in Azerbaijan, providing fundamental education and academic programs in various languages. It offers undergraduate, master's, and doctoral programs in Azerbaijan, English, Russian, and Turkish. The university also provides various programs for students to participate in various competitions. UNEC is accredited by the International Education System and is recognized for its quality education. Azerbaijan State University of Economics • UNEC has 500-600 employees (+10% YoY), founded in 1930. Headquartered in Azerbaijan, with presence in United States. Its workforce is distributed across 16 countries (including Azerbaijan, Turkey, United Kingdom, United States, and Hungary). Research output of 4,000-5,000 works, primarily in Economics, Econometrics and Finance, Social Sciences, and Engineering."
kaz-9208d8d1b297,Vladimir Lim,IPhO,2022,probable,Moscow Institute of Physics and Technology (MIPT),Researcher,,Private Company,Entrepreneur,organization_change,not_applicable,,,rejected,exact_name_only,67,False,False,False,True,,,1f71bd6a973997189f172e2e8c106108,"""Vladimir Lim"" Kazakhstan IPhO Olympiad 2022 current employer university role",0.007,4,Vladimir Lim,https://linkedin.com/in/vladimir-lim-94a1bb18a,profile,"At NLMK Group, our focus was on optimizing business processes; our team achieved a 25% increase in productivity through FTE optimization programs. My role as Project Manager allowed me to spearhead outsourcing initiatives and develop a resource matrix for the CapEx department, honing my project management skills. With a solid foundation in finance from Robert Gordon University, I apply critical thinking to drive operational improvements. My commitment to excellence is reflected in the successful implementation of a Coal Tracking System and the automation of a tailings storage facility, showcasing my ability to manage complex technical projects and contribute to our organization's overall success. The summary and headlines have been written following the plan and adhering to the hard requirements. ... ### Entrepreneur - [Private Company](https://www.linkedin.com/company/buzz2bucks-word-of-mouth-marketing-firm) (Current) ... Jan 2024 - Present (2 years and 4 months) in Abu Dhabi Emirate, United Arab Emirates ... - Managed the distribution ... to a network of ... across Abu Dhabi ... supply chain coordination and timely ... - Oversaw the delivery of vehicles and ... UK-based ... ### Senior Project Manager - [NLMK Group](https://www.linkedin.com/company/nlmk-group) ... 8 months) in Moscow, Moscow City, Russia ... productivity within NLMK ... - Project manager; Implementation of Coal ... System, 35 dynamic weigh bridges and ... 5 conveyor belts ... across all Karagandy Area ... 2, 2 ... km of dam ... ometers for Real time monitoring ... Scheduling; Development of new mine ... technical audit of mines and ... ### Bachelor of Arts - BA, Accounting and Finance at [Robert Gordon University](https://www.linkedin.com/school/robertgordonuniversity)"
kaz-ac8d11f139c6,David Li,IPhO,2019,probable,Huawei,Researcher,https://ru.linkedin.com/in/david-li-ab07b332b,Epic,Software Developer,organization_change,not_applicable,,,rejected,exact_name_only,66,False,False,False,True,,,037c67132d239c21b3e06f3b9a25e609,"""David Li"" Kazakhstan IPhO Olympiad 2019 current employer university role",0.007,5,David Li,https://linkedin.com/in/david-li-berkeley,profile,"Math + CS @ UC Berkeley | Software Developer @ Epic ... I am David Li, a senior undergraduate student at UC Berkeley majoring in Math and Computer Science. I have broad interests in network, system programming, and applied linear algebra. ... ### Software Developer - [Epic](https://www.linkedin.com/company/epic1979) (Current) ... Jul 2025 - Present (1 year) in Verona, Wisconsin, United States ... Epic is a Software Development company. Epic develops software to help people get well, help people stay well, and help future generations be healthier. Epic has 10,000-20,000 employees (+10% YoY) and has annual revenue in the $5B-$6B range, founded in 1979. Headquartered in Verona, Wisconsin, United States. Its workforce is distributed across 55 countries (including United States, United Kingdom, Australia, Singapore, and Netherlands). Has $40M in total funding. ... ### Bachelor of Arts - BA, Mathematics and Computer Science at [University of California, Berkeley](https://www.linkedin.com/school/uc-berkeley) ... 2021 - 2025 (4 years) in Berkeley, California, United States ... University of California, Berkeley is a higher education institution. UC Berkeley is a university that pushes the boundaries of knowledge, challenges convention, and expands opportunity to create the leaders of tomorrow. University of California, Berkeley has 10,000-20,000 employees (+3-4% YoY) and has annual revenue in the $2B-$3B range, founded in 1868. Headquartered in Berkeley, California, United States. Its workforce is distributed across 82 countries (including United States, China, United Kingdom, Canada, and India). Research output of 300,000-400,000 works, primarily in Physics and Astronomy, Engineering, and Biochemistry, Genetics and Molecular Biology. Funds research behind 200-300 works."
kaz-01957a6accca,Pavel Levchenko,IPhO,2006,probable,Tengizchevroil,Reservoir Simulation Engineer,https://kz.linkedin.com/in/pavel-levchenko-a315041a7,Sberbank,Project Manager,organization_change,not_applicable,,,rejected,exact_name_only,66,False,False,False,True,,,886d4b6b05b1c25ee50f5ad138a5adb0,"""Pavel Levchenko"" Kazakhstan IPhO Olympiad 2006 current employer university role",0.007,5,Pavel Levchenko,https://linkedin.com/in/pavel-levchenko-b1058835b,profile,"# Pavel Levchenko Project Manager at Sberbank Moscow, Moscow City, Russia (RU) ## About Project Manager at Sberbank ## Experience ### Project Manager - [Sberbank](https://www.linkedin.com/company/sberbankworld) (Current) Department: Project Management • Level: Manager Sberbank has 1,000-2,000 employees (+30% YoY). Headquartered in Moscow, Moscow, Russia, with presence in Bosnia and Herzegovina. Its workforce is distributed across 44 countries (including Russia, United Arab Emirates, Georgia, Kazakhstan, and Hungary). ## Skills management • project management • project manager ## Social ### Linkedin - [2025-04-11 · Pavel Levchenko commented on a post] [Time is the greates value. I always show interest in all the things...](https://www.linkedin.com/posts/jeremy-d-96a053161_assetswap-ai-activity-7316316280012095488-Xcl3): Time is the greates value. I always show interest in all the things which can reduce the work time spending. So I guess I am in - please provide me the access to the AssetSWAP! - [2025-02-05 · Pavel Levchenko liked this] [Telegram Ads Guide: Everything You Need to Know!](https://www.linkedin.com/posts/alexander-konov_telegram-ads-guide-everything-you-need-to-activity-7292822882206781440-SkAY): Telegram Ads Guide: Everything You Need to Know!"
kaz-2457951c5496,Almaz Rakhmetov,IOI,2004,probable,Amazon,Software Development Engineer,https://linkedin.com/in/almaz-rakhmetov-a2451223,,,no_current_affiliation_extracted,not_applicable,,,rejected,exact_name_only,61,False,False,False,False,,,925c3f0ab056e692d7c011eb24aaf286,"""Almaz Rakhmetov"" Kazakhstan IOI Olympiad 2004 current employer university role",0.007,2,Almaz Rakhmetov,https://linkedin.com/in/almaz-rakhmetov-2097151ab,profile,"Pavlodar, Pavlodar Region, Kazakhstan (KZ) ... ### Bachelor's degree, Computer Science at [Pavlodar State University named after Sultanmakhmut Toraighyrov](https://www.linkedin.com/school/pavlodar-state-university) ... 2021 - 2025 (4 years) in Pavlodar, Kazakhstan ... Pavlodar State University named after Sultanmakhmut Toraighyrov is a higher education institution. The company is a university that provides call center services and support for individuals. They offer various services such as addressing and contacting individuals, forum support and events, academic advice, and more. Pavlodar State University named after Sultanmakhmut Toraighyrov has 20-30 employees (+20% YoY), founded in 1960. Headquartered in Pavlodar, Kazakhstan. Research output of 1,000-2,000 works, primarily in Engineering, Social Sciences, and Agricultural and Biological Sciences. ... ### Bachelor's degree, Computer Science at [Politechnika Łódzka](https://www.linkedin.com/school/politechnika-lodzka) ... Lodz University of Technology is a higher education institution. Politechnika Łódzka is a company that provides education and research services. Lodz University of Technology has 600-700 employees (+8-9% YoY), founded in 1945. Headquartered in łódź, Poland, with an office in lodz. Its workforce is distributed across 17 countries (including Poland, Italy, Ukraine, Germany, and Iran). Research output of 30,000-40,000 works, primarily in Engineering, Materials Science, and Medicine. Funds research behind 100-150 works."
kaz-00408ca19291,Rashid Amirov,IChO,2001,probable,FINCRAFT Investment House,Chairman of the Board of Directors,https://linkedin.com/in/rashidamirov,,,no_current_affiliation_extracted,not_applicable,,,rejected,exact_name_only,60,False,False,False,False,,,1f8438785fe93951a87d07d011204fcd,"""Rashid Amirov"" Kazakhstan IChO Olympiad 2001 current employer university role",0.007,3,Rashid Amirov,https://linkedin.com/in/rashid-amirov-97a6402a6,profile,"# Rashid Amirov ... Tashkent, Uzbekistan (UZ) ... Brand / Product Manager | IP-телефония | VoIP | UC | IT-дистрибуция Brand &… ... ### [MUK](https://www.linkedin.com/company/muk) ... MUK is a IT Services and IT Consulting company. MUK is an international project value-added IT distributor that has earned credibility through years of experience, technical expertise, and well-established partnership type of work with MUK Partners. MUK has 200-300 employees (+6-7% YoY) and has annual revenue in the $30M-$40M range, founded in 1997. Headquartered in Kiev, Ukraine, with offices in Donetsk and Kyiv. Its workforce is distributed across 32 countries (including Ukraine, Kazakhstan, Georgia, Azerbaijan, and Belarus). ... ### [Ташкентский университет информационных технологий имени Мухаммада ал-Хоразмий](https://www.linkedin.com/school/tuit-uzbekistan) ... 2018 - 2022 (4 years) in Tashkent, Uzbekistan ... Tashkent University of Information Technologies TUIT is a higher education institution. Muhammad al-Xorazmiy nomidagi Toshkent Axborot Texnologiyalari Universiteti is a university that offers various programs and courses in the field of technology. They provide education and research opportunities in various fields. Tashkent University of Information Technologies TUIT has 100-150 employees (+20% YoY), founded in 1955. Headquartered in Tashkent, Uzbekistan. Its workforce is distributed across 6 countries (including Uzbekistan, United States, Switzerland, South Korea, and Austria). Research output of 2,000-3,000 works, primarily in Computer Science, Engineering, and Social Sciences."
kaz-7bc4b3d48a29,Nurdaulet Kemel,IPhO,2017;2018,confirmed,Undisclosed prop trading firm,Quantitative Researcher,https://hk.linkedin.com/in/nurdauletkemel,AO Home Credit Bank Kazakhstan,Lead Linux DevOps Engineer,organization_change,not_applicable,,,rejected,exact_name_only,73,False,True,False,True,,,67c0f2ce59880e0b08023a6cac6793fb,"""Nurdaulet Kemel"" Kazakhstan IPhO Olympiad 2017;2018 current employer university role",0.007,1,Nurdaulet Kemelbekov,https://linkedin.com/in/nurdaulet-og,profile,"Almaty, Almaty, Kazakhstan (KZ) ... ### Lead Linux DevOps Engineer - [AO Home Credit Bank Kazakhstan](https://www.linkedin.com/company/hcbkz) (Current) ... Department: Engineering and Technical • Level: Head ... AO Home Credit Bank Kazakhstan is a Banking company. Credit Bank is a financial institution that offers a wide range of loans and investments, cards, insurance, and services for businesses. They provide online payment options and have a mobile application for easy access to their services. The bank aims to provide convenient and high-quality loans with a low percentage rate. AO Home Credit Bank Kazakhstan has 400-500 employees (+7-8% YoY), founded in 2005. Headquartered in Kazakhstan. Its workforce is distributed across 15 countries (including Kazakhstan, Russia, Belarus, Kyrgyzstan, and United States). ... ### Doctor of Philosophy - PhD, IS at [Al-Farabi Kazakh National University](https://www.linkedin.com/school/kaznu) ... Al-Farabi ... , as well ... . It also offers job opportunities for ... The university is involved in ... . It has ... . Al-Farabi Kazakh National ... has 200-3 ... (+40% YoY), founded in 19 ... in Almaty, Kazakhstan. Its workforce ... distributed across 2 ... countries (including Kazakhstan ... United Kingdom, and ... works, primarily in Social Sciences ... Engineering, and Physics and Astronomy. ... research behind 10-20 works. ... ### Master's degree, Information System at [Kazakh-British Technical University](https://www.linkedin.com/school/kazakhbritishtechnicaluniversity) ... ### Bachelor's degree, Information System at [Almaty University of Power Engineering and Telecommunications](https://www.linkedin.com/school/almatinskij-institut-energetiki-i-svjazi) ... 2018 - 2022 (4 years) in Almaty, Kazakhstan"
kaz-e0511f92fe0d,Almas Serikov,IBO,2015,confirmed,,,,"AO""ULMUS BESSHOKY""",Hydrogeologist,missing_published_outcome,not_applicable,,,rejected,exact_name_only,72,False,True,False,True,,,04eaba178ba9579fb21fb07ad03731d3,"""Almas Serikov"" Kazakhstan IBO Olympiad 2015 current employer university role",0.007,2,Almas Serikov,https://linkedin.com/in/almas-serikov-703604160,profile,"### Hydrogeologist - AO""ULMUS BESSHOKY"" (Current) ... Dec 2024 - Present (1 year and 7 months) in Балхаш, Карагандинская область, Казахстан ... ### Senior Hydrogeologist - [АО ""АК Алтыналмас""​ (Altynalmas JSC)](https://www.linkedin.com/company/ао-ак-алтыналмас-jsc-ak-altynalmas) ... АО ""АК Алтыналмас""​ (Altynalmas JSC) is a Mining company. АО ""АК Алтыналмас""​ (Altynalmas JSC) has 200-300 employees, founded in 1993. Headquartered in Kazakhstan. Its workforce is distributed across 9 countries (including Kazakhstan, South Africa, United Arab Emirates, Ukraine, and Russia). IPO 2015. ... ### Master's degree, Geological and Earth Sciences/Geosciences at [Satbayev University](https://www.linkedin.com/school/kazakh-national-technical-university-after-k.i.satpaev) ... 2024 - Present in Almaty, Kazakhstan ... Satbayev University is a higher education institution. Satbayev University is a national research university that offers a wide range of disciplines in the fields of research and education. It provides assistance to businesses in the international practice and provides career opportunities. The university is a military institute. Satbayev University has 300-400 employees (+10% YoY), founded in 1934. Headquartered in Almaty, Kazakhstan. Its workforce is distributed across 12 countries (including Kazakhstan, United Kingdom, United States, France, and India). Research output of 5,000-6,000 works, primarily in Engineering, Materials Science, and Computer Science. ... % YoY). ... , and Kazakhstan). Research output of ... works, primarily"
kaz-6e64602de321,Aman Sariyev,IOI,2012;2013,confirmed,Nazarbayev University,Student,https://linkedin.com/in/aman-sariyev,Peak Seismic Solutions,Shift Lead Mechanic,organization_change,not_applicable,,,rejected,exact_name_only,72,False,True,False,True,,,ee0a642b282ce8d1f39f446b7ce19d4e,"""Aman Sariyev"" Kazakhstan IOI Olympiad 2012;2013 current employer university role",0.007,2,Aman Sariyev,https://linkedin.com/in/aman-sariyev-49158475,profile,"Kazakhstan (KZ) ... ### Shift Lead Mechanic - [Peak Seismic Solutions](https://www.linkedin.com/company/peak-seismic-solutions) (Current) ... Sep 2022 - Present (3 years and 10 months) in Индия ... Peak Seismic Solutions is a Oil and Gas company. Peak Seismic Solutions is a recently formed seismic acquisition consultancy specializing in all aspects of ocean bottom seismic and associated services. They have over 50 years of experience in the seismic industry and offer services such as project management, planning, marine seismic operations management, and survey evaluation & design services. Peak Seismic Solutions has 1-10 employees, founded in 2011. Headquartered in Falmouth, Cornwall, United Kingdom. Its workforce is distributed across 5 countries (including Indonesia, Russia, India, United Kingdom, and Kazakhstan). ... ](https://www.linkedin.com/company/hydras ... 6. Headquartered in Aberdeen, United Kingdom, with presence in United States and Netherlands. Its workforce is distributed across 8 countries (including United Kingdom, Netherlands, Azerbaijan, Kazakhstan, and South Africa). ... ### Seismic Shift Lead Mechanic - [ION Geophysical](https://www.linkedin.com/company/iongeo) ... Dec 2012 - Jan 2015 (2 years and 1 month) in International ... ION GEO (IO) is a Oil and Gas company. ION GEO has 100-150 employees (1-2% YoY decline) and has annual revenue in the $100M-$150M range, founded in 1968. Headquartered in Houston, Texas, United States. Its workforce is distributed across 18 countries (including United States, United Kingdom, China, Germany, and India). Has a market cap in the $30M-$40M range. IPO 1991. ... ### High, Drilling Engineer at Nord Caucasian University ... 2002 - 2006 (4 years)"
kaz-32bc606217ec,Aruzhan Amanbayeva,IMO,2016;2017;2018,confirmed,EPFL,PhD Student,https://linkedin.com/in/aaruzhan,Freedom Bank,Project manager,organization_change,not_applicable,,,rejected,exact_name_only,72,False,True,False,True,,,2c966ac21fc0b5f1174260487efaeeec,"""Aruzhan Amanbayeva"" Kazakhstan IMO Olympiad 2016;2017;2018 current employer university role",0.007,2,Aruzhan Amanbayeva,https://linkedin.com/in/aruzhan-amanbayeva-8a4b3a154,profile,"Project manager в компании Freedom Bank ... Almaty, Kazakhstan (KZ) ... Я - молодой и энергичный специалист, жаждущий проявить себя в новом направлении - маркетинге и рекламе. Работа в финансовом секторе привила мне такие навыки, как коммуникабельность, стрессоустойчивость и усидчивость. В силу своего возраста инициативна, легка на подъем, быстро учусь, всегда открыта новому и неизведанному. Координировала и активно участвовала в таких мероприятиях как Алматы Универсиада 2017, EXPO-2017, мероприятия на уровне города Алматы, также спортивные и общественные мероприятия. ... ### Project manager - Freedom Bank (Current) ... Aug 2025 - Present (11 months) in Алматы, Казахстан ... Department: Project Management • Level: Manager ... Freedom Bank is a Banking company. Freedom Bank Kazakhstan is a financial institution that offers a range of banking services to both private and corporate clients. They provide services such as credit, loans, deposits, and financial assistance. The company also offers online banking services and has a focus on customer satisfaction. Freedom Bank has 200-300 employees (+140% YoY). Headquartered in Almaly, Almaty, Kazakhstan. Its workforce is distributed across 8 countries (including Kazakhstan, Tajikistan, United States, United Arab Emirates, ... ### КазУМОиМЯ им. Абылай хана ... 2016 - 2020 (4 years)"
kaz-79f187c010c6,Kirill Kim,IChO,2024;2025,confirmed,Massachusetts Institute of Technology (MIT),Undergraduate Student,https://linkedin.com/in/kirill-kim-4bb3a8346,Compass Admissions,Founder,organization_change,not_applicable,,,rejected,exact_name_only,72,False,True,False,True,,,7a21a4cfbe5d274a1c02b9b0a0141c04,"""Kirill Kim"" Kazakhstan IChO Olympiad 2024;2025 current employer university role",0.007,2,Kirill Kim,https://linkedin.com/in/kirill-kim-9541a72a0,profile,"Shymkent, Shymkent, Kazakhstan (KZ) ... ### Founder - Compass Admissions (Current) ... Jun 2026 - Present (1 month) in Kazakhstan ... ### Entrepreneur - Momentum AI (Current) ... Nov 2024 - Present (1 year and 8 months) in Shymkent, Shymkent, Kazakhstan ... Department: General Management • Level: Founder ... ### Entrepreneur - STIHL (Current) ... Jun 2014 - Present (12 years and 1 month) in Kazakhstan ... Department: General Management • Level: Founder ... ### Student, EDUCATION at [Nazarbayev Intellectual Schools](https://www.linkedin.com/school/nazarbayev-intellectual-schools) ... 2027 ( ... ) in Astana, Kazakhstan ... Nazarbayev Intellectual Schools is an educational institution ... 400 ... founded in ... Psychology, and Computer Science ... ### Alumni, Artificial Intelligence at [The Knowledge Society (TKS)](https://www.linkedin.com/school/theknowledgesociety) ... 2023 - 2024 (1 year) in Calgary, Alberta, Canada ... Selected for TKS (The Knowledge Society), a global innovation program for ambitious teens focused on solving real-world problems using emerging tech. Explored fields like AI, autonomous vehicles, and ... , developed moonshot projects, and learned frameworks used by top companies ... TikTok and Microsoft. Collaborated with driven peers, received mentorship from industry experts, and built a strong foundation in exponential thinking, ... , and effective ... . TKS shaped my mindset to think like a startup founder and solve important problems that matter ... The Knowledge Society (TKS) ... an educational institution ... The Knowledge Society (TKS) has 300-400 employees ... 201 ... . Headquartered in Calgary ... Alberta, Canada, with ... in United States and ... and Turkey). Has"
kaz-2c30c8a4a543,Sanzhar Nurgaliyev,IChO,2022,confirmed,Nazarbayev University,Chemistry Student,https://linkedin.com/in/sanzhar-nurgaliyev-b277762b8,NCOC,Operations Drilling Engineer,organization_change,not_applicable,,,rejected,exact_name_only,72,False,True,False,True,,,ccad4020af5be7a26d32cc1dd8603e34,"""Sanzhar Nurgaliyev"" Kazakhstan IChO Olympiad 2022 current employer university role",0.007,2,Sanzhar Nurgaliyev,https://linkedin.com/in/sanzhar-nurgaliyev-299437b0,profile,"Kazakhstan (KZ) ... Petroleum engineer with 7 years’ experience in the oil and gas industry, who possesses strong analytical capabilities and strong academic basis. Enjoys working in a multicultural environment, enthusiastic and persistent. Possesses experience in managing third-party engineering and preparing work. Demonstrated ability to take on new responsibilities. Graduated from The University of Calgary with a master's degree in Petroleum Engineering (Specialization: Reservoir Characterization). My background includes: Drilling Engineering | MPD | Chemical Engineering | SCM ... ### Operations Drilling Engineer - [NCOC](https://www.linkedin.com/company/ncoc) (Current) ... Aug 2024 - Present (1 year and 11 months) in Atyrau, Atyrau Region, Kazakhstan ... NCOC is a Oil and Gas company. North Caspian Operating Company N.V. (NCOC) is the operator of activities under the NCSPSA. They are involved in the North Caspian project, which is the first major project for the development of offshore oil and gas fields in Kazakhstan. The project includes oil production, ecological management, and infrastructure development. NCOC has 2,000-3,000 employees (less than 1% YoY decline) and has annual revenue in the $10M-$20M range, founded in 2014. Headquartered in Atyrau, Kazakhstan. Its workforce is distributed across 65 countries (including Kazakhstan, Nigeria, United States, Italy, and United Kingdom). ... : Engineering and Technical • Level: ... : Engineering and Technical • ... : Engineering and Technical • Level: Specialist ... ### Master of Engineering - MEng, Petroleum Engineering, 3.74 at [University of Calgary](https://www.linkedin.com/school/ucalgary) ... 2021 - 2022 (1 year) in Calgary, Alberta, Canada ... University of Calgary"
kaz-32bc606217ec,Aruzhan Amanbayeva,IMO,2016;2017;2018,confirmed,EPFL,PhD Student,https://linkedin.com/in/aaruzhan,Air Astana,Analyst of fuel management,organization_change,not_applicable,,,rejected,exact_name_only,71,False,True,False,True,,,2c966ac21fc0b5f1174260487efaeeec,"""Aruzhan Amanbayeva"" Kazakhstan IMO Olympiad 2016;2017;2018 current employer university role",0.007,3,Aruzhan Amanbayeva,https://linkedin.com/in/aruzhan-amanbayeva01,profile,"### Analyst of fuel management - [Air Astana](https://www.linkedin.com/company/air-astana) (Current) ... business class and ... ### Founder - [The Soul Education](https://www.linkedin.com/company/the-soul-education) (Current) ... May 2018 - Present (7 years and 5 months) in Kazakhstan ... The Soul Education ... a Education Administration Programs company. The company ... space for children and parents to develop and interact with each other. They offer a variety of services including diagnosis of personality disorder, working with ... , sand therapy, analytical psychology, speech development, psychology ... , online training courses, and tracking the educational process. The ... has 1-10 employees, founded in 2018. Headquartered in Almaty, Kazakhstan. ... ### Senior officer of Fuel Management - [Air Astana](https://www.linkedin.com/company/air-astana) ... ) in Astana ... ### Бакалавр, Нефтегазовое дело, 3.80/4.0 at [Kazakh-British Technical University](https://www.linkedin.com/school/kazakhbritishtechnicaluniversity) ... 2019 - 2023 (4 years) in Almaty, Kazakhstan ... Kazakh-British Technical University is an educational institution. KBTU is a technical university in Kazakhstan that offers education in English language. They provide international level diplomas and have a strong focus on technical education. Kazakh-British Technical University has 100-150 employees (+10% YoY), founded in 2001. Headquartered in Almaty, Kazakhstan. Its workforce is distributed across 8 countries (including Kazakhstan, United Kingdom, Hungary, Italy, and United States). Research output of 1,000-2,000 works, primarily in Engineering, Materials Science, and Computer Science."
kaz-462ea4363511,Denis Ovchinnikov,IMO,2010,confirmed,NVIDIA,Senior Deep Learning Algorithms Engineer,https://www.linkedin.com/in/denis-ovchinnikov-math,Sberlogistics,Head of Business Analysis,organization_change,not_applicable,,,rejected,exact_name_only,71,False,True,False,True,,,23a669320e0e1717b94cad29f6630882,"""Denis Ovchinnikov"" Kazakhstan IMO Olympiad 2010 current employer university role",0.007,3,Denis Ovchinnikov,https://linkedin.com/in/denis-ovchinnikov-36011016b,profile,"# Denis Ovchinnikov ... Head Business Analyst – SberLogistics ... Almaty, Kazakhstan (KZ) ... Head Business Analyst – SberLogistics ... ### Head of Business Analysis - Sberlogistics (Current) ... Mar 2024 - Present (2 years and 4 months) in Москва, Россия ... Department: General Management • Level: Head ... ### Integration Analyst - Sberlogistics (Current) ... Feb 2021 - Present (5 years) in Москва, Россия ... is a Transportation ... company that provides ... have an extensive network ... pick-up points ... Bxb also offers ... XB by Boxberry has ... 0 employees (less ... 1% YoY decline), founded in 2 ... 0. Headquartered ... ### Искусствоведение общее направление at [Ural State University named after A.M.Gorky](https://www.linkedin.com/school/%D1%83%D1%80%D0%B0%D0%BB%D1%8C%D1%81%D0%BA%D0%B8%D0%B9-%D0%B3%D0%BE%D1%81%D1%83%D0%B4%D0%B0%D1%80%D1%81%D1%82%D0%B2%D0%B5%D0%BD%D0%BD%D1%8B%D0%B9-%D1%83%D0%BD%D0%B8%D0%B2%D0%B5%D1%80%D1%81%D0%B8%D1%82%D0%B5%D1%82-%D0%B8%D0%BC.-%D0%B0.%D0%BC.-%D0%B3%D0%BE%D1%80%D1%8C%D0%BA%D0%BE%D0%B3%D0%BE) ... 2010 - 2015 (5 years)"
kaz-fe0afafbd5f3,Vladimir Bychkov,IPhO,2005;2006,confirmed,Micron Technology,Senior Computer Vision Engineer,https://www.linkedin.com/in/vladimir-bychkov-98954252,"Spectroscopic systems, Belarusian State University",Senior Researcher,organization_change,not_applicable,,,rejected,exact_name_only,71,False,True,False,True,,,f180a4eed8b7bd8db9071920973241ed,"""Vladimir Bychkov"" Kazakhstan IPhO Olympiad 2005;2006 current employer university role",0.007,3,Vladimir Bychkov,https://linkedin.com/in/vladimir-bychkov-28519b13b,profile,"Head, Training laboratory, Nuclear Physics Department, Physics Faculty – Belarusian State University ... Head, Training laboratory, Nuclear Physics Department, Physics Faculty – Belarusian State University ... ### Senior Researcher - Spectroscopic systems, Belarusian State University (Current) ... Oct 2024 - Present (1 year and 8 months) in Minsk, Belarus ... ### Head, Training laboratory, Nuclear Physics Department, Physics Faculty - Belarusian State University ... Nov 2017 - Feb 2022 (4 years and 3 months) in Minsk, Belarus ... ### Researcher - Institute for Nuclear Problems of Belarusian State University ... Apr 2005 - Nov 2017 (12 years and 7 months) in Minsk, Belarus ... ### Senior Researcher - ЗАО ""Спектроскопические системы"" ... Oct 2003 - Apr 2005 (1 year and 6 months) in Minsk, Belarus ... ### Technical Director - SPC ""Belinteranalyt"" Ltd ... Nov 19 ... 4 - Sep 2003 (8 years and 10 months) in Minsk, Belarus ... ### Researcher - Institute for Nuclear Problems of Belarusian State University ... Belarusian State University is a higher education institution. Belarusian State University has 500-600 employees (+5-6% YoY), founded in 1921. Headquartered in Belarus, with an office in Minsk. Its workforce is distributed across 16 countries (including Belarus, Poland, Germany, Georgia, and United States). Research output of 10,000-20,000 works, primarily in Engineering, Materials Science, and Physics and Astronomy. Funds research behind 1-10 works."
kaz-a2f029eab00c,Amir Tulegenov,IOI,2009,confirmed,,,,Beine studio,Co-Founder,missing_published_outcome,not_applicable,,,rejected,exact_name_only,69,False,True,False,True,,,385d74b79d53835db9e9b0392dde0412,"""Amir Tulegenov"" Kazakhstan IOI Olympiad 2009 current employer university role",0.007,5,Damir Tulegenov,https://linkedin.com/in/damir-tulegenov-3a2706185,profile,"Astana, Kazakhstan ... ### Co-Founder - [Beine studio](https://www.linkedin.com/company/beine-studio) (Current) ... Nov 2021 - Present (4 years and 5 months) in Astana, Kazakhstan ... Department: Consulting • Level: Founder ... Beine studio is a Design Services company. Beine studio has 1-10 employees (+200% YoY), founded in 2021. Headquartered in Astana, Kazakhstan. Its workforce is distributed across India and Kazakhstan. ... ### Степень бакалавра, Computer Teacher Education at [L.N.Gumilyov Eurasian National University](https://www.linkedin.com/school/enu) ... 2009 - 2013 (4 years) in Astana, Kazakhstan ... L.N.Gumilyov Eurasian National University is a higher education institution. Л.Н.Гумилев атындағы Еуразия ұлттық университеті is a university in Kazakhstan. They offer various academic programs and have a strong focus on quality education. The university has received several awards and has a strong reputation for its academic excellence. L.N.Gumilyov Eurasian National University has 100-150 employees (+20% YoY), founded in 1996. Headquartered in Astana, Kazakhstan. Its workforce is distributed across 12 countries (including Kazakhstan, United States, Turkey, Spain, and Poland). Has $2.7M in total funding, with 5 prior funding rounds. Research output of 10,000-20,000 works, primarily in Social Sciences, Engineering, and Physics and Astronomy."
kaz-5b00b5124ff5,Andrey Kim,IMO,2004;2005;2006,confirmed,Altbridge,CTO and Co-founder,https://www.linkedin.com/in/kimandrik,Studymania LLP,Partner & CBDO,organization_change,not_applicable,,,rejected,exact_name_only,69,False,True,False,True,,,7900c2891f908123a832bd9d5c7ba3d7,"""Andrey Kim"" Kazakhstan IMO Olympiad 2004;2005;2006 current employer university role",0.007,5,Andrey Kim,https://linkedin.com/in/andrey-kim-21777011a,profile,"Almaty, ... ### Partner & CBDO - Studymania LLP (Current) ... Jun 2024 - Present (2 years and 1 month) in Almaty, Kazakhstan ... ### Head of Operational Business Department - Freedom Bank ... ### INSEAD - Sberbank Corporate University ... 2019 - 2020 (1 year) ... ### Business transformation at [IMD](https://www.linkedin.com/school/imd-business-school) ... 2018 - 2018 in Lausanne, Switzerland ... IMD is an educational institution. IMD Business School provides leadership training, MBA, executive MBA (EMBA), executive coaching, and more. IMD has 700-800 employees (+5-6% YoY) and has annual revenue in ... $200M-$300M range, founded in 1990. Headquartered in Lausanne, Switzerland. Its workforce is distributed across 60 countries (including Switzerland, United Kingdom, Singapore, United States, and India). Research output of 1,000-2,000 works, primarily in Business, Management and Accounting, Social Sciences, and Economics, Econometrics and Finance. ... ### Бакалавр международных отношений, Международные отношения at КазГУ ... 2004 - 2008 (4 years)"
kaz-5b00b5124ff5,Andrey Kim,IMO,2004;2005;2006,confirmed,Altbridge,CTO and Co-founder,https://www.linkedin.com/in/kimandrik,Tinker Tech,Senior Software Engineer,organization_change,not_applicable,,,rejected,exact_name_only,68,False,False,True,True,,,7900c2891f908123a832bd9d5c7ba3d7,"""Andrey Kim"" Kazakhstan IMO Olympiad 2004;2005;2006 current employer university role",0.007,1,Andrey Kim,https://linkedin.com/in/erel3,profile,"Almaty, Kazakhstan (KZ) ... ### Senior Software Engineer - [Tinker Tech](https://www.linkedin.com/company/tinkertechnology) (Current) ... Feb 2020 - Present (6 years and 5 months) in Алматы, Казахстан ... Tech is a ... company. Tinker ... 0% YoY ... Almaty, Kazakhstan ... ### Competitive Programming Coach - International IT University ... Apr 2017 - Jan 2020 (2 years and 9 months) in Almaty ... - Trained the student team that placed 21st at ICPC World Finals, Porto, 2019 - Mentored the gold medalist of the Republican Olympiad in Informatics (2018) - Built contest judging infrastructure (Terraform + Ansible on AWS) for national olympiads - Served as jury for International Zhautykov Olympiad (2017–2020, 2025–2026), Republican Olympiad (2017–2019) ... ### Master's degree at International IT University ... 2018 - 2021 (3 years) ... ### International IT University ... 2013 - 2018 (5 years)"
kaz-a2f029eab00c,Amir Tulegenov,IOI,2009,confirmed,,,,Warwick Moto,Battery Design Engineer,missing_published_outcome,not_applicable,,,rejected,exact_name_only,63,False,False,False,True,,,385d74b79d53835db9e9b0392dde0412,"""Amir Tulegenov"" Kazakhstan IOI Olympiad 2009 current employer university role",0.007,1,Amir Tulegenov,https://linkedin.com/in/amir-tulegenov,profile,"Battery Design Engineer @ Warwick Moto | 2nd Year Electrical and Electronics Engineering student at the University of Warwick ... Battery Design Engineer @ Warwick Moto | 2nd Year Electrical and Electronics Engineering student at the University of Warwick ... ### Battery Design Engineer - [Warwick Moto](https://www.linkedin.com/company/warwick-moto) (Current) ... Warwick Moto is an educational institution. Warwick Moto is an electric motorcycle racing team at the University of Warwick. Warwick Moto has 20-30 employees (2-3% YoY decline), founded in 2019. Headquartered in coventry, United Kingdom. Its workforce is distributed across United Kingdom and Hong Kong. ... ### Freshers' Representative - [Warwick Kazakh Society](https://www.linkedin.com/company/warwick-qazaq-society) (Current) ... Warwick Kazakh Society is a nonprofit organization. Warwick Kazakh Society has 1-10 employees (-20% YoY), founded in 2006. Headquartered in coventry, United Kingdom. ... ### Bachelor of Engineering, Electrical and Electronics Engineering at [University of Warwick](https://www.linkedin.com/school/uniofwarwick) ... University of Warwick ... . Headquartered ... ### [National School of Physics & Math (FIZMAT)](https://www.linkedin.com/school/fizmat) ... 2019 - 2023 (4 years) in Almaty, Almaty, Kazakhstan ... National School of Physics & Math (FIZMAT) is an educational institution. The company is the Republic of Physics and Mathematics Institute in Kazakhstan. National School of Physics & Math (FIZMAT) has 30-40 employees (+10% YoY), founded in 1972. Headquartered in Almaty, Almaty, Kazakhstan. Its workforce is distributed across 5 countries (including Kazakhstan, Canada, United Kingdom, United Arab Emirates, and United States)."
kaz-5b00b5124ff5,Andrey Kim,IMO,2004;2005;2006,confirmed,Altbridge,CTO and Co-founder,https://www.linkedin.com/in/kimandrik,,,no_current_affiliation_extracted,not_applicable,,,rejected,exact_name_only,63,False,True,False,False,,,7900c2891f908123a832bd9d5c7ba3d7,"""Andrey Kim"" Kazakhstan IMO Olympiad 2004;2005;2006 current employer university role",0.007,3,Andrey Kim,https://linkedin.com/in/andreykim,profile,"# Andrey Kim ... Almaty, Kazakhstan (KZ) ... Professional with 15+ years of experience in strategic account management, sales&commercial leadership, customer engagement, and enterprise digital transformation programs. ... ### [Kazakh National Technical University named by K.I.Satpaev](https://www.linkedin.com/school/kazakh-national-technical-university-after-k.i.satpaev) ... 1999 - 2004 (5 years) in Almaty, Kazakhstan ... Satbayev University is a higher education institution. Satbayev University is a national research university that offers a wide range of disciplines in the fields of research and education. It provides assistance to businesses in the international practice and provides career opportunities. The university is a military institute. Satbayev University has 300-400 employees (+10% YoY), founded in 1934. Headquartered in Almaty, Kazakhstan. Its workforce is distributed across 12 countries (including Kazakhstan, United Kingdom, United States, France, and India). Research output of 5,000-6,000 works, primarily in Engineering, Materials Science, and Computer Science."
kaz-bb641e236bb0,Danil Kravtsov,IOI,1999;2000,confirmed,,,,Liard Group,Product Manager,missing_published_outcome,not_applicable,,,rejected,exact_name_only,63,False,False,False,True,,,12bab4c2712e50aaed84491cc70006b7,"""Danil Kravtsov"" Kazakhstan IOI Olympiad 1999;2000 current employer university role",0.007,1,Danil Kravtsov,https://linkedin.com/in/danil-kravtsov,profile,"### Product Manager - Liard Group (Current) ... Feb 2025 - Present (1 year and 5 months) in Remote ... ard Group is a B2B ... ### Bachelor's degree, Innovation entrepreneurship at [Siberian Federal University](https://www.linkedin.com/school/siberian-federal-university-en) ... 2019 - 2024 (5 years) in Krasnoyarsk, Russian Federation ... During my bachelor’s studies I built a strong foundation in innovation management and venture entrepreneurship—from idea validation and market analysis to business modeling and project execution. I also developed practical skills in innovation project management, financial/economic planning, and stakeholder ... . Alongside coursework, I launched a startup, won a student grant to support its development, and gained early experience working with business angels and early-stage funding. Relevant ... : Innovation & Venture ... ship, Innovation Management, Innovation Project Management, Economics & Financing of ... , Marketing in Innovation, Simulation Modeling, Probability & Statistics, Systems Thinking, and IT for Innovation/Management. ... Siberian Federal University is a higher education institution. Siberian Federal University is a top-15 university in Russia, with leading scientific schools in Красноярск. It offers academic programs, undergraduate and master's programs, summer schools, and russian language courses. The university also provides scholarships and grants, financial support, and international projects. It has a library, students' communities, and a library. Siberian Federal University has 20-30 employees (+10% YoY), founded in 2006. Headquartered in Krasnoyarsk, Russia. Its workforce is distributed across 7 countries (including Russia, United Arab Emirates, New Zealand, Georgia, and Chile)."
kaz-462ea4363511,Denis Ovchinnikov,IMO,2010,confirmed,NVIDIA,Senior Deep Learning Algorithms Engineer,https://www.linkedin.com/in/denis-ovchinnikov-math,АУЭС - AUES University,Студент-программист,organization_change,not_applicable,,,rejected,exact_name_only,63,False,False,False,True,,,23a669320e0e1717b94cad29f6630882,"""Denis Ovchinnikov"" Kazakhstan IMO Olympiad 2010 current employer university role",0.007,1,Denis Ovchinnikov,https://linkedin.com/in/denis-ovchinnikov-412250304,profile,"Almaty, Almaty, Kazakhstan (KZ) ... ### Студент-программист - [АУЭС - AUES University](https://www.linkedin.com/company/auesuniversity) (Current) ... Apr 2021 - Present (4 years and 7 months) in Алматы, Казахстан ... Department: Operations • Level: Specialist ... АУЭС - AUES University is a nonprofit organization. The company is a university specializing in energy and communication engineering, automation and information technology, and humanities-scientific sciences. АУЭС - AUES University has 20-30 employees (+7-8% YoY), founded in 1975. Headquartered in Kazakhstan. ... ### [Алматинский университет энергетики и связи (АУЭС)](https://www.linkedin.com/school/aues-university) ... 2021 - 2025 (4 years) in Almaty, Kazakhstan ... Almaty University of Power Engineering and Telecommunications is a higher education institution. The company is a university specializing in energy and communication engineering. Almaty University of Power Engineering and Telecommunications has 30-40 employees (+20% YoY), founded in 1997. Headquartered in Almaty, Kazakhstan. Its workforce is distributed across Kazakhstan, United States, and France. Research output of 1,000-2,000 works, primarily in Engineering, Computer Science, and Social Sciences."
kaz-eda797e5a5c1,Roman Kogay,IBO,2013;2014,confirmed,National Center for Biotechnology Information (NCBI),Postdoctoral Fellow in Evolutionary Genomics,,АО «Bereke Bank»,Data Engineer,organization_change,not_applicable,,,rejected,exact_name_only,63,False,False,False,True,,,fda73940de7065e77855a2b73d149936,"""Roman Kogay"" Kazakhstan IBO Olympiad 2013;2014 current employer university role",0.007,1,Roman Kogay,https://linkedin.com/in/roman-kogay-43566a204,profile,"Kazakhstan (KZ) ... ### Data Engineer - [АО «Bereke Bank»](https://www.linkedin.com/company/berekebank) (Current) ... Jun 2025 - Present (1 year and 1 month) in Almaty, Kazakhstan ... Department: Engineering and Technical • Level: Specialist ... АО «Bereke Bank» is a Banking company. Bereke Bank is a financial institution that offers banking services for both individuals and businesses. They provide services such as auto loans, unsecured loans, deposits, debit cards, and other banking services. АО «Bereke Bank» has 500-600 employees (+20% YoY), founded in 2006. Headquartered in Almaty, Kazakhstan. Its workforce is distributed across 18 countries (including Kazakhstan, Russia, United States, Georgia, and Estonia). ... Eurasian ... ](https://www.linkedin.com/company/eurasianbank) ... ) in Almaty, Kazakhstan ... ### Бакалавр, Economics at [Московский Государственный Университет им. М.В. Ломоносова (МГУ)](https://www.linkedin.com/school/московский-государственный-университет-им.-м.в.-ломоносова-мгу-) ... 2016 - 2020 (4 years) ... Lomonosov Moscow State University (MSU) is a higher education institution. Lomonosov Moscow State University (MSU) has 400-500 employees (+10% YoY), founded in 1755. Headquartered in Soviet Union. Its workforce is distributed across 36 countries (including Russia, United States, Ukraine, Armenia, and United Kingdom). Research output of 100,000-200,000 works, primarily in Physics and Astronomy, Engineering, and Materials Science. Funds research behind 700-800 works."
kaz-cae8a8caf16a,Yerokhin Maxim,IBO,2000;2001,confirmed,"Institute of Gene Biology, Russian Academy of Sciences","Leading Researcher and Head, Chromatin Biology Group",,,,no_current_affiliation_extracted,not_applicable,,,rejected,exact_name_only,63,False,False,False,True,,,9941c06865735d667bb19f0f2eb10c60,"""Yerokhin Maxim"" Kazakhstan IBO Olympiad 2000;2001 current employer university role",0.007,1,Maxim Yerokhin,https://linkedin.com/in/maxim-yerokhin-b4881529,profile,"# Maxim Yerokhin ... SFP Head Caucasus ... Kazakhstan (KZ) ... SFP Head Caucasus ... ### [Philip Morris International](https://www.linkedin.com/company/insidepmi) ... #### Head Smoke Free Products Caucasus Cluster (Current) ... Dec 2023 - Present (2 years and 7 months) in Georgia ... #### Director Consumer Experience Philip Morris Kazakhstan & CAS ... Jun 2022 - Nov 2023 (1 year and 5 months) in Almaty, Kazakhstan ... ### Bachelor in Finance, Finance, General at University of International Business ... 2010 - 2012 (2 years) ... ### Bachelor of Laws (LLB), International ... and Legal Studies, 4.9 at"
kaz-6ff2bc2176bd,Alen Abdrakhmanov,IMO,2015,confirmed,Huawei,Research and Development Engineer,https://kz.linkedin.com/in/alen-abdrakhmanov,Edge Health UK,Data Engineer,organization_change,not_applicable,,,rejected,exact_name_only,62,False,False,False,True,,,5f27ee35799ba61a3c6bd635f7f66564,"""Alen Abdrakhmanov"" Kazakhstan IMO Olympiad 2015 current employer university role",0.007,2,Alen Abdrakhmanov,https://linkedin.com/in/alen-abdrakhmanov-b2638b1a0,profile,"### Data Engineer - [Edge Health UK](https://www.linkedin.com/company/edgehealth) (Current) ... ### Data Analytics & Engineering - [Choco Holding](https://www.linkedin.com/company/chocoholding) ... Mar 2024 - Jul 2024 (4 months) in Almaty, Kazakhstan ... Choco Holding is a Technology, Information and Internet company. Chocofamily Holding is a large IT company in Kazakhstan that specializes in the projects Chocolife, Chocofood, Rахмет, and Idoctor. Choco Holding has 100-150 employees (+3-4% YoY), founded in 2011. Headquartered in Kazakhstan. Its workforce is distributed across 7 countries (including Kazakhstan, Netherlands, United Kingdom, Georgia, and Portugal). Has $8.5M in total funding, with 5 prior funding rounds. ... ### Master of Science - MS Data Science & Artificial Intelligence at [Queen Mary University of London](https://www.linkedin.com/school/queen-mary-university-of-london) ... Queen Mary University of London ... higher education institution ... Queen Mary University of London ... 800M-$9 ... United Kingdom, with ... United States. Its workforce ... 77 countries ... including United Kingdom ... India, China, Italy, and ... in total funding, with 1 prior funding ... . Research output ... 0-200,000 works, primarily in Medicine, Physics and Astronomy ... and Molecular Biology ... 100-150 works. ... ### [Haileybury Almaty](https://www.linkedin.com/school/haileyburyalmaty) ... 2009 - 2013 (4 years) in Almaty, Kazakhstan ... Haileybury Almaty is a nonprofit organization. Haileybury Almaty has 100-150 employees, founded in 2008. Headquartered in Almaty, Kazakhstan, with an office in Tselinograd. Its workforce is distributed across 7 countries (including Kazakhstan, United Kingdom, Lithuania, Montenegro, and Serbia)."
kaz-5b00b5124ff5,Andrey Kim,IMO,2004;2005;2006,confirmed,Altbridge,CTO and Co-founder,https://www.linkedin.com/in/kimandrik,Satbayev University,Frontend Developer,organization_change,not_applicable,,,rejected,exact_name_only,62,False,False,False,True,,,7900c2891f908123a832bd9d5c7ba3d7,"""Andrey Kim"" Kazakhstan IMO Olympiad 2004;2005;2006 current employer university role",0.007,2,Andrey Kim,https://linkedin.com/in/akart-dev,profile,"### Frontend Developer - [Satbayev University](https://www.linkedin.com/school/kazakh-national-technical-university-after-k.i.satpaev) (Current) ... Nov 2021 - Present (4 years and 8 months) in Almaty, Kazakhstan ... Satbayev University is a higher education institution. Satbayev University is a national research university that offers a wide range of disciplines in the fields of research and education. It provides assistance to businesses in the international practice and provides career opportunities. The university is a military institute. Satbayev University has 300-400 employees (+10% YoY), founded in 1934. Headquartered in Almaty, Kazakhstan. Its workforce is distributed across 12 countries (including Kazakhstan, United Kingdom, United States, France, and India). Research output of 5,000-6,000 works, primarily in Engineering, Materials Science, and Computer Science. ... ### Bachelor of Engineering - BE, Mathematics and Computer Modeling at [Satbayev University](https://www.linkedin.com/school/kazakh-national-technical-university-after-k.i.satpaev) ... Almaty, Kazakhstan ... Satbayev University is a higher education institution. Satbayev University is a national research university that offers a wide range of disciplines in the fields of research and education. It provides assistance to businesses in the international practice and provides career opportunities. The university is a military institute. Satbayev University has 300-400 employees (+10% YoY), founded in 1934. Headquartered in Almaty, Kazakhstan. Its workforce is distributed across 12 countries (including Kazakhstan, United Kingdom, United States, France, and India). Research output of 5,000-6,000 works, primarily in Engineering, Materials Science, and Computer Science."
kaz-f9ab6cbeaa06,Andrey Sapronov,IPhO,1999,confirmed,Karlsruhe Institute of Technology (KIT),Data Scientist,https://linkedin.com/in/andrey-sapronov,"""Красный квадрат""",Журналист,organization_change,not_applicable,,,rejected,exact_name_only,62,False,False,False,True,,,e703b15e98f0c9f75225525b1e1779a9,"""Andrey Sapronov"" Kazakhstan IPhO Olympiad 1999 current employer university role",0.007,2,Andrey Sapronov,https://linkedin.com/in/andrey-sapronov-48a8713a,profile,"# Andrey Sapronov 1 канал Russia (RU) 32 connections • 32 followers ## About 1 канал Total Experience: 19 years and 4 months ## Experience ### Журналист - ""Красный квадрат"" (Current) Mar 2007 - Present (19 years and 3 months) in Москва, Россия Department: Other ## Skills journalist"
kaz-ae7bbfa79815,Azamat Smagulov,IChO,2015;2016,confirmed,Prog.AI,Software Engineer,https://linkedin.com/in/azamatsmagulov,Central Securities Depository (KCSD),Разработчик На Java,organization_change,not_applicable,,,rejected,exact_name_only,62,False,False,False,True,,,801c8e6790905414e82d55f15e3cca4d,"""Azamat Smagulov"" Kazakhstan IChO Olympiad 2015;2016 current employer university role",0.007,2,Azamat Smagulov,https://linkedin.com/in/azamat-smagulov-184a97214,profile,"# Azamat Smagulov ... Almaty, Almaty, Kazakhstan (KZ) ... ### Разработчик На Java - [Central Securities Depository (KCSD)](https://www.linkedin.com/company/central-securities-depository-kcsd) (Current) ... Oct 2023 - Present (2 years and 5 months) in Алматы, Казахстан ... Department: Engineering and Technical • Level: Specialist ... Central Securities Depository (KCSD) is a nonprofit organization. Central Securities Depository JSC provides accounting for government, municipal and non-government securities. Central Securities Depository (KCSD) has 60-70 employees (+9-10% YoY), founded in 1997. Headquartered in Almaty, Kazakhstan. Its workforce is distributed across 5 countries (including Kazakhstan, Luxembourg, United States, Sweden, and Qatar). ... Department: Engineering and Technical • Level: Specialist ... Department: Engineering and Technical • Level: Specialist ... ### Бакалавр, Information Technology at IITU ... 2018 - 2022 (4 years)"
kaz-8a1e18c44a89,Daniil Melnichenko,IChO,2019,confirmed,HITS,AI Researcher,https://linkedin.com/in/daniilmel,ДУІКТ,Студент,organization_change,not_applicable,,,rejected,exact_name_only,62,False,False,False,True,,,3693bd56dd88a5a160ba2917222fcb3e,"""Daniil Melnichenko"" Kazakhstan IChO Olympiad 2019 current employer university role",0.007,2,Daniil Melnichenko,https://linkedin.com/in/daniil-melnichenko-637776251,profile,"# Daniil Melnichenko Kyiv, Kyiv City, Ukraine (UA) ## Experience ### Студент - ДУІКТ (Current) Sep 2022 - Present (3 years and 6 months) in Kyiv, Ukraine Department: Education ## Education ### Бакалавр, Інженерія програмного забезпечення at Державний університет телекомунікацій 2022 - 2025 (3 years) ### Бакалавр, Інженер програмного забезпечення at Держаний Університет Телекомунікацій 2022 - Present ## Licenses & Certifications ### Сертіфікован компанією SoftServe за проходження курсу ""How IT Works"" by [SoftServe](https://linkedin.com/company/softserve) Issued: Mar 2024 [View Certificate](https://softserveinc.com/uk-ua?trk=public_profile_certification-title)"
kaz-c1c8ab962b25,Daniyar Zakarin,IOI,2018;2019,confirmed,Huawei,Computer Vision Research Intern,https://linkedin.com/in/daniyarzt,Caspian Pipeline Consortium,Senior Tax Specialist,organization_change,not_applicable,,,rejected,exact_name_only,62,False,False,False,True,,,b01a4be1401aa099a1fb76a31fb4a7fc,"""Daniyar Zakarin"" Kazakhstan IOI Olympiad 2018;2019 current employer university role",0.007,2,Daniyar Zakarin,https://linkedin.com/in/daniyar-zakarin-33b45899,profile,"# Daniyar Zakarin ... Tax manager - PTC Holding ... Astana, Kazakhstan (KZ) ... Tax manager - PTC Holding ... ### [TerraLink](https://www.linkedin.com/company/terralink) ... #### Head of tax accounting group (Current) ... Dec 2022 - Present (3 years and 2 months) in Нур-Султан, Казахстан ... & Accounting • ... #### Tax Manager (Current) ... Dec 2022 - Present (3 years and 2 months) in Нур-Султан, Казахстан ... Department: Finance & Accounting • Level: Manager ... TerraLink is a IT Services and IT Consulting company. TerraLink is a company that provides digitalization services and management consulting. They offer services in digital transformation, digitalization strategy, digitalization evaluation, digital maturity, digital operating model, and culture. They also specialize in business analytics and financial planning. TerraLink offers automation and technical maintenance services. TerraLink has 150-200 employees and has annual revenue in the under $1M range, founded in 1989. Headquartered in Almaty, Kazakhstan, with presence in United States. Its workforce is distributed across 18 countries (including Russia, Kazakhstan, United Arab Emirates, Uzbekistan, and Serbia). ... ### Senior Tax Specialist - [Caspian Pipeline Consortium](https://www.linkedin.com/company/caspian-pipeline-consortium) (Current) ... May 2014 - Present (11 years and 9 months) in Atyrau ... : Finance & Accounting ... Headquartered in Moscow ... , Kazakhstan, United ... ### ТОО PTC Holding ... Казахстан ... ### Менеджер по налогообложению - ТОО “PTC Holding” ... 2024 - Dec ... (1 year and 1 month) ... Department: Finance & Accounting • Level: Manager"
kaz-462ea4363511,Denis Ovchinnikov,IMO,2010,confirmed,NVIDIA,Senior Deep Learning Algorithms Engineer,https://www.linkedin.com/in/denis-ovchinnikov-math,Auriga,DevOps Engineer,organization_change,not_applicable,,,rejected,exact_name_only,62,False,False,False,True,,,23a669320e0e1717b94cad29f6630882,"""Denis Ovchinnikov"" Kazakhstan IMO Olympiad 2010 current employer university role",0.007,2,Denis Ovchinnikov,https://linkedin.com/in/denis-ovchinnikov,profile,"### DevOps Engineer - [Auriga](https://www.linkedin.com/company/auriga) (Current) ... Oct 2016 - Present (9 years and 9 months) ... Department: Engineering and Technical • Level: Specialist ... Auriga is a IT Services and IT Consulting company. Auriga is a software development outsourcing company based in Boston, Massachusetts, USA, with software engineering centers and testing labs in Eastern Europe. Auriga has 150-200 employees (2-3% YoY decline) and has annual revenue in the $80M-$90M range, founded in 1990. Headquartered in Woburn, Massachusetts, United States. Its workforce is distributed across 18 countries (including Russia, Lithuania, Costa Rica, United States, and Spain). ... Department: Engineering and ... ### [Moscow Institute of Electronics and Mathematics (Technical University)](https://www.linkedin.com/school/московский-институт-электроники-и-математики-ниу-вшэ-миэм-ниу-вшэ-) ... #### Master of Engineering - MEng, Computer Systems and Networks ... 2006 - 2011 (5 years) ... #### Bachelor's degree, Management ... 2008 - 2011 (3 years) ... Moscow Institute of Electronics and Mathematics (Technical University) is a higher education institution. Moscow Institute of Electronics and Mathematics (Technical University) has 1-10 employees (+40% YoY). Headquartered in RU. Research output of 2,000-3,000 works, primarily in Engineering, Physics and Astronomy, and Materials Science."
kaz-0bab17661adc,Madiyar Aitbayev,IOI,2009;2010,confirmed,Snap,Software Engineer,https://linkedin.com/in/aitbayev,,,no_current_affiliation_extracted,not_applicable,,,rejected,exact_name_only,62,False,False,False,True,Mechanical-engineering and Hilti career profile conflicts with the selected IOI-linked software engineer at Snap,https://linkedin.com/in/aitbayev,3cb99e9cb8cc6c246cd59dd15093b709,"""Madiyar Aitbayev"" Kazakhstan IOI Olympiad 2009;2010 current employer university role",0.007,2,Madiyar Aitbayev,https://linkedin.com/in/madiyar-aitbayev-0606b5181,profile,"Astana, Kazakhstan (KZ) ... ### [Hilti Kazakhstan](https://www.linkedin.com/company/hilti-kazakhstan) ... #### Business developer Oil&Gas (Current) ... Apr 2026 - Present (3 months) in Kazakhstan ... #### Segment Manager ... Jul 2022 - Apr 2026 (3 years and 9 months) in Kazakhstan ... Leading a cross-functional team of 6 engineers and ... strategic growth within the Energy & Industry segment ... Responsible for segment strategy ... key account development, and deployment of innovative Hilti solutions. Key Responsibilities: ... 20 ... ) in Al ... Hilti Kazakhstan ... ### Степень бакалавра, Mechanical Engineering at [Karaganda State Technical University](https://www.linkedin.com/school/kstu) ... 2011 - 2015 (4 years) in Kazakhstan ... Karaganda State Technical University is a higher education institution. The company is a university in Kazakhstan that provides higher education and training for technical personnel. Karaganda State Technical University has 10-20 employees, founded in 1953. Headquartered in Kazakhstan. Research output of 2,000-3,000 works, primarily in Engineering, Materials Science, and Social Sciences. ... - [2025-08-02 · Madiyar Aitbayev shared this] [Hi LinkedIn! 👋 After spending some time observing this platform...](https://www.linkedin.com/posts/madiyar-aitbayev-0606b5181_hi-linkedin-after-spending-some-time-activity-7357472544569868289-7-c5): Hi LinkedIn! 👋 After spending some time observing this platform, I’ve finally decided to introduce myself and start sharing my experience. My name is Madiyar, and I work as a Segment Manager at Hil..."
kaz-eda797e5a5c1,Roman Kogay,IBO,2013;2014,confirmed,National Center for Biotechnology Information (NCBI),Postdoctoral Fellow in Evolutionary Genomics,,Why Not?! Game Studio,Art Director Team Lead,organization_change,not_applicable,,,rejected,exact_name_only,62,False,False,False,True,,,fda73940de7065e77855a2b73d149936,"""Roman Kogay"" Kazakhstan IBO Olympiad 2013;2014 current employer university role",0.007,2,Roman Kogay,https://linkedin.com/in/roman-kogay-b981a913b,profile,"Art Director | Team Lead ... Tashkent, Uzbekistan (UZ) ... ### Art Director Team Lead - [Why Not?! Game Studio](https://www.linkedin.com/company/why-not-game-studio) (Current) ... Mar 2025 - Present (1 year and 4 months) in Tbilisi, Georgia ... Department: Design • Level: Head ... Why Not?! Game Studio is a Computer Games company. Game Studio is a company that creates unforgettable gaming experiences. Why Not?! Game Studio has 1-10 employees, founded in 2024. Headquartered in Tbilisi, Georgia, Georgia. Its workforce is distributed across 5 countries (including Vietnam, Georgia, Ukraine, Russia, and Uzbekistan). ... ### Art Director - CORELOOP STUDIO ... Dec 2019 - Dec 2023 (4 years) in Tashkent, Uzbekistan ... Department: Design • Level: Head ... ### Bachelor's degree Sculpture at MRDI ... 2012 - 2016 (4 years) ... - [2024-11-27 · Roman Kogay shared this] [HI, my name is Roman, I'm a 3D artist with an ... background...]( ... linkedin.com/posts/roman-kogay- ... 981a913b_opentowork-3dartist-remote-activity- ... 6736910 ... 7187456- ... 5ZD): HI, my name is Roman, I'm a ... 3D artist with an ... background as a sculptor and 6+ years of experience in GameDev. I have managed an art team and worked ... I'm looking ... - [2023-12-19 · Roman Kogay posted this] [ ... ю, что я начинаю работу в новой должности –...](https://www.linkedin.com/posts/roman-kogay-b981a913b_с-удовольствием-сообщаю-что-я-начинаю-работу-activity-7142721155433496576-3dgW): С удовольствием сообщаю, что я начинаю работу в новой должности – Senior 3D Environment Artist в компании KEK Entertainment!"
kaz-cc4a2f7877ce,Timur Murat,IMO,2026,confirmed,,,https://kz.linkedin.com/in/timur-murat-2a1735333,ТОО MURAT GROUP,Директор,missing_published_outcome,not_applicable,,,rejected,exact_name_only,62,False,False,False,True,,,11d9b4c7b815a0d097c6ce7ccc409dc7,"""Timur Murat"" Kazakhstan IMO Olympiad 2026 current employer university role",0.007,2,Timur Murat,https://linkedin.com/in/timur-murat-3206b399,profile,"# Timur Murat Директор Kazakhstan (KZ) 50 connections • 50 followers ## About ....... Total Experience: 11 years and 9 months ## Experience ### Директор - ТОО MURAT GROUP (Current) May 2014 - Present (11 years and 8 months) in Shymkent ...... Department: General Management • Level: Director ## Education ### Бакалавр, Юриспруденция at КУДН 2011 - 2013 (2 years) ### Бакалавр, Гражданское строительство at ЮКГУ им. М. Ауезова 2007 - 2011 (4 years) ## Skills p • less ## Languages Казахский Узбекский Русский Английский Китайский ## Projects ### KAZCORN Feb 2015 - Present ## Organizations ### Директор at ТОО MURAT GROUP Oct 2014 - Present"
kaz-ba8a6f8bb8aa,Vladislav Cherdantsev,IChO,2018;2019,confirmed,Mirendil,Member of Technical Staff,https://linkedin.com/in/vladcherd,RevenueLab.biz,Back End Developer,organization_change,not_applicable,,,rejected,exact_name_only,62,False,False,False,True,,,44b7bfc0d1ea172dbe525456b51137b5,"""Vladislav Cherdantsev"" Kazakhstan IChO Olympiad 2018;2019 current employer university role",0.007,2,Vladislav Cherdantsev,https://linkedin.com/in/vladislav-cherdantsev-830a28214,profile,"### Back End Developer - [RevenueLab.biz](https://www.linkedin.com/company/revenuelab-biz) (Current) ... Feb 2022 - Present (4 years and 5 months) ... is a Advertising Services company. ... ab is an iGaming affiliate network that builds connections between affiliates and advertisers to help maximize revenue out of traffic. Revenuelab.biz has 30-40 employees (+2-3% YoY), founded ... 1. Headquartered in Tbilisi, Georgia, Georgia ... across 12 countries (including Georgia, Russia, Indonesia, Poland, and Cyprus). ... AT Consulting is a IT Services and IT Consulting company. АТ Консалтинг is a company that provides professional services in the field of information and digital technologies. They started in 2001 and have established themselves as a leading player in the market. AT Consulting has 300-400 employees and has annual revenue in the under $1M range, founded in 2001. Headquartered in Moscow, Russia, with an office in Bol'shaya Novodmitrovskaya Ulitsa. Its workforce is distributed across 26 countries (including Russia, United States, Germany, Kazakhstan, and Albania). ... ### [Voronezh State University](https://www.linkedin.com/school/воронежский-государственный-университет) ... Voronezh State University is a higher education institution. Воронежский государственный университет is a university that combines traditional education and modern technologies. Voronezh State University has 30-40 employees (+1-2% YoY). Headquartered in RU. Its workforce is distributed across 10 countries (including Russia, Armenia, Germany, Indonesia, and Georgia). Research output of 10,000-20,000 works, primarily in Engineering, Mathematics, and Physics and Astronomy. Funds research behind 1-10 works."
kaz-c5f47f6f2526,Dias Suleimenov,IBO,2024,confirmed,Hong Kong University of Science and Technology (HKUST),Mathematics Student,https://linkedin.com/in/dias-suleimenov-23888828b,Bazis-A,Senior Associate Lawyer,organization_change,not_applicable,,,rejected,exact_name_only,61,False,False,False,True,,,698e7b8c063ef98e0b81f4c8c1876f98,"""Dias Suleimenov"" Kazakhstan IBO Olympiad 2024 current employer university role",0.007,3,Dias Suleimenov,https://linkedin.com/in/diass24,profile,"Lawyer | Litigation & ... Resolution | Contract Negotiation | Risk Management & Compliance ... ### Senior Associate Lawyer - Bazis-A (Current) ... Sep 2019 - Present (6 years and 9 months) in Astana, Kazakhstan ... ### Bachelor's degree Law at [Al-Farabi Kazakh National University](https://www.linkedin.com/school/kaznu) ... 2014 - 2018 (4 years) in Almaty, Kazakhstan ... I completed my Bachelor’s degree in Law at the prestigious Kazakh National University Al Farabi, where I gained a solid foundation in legal principles and practices. During my studies, I developed expertise in various areas of law, including civil, criminal, and constitutional law, while honing my critical thinking and analytical skills. This academic experience not only provided me with theoretical knowledge but also allowed me to apply legal concepts in real-world situations, preparing me for a successful career in the legal field. ... Al-Farabi Kazakh National University is a higher education institution. The company is a university called Farabi. It provides online admission services for foreign students, as well as government services. It also offers job opportunities for individuals with disabilities. The university is involved in the development of sustainable development and has a scientific and academic council. It has a research and educational association. Al-Farabi Kazakh National University has 200-300 employees (+40% YoY), founded in 1934. Headquartered in Almaty, Kazakhstan. Its workforce is distributed across 25 countries (including Kazakhstan, United States, India, United Kingdom, and Pakistan). Research output of 10,000-20,000 works, primarily in Social Sciences, Engineering, and Physics and Astronomy. Funds research behind 10-20 works."
kaz-5b00b5124ff5,Andrey Kim,IMO,2004;2005;2006,confirmed,Altbridge,CTO and Co-founder,https://www.linkedin.com/in/kimandrik,DCOMIS,Директор,organization_change,not_applicable,,,rejected,exact_name_only,60,False,False,False,True,,,7900c2891f908123a832bd9d5c7ba3d7,"""Andrey Kim"" Kazakhstan IMO Olympiad 2004;2005;2006 current employer university role",0.007,4,Andrey Kim,https://linkedin.com/in/andrey-kim-220946112,profile,"Kazakhstan (KZ ... ### Директор - DCOMIS (Current) ... May 2021 - Present (5 years and 2 months) in Алматы, Казахстан ... Department: General Management • Level: Director ... ### Технико-коммерческий инженер - [Schneider Electric](https://www.linkedin.com/company/ ... Jan 20 ... ) in Казахстан ... ### Магистр, Автоматизация и управление at АУЭС Алматинский университет энергетики и связи ... 2011 - 2013 (2 years) ... ### Бакалавр, Автоматизация и управление at АУЭС Алматинский университет энергетики и связи ... 2007 - 2011 (4 years)"
kaz-462ea4363511,Denis Ovchinnikov,IMO,2010,confirmed,NVIDIA,Senior Deep Learning Algorithms Engineer,https://www.linkedin.com/in/denis-ovchinnikov-math,RZD,Электромеханик,organization_change,not_applicable,,,rejected,exact_name_only,59,False,False,False,True,,,23a669320e0e1717b94cad29f6630882,"""Denis Ovchinnikov"" Kazakhstan IMO Olympiad 2010 current employer university role",0.007,5,Denis Ovchinnikov,https://linkedin.com/in/denis-ovchinnikov-827181187,profile,"# Denis Ovchinnikov Электромеханик – RZD Moscow, Moscow City, Russia (RU) ## About Электромеханик – RZD Total Experience: 9 years ## Experience ### Электромеханик - RZD (Current) Aug 2017 - Present (8 years and 11 months) Department: Engineering and Technical • Level: Specialist ## Education ### Диплом специалиста по инженерной специальности, электроснабжение железных дорог at Омский Государственный Университет Путей Сообщения (ОмГУПС) 2012 - 2017 (5 years) ## Skills electromechanic"
kaz-36f5d4e0f896,Van Li,IOI,2022;2023,confirmed,Huawei,Intern,https://linkedin.com/in/van-li-972a8a2b8,Digital Marketing - [Linksus Digiwork](https://www.linkedin.com/company/digiworkchina),Business Partner,organization_change,not_applicable,,,rejected,exact_name_only,59,False,False,False,True,,,40da5831c5140f4dcfd71494596ea8a7,"""Van Li"" Kazakhstan IOI Olympiad 2022;2023 current employer university role",0.007,5,Van Li,https://linkedin.com/in/van-li-238bba52,profile,"Business Partner at Linksus Digiwork ... ### Business Partner - Digital Marketing - [Linksus Digiwork](https://www.linkedin.com/company/digiworkchina) (Current) ... Jan 2018 - Present (8 years and 6 months) in Beijing City, China ... - Build up the social team in Fashion&Beauty industry - Lead a team with 18 members - Revenue reached over 40 million in 2019, 80 million in 2020 Clients - Helena Rubinstein - Guerlain Paris - LA MER - PIAGET Possession - PROYA ... Digiwork is a Marketing Services company. Digiwork has 80-90 employees (1-2% YoY decline), founded in 1999. Headquartered in Beijing, Beijing, China. Its workforce is distributed across China and South Korea. ... ### Bachelor’s Degree, English Language and Literature/Letters at [Hubei University of Economics](https://www.linkedin.com/school/湖北经济学院) ... Hubei University of Economics is a higher education institution. 湖北经济学院 is a university located in Wuhan, China. It offers various academic programs and has multiple faculties and departments. It provides education and training to undergraduate and graduate students in various disciplines. The university is involved in research activities and has research institutes and academic journals. It also focuses on student recruitment and employment. The website provides access to information and services for students, alumni, and the general public. Hubei University of Economics has 30-40 employees (less than 1% YoY growth), founded in 2002. Headquartered in China. Its workforce is distributed across 6 countries (including China, Taiwan, United States, New Zealand, and United Kingdom). Research output of 3,000-4,000 works, primarily in Economics, Econometrics and Finance, Business, Management and Accounting, and Computer Science."
kaz-fe0afafbd5f3,Vladimir Bychkov,IPhO,2005;2006,confirmed,Micron Technology,Senior Computer Vision Engineer,https://www.linkedin.com/in/vladimir-bychkov-98954252,Fundacja Nadzieja Imigranta,Советник,organization_change,not_applicable,,,rejected,exact_name_only,59,False,False,False,True,,,f180a4eed8b7bd8db9071920973241ed,"""Vladimir Bychkov"" Kazakhstan IPhO Olympiad 2005;2006 current employer university role",0.007,5,Vladimir Bychkov,https://linkedin.com/in/bychkovvv,profile,"### Советник - Fundacja Nadzieja Imigranta (Current) ... Apr 2022 - Present (4 years and 3 months) in Варшава, Мазовецкое воеводство, Польша ... Department: Consulting • Level: Specialist ... ### Бакалавр, экономика и менеджмент на предприятии at павлодарский государственный университет ... 1991 - 1997 (6 years)"
kaz-dd50209a641b,Vyacheslav Li,IPhO,2008;2009,confirmed,Statkraft,Quantitative Analyst,https://nl.linkedin.com/in/vyacheslav-li,NSC,Rope Access Technician,organization_change,not_applicable,,,rejected,exact_name_only,59,False,False,False,True,,,5423ef02a352b81ca2911cabc5424d89,"""Vyacheslav Li"" Kazakhstan IPhO Olympiad 2008;2009 current employer university role",0.007,5,Vyacheslav Li,https://linkedin.com/in/vyacheslav-li-21a93a260,profile,"# Vyacheslav Li Student at the school of Data Science VeraVlaEdu Seoul Incheon Metropolitan Area (KR) ## About Student at the school of Data Science VeraVlaEdu Total Experience: 8 years and 3 months ## Experience ### Rope Access Technician - NSC (Current) Jan 2018 - Present (8 years and 2 months) in Южная Корея Department: Trades • Level: Specialist ## Education ### Бакалавр, Finance, General at [Московская Финансово-Юридическая Академия (МФЮА)](https://www.linkedin.com/school/московская-финансово-юридическая-академия-мфюа-) Russian Federation Moscow Finance and Law Academy (MFUA) is a higher education institution. Московский финансово-юридический университет МФЮА offers higher education, college, and academy programs. They provide various educational programs in Moscow and have campuses. Moscow Finance and Law Academy (MFUA) has 10-20 employees (+7-8% YoY). Headquartered in Russia. Its workforce is distributed across Russia and Moldova. Research output of 300-400 works, primarily in Social Sciences, Economics, Econometrics and Finance, and Business, Management and Accounting. ## Skills technical skills • access • rope access technician • rope access"
kaz-28f11085b34d,Dauren Kaliyev,IChO,2007,confirmed,Bilim-Innovation Lyceums (BIL),Director,,,,no_current_affiliation_extracted,not_applicable,,,rejected,exact_name_only,55,False,False,False,False,Placeholder student profile with nonsensical school fields has no chemistry olympiad or selected school-director bridge,https://izdatelstvo-sk.kz/news/v-sko-sistemnaya-poddergka-talantlivih-i-odarennih-detei6902/,6ecb27f69c456bb55747d34b09b24585,"""Dauren Kaliyev"" Kazakhstan IChO Olympiad 2007 current employer university role",0.007,1,dauren kaliyev,https://linkedin.com/in/dauren-kaliyev-4a9aa21bb,profile,"# dauren kaliyev Student at gfgfgf Kazakhstan (KZ) ## About Student at gfgfgf ## Education ### 2, hgjhhg at gfgfgf 2018 - 2020 (2 years)"
kaz-79f187c010c6,Kirill Kim,IChO,2024;2025,confirmed,Massachusetts Institute of Technology (MIT),Undergraduate Student,https://linkedin.com/in/kirill-kim-4bb3a8346,,,no_current_affiliation_extracted,not_applicable,,,rejected,exact_name_only,53,False,False,False,False,,,7a21a4cfbe5d274a1c02b9b0a0141c04,"""Kirill Kim"" Kazakhstan IChO Olympiad 2024;2025 current employer university role",0.007,3,Kirill Kim,https://linkedin.com/in/kirill-kim-67b160317,profile,"# Kirill Kim Almaty, Almaty, Kazakhstan (KZ) ## Experience ### [MyBPM](https://www.linkedin.com/company/mybpm) Казахстан MyBPM is a IT Services and IT Consulting company. MyBPM has 1-10 employees (+40% YoY), founded in 2018. Headquartered in Qonaev, Almaty Region, Kazakhstan. ## Education ### [Kainar University](https://www.linkedin.com/school/kainar-university) 2023 - 2027 (4 years) in Almaty, Kazakhstan Kainar University is a higher education institution. Q University is a part of Kazakhstan that offers quality education. They provide various academic programs and services for students. The university has a history, history, and policies in place to ensure quality education. They also have a strong focus on career and employment. Kainar University has 1-10 employees (+10% YoY), founded in 1991. Headquartered in Almaty, Kazakhstan."
kaz-2c30c8a4a543,Sanzhar Nurgaliyev,IChO,2022,confirmed,Nazarbayev University,Chemistry Student,https://linkedin.com/in/sanzhar-nurgaliyev-b277762b8,,,no_current_affiliation_extracted,not_applicable,,,rejected,exact_name_only,53,False,False,False,False,,,ccad4020af5be7a26d32cc1dd8603e34,"""Sanzhar Nurgaliyev"" Kazakhstan IChO Olympiad 2022 current employer university role",0.007,3,Sanzhar Nurgaliyev,https://linkedin.com/in/sanzhar-nurgaliyev-442491378,profile,"# Sanzhar Nurgaliyev Student at Kazakh-Turkish lyceum for gifted students West Kazakhstan Region, Kazakhstan (KZ) ## About Student at Kazakh-Turkish lyceum for gifted students ## Education ### [Kazakh-Turkish lyceum for gifted students](https://www.linkedin.com/school/bilim) 2021 - 2026 (5 years) in Kazakhstan Kazakh-Turkish lyceum for gifted students is an educational institution. Kazakh-Turkish lyceum for gifted students has 1-10 employees (+40% YoY), founded in 1992. Headquartered in Kazakhstan. ## Social ### Linkedin - [2025-08-05 · Sanzhar Nurgaliyev liked this] [“I had never touched a computer until I was 17 , but three years...](https://www.linkedin.com/posts/chu-leslie-carelle-ab4306265_buddingwriter-professionalparlance-effectivecommunication-activity-7358414182121185282-aCjG): “I had never touched a computer until I was 17 , but three years later, I was leading a digital literacy class for 40 students.” That’s how you start a motivational letter. Not with: ❌ “Dear Sir/Ma..."
kaz-dd50209a641b,Vyacheslav Li,IPhO,2008;2009,confirmed,Statkraft,Quantitative Analyst,https://nl.linkedin.com/in/vyacheslav-li,,,no_current_affiliation_extracted,not_applicable,,,rejected,exact_name_only,53,False,False,False,False,Regency Medical Supplies and UQAM profile contains no IPhO ISTA quantitative-energy or selected-profile bridge,https://nl.linkedin.com/in/vyacheslav-li,5423ef02a352b81ca2911cabc5424d89,"""Vyacheslav Li"" Kazakhstan IPhO Olympiad 2008;2009 current employer university role",0.007,3,Vyacheslav Li,https://linkedin.com/in/slavali,profile,"# Vyacheslav Li ... Regency Medical Supplies ... Regency Medical Supplies ... ### [Université du Québec à Montréal](https://www.linkedin.com/school/uqam) ... 2012 - 2013 (1 year) in Montréal, Québec, Canada ... UQAM | Université du Québec à Montréal is a higher education institution. L'Université du Québec à Montréal (UQAM) offre plus de 350 programmes d'études, dont plusieurs sont uniques au Québec, au Canada et en Amérique du Nord. UQAM | Université du Québec à Montréal has 4,000-5,000 employees (+2-3% YoY) and has annual revenue in the $1M-$10M range, founded in 1969. Headquartered in Montréal, Québec, Canada, with presence in United States. Its workforce is distributed across 43 countries (including Canada, France, United States, Belgium, and Algeria). Research output of 50,000-60,000 works, primarily in Social Sciences, Environmental Science, and Psychology. Funds research behind 10-20 works."
kaz-42f3a5145199,Denis Utkin,IPhO,2003;2004,candidate,,,,Тосол-Синтез,Администратор Вычислительных Систем,missing_published_outcome,not_applicable,,,rejected,exact_name_only,72,False,True,False,True,,,80e60d92264b5ad79062d66dc28fa2e9,"""Denis Utkin"" Kazakhstan IPhO Olympiad 2003;2004 current employer university role",0.007,2,Denis Utkin,https://linkedin.com/in/denis-utkin-32682384,profile,"# Denis Utkin ... Администратор вычислительных систем (Тосол-Синтез) ... Nizhniy Novgorod, Russia ( ... Администратор вычислительных систем (Тосол-Синтез) ... ### Администратор Вычислительных Систем - Тосол-Синтез (Current) ... Aug 2013 - Present (12 years and 6 months) ... Administrative • Level: ... ### Инженер-Программист - ИнформСвязьСтрой ... Jan 2013 - Aug ... ### Пользователь ПК с разработкой мультимедийного проекта at Межшкольный учебный комбинат ... 2004 - 2006 (2 years) ... ### Инженер, Информационные Системы и Технологии at Дзержинский политехнический институт, Нижегородского государственного технического университ ... 2008 - 20 ... 3 (5 years)"
kaz-6c47e89eeff1,Alexander Zaitsev,IMO,1996,candidate,Khristianovich Institute of Theoretical and Applied Mechanics (ITAM SB RAS),senior reseacher,,SAMSON CONTROLS Kazakhstan,Deputy Director,organization_change,not_applicable,,,rejected,exact_name_only,63,False,False,False,True,,,3942afd2d7a913fd63a2791ada9988dd,"""Alexander Zaitsev"" Kazakhstan IMO Olympiad 1996 current employer university role",0.007,1,Alexander Zaitsev,https://linkedin.com/in/%D0%B0%D0%BB%D0%B5%D0%BA%D1%81%D0%B0%D0%BD%D0%B4%D1%80-%D0%B7%D0%B0%D0%B9%D1%86%D0%B5%D0%B2-98b05014b,profile,"SAMSON Controls KZ ... Kazakhstan (KZ) ... SAMSON Controls KZ ... ### Deputy Director - SAMSON CONTROLS Kazakhstan (Current) ... Jan 2022 - Present (4 years and 6 months) in Алматы, Казахстан ... Department: General Management • Level: Director ... ### Business Development Managere-Samson RK - SAMSON Controls RK (Current) ... Aug 2021 - Present (4 years and 2 months) in Алматы, Казахстан ... ### Технический директор - ТОО ""ЕвроСпецАрматура"" ... Jul 2016 - Jan 2022 (5 years and 6 months) in Алматы, Казахстан ... Department: Engineering and ... • Level: Director ... ### Технический директор - ЕвроСпецАрматура ... Department: Engineering and Technical • Level: Director ... ### колледж энергетики и электронного приборастроения"
kaz-42f3a5145199,Denis Utkin,IPhO,2003;2004,candidate,,,,DIAMOS AG,Senior Fullstack Enginer,missing_published_outcome,not_applicable,,,rejected,exact_name_only,63,False,False,False,True,,,80e60d92264b5ad79062d66dc28fa2e9,"""Denis Utkin"" Kazakhstan IPhO Olympiad 2003;2004 current employer university role",0.007,1,Denis Utkin,https://linkedin.com/in/denis-utkin-1449b9200,profile,"### Senior Fullstack Enginer - [DIAMOS AG](https://www.linkedin.com/company/diamos-ag) (Current) ... Nov 2022 - Present (3 years and 8 months) in Frankfurt, Hesse, Germany ... -40 ... % YoY) and has annual ... M-$20M range ... Headquartered in Germany, with presence in ... workforce is distributed across Germany and Tunisia ... including Russia, India, Egypt, ... ЛАНИТ is a IT Services and IT Consulting company. ЛАНИТ is a leader in the Russian information technology industry since 1989. They specialize in system integration, distribution, consulting, engineering systems and software development, IT outsourcing, and training. ЛАНИТ has 600-700 employees (+3-4% YoY) and has annual revenue in the $2B-$3B range, founded in 1989. Headquartered in Kazakhstan, with presence in Russian Federation and United States. Its workforce is distributed across 21 countries (including Russia, Belarus, Georgia, Serbia, and Thailand). ... ### Bachelor of Technology - BTech, Сomputer science in economics at Eurasian Open Institute ... ### Master of Computer Applications - MCA, Software for Computer Hardware and Automated Systems at [Moscow State University of Economics, Statistics and Informatics (MESI) ](https://www.linkedin.com/school/%D0%BC%D0%BE%D1%81%D0%BA%D0%BE%D0%B2%D1%81%D0%BA%D0%B8%D0%B9-%D0%B3%D0%BE%D1%81%D1%83%D0%B4%D0%B0%D1%80%D1%81%D1%82%D0%B2%D0%B5%D0%BD%D0%BD%D1%8B%D0%B9-%D1%83%D0%BD%D0%B8%D0%B2%D0%B5%D1%80%D1%81%D0%B8%D1%82%D0%B5%D1%82-%D1%8D%D0%BA%D0%BE%D0%BD%D0%BE%D0%BC%D0%B8%D0%BA%D0%B8-%D1%81%D1%82%D0%B0%D1%82%D0%B8%D1%81%D1%82%D0%B8%D0%BA%D0%B8-%D0%B8-%D0%B8%D0%BD%D1%84%D0%BE%D1%80%D0%BC%D0%B0%D1%82%D0%B8%D0%BA%D0%B8-%D0%BC%D1%8D%D1%81%D0%B8-) ... 2007 - 2010 (3 years)"
kaz-6c47e89eeff1,Alexander Zaitsev,IMO,1996,candidate,Khristianovich Institute of Theoretical and Applied Mechanics (ITAM SB RAS),senior reseacher,,Bureau of Digital Technologies,Quality Assurance Engineer,organization_change,not_applicable,,,rejected,exact_name_only,62,False,False,False,True,,,3942afd2d7a913fd63a2791ada9988dd,"""Alexander Zaitsev"" Kazakhstan IMO Olympiad 1996 current employer university role",0.007,2,Alexander Zaitsev,https://linkedin.com/in/zaitsev-alexander-nullptr,profile,"Auto QA Engineer at Bureau of Digital Technologies ... Almaty, Kazakhstan (KZ) ... ### Quality Assurance Engineer - Bureau of Digital Technologies (Current) ... Jun 2023 - Present (3 years and 1 month) in Россия ... Department: Engineering and Technical • ... ### Bachelor's degree at [Ural State Technical University](https://www.linkedin.com/school/уральский-государственный-технический-университет) ... Ural State Technical University is a nonprofit organization. Уральский федеральный университет is a university that provides education and services to students. They offer various programs and services such as online learning, scholarships, and competitions. They also provide information on social issues, health, nutrition, and support for students. The university is focused on providing a wide range of academic opportunities and promoting student development. Ural State Technical University has 40-50 employees (+3-4% YoY), founded in 1920. Headquartered in Soviet Union. Its workforce is distributed across 10 countries (including Russia, United States, Kazakhstan, Syria, and Italy)."
kaz-514026a01ba3,Yerlan Jumabayev,IMO,1997,candidate,,,,Wonder FBO Kazakhstan,Frontend Developer,missing_published_outcome,not_applicable,,,rejected,exact_name_only,62,False,False,False,True,,,26b890ea8882cb425f9d79e379edcf5d,"""Yerlan Jumabayev"" Kazakhstan IMO Olympiad 1997 current employer university role",0.007,2,Yerlan Jumabayev,https://linkedin.com/in/thevarp,profile,"Almaty, Kazakhstan (KZ) ... Frontend developer with real-world experience in building web apps using React, Next.js, and TypeScript. Worked on logistics systems, e-commerce platforms, and dashboards with maps and data visualizations. Skilled in modern UI, API integration, and responsive design. Currently completing my Bachelor's degree in Information Systems at SDU University 🎓. ... ### Frontend Developer - [Wonder FBO Kazakhstan](https://www.linkedin.com/company/wonder-fbo-kazakhstan) (Current) ... Jun 2024 - Present (2 years and 1 month) in Алматы, Казахстан ... - Developed a ... and warehouse management system for the ... registration and authorization pages ... with Recharts ... Wonder FBO Kazakhstan is a Warehousing and Storage company. Wonder FBO Kazakhstan has 1-10 employees (-10% YoY), founded in 2024. Headquartered in Almaty, Kazakhstan. ... Engineering and Technical • Level: ... ### Assistant - [СДУ Технопарк](https://www.linkedin.com/company/sdutechno) ... SDU Technopark is a higher education institution. SDU Technopark has 1-10 employees (2-3% YoY decline), founded in 2014. Headquartered in Kazakhstan. ... ### Бакалавр, Information Technology, 3.3 at [Suleyman Demirel University](https://www.linkedin.com/school/sdu-kz) ... 2021 - 2025 (4 years) in Kazakhstan ... Suleyman Demirel University is a higher education institution. SDU University is a university that offers various academic programs and conducts research in various fields. Suleyman Demirel University has 90-100 employees (8-9% YoY decline), founded in 1996. Headquartered in Kazakhstan. Its workforce is distributed across 9 countries (including Kazakhstan, Turkey, United States, Germany, and Australia)."
