person_id,canonical_name,aliases,olympiads,first_year,source,source_id,profile_url,matched_name,score,confidence,score_reasons,location,organization,role,evidence_text,evidence_url,outbound_urls
kaz-01091dcfd107,Selimzhan Chalyshkan,Selimzhan Chalyshkan,IBO,2018,orcid,0009-0007-6708-1094,https://orcid.org/0009-0007-6708-1094,Selimzhan Chalyshkan,0.57,candidate,exact_name;self_asserted_orcid_affiliation,,Northwestern University,,orcid=0009-0007-6708-1094; current_affiliation=Northwestern University,https://orcid.org/0009-0007-6708-1094,
kaz-01957a6accca,Pavel Levchenko,Pavel Levchenko,IPhO,2006,orcid,0000-0002-4467-8038,https://orcid.org/0000-0002-4467-8038,Pavel Levchenko,0.42,candidate,exact_name;self_asserted_orcid_affiliation;ambiguous_same_name_source,,,,orcid=0000-0002-4467-8038,https://orcid.org/0000-0002-4467-8038,
kaz-01957a6accca,Pavel Levchenko,Pavel Levchenko,IPhO,2006,orcid,0009-0005-0053-0479,https://orcid.org/0009-0005-0053-0479,Pavel Levchenko,0.42,candidate,exact_name;self_asserted_orcid_affiliation;ambiguous_same_name_source,,SUAI,,orcid=0009-0005-0053-0479; current_affiliation=SUAI,https://orcid.org/0009-0005-0053-0479,
kaz-01957a6accca,Pavel Levchenko,Pavel Levchenko,IPhO,2006,orcid,0009-0005-7757-3530,https://orcid.org/0009-0005-7757-3530,Pavel Levchenko,0.42,candidate,exact_name;self_asserted_orcid_affiliation;ambiguous_same_name_source,,,,orcid=0009-0005-7757-3530,https://orcid.org/0009-0005-7757-3530,
kaz-01957a6accca,Pavel Levchenko,Pavel Levchenko,IPhO,2006,github,ikar49,https://github.com/ikar49,Pavel Levchenko,0.38,candidate,exact_name;outbound_profile_links;ambiguous_same_name_source,Russia,Kaspersky,,login=ikar49; company=Kaspersky; location=Russia,https://github.com/ikar49,https://t.me/let_l_tuple
kaz-01957a6accca,Pavel Levchenko,Pavel Levchenko,IPhO,2006,github,LP110108,https://github.com/LP110108,Pavel Levchenko,0.35,candidate,exact_name;ambiguous_same_name_source,,,,login=LP110108,https://github.com/LP110108,
kaz-01957a6accca,Pavel Levchenko,Pavel Levchenko,IPhO,2006,github,domikedos,https://github.com/domikedos,Pavel Levchenko,0.35,candidate,exact_name;ambiguous_same_name_source,,,Go,login=domikedos; bio=Go,https://github.com/domikedos,
kaz-03a266067148,Vladislav Kamysbayev,Vladislav Kamysbayev,IChO,2011,orcid,0000-0002-5668-577X,https://orcid.org/0000-0002-5668-577X,Vladislav Kamysbayev,0.57,candidate,exact_name;self_asserted_orcid_affiliation,,,,orcid=0000-0002-5668-577X,https://orcid.org/0000-0002-5668-577X,
kaz-03a266067148,Vladislav Kamysbayev,Vladislav Kamysbayev,IChO,2011,wikidata,Q96950210,https://www.wikidata.org/wiki/Q96950210,Vladislav Kamysbayev,0.53,candidate,exact_name;wikidata_name_only;outbound_profile_links,,,researcher,description=researcher; occupation=researcher; orcid=0000-0002-5668-577X,https://www.wikidata.org/wiki/Q96950210,https://orcid.org/0000-0002-5668-577X
kaz-0606abc1583b,Shirali Kadyrov,Shirali Kadyrov,IMO,1999,openalex,A5029144735,https://openalex.org/A5029144735,Shirali Kadyrov,1.0,confirmed,exact_name;kazakhstan_context;field_alignment;orcid_present;plausible_timeline;self_asserted_orcid_affiliation;cross_source_organization;linked_profile,,New Uzbekistan University,Associate Professor,"works=118; citations=406; institutions=Narxoz University, University of Bristol, Kazakh-American University, Suleyman Demirel University, New Uzbekistan University, National University of Uzbekistan, The Ohio State University, Toronto Metropolitan University, Nazarbayev University; topics=Mathematical Dynamics and Fractals, COVID-19 epidemiological studies, Advanced Topology and Set Theory, Advanced Differential Equations and Dynamical Systems, Quantum chaos and dynamical systems; orcid=https://orcid.org/0000-0002-8352-2597",https://openalex.org/A5029144735,http://sdu.edu.kz/en/staff/shirali.kadyrov;https://orcid.org/0000-0002-8352-2597;https://scholar.google.com/citations?user=RAa3Sw4AAAAJ&hl=en
kaz-0606abc1583b,Shirali Kadyrov,Shirali Kadyrov,IMO,1999,openalex,A5140608942,https://openalex.org/A5140608942,Shirali Kadyrov,1.0,confirmed,exact_name;kazakhstan_context;orcid_present;plausible_timeline;self_asserted_orcid_affiliation;cross_source_organization;linked_profile,,New Uzbekistan University,Associate Professor,works=3; citations=0; institutions=Kazakh-American University; orcid=https://orcid.org/0000-0002-8352-2597,https://openalex.org/A5140608942,http://sdu.edu.kz/en/staff/shirali.kadyrov;https://orcid.org/0000-0002-8352-2597;https://scholar.google.com/citations?user=RAa3Sw4AAAAJ&hl=en
kaz-0606abc1583b,Shirali Kadyrov,Shirali Kadyrov,IMO,1999,orcid,0000-0002-8352-2597,https://orcid.org/0000-0002-8352-2597,Shirali Kadyrov,1.0,confirmed,exact_name;self_asserted_orcid_affiliation;kazakhstan_context;field_alignment;plausible_timeline;cross_source_organization;linked_profile,,New Uzbekistan University,Associate Professor,"orcid=0000-0002-8352-2597; current_affiliation=New Uzbekistan University,Suleyman Demirel University; past_affiliation=The Ohio State University,Oxus University,Nazarbayev University,University of Bristol; role=Associate Professor",https://orcid.org/0000-0002-8352-2597,http://sdu.edu.kz/en/staff/shirali.kadyrov;https://scholar.google.com/citations?user=RAa3Sw4AAAAJ&hl=en
kaz-0606abc1583b,Shirali Kadyrov,Shirali Kadyrov,IMO,1999,wikidata,Q95604376,https://www.wikidata.org/wiki/Q95604376,Shirali Kadyrov,0.75,candidate,exact_name;wikidata_name_only;kazakhstan_context;outbound_profile_links,,SDU University,researcher,"description=researcher; occupation=researcher; employer=SDU University, Nazarbayev University, University of Bristol; education=Ohio State University; orcid=0000-0002-8352-2597",https://www.wikidata.org/wiki/Q95604376,http://sdu.edu.kz/en/staff/shirali.kadyrov;https://orcid.org/0000-0002-8352-2597
kaz-0606abc1583b,Shirali Kadyrov,Shirali Kadyrov,IMO,1999,github,shiralikadyrov,https://github.com/shiralikadyrov,Shirali Kadyrov,0.5,candidate,exact_name,,,,login=shiralikadyrov,https://github.com/shiralikadyrov,
kaz-0606abc1583b,Shirali Kadyrov,Shirali Kadyrov,IMO,1999,wikidata,Q102371253,https://www.wikidata.org/wiki/Q102371253,Shirali Kadyrov,0.5,candidate,exact_name;wikidata_name_only,,Ohio State University,researcher,description=Ph.D. The Ohio State University 2010; occupation=researcher; education=Ohio State University,https://www.wikidata.org/wiki/Q102371253,
kaz-0622dfe9a63f,Ali Dautalinov,Ali Dautalinov,IOI,2009,cphof,ioi:134,https://cphof.org/profile/ioi:134,Ali Dautalinov,1.0,confirmed,exact_name;kazakhstan_context;direct_olympiad_evidence;outbound_profile_links,Kazakhstan,,,profile=ioi:134; country=Kazakhstan; contest=IOI,https://cphof.org/profile/ioi:134,http://stats.ioinformatics.org/people/134
kaz-0622dfe9a63f,Ali Dautalinov,Ali Dautalinov,IOI,2009,codeforces,AliD,https://codeforces.com/profile/AliD,Ali Dautalinov,0.72,probable,exact_name;kazakhstan_context,Taldykorgan; Kazakhstan,,,handle=AliD; country=Kazakhstan; city=Taldykorgan,https://codeforces.com/profile/AliD,
kaz-07461cbee89d,Adilet Uvaliyev,Adilet Uvaliyev,IPhO,2016,github,Adilet33709,https://github.com/Adilet33709,Adilet Uvaliyev,0.53,candidate,exact_name;outbound_profile_links,Hong Kong,,,login=Adilet33709; location=Hong Kong,https://github.com/Adilet33709,https://www.linkedin.com/in/adilet-uvaliyev
kaz-07b1a7ba2159,Renat Shaimardanov,Renat Shaimardanov,IOI,1998,cphof,ioi:1953,https://cphof.org/profile/ioi:1953,Renat Shaimardanov,1.0,confirmed,exact_name;kazakhstan_context;direct_olympiad_evidence;outbound_profile_links,Kazakhstan,,,profile=ioi:1953; country=Kazakhstan; contest=IOI,https://cphof.org/profile/ioi:1953,http://stats.ioinformatics.org/people/1953
kaz-07b1a7ba2159,Renat Shaimardanov,Renat Shaimardanov,IOI,1998,github,srenat,https://github.com/srenat,Renat Shaimardanov,0.75,probable,exact_name;kazakhstan_context;outbound_profile_links,"Almaty, Kazakhstan",Agregator,,"login=srenat; company=Agregator; location=Almaty, Kazakhstan; website=http://www.agregator.kz",https://github.com/srenat,http://www.agregator.kz
kaz-07b1a7ba2159,Renat Shaimardanov,Renat Shaimardanov,IOI,1998,codeforces,renat.shaimardanov,https://codeforces.com/profile/renat.shaimardanov,Renat Shaimardanov,0.72,probable,exact_name;kazakhstan_context,Almaty; Kazakhstan,,,handle=renat.shaimardanov; country=Kazakhstan; city=Almaty,https://codeforces.com/profile/renat.shaimardanov,
kaz-07b1a7ba2159,Renat Shaimardanov,Renat Shaimardanov,IOI,1998,openalex,A5085884395,https://openalex.org/A5085884395,Renat R. Shaimardanov,0.4,candidate,near_exact_name,,,Research author,"works=1; citations=0; topics=Medieval and Classical Philosophy, Medieval Philosophy and Theology, Global History, Politics, and Ideology",https://openalex.org/A5085884395,
kaz-07d2b93fd768,Ilya Vilkoviskiy,Ilya Vilkoviskiy,IPhO,2012,orcid,0000-0002-6187-249X,https://orcid.org/0000-0002-6187-249X,Ilya Vilkoviskiy,0.7,probable,exact_name;self_asserted_orcid_affiliation;field_alignment;plausible_timeline,,Moscow Institute of Physics and Technology,bachelor,orcid=0000-0002-6187-249X; past_affiliation=Moscow Institute of Physics and Technology; role=bachelor,https://orcid.org/0000-0002-6187-249X,
kaz-0836a1c9d21b,Yerlan Bissenov,Yerlan Bissenov,IOI,2005,cphof,ioi:2555,https://cphof.org/profile/ioi:2555,Yerlan Bissenov,1.0,confirmed,exact_name;kazakhstan_context;direct_olympiad_evidence;outbound_profile_links,Kazakhstan,,,profile=ioi:2555; country=Kazakhstan; contest=IOI,https://cphof.org/profile/ioi:2555,http://stats.ioinformatics.org/people/2555
kaz-0869880ec7a7,Sanzhar Bidaibek,Sanzhar Bidaibek,IOI,2016,codeforces,sancho,https://codeforces.com/profile/sancho,Sanzhar Bidaibek,1.0,confirmed,exact_name;kazakhstan_context;organization_present;cross_source_organization;linked_profile,Astana; Kazakhstan,HKUST,,handle=sancho; country=Kazakhstan; city=Astana; organization=HKUST,https://codeforces.com/profile/sancho,
kaz-0869880ec7a7,Sanzhar Bidaibek,Sanzhar Bidaibek,IOI,2016,cphof,topcoder:sanchoman,https://cphof.org/profile/topcoder:sanchoman,Sanzhar Bidaibek,1.0,confirmed,exact_name;kazakhstan_context;direct_olympiad_evidence;outbound_profile_links;cross_source_organization;linked_profile,Astana; Kazakhstan,HKUST,,profile=topcoder:sanchoman; country=Kazakhstan; contest=IOI; codeforces=sancho; organization=HKUST,https://cphof.org/profile/topcoder:sanchoman,http://stats.ioinformatics.org/people/5941;https://codeforces.com/profile/sancho;https://www.topcoder.com/members/sanchoman
kaz-0869880ec7a7,Sanzhar Bidaibek,Sanzhar Bidaibek,IOI,2016,github,SBidaibek,https://github.com/SBidaibek,Sanzhar Bidaibek,0.5,candidate,exact_name,,,,login=SBidaibek,https://github.com/SBidaibek,
kaz-09e9190640e1,Vitaliy Tsvayer,Vitaliy Tsvayer,IMO,1997,github,tsvayer,https://github.com/tsvayer,Vitaliy Tsvayer,0.5,candidate,exact_name,,,,login=tsvayer,https://github.com/tsvayer,
kaz-0bab17661adc,Madiyar Aitbayev,Madiyar Aitbayev,IOI,2009,codeforces,Madiyar,https://codeforces.com/profile/Madiyar,Madiyar Aitbayev,1.0,confirmed,exact_name;kazakhstan_context;organization_present;cross_source_organization;linked_profile,Taldykorgan; Kazakhstan,KBTU,,handle=Madiyar; country=Kazakhstan; city=Taldykorgan; organization=KBTU,https://codeforces.com/profile/Madiyar,
kaz-0bab17661adc,Madiyar Aitbayev,Madiyar Aitbayev,IOI,2009,cphof,topcoder:Madiyar1,https://cphof.org/profile/topcoder:Madiyar1,Madiyar Aitbayev,1.0,confirmed,exact_name;kazakhstan_context;direct_olympiad_evidence;outbound_profile_links;cross_source_organization;linked_profile,Taldykorgan; Kazakhstan,KBTU,,profile=topcoder:Madiyar1; country=Kazakhstan; contest=IOI; codeforces=Madiyar; universities=Kazakh-British Technical University; organization=KBTU,https://cphof.org/profile/topcoder:Madiyar1,http://stats.ioinformatics.org/people/1390;https://codeforces.com/profile/Madiyar;https://www.topcoder.com/members/Madiyar1
kaz-0cc4d473da7f,Roman Langolf,Roman Langolf,IBO,2009,github,rolang,https://github.com/rolang,Roman Langolf,0.38,candidate,exact_name;outbound_profile_links;ambiguous_same_name_source,"Ho Chi Minh, Vietnam",AnyMind Group,,"login=rolang; company=AnyMind Group; location=Ho Chi Minh, Vietnam; website=https://rolang.dev",https://github.com/rolang,https://rolang.dev;https://twitter.com/r0_lang
kaz-0cc4d473da7f,Roman Langolf,Roman Langolf,IBO,2009,github,Roman116f,https://github.com/Roman116f,Roman Langolf,0.35,candidate,exact_name;ambiguous_same_name_source,,,,login=Roman116f,https://github.com/Roman116f,
kaz-0d9cf667fe24,Nessipbek Mynbayev,Nessipbek Mynbayev,IPhO,2004,codeforces,nesco,https://codeforces.com/profile/nesco,Nessipbek Mynbayev,0.72,probable,exact_name;kazakhstan_context,Shymkent; Kazakhstan,,,handle=nesco; country=Kazakhstan; city=Shymkent,https://codeforces.com/profile/nesco,
kaz-0d9cf667fe24,Nessipbek Mynbayev,Nessipbek Mynbayev,IPhO,2004,orcid,0000-0002-2237-2812,https://orcid.org/0000-0002-2237-2812,Nessipbek Mynbayev,0.57,candidate,exact_name;self_asserted_orcid_affiliation,,,,orcid=0000-0002-2237-2812,https://orcid.org/0000-0002-2237-2812,
kaz-0f47bbbea1f0,Zhambyl Maksotov,Zhambyl Maksotov,IOI,2020,codeforces,seduneon,https://codeforces.com/profile/seduneon,Zhambyl Maksotov,1.0,confirmed,exact_name;kazakhstan_context;organization_present;cross_source_organization;linked_profile;cross_source_handle,Oral; Kazakhstan,Oral Bilim Innovation High School,,handle=seduneon; country=Kazakhstan; city=Oral; organization=Oral Bilim Innovation High School,https://codeforces.com/profile/seduneon,
kaz-0f47bbbea1f0,Zhambyl Maksotov,Zhambyl Maksotov,IOI,2020,cphof,codeforces:seduneon,https://cphof.org/profile/codeforces:seduneon,Zhambyl Maksotov,1.0,confirmed,exact_name;kazakhstan_context;direct_olympiad_evidence;outbound_profile_links;cross_source_organization;linked_profile,Oral; Kazakhstan,Oral Bilim Innovation High School,,profile=codeforces:seduneon; country=Kazakhstan; contest=IOI; codeforces=seduneon; universities=Nazarbayev University; organization=Oral Bilim Innovation High School,https://cphof.org/profile/codeforces:seduneon,http://stats.ioinformatics.org/people/7160;https://codeforces.com/profile/seduneon
kaz-0f47bbbea1f0,Zhambyl Maksotov,Zhambyl Maksotov,IOI,2020,github,seduneon,https://github.com/seduneon,Zhambyl Maksotov,0.7,probable,exact_name;cross_source_handle,,,,login=seduneon,https://github.com/seduneon,
kaz-11782cb39ded,Kanat Tyutenov,Kanat Tyutenov,IChO,2003,openalex,A5090872106,https://openalex.org/A5090872106,Kanat S. Tyutenov,0.45,candidate,similar_name;field_alignment;plausible_timeline,,Lomonosov Moscow State University,Research author,"works=2; citations=7; institutions=Lomonosov Moscow State University; topics=Organometallic Complex Synthesis and Catalysis, Catalytic Cross-Coupling Reactions, Chemical Synthesis and Analysis, Diatoms and Algae Research",https://openalex.org/A5090872106,
kaz-12d9dc922ba8,Bogdan Zagribelnyy,Bogdan Zagribelnyy,IChO,2013,orcid,0000-0003-3799-2720,https://orcid.org/0000-0003-3799-2720,Bogdan Zagribelnyy,0.67,probable,exact_name;self_asserted_orcid_affiliation;field_alignment,,,,orcid=0000-0003-3799-2720,https://orcid.org/0000-0003-3799-2720,
kaz-12d9dc922ba8,Bogdan Zagribelnyy,Bogdan Zagribelnyy,IChO,2013,github,sumrexromanus,https://github.com/sumrexromanus,Bogdan Zagribelnyy,0.5,candidate,exact_name,"Abu Dhabi, UAE",Insilico Medicine AI Limited,"PhD in Medicinal and Organic Chemistry👨🏻‍🔬 Spec. in AI 🤖 for Drug Discovery 💊💡, Insilico Medicine AI Ltd, based in Abu Dhabi, 🇦🇪","login=sumrexromanus; company=Insilico Medicine AI Limited; location=Abu Dhabi, UAE; bio=PhD in Medicinal and Organic Chemistry👨🏻‍🔬 Spec. in AI 🤖 for Drug Discovery 💊💡, Insilico Medicine AI Ltd, based in Abu Dhabi, 🇦🇪",https://github.com/sumrexromanus,
kaz-135e810b92e0,Tamirlan Bektemissov,Tamirlan Bektemissov,IMO,2020,github,tbeka,https://github.com/tbeka,Tamirlan Bektemissov,0.5,candidate,exact_name,,,Robotics @ KIT,login=tbeka; bio=Robotics @ KIT,https://github.com/tbeka,
kaz-197ec90e92c1,Yuriy Kudryavtsev,Yuriy Kudryavtsev,IChO,2000,openalex,A5112934830,https://openalex.org/A5112934830,Yuriy Kudryavtsev,0.63,candidate,exact_name;field_alignment;plausible_timeline,,G.V. Kurdyumov Institute for Metal Physics,Research author,"works=4; citations=20; institutions=Integrity Testing Laboratory (Canada), G.V. Kurdyumov Institute for Metal Physics, Centro de Investigación y de Estudios Avanzados del Instituto Politécnico Nacional; topics=Gold and Silver Nanoparticles Synthesis and Applications, Plasmonic and Surface Plasmon Research, GaN-based semiconductor devices and materials, Advanced biosensing and bioanalysis techniques, Semiconductor materials and devices",https://openalex.org/A5112934830,
kaz-19cbd524a6c0,Ayan Segizbay,Ayan Segizbay,IPhO,2015,codeforces,changefor,https://codeforces.com/profile/changefor,Ayan Segizbay,0.72,probable,exact_name;kazakhstan_context,Almaty; Kazakhstan,,,handle=changefor; country=Kazakhstan; city=Almaty,https://codeforces.com/profile/changefor,
kaz-1d49feff22fe,Dmitriy Gorbachev,Dmitriy Gorbachev,IOI,1999,cphof,ioi:5480,https://cphof.org/profile/ioi:5480,Dmitriy Gorbachev,1.0,confirmed,exact_name;kazakhstan_context;direct_olympiad_evidence;outbound_profile_links,Kazakhstan,,,profile=ioi:5480; country=Kazakhstan; contest=IOI,https://cphof.org/profile/ioi:5480,http://stats.ioinformatics.org/people/5480
kaz-1d49feff22fe,Dmitriy Gorbachev,Dmitriy Gorbachev,IOI,1999,openalex,A5102067479,https://openalex.org/A5102067479,Dmitriy Gorbachev,0.63,candidate,exact_name;field_alignment;plausible_timeline,,Lomonosov Moscow State University,Research author,"works=9; citations=49; institutions=Tula State University, Lomonosov Moscow State University, Tula State Pedagogical University named after L.N. Tolstoy; topics=Legal and Regulatory Analysis, Linguistic, Cultural, and Literary Studies, Military Technology and Strategies, Spectral Theory in Mathematical Physics, Mathematical functions and polynomials",https://openalex.org/A5102067479,
kaz-1d49feff22fe,Dmitriy Gorbachev,Dmitriy Gorbachev,IOI,1999,wikidata,Q102430205,https://www.wikidata.org/wiki/Q102430205,Dmitriy Gorbachev,0.6,candidate,exact_name;wikidata_name_only;field_alignment,,Steklov Institute of Mathematics,,description=Ph.D. Steklov Institute of Mathematics 1999; education=Steklov Institute of Mathematics,https://www.wikidata.org/wiki/Q102430205,
kaz-1d49feff22fe,Dmitriy Gorbachev,Dmitriy Gorbachev,IOI,1999,openalex,A5044903043,https://openalex.org/A5044903043,Dmitriy A. Gorbachev,0.43,candidate,near_exact_name;plausible_timeline,,Russian Academy of Sciences,Research author,"works=2; citations=43; institutions=Russian Academy of Sciences, Institute of Bioorganic Chemistry, Institute of Bioorganic Chemistry; topics=Advanced Proteomics Techniques and Applications, Advanced biosensing and bioanalysis techniques, Mass Spectrometry Techniques and Applications, Supramolecular Self-Assembly in Materials, Click Chemistry and Applications",https://openalex.org/A5044903043,
kaz-1d49feff22fe,Dmitriy Gorbachev,Dmitriy Gorbachev,IOI,1999,github,gorbachevdmitr,https://github.com/gorbachevdmitr,Dmitriy Gorbachev,0.38,candidate,exact_name;outbound_profile_links;ambiguous_same_name_source,astrakhan russia,gorbachev picture present,I love my family and webdevelopment and i love my bike and my work,login=gorbachevdmitr; company=gorbachev picture present; location=astrakhan russia; bio=I love my family and webdevelopment and i love my bike and my work; website=http://gorbachevdmitr.github.io,https://github.com/gorbachevdmitr,http://gorbachevdmitr.github.io
kaz-1d49feff22fe,Dmitriy Gorbachev,Dmitriy Gorbachev,IOI,1999,github,bestleggins,https://github.com/bestleggins,Dmitriy Gorbachev,0.35,candidate,exact_name;ambiguous_same_name_source,,,,login=bestleggins,https://github.com/bestleggins,
kaz-1d49feff22fe,Dmitriy Gorbachev,Dmitriy Gorbachev,IOI,1999,github,dgorbachev,https://github.com/dgorbachev,Dmitriy Gorbachev,0.35,candidate,exact_name;ambiguous_same_name_source,New York,Barclays Capital,,login=dgorbachev; company=Barclays Capital; location=New York,https://github.com/dgorbachev,
kaz-1deffa0c0a86,Vadim Murzin,Vadim Murzin,IChO,2004,orcid,0000-0003-2743-8398,https://orcid.org/0000-0003-2743-8398,Vadim Murzin,0.7,probable,exact_name;self_asserted_orcid_affiliation;field_alignment;plausible_timeline,,Deutsche Elektronen-Synchrotron DESY,,orcid=0000-0003-2743-8398; current_affiliation=Deutsche Elektronen-Synchrotron DESY,https://orcid.org/0000-0003-2743-8398,
kaz-1deffa0c0a86,Vadim Murzin,Vadim Murzin,IChO,2004,wikidata,Q59662365,https://www.wikidata.org/wiki/Q59662365,Vadim Murzin,0.53,candidate,exact_name;wikidata_name_only;outbound_profile_links,,DESY,researcher,"description=researcher; occupation=researcher; employer=University of Manchester, DESY; orcid=0000-0003-2743-8398",https://www.wikidata.org/wiki/Q59662365,https://orcid.org/0000-0003-2743-8398
kaz-1deffa0c0a86,Vadim Murzin,Vadim Murzin,IChO,2004,github,vadmu,https://github.com/vadmu,Vadim Murzin,0.5,candidate,exact_name,"Hamburg, Germany",,import this,"login=vadmu; location=Hamburg, Germany; bio=import this",https://github.com/vadmu,
kaz-1e71a64a8ebb,Alisher Tortay,Alisher Tortay,IMO,2013,github,chizhik,https://github.com/chizhik,Alisher Tortay,0.53,candidate,exact_name;outbound_profile_links,South Korea,KAIST,,login=chizhik; company=KAIST; location=South Korea; website=https://chizhik.github.io/,https://github.com/chizhik,https://chizhik.github.io/
kaz-21cc95b51c33,Yaroslav Alexandrov,Yaroslav Alexandrov,IPhO,1999,orcid,0000-0002-1944-562X,https://orcid.org/0000-0002-1944-562X,Yaroslav Alexandrov,0.57,candidate,exact_name;self_asserted_orcid_affiliation,,,,orcid=0000-0002-1944-562X,https://orcid.org/0000-0002-1944-562X,
kaz-21cc95b51c33,Yaroslav Alexandrov,Yaroslav Alexandrov,IPhO,1999,openalex,A5036903906,https://openalex.org/A5036903906,Yaroslav V. Alexandrov,0.38,candidate,near_exact_name;field_alignment;plausible_timeline;ambiguous_same_name_source,,Bauman Moscow State Technical University,Research author,"works=1; citations=2; institutions=Bauman Moscow State Technical University; topics=Mechanical Behavior of Composites, Fatigue and fracture mechanics, Mechanical and Thermal Properties Analysis",https://openalex.org/A5036903906,
kaz-21cc95b51c33,Yaroslav Alexandrov,Yaroslav Alexandrov,IPhO,1999,openalex,A5056460773,https://openalex.org/A5056460773,Yaroslav Alexandrov,0.38,candidate,exact_name;plausible_timeline;ambiguous_same_name_source,,State Research Institute of Organic Chemistry and Technology,Research author,"works=1; citations=668; institutions=State Research Institute of Organic Chemistry and Technology; topics=Blockchain Technology Applications and Security, Advanced Malware Detection Techniques, Security and Verification in Computing",https://openalex.org/A5056460773,
kaz-21cc95b51c33,Yaroslav Alexandrov,Yaroslav Alexandrov,IPhO,1999,openalex,A5037933693,https://openalex.org/A5037933693,Yaroslav Alexandrov,0.35,candidate,exact_name;ambiguous_same_name_source,,,Research author,works=1; citations=0; topics=Musicology and Musical Analysis,https://openalex.org/A5037933693,
kaz-22487c0da1b1,Khairosh Yerzhan,Khairosh Yerzhan,IOI,2002,cphof,ioi:4046,https://cphof.org/profile/ioi:4046,Khairosh Yerzhan,1.0,confirmed,exact_name;kazakhstan_context;direct_olympiad_evidence;outbound_profile_links,Kazakhstan,Kazakh-British Technical University,,profile=ioi:4046; country=Kazakhstan; contest=IOI; universities=Kazakh-British Technical University; organization=Kazakh-British Technical University,https://cphof.org/profile/ioi:4046,http://stats.ioinformatics.org/people/4046
kaz-236abc470fa7,Adilet Abu,Adilet Abu,IMO,2022,orcid,0009-0000-5216-6430,https://orcid.org/0009-0000-5216-6430,Adilet Abu,0.77,probable,exact_name;self_asserted_orcid_affiliation;kazakhstan_context,,Al-Farabi Kazakh National University,,orcid=0009-0000-5216-6430; current_affiliation=Al-Farabi Kazakh National University,https://orcid.org/0009-0000-5216-6430,
kaz-236abc470fa7,Adilet Abu,Adilet Abu,IMO,2022,codeforces,youradilet,https://codeforces.com/profile/youradilet,Adilet Abu,0.72,probable,exact_name;kazakhstan_context,Aktau; Kazakhstan,,,handle=youradilet; country=Kazakhstan; city=Aktau,https://codeforces.com/profile/youradilet,
kaz-2457951c5496,Almaz Rakhmetov,Almaz Rakhmetov,IOI,2004,cphof,ioi:150,https://cphof.org/profile/ioi:150,Almaz Rakhmetov,1.0,confirmed,exact_name;kazakhstan_context;direct_olympiad_evidence;outbound_profile_links,Kazakhstan,,,profile=ioi:150; country=Kazakhstan; contest=IOI,https://cphof.org/profile/ioi:150,http://stats.ioinformatics.org/people/150
kaz-2457951c5496,Almaz Rakhmetov,Almaz Rakhmetov,IOI,2004,orcid,0009-0008-4139-5252,https://orcid.org/0009-0008-4139-5252,Almaz Rakhmetov,0.8,probable,exact_name;self_asserted_orcid_affiliation;kazakhstan_context;plausible_timeline,,Toraighyrov University,Student,orcid=0009-0008-4139-5252; current_affiliation=Toraighyrov University; role=Student,https://orcid.org/0009-0008-4139-5252,
kaz-2523ce5463b9,Meiirbek Baimuratov,Meiirbek Baimuratov,IBO,2019,github,mbaimuratov,https://github.com/mbaimuratov,Meiirbek Baimuratov,0.53,candidate,exact_name;outbound_profile_links,,,,login=mbaimuratov,https://github.com/mbaimuratov,https://www.linkedin.com/in/meiirbek-baimuratov/
kaz-260600835e64,Ruslan Kudubayev,Ruslan Kudubayev,IOI,2005,cphof,ioi:4447,https://cphof.org/profile/ioi:4447,Ruslan Kudubayev,1.0,confirmed,exact_name;kazakhstan_context;direct_olympiad_evidence;outbound_profile_links,Kazakhstan,,,profile=ioi:4447; country=Kazakhstan; contest=IOI,https://cphof.org/profile/ioi:4447,http://stats.ioinformatics.org/people/4447
kaz-26535589e436,Timur Abishev,Timur Abishev,IOI,2005,cphof,topcoder:TokarR,https://cphof.org/profile/topcoder:TokarR,Timur Abishev,1.0,confirmed,exact_name;kazakhstan_context;direct_olympiad_evidence;outbound_profile_links,Kazakhstan,,,profile=topcoder:TokarR; country=Kazakhstan; contest=IOI,https://cphof.org/profile/topcoder:TokarR,http://stats.ioinformatics.org/people/2304;https://www.topcoder.com/members/TokarR
kaz-26535589e436,Timur Abishev,Timur Abishev,IOI,2005,github,ttim,https://github.com/ttim,Timur Abishev,0.5,candidate,exact_name,New York,,,login=ttim; location=New York,https://github.com/ttim,
kaz-273cfae90c97,Zhanbolat Zholgeldiev,Zhanbolat Zholgeldiev;Zhanbolat Zholgeldiyev,IChO,2007,codeforces,allchemkz,https://codeforces.com/profile/allchemkz,Zhanbolat Zholgeldiyev,0.72,probable,exact_name;kazakhstan_context,Astana; Kazakhstan,,,handle=allchemkz; country=Kazakhstan; city=Astana,https://codeforces.com/profile/allchemkz,
kaz-28588384ab57,Yerzhan Imanmalik,Yerzhan Imanmalik,IMO,2013,codeforces,MonSteRRR,https://codeforces.com/profile/MonSteRRR,Yerzhan Imanmalik,0.75,probable,exact_name;kazakhstan_context;organization_present,Almaty; Kazakhstan,Skoltech,,handle=MonSteRRR; country=Kazakhstan; city=Almaty; organization=Skoltech,https://codeforces.com/profile/MonSteRRR,
kaz-28588384ab57,Yerzhan Imanmalik,Yerzhan Imanmalik,IMO,2013,orcid,0000-0002-3215-3154,https://orcid.org/0000-0002-3215-3154,Yerzhan Imanmalik,0.57,candidate,exact_name;self_asserted_orcid_affiliation,,AIRI,,orcid=0000-0002-3215-3154; current_affiliation=AIRI,https://orcid.org/0000-0002-3215-3154,
kaz-28588384ab57,Yerzhan Imanmalik,Yerzhan Imanmalik,IMO,2013,github,yerzhanimanmalik,https://github.com/yerzhanimanmalik,Yerzhan Imanmalik,0.38,candidate,exact_name;outbound_profile_links;ambiguous_same_name_source,Moscow,Skolkovo Institute of Science and Technology,Senior Researcher at AIRI,login=yerzhanimanmalik; company=Skolkovo Institute of Science and Technology; location=Moscow; bio=Senior Researcher at AIRI; website=linkedin.com/in/yerzhan-imanmalik,https://github.com/yerzhanimanmalik,linkedin.com/in/yerzhan-imanmalik
kaz-28588384ab57,Yerzhan Imanmalik,Yerzhan Imanmalik,IMO,2013,github,imanmal1k,https://github.com/imanmal1k,Yerzhan Imanmalik,0.35,candidate,exact_name;ambiguous_same_name_source,,,AIRI genomics researcher,login=imanmal1k; bio=AIRI genomics researcher,https://github.com/imanmal1k,
kaz-28588384ab57,Yerzhan Imanmalik,Yerzhan Imanmalik,IMO,2013,github,yerzhan-ryte,https://github.com/yerzhan-ryte,Yerzhan Imanmalik,0.35,candidate,exact_name;ambiguous_same_name_source,,,,login=yerzhan-ryte,https://github.com/yerzhan-ryte,
kaz-28f11085b34d,Dauren Kaliyev,Dauren Kaliyev,IChO,2007,orcid,0009-0005-0484-4985,https://orcid.org/0009-0005-0484-4985,Dauren Kaliyev,0.8,probable,exact_name;self_asserted_orcid_affiliation;kazakhstan_context;plausible_timeline,,Abai Kazakh National Pedagogical University,Magistrant student,orcid=0009-0005-0484-4985; current_affiliation=Abai Kazakh National Pedagogical University; role=Magistrant student,https://orcid.org/0009-0005-0484-4985,
kaz-2a649bf1de05,Sultan Aitekenov,Sultan Aitekenov,IChO,2008,orcid,0000-0002-7294-775X,https://orcid.org/0000-0002-7294-775X,Sultan Aitekenov,0.57,candidate,exact_name;self_asserted_orcid_affiliation,,,,orcid=0000-0002-7294-775X,https://orcid.org/0000-0002-7294-775X,
kaz-2b2d1a08a130,Arnat Balabiyev,Arnat Balabiyer;Arnat Balabiyev,IBO,2007,orcid,0000-0002-8904-598X,https://orcid.org/0000-0002-8904-598X,Arnat Balabiyev,0.9,probable,exact_name;self_asserted_orcid_affiliation;kazakhstan_context;field_alignment;plausible_timeline,,Arizona State University,Associate Research Scientist,"orcid=0000-0002-8904-598X; current_affiliation=Arizona State University; past_affiliation=Arizona State University,Nazarbayev University,Purdue University System,Nilogen Oncosystems,Predictive Oncology Inc,zPREDICTA,ASU; role=Associate Research Scientist",https://orcid.org/0000-0002-8904-598X,
kaz-2b2d1a08a130,Arnat Balabiyev,Arnat Balabiyer;Arnat Balabiyev,IBO,2007,wikidata,Q64897135,https://www.wikidata.org/wiki/Q64897135,Arnat Balabiyev,0.5,candidate,exact_name;wikidata_name_only,,,researcher,description=researcher; occupation=researcher,https://www.wikidata.org/wiki/Q64897135,
kaz-2d9952af7ca2,Khafiz Zhumadil,Khafiz Zhumadil,IBO,2013,orcid,0000-0002-2900-2830,https://orcid.org/0000-0002-2900-2830,Khafiz Zhumadil,0.67,probable,exact_name;self_asserted_orcid_affiliation;field_alignment,,,,orcid=0000-0002-2900-2830,https://orcid.org/0000-0002-2900-2830,
kaz-2dda7e7144cb,Almaz Kungozhin,Almaz Kungozhin,IMO,1995,orcid,0009-0000-4040-0605,https://orcid.org/0009-0000-4040-0605,Almaz Kungozhin,0.8,probable,exact_name;self_asserted_orcid_affiliation;kazakhstan_context;plausible_timeline,,Al-Farabi Kazakh National University,Associated Professor,orcid=0009-0000-4040-0605; current_affiliation=Al-Farabi Kazakh National University; role=Associated Professor,https://orcid.org/0009-0000-4040-0605,
kaz-310c08212560,Anton Morgunov,Anton Morgunov,IChO,2016,orcid,0009-0004-6245-0354,https://orcid.org/0009-0004-6245-0354,Anton Morgunov,0.85,probable,exact_name;self_asserted_orcid_affiliation;field_alignment;plausible_timeline;cross_source_organization,,Yale University,Graduate Student,"orcid=0009-0004-6245-0354; past_affiliation=Yale University,Massachusetts Institute of Technology,Yale University,Massachusetts Institute of Technology; role=Graduate Student",https://orcid.org/0009-0004-6245-0354,https://ischemist.com
kaz-310c08212560,Anton Morgunov,Anton Morgunov,IChO,2016,github,anmorgunov,https://github.com/anmorgunov,Anton Morgunov,0.68,candidate,exact_name;outbound_profile_links;cross_source_organization,"New Haven, CT",Yale University,,"login=anmorgunov; company=Yale University; location=New Haven, CT; website=https://ischemist.com/",https://github.com/anmorgunov,https://ischemist.com/
kaz-310c08212560,Anton Morgunov,Anton Morgunov,IChO,2016,orcid,0000-0002-7784-8961,https://orcid.org/0000-0002-7784-8961,Anton Morgunov,0.57,candidate,exact_name;self_asserted_orcid_affiliation,,,,orcid=0000-0002-7784-8961,https://orcid.org/0000-0002-7784-8961,
kaz-310c08212560,Anton Morgunov,Anton Morgunov,IChO,2016,orcid,0000-0003-1697-8858,https://orcid.org/0000-0003-1697-8858,Anton Morgunov,0.57,candidate,exact_name;self_asserted_orcid_affiliation,,Федеральное казенное учреждение Научно-исследовательский институт ФСИН России,старший научный сотрудник,orcid=0000-0003-1697-8858; current_affiliation=Федеральное казенное учреждение Научно-исследовательский институт ФСИН России; role=старший научный сотрудник,https://orcid.org/0000-0003-1697-8858,
kaz-310c08212560,Anton Morgunov,Anton Morgunov,IChO,2016,github,AntonMorgunov,https://github.com/AntonMorgunov,Anton Morgunov,0.5,candidate,exact_name,"Moscow, Russia",,,"login=AntonMorgunov; location=Moscow, Russia",https://github.com/AntonMorgunov,
kaz-310c08212560,Anton Morgunov,Anton Morgunov,IChO,2016,github,amgenesis,https://github.com/amgenesis,Anton Morgunov,0.5,candidate,exact_name,,@genesistherapeutics,,login=amgenesis; company=@genesistherapeutics,https://github.com/amgenesis,
kaz-32373fc425de,Sergazy Kalmurzayev,Sergazy Kalmurzayev,IMO,2012,github,SergazyK,https://github.com/SergazyK,Sergazy Kalmurzayev,0.72,probable,exact_name;kazakhstan_context,Kazakhstan,,,login=SergazyK; location=Kazakhstan,https://github.com/SergazyK,
kaz-329a330cca14,Saken Dushayev,Saken Dushayev,IMO,2011,codeforces,aspiring_man,https://codeforces.com/profile/aspiring_man,Saken Dushayev,0.75,probable,exact_name;kazakhstan_context;organization_present,Almaty; Kazakhstan,Almaty IITU,,handle=aspiring_man; country=Kazakhstan; city=Almaty; organization=Almaty IITU,https://codeforces.com/profile/aspiring_man,
kaz-329a330cca14,Saken Dushayev,Saken Dushayev,IMO,2011,github,dushayevsaken,https://github.com/dushayevsaken,Saken Dushayev,0.72,probable,exact_name;kazakhstan_context,Almaty,Khan Group,Java Developer,login=dushayevsaken; company=Khan Group; location=Almaty; bio=Java Developer,https://github.com/dushayevsaken,
kaz-32bc606217ec,Aruzhan Amanbayeva,Aruzhan Amanbayeva,IMO,2016,orcid,0009-0009-3827-8634,https://orcid.org/0009-0009-3827-8634,Aruzhan Amanbayeva,0.8,probable,exact_name;self_asserted_orcid_affiliation;kazakhstan_context;plausible_timeline,,S.Seifullin Kazakh Agro Technical University,Master's student,"orcid=0009-0009-3827-8634; current_affiliation=S.Seifullin Kazakh Agro Technical University,NWAFU; past_affiliation=Kazakh National Agrarian Research University; role=Master's student",https://orcid.org/0009-0009-3827-8634,
kaz-32bc606217ec,Aruzhan Amanbayeva,Aruzhan Amanbayeva,IMO,2016,orcid,0009-0005-2174-9816,https://orcid.org/0009-0005-2174-9816,Aruzhan Amanbayeva,0.6,candidate,exact_name;self_asserted_orcid_affiliation;plausible_timeline,,École Polytechnique Fédérale de Lausanne,PhD Student,orcid=0009-0005-2174-9816; current_affiliation=École Polytechnique Fédérale de Lausanne; role=PhD Student,https://orcid.org/0009-0005-2174-9816,
kaz-32cf54f8673f,Oleg Obukhov,Obukhov Oleg;Oleg Obukhov,IBO,2006,orcid,0000-0002-9535-1764,https://orcid.org/0000-0002-9535-1764,Oleg Obukhov,0.57,candidate,exact_name;self_asserted_orcid_affiliation,,,,orcid=0000-0002-9535-1764,https://orcid.org/0000-0002-9535-1764,
kaz-32cf54f8673f,Oleg Obukhov,Obukhov Oleg;Oleg Obukhov,IBO,2006,github,oobukhov-intellective,https://github.com/oobukhov-intellective,Oleg Obukhov,0.35,candidate,exact_name;ambiguous_same_name_source,,Intellective,,login=oobukhov-intellective; company=Intellective,https://github.com/oobukhov-intellective,
kaz-32cf54f8673f,Oleg Obukhov,Obukhov Oleg;Oleg Obukhov,IBO,2006,github,scarykidus,https://github.com/scarykidus,Oleg Obukhov,0.35,candidate,exact_name;ambiguous_same_name_source,,,,login=scarykidus,https://github.com/scarykidus,
kaz-32cf54f8673f,Oleg Obukhov,Obukhov Oleg;Oleg Obukhov,IBO,2006,wikidata,Q4330060,https://www.wikidata.org/wiki/Q4330060,Oleg Obukhov,0.1,candidate,exact_name;wikidata_name_only;timeline_conflict,Nizhny Novgorod; Soviet Union; Russia,Privolzhsky Research Medical University,physician,"description=Russian physician; occupation=physician, surgeon; education=Privolzhsky Research Medical University; citizenship=Soviet Union, Russia",https://www.wikidata.org/wiki/Q4330060,
kaz-3357e6338568,Yevgeniy Zagayevskiy,Yevgeniy Zagayevskiy,IPhO,2005,orcid,0000-0003-4016-3835,https://orcid.org/0000-0003-4016-3835,Yevgeniy Zagayevskiy,0.57,candidate,exact_name;self_asserted_orcid_affiliation,,,,orcid=0000-0003-4016-3835,https://orcid.org/0000-0003-4016-3835,
kaz-36f5d4e0f896,Van Li,Van Li,IOI,2022,cphof,codeforces:Lokeo,https://cphof.org/profile/codeforces:Lokeo,Van Li,1.0,confirmed,exact_name;kazakhstan_context;direct_olympiad_evidence;outbound_profile_links,Kazakhstan,UNIST,,profile=codeforces:Lokeo; country=Kazakhstan; contest=IOI; codeforces=Lokeo; organization=UNIST,https://cphof.org/profile/codeforces:Lokeo,http://stats.ioinformatics.org/people/7810;https://codeforces.com/profile/Lokeo
kaz-36f5d4e0f896,Van Li,Van Li,IOI,2022,orcid,0000-0001-7978-9558,https://orcid.org/0000-0001-7978-9558,Van Li,0.57,candidate,exact_name;self_asserted_orcid_affiliation,,,,orcid=0000-0001-7978-9558,https://orcid.org/0000-0001-7978-9558,
kaz-36f5d4e0f896,Van Li,Van Li,IOI,2022,github,lovingkirsi,https://github.com/lovingkirsi,Van.Li,0.35,candidate,exact_name;ambiguous_same_name_source,,,,login=lovingkirsi,https://github.com/lovingkirsi,
kaz-36f5d4e0f896,Van Li,Van Li,IOI,2022,github,weinadium,https://github.com/weinadium,Van Li,0.35,candidate,exact_name;ambiguous_same_name_source,XIamen City,Xiamen University,Xiamen University,login=weinadium; company=Xiamen University; location=XIamen City; bio=Xiamen University,https://github.com/weinadium,
kaz-36fb8d2c335b,Zeinul-Gabiden Kazhkenov,Zeinul-Gabiden Kazhkenov,IChO,2000,openalex,A5064386650,https://openalex.org/A5064386650,Zeinul-Gabiden M. Kazhkenov,0.53,candidate,near_exact_name;field_alignment;plausible_timeline,,"University of Minnesota, Duluth",Research author,"works=4; citations=66; institutions=Lomonosov Moscow State University, University of Minnesota, Duluth; topics=Oxidative Organic Chemistry Reactions, Synthesis and Catalytic Reactions, Asymmetric Synthesis and Catalysis, Catalytic C–H Functionalization Methods, Chemical Synthesis and Reactions",https://openalex.org/A5064386650,
kaz-380ff32a092b,Amir Bralin,Amir Bralin,IPhO,2013,orcid,0009-0008-0675-2824,https://orcid.org/0009-0008-0675-2824,Amir Bralin,0.7,probable,exact_name;self_asserted_orcid_affiliation;field_alignment;plausible_timeline,,Texas Tech University,Post Doctoral Research Associate,orcid=0009-0008-0675-2824; current_affiliation=Texas Tech University; past_affiliation=Purdue University West Lafayette; role=Post Doctoral Research Associate,https://orcid.org/0009-0008-0675-2824,
kaz-380ff32a092b,Amir Bralin,Amir Bralin,IPhO,2013,github,amirbralin,https://github.com/amirbralin,Amir Bralin,0.5,candidate,exact_name,,,,login=amirbralin,https://github.com/amirbralin,
kaz-3be79cb80aa3,Daniil Shatokhin,Daniil Shatokhin,IPhO,2022,orcid,0000-0001-7711-9622,https://orcid.org/0000-0001-7711-9622,daniil shatokhin,0.57,candidate,exact_name;self_asserted_orcid_affiliation,,,,orcid=0000-0001-7711-9622,https://orcid.org/0000-0001-7711-9622,
kaz-3be79cb80aa3,Daniil Shatokhin,Daniil Shatokhin,IPhO,2022,github,Dalbick,https://github.com/Dalbick,Daniil Shatokhin,0.5,candidate,exact_name,United States,,,login=Dalbick; location=United States,https://github.com/Dalbick,
kaz-3dd740673c5d,Maxat Aipanov,Maxat Aipanov,IOI,1998,cphof,ioi:1516,https://cphof.org/profile/ioi:1516,Maxat Aipanov,1.0,confirmed,exact_name;kazakhstan_context;direct_olympiad_evidence;outbound_profile_links,Kazakhstan,,,profile=ioi:1516; country=Kazakhstan; contest=IOI,https://cphof.org/profile/ioi:1516,http://stats.ioinformatics.org/people/1516
kaz-3e91bdc28e40,Alexey Dudnik,Alexey Dudnik;Dudnik Alexey,IBO,2003,orcid,0000-0002-5328-0291,https://orcid.org/0000-0002-5328-0291,Alexey Dudnik,0.7,probable,exact_name;self_asserted_orcid_affiliation;field_alignment;plausible_timeline,,Technical University of Denmark,Postdoctoral fellow,"orcid=0000-0002-5328-0291; current_affiliation=Technical University of Denmark; past_affiliation=University of Zurich,Jacobs University Bremen,Jacobs University Bremen; role=Postdoctoral fellow",https://orcid.org/0000-0002-5328-0291,
kaz-3e91bdc28e40,Alexey Dudnik,Alexey Dudnik;Dudnik Alexey,IBO,2003,orcid,0000-0001-8228-872X,https://orcid.org/0000-0001-8228-872X,Alexey Dudnik,0.57,candidate,exact_name;self_asserted_orcid_affiliation,,,,orcid=0000-0001-8228-872X,https://orcid.org/0000-0001-8228-872X,
kaz-3e91bdc28e40,Alexey Dudnik,Alexey Dudnik;Dudnik Alexey,IBO,2003,wikidata,Q57010419,https://www.wikidata.org/wiki/Q57010419,Alexey Dudnik,0.53,candidate,exact_name;wikidata_name_only;outbound_profile_links,,Technical University of Denmark,researcher,"description=researcher; occupation=researcher; employer=Technical University of Denmark; education=University of Zurich, IRC/Library at Constructor University Bremen, IRC/Library at Constructor University Bremen; orcid=0000-0002-5328-0291",https://www.wikidata.org/wiki/Q57010419,https://orcid.org/0000-0002-5328-0291
kaz-3e91bdc28e40,Alexey Dudnik,Alexey Dudnik;Dudnik Alexey,IBO,2003,github,13EYECORE,https://github.com/13EYECORE,Alexey Dudnik,0.5,candidate,exact_name,,,,login=13EYECORE,https://github.com/13EYECORE,
kaz-3f389fc299cf,Dmitriy Dolzhnikov,Dmitriy Dolzhnikov,IChO,2003,orcid,0000-0002-2588-0759,https://orcid.org/0000-0002-2588-0759,Dmitriy Dolzhnikov,0.87,probable,exact_name;self_asserted_orcid_affiliation;field_alignment;linked_profile,,,,orcid=0000-0002-2588-0759,https://orcid.org/0000-0002-2588-0759,
kaz-3f389fc299cf,Dmitriy Dolzhnikov,Dmitriy Dolzhnikov,IChO,2003,openalex,A5038381260,https://openalex.org/A5038381260,Dmitriy S. Dolzhnikov,0.85,probable,near_exact_name;field_alignment;orcid_present;plausible_timeline;self_asserted_orcid_affiliation;linked_profile,,Oak Ridge National Laboratory,Research author,"works=37; citations=2154; institutions=Northwestern University, Argonne National Laboratory, Oak Ridge National Laboratory, Chicago Institute for Psychoanalysis, School of the Art Institute of Chicago, University of Chicago, Unité de catalyse et de chimie du solide de Lille, Université Lille Nord de France, University of Bologna; topics=Quantum Dots Synthesis And Properties, Chalcogenide Semiconductor Thin Films, Crystallization and Solubility Studies, X-ray Diffraction in Crystallography, Nanocluster Synthesis and Applications; orcid=https://orcid.org/0000-0002-2588-0759",https://openalex.org/A5038381260,https://orcid.org/0000-0002-2588-0759
kaz-3f389fc299cf,Dmitriy Dolzhnikov,Dmitriy Dolzhnikov,IChO,2003,wikidata,Q46639306,https://www.wikidata.org/wiki/Q46639306,Dmitriy Dolzhnikov,0.53,candidate,exact_name;wikidata_name_only;outbound_profile_links,,,researcher,description=researcher; occupation=researcher; orcid=0000-0002-2588-0759,https://www.wikidata.org/wiki/Q46639306,https://orcid.org/0000-0002-2588-0759
kaz-40d2fa33ec3e,Syrymbet Iskakov,Syrymbet Iskakov,IOI,2004,cphof,ioi:2227,https://cphof.org/profile/ioi:2227,Syrymbet Iskakov,1.0,confirmed,exact_name;kazakhstan_context;direct_olympiad_evidence;outbound_profile_links,Kazakhstan,,,profile=ioi:2227; country=Kazakhstan; contest=IOI,https://cphof.org/profile/ioi:2227,http://stats.ioinformatics.org/people/2227
kaz-41f531ed3520,Yegor Klochkov,Yegor Klochkov,IMO,2008,orcid,0000-0002-6366-3405,https://orcid.org/0000-0002-6366-3405,Yegor Klochkov,0.57,candidate,exact_name;self_asserted_orcid_affiliation,,,,orcid=0000-0002-6366-3405,https://orcid.org/0000-0002-6366-3405,
kaz-41f531ed3520,Yegor Klochkov,Yegor Klochkov,IMO,2008,wikidata,Q103160537,https://www.wikidata.org/wiki/Q103160537,Yegor Klochkov,0.53,candidate,exact_name;wikidata_name_only;outbound_profile_links,,Humboldt-Universität zu Berlin,economist,description=Ph.D. Humboldt-Universität zu Berlin 2019; occupation=economist; education=Humboldt-Universität zu Berlin; orcid=0000-0002-6366-3405,https://www.wikidata.org/wiki/Q103160537,https://orcid.org/0000-0002-6366-3405
kaz-42799b8826c4,Meirambek Omyrzak,Meirambek Omyrzak,IOI,2013,codeforces,Meirambek,https://codeforces.com/profile/Meirambek,Meirambek Omyrzak,1.0,confirmed,exact_name;kazakhstan_context;organization_present;cross_source_organization;linked_profile,Almaty; Kazakhstan,Almaty KTL,,handle=Meirambek; country=Kazakhstan; city=Almaty; organization=Almaty KTL,https://codeforces.com/profile/Meirambek,
kaz-42799b8826c4,Meirambek Omyrzak,Meirambek Omyrzak,IOI,2013,cphof,topcoder:meirambek,https://cphof.org/profile/topcoder:meirambek,Meirambek Omyrzak,1.0,confirmed,exact_name;kazakhstan_context;direct_olympiad_evidence;outbound_profile_links;cross_source_organization;linked_profile,Almaty; Kazakhstan,Almaty KTL,,profile=topcoder:meirambek; country=Kazakhstan; contest=IOI; codeforces=Meirambek; organization=Almaty KTL,https://cphof.org/profile/topcoder:meirambek,http://stats.ioinformatics.org/people/3114;https://codeforces.com/profile/Meirambek;https://www.topcoder.com/members/meirambek
kaz-42eef016184c,Bakhytzhan Baizhikenov,Bakhytzhan Baizhikenov,IOI,2005,cphof,topcoder:bahakz,https://cphof.org/profile/topcoder:bahakz,Bakhytzhan Baizhikenov,1.0,confirmed,exact_name;kazakhstan_context;direct_olympiad_evidence;outbound_profile_links,Taldykorgan; Kazakhstan,Kazakh-British Technical University,,profile=topcoder:bahakz; country=Kazakhstan; contest=IOI; codeforces=bahakz; universities=Kazakh-British Technical University; organization=Kazakh-British Technical University,https://cphof.org/profile/topcoder:bahakz,http://stats.ioinformatics.org/people/311;https://codeforces.com/profile/bahakz;https://www.topcoder.com/members/bahakz
kaz-42f3a5145199,Denis Utkin,Denis Utkin,IPhO,2003,orcid,0000-0002-5903-7700,https://orcid.org/0000-0002-5903-7700,Denis Utkin,0.67,probable,exact_name;self_asserted_orcid_affiliation;field_alignment,,Saratov State University,,"orcid=0000-0002-5903-7700; current_affiliation=Saratov State University,Saratov State University,Russian Scientific Research Institute Microbe,Russian Scientific Research Institute Microbe",https://orcid.org/0000-0002-5903-7700,
kaz-42f3a5145199,Denis Utkin,Denis Utkin,IPhO,2003,wikidata,Q86774060,https://www.wikidata.org/wiki/Q86774060,Denis Utkin,0.53,candidate,exact_name;wikidata_name_only;outbound_profile_links,,Russian Scientific Research Institute Microbe,researcher,description=researcher; occupation=researcher; employer=Russian Scientific Research Institute Microbe; education=Saratov State University; orcid=0000-0002-5903-7700,https://www.wikidata.org/wiki/Q86774060,https://orcid.org/0000-0002-5903-7700
kaz-42f3a5145199,Denis Utkin,Denis Utkin,IPhO,2003,github,dizirator,https://github.com/dizirator,Denis Utkin,0.5,candidate,exact_name,,,,login=dizirator,https://github.com/dizirator,
kaz-42f3a5145199,Denis Utkin,Denis Utkin,IPhO,2003,openalex,A5134663196,https://openalex.org/A5134663196,Denis Utkin,0.45,candidate,exact_name;field_alignment;ambiguous_same_name_source,,,Research author,"works=1; citations=0; topics=Advanced Combinatorial Mathematics, graph theory and CDMA systems, Mathematics and Applications",https://openalex.org/A5134663196,
kaz-42f3a5145199,Denis Utkin,Denis Utkin,IPhO,2003,openalex,A5144281248,https://openalex.org/A5144281248,Denis Utkin,0.35,candidate,exact_name;ambiguous_same_name_source,,,Research author,"works=1; citations=0; topics=Finite Group Theory Research, Advanced Combinatorial Mathematics, Genome Rearrangement Algorithms",https://openalex.org/A5144281248,
kaz-42f3a5145199,Denis Utkin,Denis Utkin,IPhO,2003,openalex,A5144353130,https://openalex.org/A5144353130,Denis Utkin,0.35,candidate,exact_name;ambiguous_same_name_source,,,Research author,"works=1; citations=0; topics=Finite Group Theory Research, Advanced Combinatorial Mathematics, Genome Rearrangement Algorithms",https://openalex.org/A5144353130,
kaz-4357b3307079,Batyrkhan Orynkul,Batyrkhan Orynkul,IMO,2013,codeforces,batyrkhan14,https://codeforces.com/profile/batyrkhan14,Batyrkhan Orynkul,0.75,probable,exact_name;kazakhstan_context;organization_present,Taraz; Kazakhstan,Nazarbayev University,,handle=batyrkhan14; country=Kazakhstan; city=Taraz; organization=Nazarbayev University,https://codeforces.com/profile/batyrkhan14,
kaz-444dd6943eb0,Vyacheslav Kim,Vyacheslav Kim,IOI,2011,cphof,topcoder:imslavko,https://cphof.org/profile/topcoder:imslavko,Vyacheslav Kim,1.0,confirmed,exact_name;kazakhstan_context;direct_olympiad_evidence;outbound_profile_links,Boston; United States,MIT,,profile=topcoder:imslavko; country=Kazakhstan; contest=IOI; codeforces=imslavko; organization=MIT,https://cphof.org/profile/topcoder:imslavko,http://stats.ioinformatics.org/people/2474;https://codeforces.com/profile/imslavko;https://www.topcoder.com/members/imslavko
kaz-444dd6943eb0,Vyacheslav Kim,Vyacheslav Kim,IOI,2011,github,vyacheslav-kim-vertex,https://github.com/vyacheslav-kim-vertex,Vyacheslav Kim,0.72,probable,exact_name;kazakhstan_context,Kazakhstan - Almaty,,,login=vyacheslav-kim-vertex; location=Kazakhstan - Almaty,https://github.com/vyacheslav-kim-vertex,
kaz-444dd6943eb0,Vyacheslav Kim,Vyacheslav Kim,IOI,2011,orcid,0000-0001-5996-2296,https://orcid.org/0000-0001-5996-2296,Vyacheslav Kim,0.7,probable,exact_name;self_asserted_orcid_affiliation;field_alignment;plausible_timeline,,Institute for Advanced Studies at New Uzbekistan University,Head of the Lab,orcid=0000-0001-5996-2296; current_affiliation=Institute for Advanced Studies at New Uzbekistan University; role=Head of the Lab,https://orcid.org/0000-0001-5996-2296,https://ias.newuu.uz/laboratories/materials-science-laser-and-nanotechnology
kaz-444dd6943eb0,Vyacheslav Kim,Vyacheslav Kim,IOI,2011,codeforces,SlavaSSU,https://codeforces.com/profile/SlavaSSU,Vyacheslav Kim,0.53,candidate,exact_name;organization_present,Saratov; Russia,Saratov State U,,handle=SlavaSSU; country=Russia; city=Saratov; organization=Saratov State U,https://codeforces.com/profile/SlavaSSU,
kaz-444dd6943eb0,Vyacheslav Kim,Vyacheslav Kim,IOI,2011,github,LordRonin,https://github.com/LordRonin,Vyacheslav Kim,0.5,candidate,exact_name,,,,login=LordRonin,https://github.com/LordRonin,
kaz-444dd6943eb0,Vyacheslav Kim,Vyacheslav Kim,IOI,2011,github,VolosGreeck,https://github.com/VolosGreeck,Vyacheslav Kim,0.5,candidate,exact_name,,,,login=VolosGreeck,https://github.com/VolosGreeck,
kaz-444dd6943eb0,Vyacheslav Kim,Vyacheslav Kim,IOI,2011,github,VyacheslavKimTR,https://github.com/VyacheslavKimTR,Vyacheslav Kim,0.5,candidate,exact_name,,,,login=VyacheslavKimTR,https://github.com/VyacheslavKimTR,
kaz-444dd6943eb0,Vyacheslav Kim,Vyacheslav Kim,IOI,2011,wikidata,Q12538435,https://www.wikidata.org/wiki/Q12538435,Vyacheslav Kim,0.35,candidate,exact_name;wikidata_name_only;kazakhstan_context;timeline_conflict;outbound_profile_links,,Kaspi.kz Joint Stock Company,businessperson,"description=economist, investor, patron; occupation=businessperson, economist; employer=Kaspi.kz Joint Stock Company; education=Kazakh National Pedagogical University",https://www.wikidata.org/wiki/Q12538435,https://en.wikipedia.org/wiki/Vyacheslav_Kim
kaz-44c1e8dd8198,Galymzhan Moldagulov,Galymzhan Moldagulov,IChO,2018,orcid,0009-0006-5742-130X,https://orcid.org/0009-0006-5742-130X,Galymzhan Moldagulov,0.6,candidate,exact_name;self_asserted_orcid_affiliation;plausible_timeline,,Ulsan National Institute of Science and Technology,,"orcid=0009-0006-5742-130X; current_affiliation=Ulsan National Institute of Science and Technology,Institute for Basic Science; past_affiliation=Korea Advanced Institute of Science and Technology",https://orcid.org/0009-0006-5742-130X,
kaz-462ea4363511,Denis Ovchinnikov,Denis Ovchinnikov,IMO,2010,orcid,0000-0001-9313-2448,https://orcid.org/0000-0001-9313-2448,Denis Ovchinnikov,0.57,candidate,exact_name;self_asserted_orcid_affiliation,,,,orcid=0000-0001-9313-2448,https://orcid.org/0000-0001-9313-2448,
kaz-462ea4363511,Denis Ovchinnikov,Denis Ovchinnikov,IMO,2010,wikidata,Q90699472,https://www.wikidata.org/wiki/Q90699472,Denis Ovchinnikov,0.53,candidate,exact_name;wikidata_name_only;outbound_profile_links,,,researcher,description=researcher (ORCID 0000-0001-9313-2448); occupation=researcher; orcid=0000-0001-9313-2448,https://www.wikidata.org/wiki/Q90699472,https://orcid.org/0000-0001-9313-2448
kaz-462ea4363511,Denis Ovchinnikov,Denis Ovchinnikov,IMO,2010,github,DenisOvchinnikov93,https://github.com/DenisOvchinnikov93,Denis Ovchinnikov,0.35,candidate,exact_name;ambiguous_same_name_source,"Toronto, Canada",NVIDIA,,"login=DenisOvchinnikov93; company=NVIDIA; location=Toronto, Canada",https://github.com/DenisOvchinnikov93,
kaz-462ea4363511,Denis Ovchinnikov,Denis Ovchinnikov,IMO,2010,github,Jettatura,https://github.com/Jettatura,Denis Ovchinnikov,0.35,candidate,exact_name;ambiguous_same_name_source,"Babylon, Akkadian Empire",elvees,,"login=Jettatura; company=elvees; location=Babylon, Akkadian Empire",https://github.com/Jettatura,
kaz-462ea4363511,Denis Ovchinnikov,Denis Ovchinnikov,IMO,2010,github,ovchinnikov7,https://github.com/ovchinnikov7,Denis Ovchinnikov,0.35,candidate,exact_name;ambiguous_same_name_source,,,,login=ovchinnikov7,https://github.com/ovchinnikov7,
kaz-462ea4363511,Denis Ovchinnikov,Denis Ovchinnikov,IMO,2010,github,zamerzan,https://github.com/zamerzan,Denis Ovchinnikov,0.35,candidate,exact_name;ambiguous_same_name_source,Crimea,,"Fuck Your Sanctions, Github!","login=zamerzan; location=Crimea; bio=Fuck Your Sanctions, Github!",https://github.com/zamerzan,
kaz-47297d0b8770,Tolebi Sailauov,Tolebi Sailauov,IMO,2009,orcid,0000-0002-5922-0011,https://orcid.org/0000-0002-5922-0011,Tolebi Sailauov,0.6,candidate,exact_name;self_asserted_orcid_affiliation;plausible_timeline,,Nanyang Technological University,PhD,"orcid=0000-0002-5922-0011; past_affiliation=Nanyang Technological University,Nanyang Technological University; role=PhD",https://orcid.org/0000-0002-5922-0011,
kaz-47792c0edb59,Adil Kabylda,Adil Kabilda;Adil Kabylda,IChO,2014,orcid,0000-0002-8620-6135,https://orcid.org/0000-0002-8620-6135,Adil Kabylda,1.0,confirmed,exact_name;self_asserted_orcid_affiliation;direct_olympiad_evidence;field_alignment;plausible_timeline,,Technische Universität Berlin,"Research Fellow, Machine Learning Group","orcid=0000-0002-8620-6135; current_affiliation=Lindau Nobel Laureate Meetings,The Luxembourg National Research Fund,Yandex,Lomonosov Moscow State University,Lomonosov Moscow State University,47th International Chemistry Olympiad,46th International Chemistry Olympiad; past_affiliation=University of Luxembourg,Lomonosov Moscow State University,University of Luxembourg,Technische Universität Berlin,Institute for Pure and Applied Mathematics\, UCLA,Lomonosov Moscow State University,Nanyang Technological University,Lomonosov Moscow State University,Lomonosov Moscow State University; role=Research Fellow, Machine Learning Group",https://orcid.org/0000-0002-8620-6135,https://kabylda.github.io/
kaz-47792c0edb59,Adil Kabylda,Adil Kabilda;Adil Kabylda,IChO,2014,github,kabylda,https://github.com/kabylda,Adil Kabylda,0.53,candidate,exact_name;outbound_profile_links,Luxembourg,University of Luxembourg,,login=kabylda; company=University of Luxembourg; location=Luxembourg; website=kabylda.github.io,https://github.com/kabylda,kabylda.github.io
kaz-477ae2fd5dbc,Alikhan Kudaibergenov,Alikhan Kudaibergenov,IMO,2017,codeforces,alihotnik,https://codeforces.com/profile/alihotnik,Alikhan Kudaibergenov,0.5,candidate,exact_name,Canada,,,handle=alihotnik; country=Canada,https://codeforces.com/profile/alihotnik,
kaz-477ae2fd5dbc,Alikhan Kudaibergenov,Alikhan Kudaibergenov,IMO,2017,github,alihuuuntr,https://github.com/alihuuuntr,Alikhan Kudaibergenov,0.5,candidate,exact_name,"Waterloo, Canada",University of Waterloo,,"login=alihuuuntr; company=University of Waterloo; location=Waterloo, Canada",https://github.com/alihuuuntr,
kaz-47c266b2b44f,Yermek Kaipov,Yermek Kaipov,IPhO,2005,orcid,0009-0001-1396-0030,https://orcid.org/0009-0001-1396-0030,Yermek Kaipov,0.6,candidate,exact_name;self_asserted_orcid_affiliation;plausible_timeline,,Schlumberger (France),Reservoir Domain Champion,orcid=0009-0001-1396-0030; current_affiliation=Schlumberger (France); role=Reservoir Domain Champion,https://orcid.org/0009-0001-1396-0030,
kaz-492c4144387e,Kassym Mukhanbetiyar,Kassym Mukhanbetiyar,IMO,2019,github,kassymm,https://github.com/kassymm,Kassym Mukhanbetiyar,0.53,candidate,exact_name;outbound_profile_links,"Milan, Italy",,MS in AI @ Bocconi University,"login=kassymm; location=Milan, Italy; bio=MS in AI @ Bocconi University",https://github.com/kassymm,https://www.linkedin.com/in/kassymm/
kaz-49e2c68e6afb,Diyar Tulenov,Diyar Tulenov,IPhO,2018,github,tdiyar,https://github.com/tdiyar,Diyar Tulenov,0.5,candidate,exact_name,,,Hello! I'm a Computer Science student at KAIST.,login=tdiyar; bio=Hello! I'm a Computer Science student at KAIST.,https://github.com/tdiyar,
kaz-49e795089f9c,Anton Nikolayev,Anton Nikolayev,IOI,2002,cphof,ioi:245,https://cphof.org/profile/ioi:245,Anton Nikolayev,1.0,confirmed,exact_name;kazakhstan_context;direct_olympiad_evidence;outbound_profile_links,Kazakhstan,,,profile=ioi:245; country=Kazakhstan; contest=IOI,https://cphof.org/profile/ioi:245,http://stats.ioinformatics.org/people/245
kaz-49e795089f9c,Anton Nikolayev,Anton Nikolayev,IOI,2002,wikidata,Q4320113,https://www.wikidata.org/wiki/Q4320113,Anton Nikolayev,0.1,candidate,exact_name;wikidata_name_only;timeline_conflict,Novosibirsk; Russia,,painter,"description=Russian painter; occupation=painter, journalist, artist; citizenship=Russia",https://www.wikidata.org/wiki/Q4320113,
kaz-49f853356dc6,Yevgeni Yakovlev,Yevgeni Yakovlev,IMO,1992,wikidata,Q4536895,https://www.wikidata.org/wiki/Q4536895,Yevgeni Yakovlev,0.1,candidate,exact_name;wikidata_name_only;timeline_conflict,Saint Petersburg Governorate; Russian Empire,,military officer,occupation=military officer; citizenship=Russian Empire,https://www.wikidata.org/wiki/Q4536895,
kaz-4a00a35c3f4a,Andrey Bogdanchikov,Andrey Bogdanchikov,IOI,2003,cphof,ioi:4087,https://cphof.org/profile/ioi:4087,Andrey Bogdanchikov,1.0,confirmed,exact_name;kazakhstan_context;direct_olympiad_evidence;outbound_profile_links,Kazakhstan,,,profile=ioi:4087; country=Kazakhstan; contest=IOI,https://cphof.org/profile/ioi:4087,http://stats.ioinformatics.org/people/4087
kaz-4a00a35c3f4a,Andrey Bogdanchikov,Andrey Bogdanchikov,IOI,2003,openalex,A5073070441,https://openalex.org/A5073070441,Andrey Bogdanchikov,1.0,confirmed,exact_name;kazakhstan_context;field_alignment;orcid_present;plausible_timeline;self_asserted_orcid_affiliation;cross_source_organization;linked_profile,,SDU University,Associate Professor,"works=22; citations=109; institutions=Kazakh-American University, Suleyman Demirel University, Kazakhstan Medical University; topics=Topic Modeling, Natural Language Processing Techniques, Sentiment Analysis and Opinion Mining, Educational Games and Gamification, Flow Experience in Various Fields; orcid=https://orcid.org/0000-0001-9693-7487",https://openalex.org/A5073070441,https://orcid.org/0000-0001-9693-7487
kaz-4a00a35c3f4a,Andrey Bogdanchikov,Andrey Bogdanchikov,IOI,2003,orcid,0000-0001-9693-7487,https://orcid.org/0000-0001-9693-7487,Andrey Bogdanchikov,1.0,confirmed,exact_name;self_asserted_orcid_affiliation;kazakhstan_context;field_alignment;cross_source_organization;linked_profile,,SDU University,Associate Professor,orcid=0000-0001-9693-7487; current_affiliation=SDU University; role=Associate Professor,https://orcid.org/0000-0001-9693-7487,
kaz-4cae7d810c63,Temirlan Amangeldinov,Temirlan Amangeldinov,IPhO,2017,github,amangeldinov,https://github.com/amangeldinov,Temirlan Amangeldinov,0.5,candidate,exact_name,,,,login=amangeldinov,https://github.com/amangeldinov,
kaz-4e3828c7955c,Diyar Mailepessov,Diyar Mailepessov,IBO,2005,orcid,0000-0001-8924-2476,https://orcid.org/0000-0001-8924-2476,Diyar Mailepessov,0.57,candidate,exact_name;self_asserted_orcid_affiliation,,,,orcid=0000-0001-8924-2476,https://orcid.org/0000-0001-8924-2476,
kaz-514026a01ba3,Yerlan Jumabayev,Yerlan Jumabayev,IMO,1997,github,thevarp19,https://github.com/thevarp19,Yerlan Jumabayev,0.75,probable,exact_name;kazakhstan_context;outbound_profile_links,Almaty,Suleyman Demirel University,Frontend Developer,login=thevarp19; company=Suleyman Demirel University; location=Almaty; bio=Frontend Developer,https://github.com/thevarp19,https://t.me/ed_way;https://www.linkedin.com/in/thevarp/
kaz-514026a01ba3,Yerlan Jumabayev,Yerlan Jumabayev,IMO,1997,orcid,0000-0002-8196-3348,https://orcid.org/0000-0002-8196-3348,Yerlan Jumabayev,0.57,candidate,exact_name;self_asserted_orcid_affiliation,,,,orcid=0000-0002-8196-3348,https://orcid.org/0000-0002-8196-3348,
kaz-515339b8d721,Anel Orazgaliyeva,Anel Orazgaliyeva,IBO,2016,github,ao1385,https://github.com/ao1385,Anel Orazgaliyeva,0.5,candidate,exact_name,,,,login=ao1385,https://github.com/ao1385,
kaz-518d651456c7,Yerniyaz Nurgabylov,Yerniyaz Nurgabylov,IMO,2012,codeforces,yerniyaz,https://codeforces.com/profile/yerniyaz,Yerniyaz Nurgabylov,0.75,probable,exact_name;kazakhstan_context;organization_present,Taldykorgan; Kazakhstan,Nazarbayev University,,handle=yerniyaz; country=Kazakhstan; city=Taldykorgan; organization=Nazarbayev University,https://codeforces.com/profile/yerniyaz,
kaz-52d80f40e62d,Zhanat Koshenov,Zhanat Koshenov,IBO,2007,orcid,0000-0002-2790-7126,https://orcid.org/0000-0002-2790-7126,Zhanat Koshenov,0.9,probable,exact_name;self_asserted_orcid_affiliation;kazakhstan_context;field_alignment;plausible_timeline,,Medical University of Graz,Assistant Professor,"orcid=0000-0002-2790-7126; current_affiliation=Medical University of Graz; past_affiliation=Medical University of Graz,L N Gumilyov Eurasian National University,University of Michigan,Weill Cornell Medicine,Medical University of Graz,Medical University of Graz,Nazarbayev University; role=Assistant Professor",https://orcid.org/0000-0002-2790-7126,
kaz-53073a123482,Assem Zhunis,Assem Zhunis,IChO,2017,orcid,0000-0003-0640-2425,https://orcid.org/0000-0003-0640-2425,Assem Zhunis,0.6,candidate,exact_name;self_asserted_orcid_affiliation;plausible_timeline,,HKUST,PhD student,"orcid=0000-0003-0640-2425; current_affiliation=Hong Kong University of Science and Technology,KAIST Creative Research Initiatives,HKUST; role=PhD student",https://orcid.org/0000-0003-0640-2425,http://www.semka.fyi
kaz-53073a123482,Assem Zhunis,Assem Zhunis,IChO,2017,github,assemzh,https://github.com/assemzh,Assem Zhunis,0.53,candidate,exact_name;outbound_profile_links,,,,login=assemzh; website=www.assem.live,https://github.com/assemzh,www.assem.live
kaz-5354c12725ae,Dulat Azhibek,Dulat Azhibek,IChO,2005,orcid,0000-0002-6627-3285,https://orcid.org/0000-0002-6627-3285,Dulat Azhibek,0.9,probable,exact_name;self_asserted_orcid_affiliation;kazakhstan_context;field_alignment;plausible_timeline,,Nazarbayev University,Research Assistant (Scientist),"orcid=0000-0002-6627-3285; current_affiliation=Nazarbayev University; past_affiliation=Lomonosov Moscow State University,Lomonosov Moscow State University,BIOCAD (Russia),KAUST,Skolkovo Institute of Science and Technology; role=Research Assistant (Scientist)",https://orcid.org/0000-0002-6627-3285,
kaz-56660a53cf0d,Timur Ratnikov,Timur Ratnikov,IOI,2020,cphof,codeforces:Thanos234,https://cphof.org/profile/codeforces:Thanos234,Timur Ratnikov,1.0,confirmed,exact_name;kazakhstan_context;direct_olympiad_evidence;outbound_profile_links;linked_profile,Kazakhstan,,,profile=codeforces:Thanos234; country=Kazakhstan; contest=IOI; codeforces=Thanos234,https://cphof.org/profile/codeforces:Thanos234,http://stats.ioinformatics.org/people/7159;https://codeforces.com/profile/Thanos234
kaz-56660a53cf0d,Timur Ratnikov,Timur Ratnikov,IOI,2020,codeforces,Thanos234,https://codeforces.com/profile/Thanos234,Timur Ratnikov,0.7,candidate,exact_name;linked_profile,,,,handle=Thanos234,https://codeforces.com/profile/Thanos234,
kaz-56660a53cf0d,Timur Ratnikov,Timur Ratnikov,IOI,2020,github,easternn,https://github.com/easternn,Timur Ratnikov,0.5,candidate,exact_name,"Moscow, Russia",,,"login=easternn; location=Moscow, Russia",https://github.com/easternn,
kaz-569883c06e81,Nurlykhan Kairly,Nurlykhan Kairly,IOI,2017,cphof,codeforces:nurlykhan,https://cphof.org/profile/codeforces:nurlykhan,Nurlykhan Kairly,1.0,confirmed,exact_name;kazakhstan_context;direct_olympiad_evidence;outbound_profile_links;cross_source_organization,Aqtöbe; Kazakhstan,KAIST,,profile=codeforces:nurlykhan; country=Kazakhstan; contest=IOI; codeforces=nurlykhan; organization=KAIST,https://cphof.org/profile/codeforces:nurlykhan,http://stats.ioinformatics.org/people/6268;https://codeforces.com/profile/nurlykhan
kaz-569883c06e81,Nurlykhan Kairly,Nurlykhan Kairly,IOI,2017,codeforces,Nurlykhan,https://codeforces.com/profile/Nurlykhan,Nurlykhan Kairly,0.9,confirmed,exact_name;kazakhstan_context;organization_present;cross_source_organization,Aqtöbe; Kazakhstan,KAIST,,handle=Nurlykhan; country=Kazakhstan; city=Aqtöbe; organization=KAIST,https://codeforces.com/profile/Nurlykhan,
kaz-569883c06e81,Nurlykhan Kairly,Nurlykhan Kairly,IOI,2017,github,NurlykhanKairly,https://github.com/NurlykhanKairly,Nurlykhan Kairly,0.5,candidate,exact_name,,,,login=NurlykhanKairly,https://github.com/NurlykhanKairly,
kaz-573a15d54faa,Kuanysh Yergalivey,Kuanysh Yergalivey;Kuanysh Yergaliyev,IBO,1999,orcid,0000-0001-6563-802X,https://orcid.org/0000-0001-6563-802X,Kuanysh Yergaliyev,0.9,probable,exact_name;self_asserted_orcid_affiliation;kazakhstan_context;field_alignment;plausible_timeline,,SDU,Associate Professor,"orcid=0000-0001-6563-802X; current_affiliation=SDU,Nazarbayev University; past_affiliation=Harvard T.H. Chan School of Public Health,Tulane University School of Public Health and Tropical Medicine,S D Asfendiyarov Kazakh National Medical University,Suleyman Demirel University,Nazarbayev University,Boston Children's Hospital; role=Associate Professor",https://orcid.org/0000-0001-6563-802X,
kaz-573a15d54faa,Kuanysh Yergalivey,Kuanysh Yergalivey;Kuanysh Yergaliyev,IBO,1999,orcid,0000-0001-9350-984X,https://orcid.org/0000-0001-9350-984X,Kuanysh Yergaliyev,0.57,candidate,exact_name;self_asserted_orcid_affiliation,,,,orcid=0000-0001-9350-984X,https://orcid.org/0000-0001-9350-984X,
kaz-573a15d54faa,Kuanysh Yergalivey,Kuanysh Yergalivey;Kuanysh Yergaliyev,IBO,1999,orcid,0009-0006-9829-4845,https://orcid.org/0009-0006-9829-4845,Kuanysh Yergaliyev,0.57,candidate,exact_name;self_asserted_orcid_affiliation,,,,orcid=0009-0006-9829-4845,https://orcid.org/0009-0006-9829-4845,
kaz-58dea61d1101,Denis Ivanov,Denis Ivanov,IOI,2001,cphof,ioi:4957,https://cphof.org/profile/ioi:4957,Denis Ivanov,1.0,confirmed,exact_name;kazakhstan_context;direct_olympiad_evidence;outbound_profile_links,Kazakhstan,,,profile=ioi:4957; country=Kazakhstan; contest=IOI,https://cphof.org/profile/ioi:4957,http://stats.ioinformatics.org/people/4957
kaz-58dea61d1101,Denis Ivanov,Denis Ivanov,IOI,2001,openalex,A5024573934,https://openalex.org/A5024573934,Denis Ivanov,0.85,probable,exact_name;orcid_present;plausible_timeline;self_asserted_orcid_affiliation;linked_profile,,National Research University Higher School of Economics,Research author,"works=33; citations=132; institutions=National Research University Higher School of Economics, Lomonosov Moscow State University, Financial University, Institute for Analytical Instrumentation, Shenzhen Technology University; topics=Economic and Technological Developments in Russia, Russia and Soviet political economy, Social Capital and Networks, Electoral Systems and Political Participation, Social Policy and Reform Studies; orcid=https://orcid.org/0000-0002-0335-3333",https://openalex.org/A5024573934,https://orcid.org/0000-0002-0335-3333
kaz-58dea61d1101,Denis Ivanov,Denis Ivanov,IOI,2001,orcid,0000-0002-0335-3333,https://orcid.org/0000-0002-0335-3333,Denis Ivanov,0.77,probable,exact_name;self_asserted_orcid_affiliation;linked_profile,,,,orcid=0000-0002-0335-3333,https://orcid.org/0000-0002-0335-3333,
kaz-58dea61d1101,Denis Ivanov,Denis Ivanov,IOI,2001,orcid,0000-0001-5292-0667,https://orcid.org/0000-0001-5292-0667,Denis Ivanov,0.67,probable,exact_name;self_asserted_orcid_affiliation;field_alignment,,Санкт-Петербургский государственный университет гражданской авиации,,orcid=0000-0001-5292-0667; current_affiliation=Санкт-Петербургский государственный университет гражданской авиации,https://orcid.org/0000-0001-5292-0667,
kaz-58dea61d1101,Denis Ivanov,Denis Ivanov,IOI,2001,orcid,0000-0001-7382-7330,https://orcid.org/0000-0001-7382-7330,Denis Ivanov,0.67,probable,exact_name;self_asserted_orcid_affiliation;field_alignment,,Russian Presidential Academy of National Economy and Public Administration North-West Institute of Management,Associate professor,orcid=0000-0001-7382-7330; current_affiliation=Russian Presidential Academy of National Economy and Public Administration North-West Institute of Management; role=Associate professor,https://orcid.org/0000-0001-7382-7330,
kaz-58dea61d1101,Denis Ivanov,Denis Ivanov,IOI,2001,orcid,0000-0001-8206-2915,https://orcid.org/0000-0001-8206-2915,Denis Ivanov,0.67,probable,exact_name;self_asserted_orcid_affiliation;field_alignment,,,,orcid=0000-0001-8206-2915,https://orcid.org/0000-0001-8206-2915,
kaz-58dea61d1101,Denis Ivanov,Denis Ivanov,IOI,2001,orcid,0000-0001-8119-6831,https://orcid.org/0000-0001-8119-6831,Denis Ivanov,0.6,candidate,exact_name;self_asserted_orcid_affiliation;plausible_timeline,,Siberian State Automobile and Highway University,Старший преподаватель,orcid=0000-0001-8119-6831; current_affiliation=Siberian State Automobile and Highway University; role=Старший преподаватель,https://orcid.org/0000-0001-8119-6831,
kaz-58dea61d1101,Denis Ivanov,Denis Ivanov,IOI,2001,orcid,0000-0002-4743-5090,https://orcid.org/0000-0002-4743-5090,Denis Ivanov,0.6,candidate,exact_name;self_asserted_orcid_affiliation;plausible_timeline,,Vilnius University,Research Fellow,"orcid=0000-0002-4743-5090; current_affiliation=Corvinus University of Budapest,Vilnius University; role=Research Fellow",https://orcid.org/0000-0002-4743-5090,
kaz-58dea61d1101,Denis Ivanov,Denis Ivanov,IOI,2001,orcid,0000-0003-1354-3648,https://orcid.org/0000-0003-1354-3648,Denis Ivanov,0.6,candidate,exact_name;self_asserted_orcid_affiliation;plausible_timeline,,Association of Cognitive behavioral psychotherapy,,"orcid=0000-0003-1354-3648; current_affiliation=Association of Cognitive behavioral psychotherapy,Association for Behavioral and Cognitive Therapies; past_affiliation=Lomonosov Moscow State University",https://orcid.org/0000-0003-1354-3648,
kaz-58dea61d1101,Denis Ivanov,Denis Ivanov,IOI,2001,orcid,0009-0004-0480-9613,https://orcid.org/0009-0004-0480-9613,Denis Ivanov,0.6,candidate,exact_name;self_asserted_orcid_affiliation;plausible_timeline,,Moscow Institute of Physics and Technology,,orcid=0009-0004-0480-9613; current_affiliation=Moscow Institute of Physics and Technology,https://orcid.org/0009-0004-0480-9613,
kaz-58dea61d1101,Denis Ivanov,Denis Ivanov,IOI,2001,orcid,0009-0006-6701-3449,https://orcid.org/0009-0006-6701-3449,Denis Ivanov,0.6,candidate,exact_name;self_asserted_orcid_affiliation;plausible_timeline,,Petersburg Nuclear Physics Institute,assistant researcher,orcid=0009-0006-6701-3449; current_affiliation=Petersburg Nuclear Physics Institute; past_affiliation=Saint Petersburg State Institute of Technology; role=assistant researcher,https://orcid.org/0009-0006-6701-3449,https://vk.com/ivanovkovalev;https://www.elibrary.ru/author_profile.asp?id=1258962
kaz-58dea61d1101,Denis Ivanov,Denis Ivanov,IOI,2001,orcid,0009-0008-1932-7499,https://orcid.org/0009-0008-1932-7499,Denis Ivanov,0.6,candidate,exact_name;self_asserted_orcid_affiliation;plausible_timeline,,Irkutsk State Technical University,phd student,orcid=0009-0008-1932-7499; current_affiliation=Irkutsk State Technical University; role=phd student,https://orcid.org/0009-0008-1932-7499,
kaz-58dea61d1101,Denis Ivanov,Denis Ivanov,IOI,2001,orcid,0009-0008-7331-9721,https://orcid.org/0009-0008-7331-9721,Denis Ivanov,0.6,candidate,exact_name;self_asserted_orcid_affiliation;plausible_timeline,,Peter the Great St. Petersburg Polytechnic University,,orcid=0009-0008-7331-9721; current_affiliation=Peter the Great St. Petersburg Polytechnic University,https://orcid.org/0009-0008-7331-9721,
kaz-58dea61d1101,Denis Ivanov,Denis Ivanov,IOI,2001,orcid,0000-0001-6553-8133,https://orcid.org/0000-0001-6553-8133,Denis Ivanov,0.57,candidate,exact_name;self_asserted_orcid_affiliation,,,,orcid=0000-0001-6553-8133,https://orcid.org/0000-0001-6553-8133,
kaz-58dea61d1101,Denis Ivanov,Denis Ivanov,IOI,2001,orcid,0000-0001-6757-5587,https://orcid.org/0000-0001-6757-5587,Denis Ivanov,0.57,candidate,exact_name;self_asserted_orcid_affiliation,,,,orcid=0000-0001-6757-5587,https://orcid.org/0000-0001-6757-5587,
kaz-58dea61d1101,Denis Ivanov,Denis Ivanov,IOI,2001,orcid,0000-0001-7599-9240,https://orcid.org/0000-0001-7599-9240,Denis Ivanov,0.57,candidate,exact_name;self_asserted_orcid_affiliation,,,,orcid=0000-0001-7599-9240,https://orcid.org/0000-0001-7599-9240,
kaz-58dea61d1101,Denis Ivanov,Denis Ivanov,IOI,2001,orcid,0000-0001-8804-2333,https://orcid.org/0000-0001-8804-2333,Denis Ivanov,0.57,candidate,exact_name;self_asserted_orcid_affiliation,,,,orcid=0000-0001-8804-2333,https://orcid.org/0000-0001-8804-2333,
kaz-58dea61d1101,Denis Ivanov,Denis Ivanov,IOI,2001,orcid,0000-0002-0857-192X,https://orcid.org/0000-0002-0857-192X,Denis Ivanov,0.57,candidate,exact_name;self_asserted_orcid_affiliation,,,,orcid=0000-0002-0857-192X,https://orcid.org/0000-0002-0857-192X,
kaz-58dea61d1101,Denis Ivanov,Denis Ivanov,IOI,2001,orcid,0000-0002-5332-5103,https://orcid.org/0000-0002-5332-5103,DENIS IVANOV,0.57,candidate,exact_name;self_asserted_orcid_affiliation,,,,orcid=0000-0002-5332-5103,https://orcid.org/0000-0002-5332-5103,
kaz-58dea61d1101,Denis Ivanov,Denis Ivanov,IOI,2001,orcid,0000-0002-8444-4412,https://orcid.org/0000-0002-8444-4412,Denis Ivanov,0.57,candidate,exact_name;self_asserted_orcid_affiliation,,,,orcid=0000-0002-8444-4412,https://orcid.org/0000-0002-8444-4412,https://about.me/sxiii;https://sxiii.ru
kaz-58dea61d1101,Denis Ivanov,Denis Ivanov,IOI,2001,orcid,0000-0003-1358-3981,https://orcid.org/0000-0003-1358-3981,Denis Ivanov,0.57,candidate,exact_name;self_asserted_orcid_affiliation,,Saint Petersburg State University,,orcid=0000-0003-1358-3981; current_affiliation=Saint Petersburg State University,https://orcid.org/0000-0003-1358-3981,
kaz-58dea61d1101,Denis Ivanov,Denis Ivanov,IOI,2001,orcid,0000-0003-2961-261X,https://orcid.org/0000-0003-2961-261X,Denis Ivanov,0.57,candidate,exact_name;self_asserted_orcid_affiliation,,,,orcid=0000-0003-2961-261X,https://orcid.org/0000-0003-2961-261X,
kaz-58dea61d1101,Denis Ivanov,Denis Ivanov,IOI,2001,orcid,0000-0003-3260-1268,https://orcid.org/0000-0003-3260-1268,Denis Ivanov,0.57,candidate,exact_name;self_asserted_orcid_affiliation,,,,orcid=0000-0003-3260-1268,https://orcid.org/0000-0003-3260-1268,
kaz-58dea61d1101,Denis Ivanov,Denis Ivanov,IOI,2001,orcid,0000-0003-4441-3272,https://orcid.org/0000-0003-4441-3272,Denis Ivanov,0.57,candidate,exact_name;self_asserted_orcid_affiliation,,,,orcid=0000-0003-4441-3272,https://orcid.org/0000-0003-4441-3272,https://www.inaturalist.org/people/2036683
kaz-58dea61d1101,Denis Ivanov,Denis Ivanov,IOI,2001,orcid,0000-0003-4826-6847,https://orcid.org/0000-0003-4826-6847,Denis Ivanov,0.57,candidate,exact_name;self_asserted_orcid_affiliation,,,,orcid=0000-0003-4826-6847,https://orcid.org/0000-0003-4826-6847,
kaz-58dea61d1101,Denis Ivanov,Denis Ivanov,IOI,2001,orcid,0009-0000-4440-4865,https://orcid.org/0009-0000-4440-4865,Denis Ivanov,0.57,candidate,exact_name;self_asserted_orcid_affiliation,,,,orcid=0009-0000-4440-4865,https://orcid.org/0009-0000-4440-4865,
kaz-58dea61d1101,Denis Ivanov,Denis Ivanov,IOI,2001,orcid,0009-0000-6690-8335,https://orcid.org/0009-0000-6690-8335,Denis Ivanov,0.57,candidate,exact_name;self_asserted_orcid_affiliation,,,,orcid=0009-0000-6690-8335,https://orcid.org/0009-0000-6690-8335,
kaz-58dea61d1101,Denis Ivanov,Denis Ivanov,IOI,2001,orcid,0009-0004-2226-3634,https://orcid.org/0009-0004-2226-3634,Denis Ivanov,0.57,candidate,exact_name;self_asserted_orcid_affiliation,,S. Fyodorov Eye Microsurgery Federal State Institution,ophthalmologist,orcid=0009-0004-2226-3634; current_affiliation=S. Fyodorov Eye Microsurgery Federal State Institution; role=ophthalmologist,https://orcid.org/0009-0004-2226-3634,
kaz-58dea61d1101,Denis Ivanov,Denis Ivanov,IOI,2001,orcid,0009-0004-7159-0156,https://orcid.org/0009-0004-7159-0156,Denis Ivanov,0.57,candidate,exact_name;self_asserted_orcid_affiliation,,,,orcid=0009-0004-7159-0156,https://orcid.org/0009-0004-7159-0156,
kaz-58dea61d1101,Denis Ivanov,Denis Ivanov,IOI,2001,orcid,0009-0006-6297-6078,https://orcid.org/0009-0006-6297-6078,Denis Ivanov,0.57,candidate,exact_name;self_asserted_orcid_affiliation,,Vernadsky National Library of Ukraine,Junior Researcher,orcid=0009-0006-6297-6078; current_affiliation=Vernadsky National Library of Ukraine; role=Junior Researcher,https://orcid.org/0009-0006-6297-6078,
kaz-58dea61d1101,Denis Ivanov,Denis Ivanov,IOI,2001,wikidata,Q24025801,https://www.wikidata.org/wiki/Q24025801,Denis Ivanov,0.41,candidate,exact_name;wikidata_name_only;plausible_timeline;outbound_profile_links;ambiguous_same_name_source,Donetsk; Ukraine; Soviet Union,Vasyl' Stus Donetsk National University,actor,"description=Ukrainian producer, film distributor, cultural manager, and TV presenter; occupation=actor, film producer, manager, presenter, television presenter; education=Vasyl' Stus Donetsk National University; citizenship=Ukraine, Soviet Union",https://www.wikidata.org/wiki/Q24025801,https://en.wikipedia.org/wiki/Denis_Ivanov_%28filmmaker%29
kaz-58dea61d1101,Denis Ivanov,Denis Ivanov,IOI,2001,wikidata,Q5257292,https://www.wikidata.org/wiki/Q5257292,Denis Ivanov,0.41,candidate,exact_name;wikidata_name_only;plausible_timeline;outbound_profile_links;ambiguous_same_name_source,Bishkek; Russia,,association football player,description=Russian footballer; occupation=association football player; citizenship=Russia,https://www.wikidata.org/wiki/Q5257292,https://en.wikipedia.org/wiki/Denis_Ivanov_%28footballer%29
kaz-58dea61d1101,Denis Ivanov,Denis Ivanov,IOI,2001,github,DenQ,https://github.com/DenQ,Denis Ivanov,0.38,candidate,exact_name;outbound_profile_links;ambiguous_same_name_source,,,,login=DenQ; website=https://denq.github.io/my-profile/,https://github.com/DenQ,https://denq.github.io/my-profile/
kaz-58dea61d1101,Denis Ivanov,Denis Ivanov,IOI,2001,github,denis-ivanov,https://github.com/denis-ivanov,Denis Ivanov,0.38,candidate,exact_name;outbound_profile_links;ambiguous_same_name_source,"Larnaca, Cyprus",,,"login=denis-ivanov; location=Larnaca, Cyprus",https://github.com/denis-ivanov,https://www.linkedin.com/in/denisvictorovichivanov/
kaz-58dea61d1101,Denis Ivanov,Denis Ivanov,IOI,2001,wikidata,Q136616370,https://www.wikidata.org/wiki/Q136616370,Denis Ivanov,0.38,candidate,exact_name;wikidata_name_only;plausible_timeline;ambiguous_same_name_source,Ukraine,,basketball player,description=Ukrainian basketball player (born 1978); occupation=basketball player; citizenship=Ukraine,https://www.wikidata.org/wiki/Q136616370,
kaz-58dea61d1101,Denis Ivanov,Denis Ivanov,IOI,2001,wikidata,Q55653013,https://www.wikidata.org/wiki/Q55653013,Denis Ivanov,0.38,candidate,exact_name;wikidata_name_only;outbound_profile_links;ambiguous_same_name_source,,,,description=Wikimedia disambiguation page,https://www.wikidata.org/wiki/Q55653013,https://en.wikipedia.org/wiki/Denis_Ivanov
kaz-58dea61d1101,Denis Ivanov,Denis Ivanov,IOI,2001,wikidata,Q59315209,https://www.wikidata.org/wiki/Q59315209,Denis Ivanov,0.38,candidate,exact_name;wikidata_name_only;outbound_profile_links;ambiguous_same_name_source,,,researcher,description=researcher ORCID ID = 0000-0001-6757-5587; occupation=researcher; orcid=0000-0001-6757-5587,https://www.wikidata.org/wiki/Q59315209,https://orcid.org/0000-0001-6757-5587
kaz-58dea61d1101,Denis Ivanov,Denis Ivanov,IOI,2001,wikidata,Q62036345,https://www.wikidata.org/wiki/Q62036345,Denis Ivanov,0.38,candidate,exact_name;wikidata_name_only;outbound_profile_links;ambiguous_same_name_source,,Saint Petersburg State University,researcher,description=researcher (ORCID 0000-0002-1784-2170); occupation=researcher; employer=Saint Petersburg State University; orcid=0000-0002-1784-2170,https://www.wikidata.org/wiki/Q62036345,https://orcid.org/0000-0002-1784-2170
kaz-58dea61d1101,Denis Ivanov,Denis Ivanov,IOI,2001,wikidata,Q87393898,https://www.wikidata.org/wiki/Q87393898,Denis Ivanov,0.38,candidate,exact_name;wikidata_name_only;outbound_profile_links;ambiguous_same_name_source,,,researcher,description=researcher (ORCID 0000-0002-0335-3333); occupation=researcher; orcid=0000-0002-0335-3333,https://www.wikidata.org/wiki/Q87393898,https://orcid.org/0000-0002-0335-3333
kaz-58dea61d1101,Denis Ivanov,Denis Ivanov,IOI,2001,github,denisivan0v,https://github.com/denisivan0v,Denis Ivanov,0.35,candidate,exact_name;ambiguous_same_name_source,Redmond,@microsoft,,login=denisivan0v; company=@microsoft; location=Redmond,https://github.com/denisivan0v,
kaz-58dea61d1101,Denis Ivanov,Denis Ivanov,IOI,2001,github,jumph4x,https://github.com/jumph4x,Denis Ivanov,0.35,candidate,exact_name;ambiguous_same_name_source,Oakland,Shopify,Infra Engineering @ Shopify | Ex SWE VP @ FCP Euro | Relentless Gearhead | Lifelong EDM fanatic,login=jumph4x; company=Shopify; location=Oakland; bio=Infra Engineering @ Shopify | Ex SWE VP @ FCP Euro | Relentless Gearhead | Lifelong EDM fanatic,https://github.com/jumph4x,
kaz-58dea61d1101,Denis Ivanov,Denis Ivanov,IOI,2001,github,pcheliniy,https://github.com/pcheliniy,Denis Ivanov,0.35,candidate,exact_name;ambiguous_same_name_source,,,just ops,login=pcheliniy; bio=just ops,https://github.com/pcheliniy,
kaz-58dea61d1101,Denis Ivanov,Denis Ivanov,IOI,2001,wikidata,Q116496749,https://www.wikidata.org/wiki/Q116496749,Denis Ivanov,0.35,candidate,exact_name;wikidata_name_only;ambiguous_same_name_source,,,rugby league player,description=rugby league footballer; occupation=rugby league player,https://www.wikidata.org/wiki/Q116496749,
kaz-58dea61d1101,Denis Ivanov,Denis Ivanov,IOI,2001,orcid,0000-0002-1784-2170,https://orcid.org/0000-0002-1784-2170,Denis Ivanov,0.17,candidate,exact_name;self_asserted_orcid_affiliation;timeline_conflict,,Saint Petersburg State University,,orcid=0000-0002-1784-2170; current_affiliation=Saint Petersburg State University; past_affiliation=Saint Petersburg State University,https://orcid.org/0000-0002-1784-2170,
kaz-590493685dc4,Arman Prashev,Arman Prashev,IOI,1998,cphof,ioi:271,https://cphof.org/profile/ioi:271,Arman Prashev,1.0,confirmed,exact_name;kazakhstan_context;direct_olympiad_evidence;outbound_profile_links,Kazakhstan,,,profile=ioi:271; country=Kazakhstan; contest=IOI,https://cphof.org/profile/ioi:271,http://stats.ioinformatics.org/people/271
kaz-59a056858c02,Adilet Zauytkhan,Adilet Zauytkhan,IMO,2022,codeforces,zauytkhan,https://codeforces.com/profile/zauytkhan,Adilet Zauytkhan,0.75,probable,exact_name;kazakhstan_context;organization_present,Almaty; Kazakhstan,UNIST,,handle=zauytkhan; country=Kazakhstan; city=Almaty; organization=UNIST,https://codeforces.com/profile/zauytkhan,
kaz-59a056858c02,Adilet Zauytkhan,Adilet Zauytkhan,IMO,2022,github,AdiletNZ,https://github.com/AdiletNZ,Adilet Zauytkhan,0.5,candidate,exact_name,,,,login=AdiletNZ,https://github.com/AdiletNZ,
kaz-59b5ec3d2687,Yernaz Satybaldiyev,Yernaz Satybaldiyev,IOI,2008,cphof,ioi:4645,https://cphof.org/profile/ioi:4645,Yernaz Satybaldiyev,1.0,confirmed,exact_name;kazakhstan_context;direct_olympiad_evidence;outbound_profile_links,Kazakhstan,,,profile=ioi:4645; country=Kazakhstan; contest=IOI,https://cphof.org/profile/ioi:4645,http://stats.ioinformatics.org/people/4645
kaz-5b00b5124ff5,Andrey Kim,Andrey Kim,IMO,2004,openalex,A5048344015,https://openalex.org/A5048344015,Andrey Kim,1.0,probable,exact_name;field_alignment;orcid_present;plausible_timeline;self_asserted_orcid_affiliation;cross_source_organization;linked_profile,,Economic Research Institute FEB RAS,Research author,"works=41; citations=3835; institutions=Kumoh National Institute of Technology, New Jersey Institute of Technology, Seoul National University, Samsung (South Korea), Altaba (United States), Far Eastern Branch of the Russian Academy of Sciences, National Institute for Mathematical Sciences; topics=Cryptography and Data Security, Chaos-based Image/Signal Encryption, Complexity and Algorithms in Graphs, Coding theory and cryptography, Privacy-Preserving Technologies in Data; orcid=https://orcid.org/0000-0002-6739-672X",https://openalex.org/A5048344015,https://orcid.org/0000-0002-6739-672X
kaz-5b00b5124ff5,Andrey Kim,Andrey Kim,IMO,2004,orcid,0000-0002-6739-672X,https://orcid.org/0000-0002-6739-672X,Andrey Kim,0.95,probable,exact_name;self_asserted_orcid_affiliation;plausible_timeline;cross_source_organization;linked_profile,,Economic Research Institute FEB RAS,,"orcid=0000-0002-6739-672X; current_affiliation=Economic Research Institute FEB RAS; past_affiliation=Pacific National University,Vladivostok State University of Economics and Service",https://orcid.org/0000-0002-6739-672X,
kaz-5b00b5124ff5,Andrey Kim,Andrey Kim,IMO,2004,codeforces,akim,https://codeforces.com/profile/akim,Andrey Kim,0.75,probable,exact_name;kazakhstan_context;organization_present,Taldykorgan; Kazakhstan,Tima's hata,,handle=akim; country=Kazakhstan; city=Taldykorgan; organization=Tima's hata,https://codeforces.com/profile/akim,
kaz-5b00b5124ff5,Andrey Kim,Andrey Kim,IMO,2004,orcid,0000-0002-0974-6787,https://orcid.org/0000-0002-0974-6787,Andrey Kim,0.6,candidate,exact_name;self_asserted_orcid_affiliation;plausible_timeline,,Seoul National University,,orcid=0000-0002-0974-6787; current_affiliation=Seoul National University,https://orcid.org/0000-0002-0974-6787,
kaz-5b00b5124ff5,Andrey Kim,Andrey Kim,IMO,2004,orcid,0000-0002-3093-5881,https://orcid.org/0000-0002-3093-5881,Andrey Kim,0.6,candidate,exact_name;self_asserted_orcid_affiliation;plausible_timeline,,Moscow Engineering Physics Institute,Undergraduate,"orcid=0000-0002-3093-5881; past_affiliation=Moscow Engineering Physics Institute,Moscow Engineering Physics Institute; role=Undergraduate",https://orcid.org/0000-0002-3093-5881,
kaz-5b00b5124ff5,Andrey Kim,Andrey Kim,IMO,2004,orcid,0000-0002-4476-3910,https://orcid.org/0000-0002-4476-3910,Andrey Kim,0.6,candidate,exact_name;self_asserted_orcid_affiliation;plausible_timeline,,Republican Specialized Center of Cardiology,,orcid=0000-0002-4476-3910; current_affiliation=Republican Specialized Center of Cardiology; past_affiliation=Tashkent Medical Academy,https://orcid.org/0000-0002-4476-3910,
kaz-5b00b5124ff5,Andrey Kim,Andrey Kim,IMO,2004,orcid,0009-0007-9347-0296,https://orcid.org/0009-0007-9347-0296,Andrey Kim,0.6,candidate,exact_name;self_asserted_orcid_affiliation;plausible_timeline,,Stony Brook University,Student,orcid=0009-0007-9347-0296; current_affiliation=Stony Brook University; role=Student,https://orcid.org/0009-0007-9347-0296,
kaz-5b00b5124ff5,Andrey Kim,Andrey Kim,IMO,2004,orcid,0009-0009-2227-2932,https://orcid.org/0009-0009-2227-2932,Andrey Kim,0.6,candidate,exact_name;self_asserted_orcid_affiliation;plausible_timeline,,I.K. Akhunbaev Kyrgyz State Medical Academy,assistant,orcid=0009-0009-2227-2932; current_affiliation=I.K. Akhunbaev Kyrgyz State Medical Academy; role=assistant,https://orcid.org/0009-0009-2227-2932,
kaz-5b00b5124ff5,Andrey Kim,Andrey Kim,IMO,2004,github,erel3,https://github.com/erel3,Andrey Kim,0.57,candidate,exact_name;kazakhstan_context;ambiguous_same_name_source,"Almaty, Kazakhstan",,,"login=erel3; location=Almaty, Kazakhstan",https://github.com/erel3,
kaz-5b00b5124ff5,Andrey Kim,Andrey Kim,IMO,2004,github,lkiikq,https://github.com/lkiikq,Andrey Kim,0.57,candidate,exact_name;kazakhstan_context;ambiguous_same_name_source,Almaty,,Java Backend Developer,login=lkiikq; location=Almaty; bio=Java Backend Developer,https://github.com/lkiikq,
kaz-5b00b5124ff5,Andrey Kim,Andrey Kim,IMO,2004,orcid,0000-0001-5974-6753,https://orcid.org/0000-0001-5974-6753,Andrey Kim,0.57,candidate,exact_name;self_asserted_orcid_affiliation,,,,orcid=0000-0001-5974-6753,https://orcid.org/0000-0001-5974-6753,
kaz-5b00b5124ff5,Andrey Kim,Andrey Kim,IMO,2004,orcid,0000-0002-0253-9451,https://orcid.org/0000-0002-0253-9451,Andrey Kim,0.57,candidate,exact_name;self_asserted_orcid_affiliation,,,,orcid=0000-0002-0253-9451,https://orcid.org/0000-0002-0253-9451,
kaz-5b00b5124ff5,Andrey Kim,Andrey Kim,IMO,2004,orcid,0000-0002-3422-5043,https://orcid.org/0000-0002-3422-5043,Andrey Kim,0.57,candidate,exact_name;self_asserted_orcid_affiliation,,,,orcid=0000-0002-3422-5043,https://orcid.org/0000-0002-3422-5043,
kaz-5b00b5124ff5,Andrey Kim,Andrey Kim,IMO,2004,orcid,0009-0008-3224-5463,https://orcid.org/0009-0008-3224-5463,Andrey Kim,0.57,candidate,exact_name;self_asserted_orcid_affiliation,,,,orcid=0009-0008-3224-5463,https://orcid.org/0009-0008-3224-5463,
kaz-5b00b5124ff5,Andrey Kim,Andrey Kim,IMO,2004,orcid,0009-0009-2557-4848,https://orcid.org/0009-0009-2557-4848,Andrey Kim,0.57,candidate,exact_name;self_asserted_orcid_affiliation,,,,orcid=0009-0009-2557-4848,https://orcid.org/0009-0009-2557-4848,
kaz-5b00b5124ff5,Andrey Kim,Andrey Kim,IMO,2004,codeforces,mika,https://codeforces.com/profile/mika,Andrey Kim,0.53,candidate,exact_name;organization_present,,Tima's hata,,handle=mika; organization=Tima's hata,https://codeforces.com/profile/mika,
kaz-5b00b5124ff5,Andrey Kim,Andrey Kim,IMO,2004,wikidata,Q116196233,https://www.wikidata.org/wiki/Q116196233,Andrey Kim,0.5,candidate,exact_name;wikidata_name_only,,Samsung Advanced Institute of Technology,cryptographer,"description=cryptographer, Ph.D. Seoul National University 2019; occupation=cryptographer; employer=Samsung Advanced Institute of Technology; education=Seoul National University",https://www.wikidata.org/wiki/Q116196233,
kaz-5b00b5124ff5,Andrey Kim,Andrey Kim,IMO,2004,github,engineeringVolosati,https://github.com/engineeringVolosati,Andrey Kim,0.35,candidate,exact_name;ambiguous_same_name_source,,,,login=engineeringVolosati,https://github.com/engineeringVolosati,
kaz-5b00b5124ff5,Andrey Kim,Andrey Kim,IMO,2004,github,jeugheung,https://github.com/jeugheung,Andrey Kim,0.35,candidate,exact_name;ambiguous_same_name_source,서울,Chanmi,Frontend Developer,login=jeugheung; company=Chanmi; location=서울; bio=Frontend Developer,https://github.com/jeugheung,
kaz-5b00b5124ff5,Andrey Kim,Andrey Kim,IMO,2004,github,kimandrik,https://github.com/kimandrik,Andrey Kim,0.35,candidate,exact_name;ambiguous_same_name_source,South Korea,,,login=kimandrik; location=South Korea,https://github.com/kimandrik,
kaz-5c429c277917,Askhat Zhalgasov,Askhat Zhalgasov,IOI,2017,cphof,codeforces:SmallBoy,https://cphof.org/profile/codeforces:SmallBoy,Askhat Zhalgasov,1.0,confirmed,exact_name;kazakhstan_context;direct_olympiad_evidence;outbound_profile_links;linked_profile,Almaty; Kazakhstan,,,profile=codeforces:SmallBoy; country=Kazakhstan; contest=IOI; codeforces=SmallBoy,https://cphof.org/profile/codeforces:SmallBoy,http://stats.ioinformatics.org/people/6269;https://codeforces.com/profile/SmallBoy
kaz-5c429c277917,Askhat Zhalgasov,Askhat Zhalgasov,IOI,2017,codeforces,SmallBoy,https://codeforces.com/profile/SmallBoy,Askhat Zhalgasov,0.92,confirmed,exact_name;kazakhstan_context;linked_profile,Almaty; Kazakhstan,,,handle=SmallBoy; country=Kazakhstan; city=Almaty,https://codeforces.com/profile/SmallBoy,
kaz-5c429c277917,Askhat Zhalgasov,Askhat Zhalgasov,IOI,2017,github,AskhatZhalgasov,https://github.com/AskhatZhalgasov,Askhat Zhalgasov,0.5,candidate,exact_name,,,,login=AskhatZhalgasov,https://github.com/AskhatZhalgasov,
kaz-5da1ec7d4068,Rustem Takhanov,Rustem Takhanov,IMO,2000,openalex,A5029285634,https://openalex.org/A5029285634,Rustem Takhanov,1.0,confirmed,exact_name;kazakhstan_context;field_alignment;orcid_present;plausible_timeline;self_asserted_orcid_affiliation;linked_profile,,Purdue University Fort Wayne,Research author,"works=73; citations=174; institutions=Linköping University, Russian Academy of Sciences, Institute of Science and Technology Austria, Dorodnitsyn Computing Centre, Purdue University Fort Wayne, Computing Center, Toronto Metropolitan University, Nazarbayev University; topics=Constraint Satisfaction and Optimization, Natural Language Processing Techniques, Advanced Graph Theory Research, Topic Modeling, Complexity and Algorithms in Graphs; orcid=https://orcid.org/0000-0001-7405-8254",https://openalex.org/A5029285634,https://orcid.org/0000-0001-7405-8254
kaz-5da1ec7d4068,Rustem Takhanov,Rustem Takhanov,IMO,2000,orcid,0000-0001-7405-8254,https://orcid.org/0000-0001-7405-8254,Rustem Takhanov,0.87,probable,exact_name;self_asserted_orcid_affiliation;field_alignment;linked_profile,,,,orcid=0000-0001-7405-8254,https://orcid.org/0000-0001-7405-8254,
kaz-5da1ec7d4068,Rustem Takhanov,Rustem Takhanov,IMO,2000,github,k-nic,https://github.com/k-nic,Rustem Takhanov,0.5,candidate,exact_name,,,,login=k-nic,https://github.com/k-nic,
kaz-5da1ec7d4068,Rustem Takhanov,Rustem Takhanov,IMO,2000,wikidata,Q102405659,https://www.wikidata.org/wiki/Q102405659,Rustem Takhanov,0.5,candidate,exact_name;wikidata_name_only,,Moscow Institute of Physics and Technology,,description=Ph.D. Moscow Institute of Physics and Technology 2008; education=Moscow Institute of Physics and Technology,https://www.wikidata.org/wiki/Q102405659,
kaz-5e6bd77516c5,Askarbek Zadauly,Askarbek Zadauly,IOI,2001,cphof,ioi:4958,https://cphof.org/profile/ioi:4958,Askarbek Zadauly,1.0,confirmed,exact_name;kazakhstan_context;direct_olympiad_evidence;outbound_profile_links,Kazakhstan,,,profile=ioi:4958; country=Kazakhstan; contest=IOI,https://cphof.org/profile/ioi:4958,http://stats.ioinformatics.org/people/4958
kaz-5e6bd77516c5,Askarbek Zadauly,Askarbek Zadauly,IOI,2001,github,Ascarbek,https://github.com/Ascarbek,Askarbek Zadauly,0.72,probable,exact_name;kazakhstan_context,"Almaty, Kazakhstan",,,"login=Ascarbek; location=Almaty, Kazakhstan",https://github.com/Ascarbek,
kaz-61a74e788b9b,Askarbek Orakov,Askarbek Orakov,IBO,2014,orcid,0000-0001-6823-5269,https://orcid.org/0000-0001-6823-5269,Askarbek Orakov,1.0,confirmed,exact_name;self_asserted_orcid_affiliation;kazakhstan_context;field_alignment;plausible_timeline;cross_source_organization,,Harvard University,Postdoctoral Research Fellow,"orcid=0000-0001-6823-5269; current_affiliation=Harvard University,Boston Children's Hospital,European Molecular Biology Laboratory; past_affiliation=Université Paris-Saclay,Nazarbayev University,European Molecular Biology Laboratory; role=Postdoctoral Research Fellow",https://orcid.org/0000-0001-6823-5269,
kaz-61a74e788b9b,Askarbek Orakov,Askarbek Orakov,IBO,2014,github,Askarbek-orakov,https://github.com/Askarbek-orakov,Askarbek Orakov,0.65,candidate,exact_name;cross_source_organization,"Boston, MA, USA",Harvard University,Postdoctoral Research Fellow in Huttenhower Lab at Harvard University,"login=Askarbek-orakov; company=Harvard University; location=Boston, MA, USA; bio=Postdoctoral Research Fellow in Huttenhower Lab at Harvard University",https://github.com/Askarbek-orakov,
kaz-61a74e788b9b,Askarbek Orakov,Askarbek Orakov,IBO,2014,wikidata,Q117277775,https://www.wikidata.org/wiki/Q117277775,Askarbek Orakov,0.5,candidate,exact_name;wikidata_name_only,,,researcher,description=researcher; occupation=researcher,https://www.wikidata.org/wiki/Q117277775,
kaz-633cb9726092,Nurlybek Sulaimanov,Nurlybek Sulaimanov,IBO,2015,github,NurlybekSulaimanov,https://github.com/NurlybekSulaimanov,Nurlybek Sulaimanov,0.5,candidate,exact_name,,,Logical and results-driven Web Developer dedicated to building and optimizing user-focused websites for customers with various business objectives. Judicious a,login=NurlybekSulaimanov; bio=Logical and results-driven Web Developer dedicated to building and optimizing user-focused websites for customers with various business objectives. Judicious a,https://github.com/NurlybekSulaimanov,
kaz-64365e0c312d,Nurzhan Nagashbekov,Nurzhan Nagashbekov,IChO,1999,orcid,0009-0007-2656-9739,https://orcid.org/0009-0007-2656-9739,Nurzhan Nagashbekov,0.8,probable,exact_name;self_asserted_orcid_affiliation;kazakhstan_context;plausible_timeline,,Al-Farabi Kazakh National University,PhD student,orcid=0009-0007-2656-9739; current_affiliation=Al-Farabi Kazakh National University; role=PhD student,https://orcid.org/0009-0007-2656-9739,
kaz-6617107a61a9,Asylbek Nurgabdeshov,Asylbek Nurgabdeshov,IChO,2002,openalex,A5097357477,https://openalex.org/A5097357477,Asylbek NURGABDESHOV,0.5,candidate,exact_name,,,Research author,"works=1; citations=1; topics=Business and Economic Development, Diverse Scientific Research in Ukraine, Regional Economic Development and Innovation",https://openalex.org/A5097357477,
kaz-663572d0d26e,Shaikhitdin Nezametdinov,Shaikhitdin Nezametdinov,IOI,2016,codeforces,nezametdinov,https://codeforces.com/profile/nezametdinov,Shaikhitdin Nezametdinov,1.0,confirmed,exact_name;kazakhstan_context;organization_present;cross_source_organization;linked_profile,Zhezqazghan; Kazakhstan,Google,,handle=nezametdinov; country=Kazakhstan; city=Zhezqazghan; organization=Google,https://codeforces.com/profile/nezametdinov,
kaz-663572d0d26e,Shaikhitdin Nezametdinov,Shaikhitdin Nezametdinov,IOI,2016,cphof,topcoder:shaihitdin,https://cphof.org/profile/topcoder:shaihitdin,Shaikhitdin Nezametdinov,1.0,confirmed,exact_name;kazakhstan_context;direct_olympiad_evidence;outbound_profile_links;cross_source_organization;linked_profile,Zhezqazghan; Kazakhstan,Google,,profile=topcoder:shaihitdin; country=Kazakhstan; contest=IOI; codeforces=nezametdinov; universities=Ulsan National Institute of Science and Technology; organization=Google,https://cphof.org/profile/topcoder:shaihitdin,http://stats.ioinformatics.org/people/5943;https://codeforces.com/profile/nezametdinov;https://www.topcoder.com/members/shaihitdin
kaz-663ad2adb08a,Daulet Askarov,Daulet Askarov,IPhO,2004,orcid,0000-0001-5975-0322,https://orcid.org/0000-0001-5975-0322,Daulet Askarov,0.65,candidate,exact_name;self_asserted_orcid_affiliation;kazakhstan_context;plausible_timeline;ambiguous_same_name_source,,Republican State Enterprise (RSE) “Research Center “Gharysh-Ecology”,Senior Researcher,"orcid=0000-0001-5975-0322; current_affiliation=Republican State Enterprise (RSE) “Research Center “Gharysh-Ecology”,S D Asfendiyarov Kazakh National Medical University; past_affiliation=Asfendiyarov Kazakh National Medical University,S D Asfendiyarov Kazakh National Medical University; role=Senior Researcher",https://orcid.org/0000-0001-5975-0322,
kaz-663ad2adb08a,Daulet Askarov,Daulet Askarov,IPhO,2004,orcid,0009-0001-2588-7563,https://orcid.org/0009-0001-2588-7563,Daulet Askarov,0.65,candidate,exact_name;self_asserted_orcid_affiliation;kazakhstan_context;plausible_timeline;ambiguous_same_name_source,,L. N. Gumilyov Eurasian National University,,orcid=0009-0001-2588-7563; current_affiliation=L. N. Gumilyov Eurasian National University,https://orcid.org/0009-0001-2588-7563,
kaz-663ad2adb08a,Daulet Askarov,Daulet Askarov,IPhO,2004,wikidata,Q59751301,https://www.wikidata.org/wiki/Q59751301,Daulet Askarov,0.53,candidate,exact_name;wikidata_name_only;outbound_profile_links,,,researcher,description=researcher ORCID ID = 0000-0003-1469-5950; occupation=researcher; orcid=0000-0003-1469-5950,https://www.wikidata.org/wiki/Q59751301,https://orcid.org/0000-0003-1469-5950
kaz-663ad2adb08a,Daulet Askarov,Daulet Askarov,IPhO,2004,github,daulet-askarov,https://github.com/daulet-askarov,Daulet Askarov,0.5,candidate,exact_name,,,,login=daulet-askarov,https://github.com/daulet-askarov,
kaz-663ad2adb08a,Daulet Askarov,Daulet Askarov,IPhO,2004,orcid,0000-0003-1469-5950,https://orcid.org/0000-0003-1469-5950,Daulet Askarov,0.45,candidate,exact_name;self_asserted_orcid_affiliation;plausible_timeline;ambiguous_same_name_source,,Finisar Corporation,Sr. Optical Systems Engineer,orcid=0000-0003-1469-5950; current_affiliation=Finisar Corporation; past_affiliation=Stanford University; role=Sr. Optical Systems Engineer,https://orcid.org/0000-0003-1469-5950,
kaz-66f479eb4560,Aidos Kuatov,Aidos Kuatov,IBO,2012,orcid,0009-0001-8045-5990,https://orcid.org/0009-0001-8045-5990,Aidos Kuatov,0.8,probable,exact_name;self_asserted_orcid_affiliation;kazakhstan_context;plausible_timeline,,University of Massachusetts Dartmouth,,orcid=0009-0001-8045-5990; current_affiliation=University of Massachusetts Dartmouth; past_affiliation=Nazarbayev University,https://orcid.org/0009-0001-8045-5990,
kaz-674fe7c75a81,Bekzhan Bekbolatuly,Bekzhan Bekbolatuly,IOI,2015,codeforces,bekzhan29,https://codeforces.com/profile/bekzhan29,Bekzhan Bekbolatuly,1.0,confirmed,exact_name;kazakhstan_context;organization_present;cross_source_organization;linked_profile,Aktau; Kazakhstan,Aktau BIL,,handle=bekzhan29; country=Kazakhstan; city=Aktau; organization=Aktau BIL,https://codeforces.com/profile/bekzhan29,
kaz-674fe7c75a81,Bekzhan Bekbolatuly,Bekzhan Bekbolatuly,IOI,2015,cphof,codeforces:bekzhan29,https://cphof.org/profile/codeforces:bekzhan29,Bekzhan Bekbolatuly,1.0,confirmed,exact_name;kazakhstan_context;direct_olympiad_evidence;outbound_profile_links;cross_source_organization;linked_profile,Aktau; Kazakhstan,Aktau BIL,,profile=codeforces:bekzhan29; country=Kazakhstan; contest=IOI; codeforces=bekzhan29; universities=Ulsan National Institute of Science and Technology; organization=Aktau BIL,https://cphof.org/profile/codeforces:bekzhan29,http://stats.ioinformatics.org/people/5639;https://codeforces.com/profile/bekzhan29
kaz-674fe7c75a81,Bekzhan Bekbolatuly,Bekzhan Bekbolatuly,IOI,2015,codeforces,bekzhan97,https://codeforces.com/profile/bekzhan97,Bekzhan Bekbolatuly,0.75,probable,exact_name;kazakhstan_context;organization_present,Aktau; Kazakhstan,Aktau KTL,,handle=bekzhan97; country=Kazakhstan; city=Aktau; organization=Aktau KTL,https://codeforces.com/profile/bekzhan97,
kaz-674fe7c75a81,Bekzhan Bekbolatuly,Bekzhan Bekbolatuly,IOI,2015,codeforces,jasik29,https://codeforces.com/profile/jasik29,Bekzhan Bekbolatuly,0.75,probable,exact_name;kazakhstan_context;organization_present,Aktau; Kazakhstan,Aktau KTL,,handle=jasik29; country=Kazakhstan; city=Aktau; organization=Aktau KTL,https://codeforces.com/profile/jasik29,
kaz-674fe7c75a81,Bekzhan Bekbolatuly,Bekzhan Bekbolatuly,IOI,2015,codeforces,Ownz,https://codeforces.com/profile/Ownz,Bekzhan Bekbolatuly,0.72,probable,exact_name;kazakhstan_context,Aktau; Kazakhstan,,,handle=Ownz; country=Kazakhstan; city=Aktau,https://codeforces.com/profile/Ownz,
kaz-67db791fca33,Amir Mokhammed-Ali,Amir Mokhammed-Ali,IMO,2016,codeforces,Aglaya,https://codeforces.com/profile/Aglaya,Amir Mokhammed-Ali,0.75,probable,exact_name;kazakhstan_context;organization_present,Pavlodar; Kazakhstan,Zhas Daryn,,handle=Aglaya; country=Kazakhstan; city=Pavlodar; organization=Zhas Daryn,https://codeforces.com/profile/Aglaya,
kaz-69f40396a2e9,Mukhammadarif Sakhmoldin,Mukhammadarif Sakhmoldin,IOI,2021,cphof,codeforces:I_Love_Trott,https://cphof.org/profile/codeforces:I_Love_Trott,Mukhammadarif Sakhmoldin,1.0,confirmed,exact_name;kazakhstan_context;direct_olympiad_evidence;outbound_profile_links,Kazakhstan,"Arif, where is my key!?",,"profile=codeforces:I_Love_Trott; country=Kazakhstan; contest=IOI; codeforces=I_Love_Trott; organization=Arif, where is my key!?",https://cphof.org/profile/codeforces:I_Love_Trott,http://stats.ioinformatics.org/people/7499;https://codeforces.com/profile/I_Love_Trott
kaz-69f40396a2e9,Mukhammadarif Sakhmoldin,Mukhammadarif Sakhmoldin,IOI,2021,codeforces,CPEdu,https://codeforces.com/profile/CPEdu,Mukhammadarif Sakhmoldin,0.72,probable,exact_name;kazakhstan_context,Semey; Kazakhstan,,,handle=CPEdu; country=Kazakhstan; city=Semey,https://codeforces.com/profile/CPEdu,
kaz-6a1491f166e0,Kuat Yessenov,Kuat Yessenov,IMO,2002,orcid,0000-0001-5959-5254,https://orcid.org/0000-0001-5959-5254,Kuat Yessenov,0.57,candidate,exact_name;self_asserted_orcid_affiliation,,,,orcid=0000-0001-5959-5254,https://orcid.org/0000-0001-5959-5254,
kaz-6a1491f166e0,Kuat Yessenov,Kuat Yessenov,IMO,2002,openalex,A5076354693,https://openalex.org/A5076354693,Kuat Yessenov,0.48,candidate,exact_name;field_alignment;plausible_timeline;ambiguous_same_name_source,,,Research author,"works=24; citations=549; institutions=IIT@MIT, Massachusetts Institute of Technology; topics=Logic, programming, and type systems, Formal Methods in Verification, Software Engineering Research, Software Testing and Debugging Techniques, Advanced Software Engineering Methodologies",https://openalex.org/A5076354693,
kaz-6a1491f166e0,Kuat Yessenov,Kuat Yessenov,IMO,2002,openalex,A5035341026,https://openalex.org/A5035341026,Yessenov Kuat,0.43,candidate,name_tokens_reordered;field_alignment;ambiguous_same_name_source,,,Research author,works=2; citations=0; topics=Marine and Offshore Engineering Studies,https://openalex.org/A5035341026,
kaz-6b2d94581317,Olzhas Nurpeisov,Olzhas Nurpeisov,IChO,2018,github,olzhik11,https://github.com/olzhik11,Olzhas Nurpeisov,0.5,candidate,exact_name,"London, UK",Laminar,,"login=olzhik11; company=Laminar; location=London, UK",https://github.com/olzhik11,
kaz-6c47e89eeff1,Alexander Zaitsev,Alexander Zaitsev,IMO,1996,codeforces,zamazan4ik,https://codeforces.com/profile/zamazan4ik,Alexander Zaitsev,0.73,probable,exact_name;organization_present;cross_source_handle,Brest; Belarus,Brest_Lyceum,,handle=zamazan4ik; country=Belarus; city=Brest; organization=Brest_Lyceum,https://codeforces.com/profile/zamazan4ik,
kaz-6c47e89eeff1,Alexander Zaitsev,Alexander Zaitsev,IMO,1996,github,zamazan4ik,https://github.com/zamazan4ik,Alexander Zaitsev,0.73,probable,exact_name;outbound_profile_links;cross_source_handle,"Warsaw, Poland",N-able,CTO/architect/C++&&Rust engineer/DevOops,"login=zamazan4ik; company=N-able; location=Warsaw, Poland; bio=CTO/architect/C++&&Rust engineer/DevOops; website=https://zamazan4ik.github.io",https://github.com/zamazan4ik,https://twitter.com/zamazan4ik;https://www.linkedin.com/in/zamazan4ik/;https://zamazan4ik.github.io
kaz-6c47e89eeff1,Alexander Zaitsev,Alexander Zaitsev,IMO,1996,orcid,0000-0002-6272-1079,https://orcid.org/0000-0002-6272-1079,Alexander Zaitsev,0.55,candidate,exact_name;self_asserted_orcid_affiliation;field_alignment;plausible_timeline;ambiguous_same_name_source,,Institute of Theoretical and Applied Mechanics,senior reseacher,"orcid=0000-0002-6272-1079; current_affiliation=Institute of Theoretical and Applied Mechanics,Novosibirsk State University; past_affiliation=Novosibirsk State University,Institute of Theoretical and Applied Mechanics; role=senior reseacher",https://orcid.org/0000-0002-6272-1079,
kaz-6c47e89eeff1,Alexander Zaitsev,Alexander Zaitsev,IMO,1996,orcid,0000-0001-8370-5556,https://orcid.org/0000-0001-8370-5556,Alexander Zaitsev,0.52,candidate,exact_name;self_asserted_orcid_affiliation;field_alignment;ambiguous_same_name_source,,Central Research Institute of Ferrous Metallurgy I P Bardina,,"orcid=0000-0001-8370-5556; current_affiliation=Lomonosov Moscow State University,Lomonosov Moscow State University,Central Research Institute of Ferrous Metallurgy I P Bardina",https://orcid.org/0000-0001-8370-5556,
kaz-6c47e89eeff1,Alexander Zaitsev,Alexander Zaitsev,IMO,1996,github,Alexander-S-Zaitsev,https://github.com/Alexander-S-Zaitsev,Alexander Zaitsev,0.5,candidate,exact_name,,,,login=Alexander-S-Zaitsev,https://github.com/Alexander-S-Zaitsev,
kaz-6c47e89eeff1,Alexander Zaitsev,Alexander Zaitsev,IMO,1996,github,akyzalax1,https://github.com/akyzalax1,Alexander Zaitsev,0.5,candidate,exact_name,,,git for me,login=akyzalax1; bio=git for me,https://github.com/akyzalax1,
kaz-6c47e89eeff1,Alexander Zaitsev,Alexander Zaitsev,IMO,1996,github,dankikot,https://github.com/dankikot,Alexander Zaitsev,0.5,candidate,exact_name,Belarus,,,login=dankikot; location=Belarus,https://github.com/dankikot,
kaz-6c47e89eeff1,Alexander Zaitsev,Alexander Zaitsev,IMO,1996,github,rudy-it-front,https://github.com/rudy-it-front,Alexander_Zaitsev,0.5,candidate,exact_name,,,,login=rudy-it-front,https://github.com/rudy-it-front,
kaz-6c47e89eeff1,Alexander Zaitsev,Alexander Zaitsev,IMO,1996,orcid,0000-0001-6239-6782,https://orcid.org/0000-0001-6239-6782,Alexander Zaitsev,0.42,candidate,exact_name;self_asserted_orcid_affiliation;ambiguous_same_name_source,,,,orcid=0000-0001-6239-6782,https://orcid.org/0000-0001-6239-6782,
kaz-6c47e89eeff1,Alexander Zaitsev,Alexander Zaitsev,IMO,1996,orcid,0000-0002-3631-121X,https://orcid.org/0000-0002-3631-121X,Alexander Zaitsev,0.42,candidate,exact_name;self_asserted_orcid_affiliation;ambiguous_same_name_source,,"Institute of Mathematical Problems of Biology, Russian Academy of Sciences",,"orcid=0000-0002-3631-121X; current_affiliation=Lomonosov Moscow State University,Institute of Mathematical Problems of Biology\, Russian Academy of Sciences",https://orcid.org/0000-0002-3631-121X,
kaz-6c47e89eeff1,Alexander Zaitsev,Alexander Zaitsev,IMO,1996,orcid,0000-0002-4104-8276,https://orcid.org/0000-0002-4104-8276,Alexander Zaitsev,0.42,candidate,exact_name;self_asserted_orcid_affiliation;ambiguous_same_name_source,,,,orcid=0000-0002-4104-8276,https://orcid.org/0000-0002-4104-8276,
kaz-6c47e89eeff1,Alexander Zaitsev,Alexander Zaitsev,IMO,1996,orcid,0009-0007-3813-2243,https://orcid.org/0009-0007-3813-2243,Alexander Zaitsev,0.42,candidate,exact_name;self_asserted_orcid_affiliation;ambiguous_same_name_source,,,,orcid=0009-0007-3813-2243,https://orcid.org/0009-0007-3813-2243,
kaz-6c47e89eeff1,Alexander Zaitsev,Alexander Zaitsev,IMO,1996,wikidata,Q27534513,https://www.wikidata.org/wiki/Q27534513,Alexander Zaitsev,0.38,candidate,exact_name;wikidata_name_only;plausible_timeline;ambiguous_same_name_source,Tula,,chess player,description=chess player; occupation=chess player,https://www.wikidata.org/wiki/Q27534513,
kaz-6c47e89eeff1,Alexander Zaitsev,Alexander Zaitsev,IMO,1996,wikidata,Q85860396,https://www.wikidata.org/wiki/Q85860396,Alexander Zaitsev,0.38,candidate,exact_name;wikidata_name_only;plausible_timeline;ambiguous_same_name_source,Stepnogorsk; Russia,,record producer,"description=Russian musician and producer; occupation=record producer, singer; citizenship=Russia",https://www.wikidata.org/wiki/Q85860396,
kaz-6c47e89eeff1,Alexander Zaitsev,Alexander Zaitsev,IMO,1996,wikidata,Q88011307,https://www.wikidata.org/wiki/Q88011307,Alexander Zaitsev,0.38,candidate,exact_name;wikidata_name_only;outbound_profile_links;ambiguous_same_name_source,,National University of Science and Technology,researcher,description=researcher; occupation=researcher; employer=National University of Science and Technology; orcid=0000-0001-6934-9137,https://www.wikidata.org/wiki/Q88011307,https://orcid.org/0000-0001-6934-9137
kaz-6c47e89eeff1,Alexander Zaitsev,Alexander Zaitsev,IMO,1996,wikidata,Q105406312,https://www.wikidata.org/wiki/Q105406312,Alexander Zaitsev,0.35,candidate,exact_name;wikidata_name_only;ambiguous_same_name_source,Ruzhany; Belarus,Belarusian State Economic University,businessperson,"description=Belarusian tycoon; occupation=businessperson, entrepreneur; education=Belarusian State Economic University; citizenship=Belarus",https://www.wikidata.org/wiki/Q105406312,
kaz-6c47e89eeff1,Alexander Zaitsev,Alexander Zaitsev,IMO,1996,wikidata,Q57964706,https://www.wikidata.org/wiki/Q57964706,Alexander Zaitsev,0.35,candidate,exact_name;wikidata_name_only;ambiguous_same_name_source,Russia,,sport cyclist,description=Russian cyclist; occupation=sport cyclist; citizenship=Russia,https://www.wikidata.org/wiki/Q57964706,
kaz-6c47e89eeff1,Alexander Zaitsev,Alexander Zaitsev,IMO,1996,wikidata,Q614069,https://www.wikidata.org/wiki/Q614069,Alexander Zaitsev,0.08,candidate,exact_name;wikidata_name_only;field_alignment;timeline_conflict;outbound_profile_links;ambiguous_same_name_source,Shchyolkovo; Soviet Union; Russia,V.A. Kotelnikov Institute of Radio-engineering and Electronics,astronomer,"description=Russian astronomer; occupation=astronomer; employer=V.A. Kotelnikov Institute of Radio-engineering and Electronics; citizenship=Soviet Union, Russia",https://www.wikidata.org/wiki/Q614069,https://en.wikipedia.org/wiki/Alexander_Zaitsev_%28astronomer%29;https://fireras.su/index.htm?main=126/activity.htm
kaz-6c47e89eeff1,Alexander Zaitsev,Alexander Zaitsev,IMO,1996,wikidata,Q1339147,https://www.wikidata.org/wiki/Q1339147,Alexander Zaitsev,0.0,candidate,exact_name;wikidata_name_only;timeline_conflict;outbound_profile_links;ambiguous_same_name_source,Vladivostok; Soviet Union,,chess player,description=Russian chess grandmaster (1935–1971); occupation=chess player; citizenship=Soviet Union,https://www.wikidata.org/wiki/Q1339147,https://en.wikipedia.org/wiki/Alexander_Zaitsev_%28chess_player%29
kaz-6c47e89eeff1,Alexander Zaitsev,Alexander Zaitsev,IMO,1996,wikidata,Q956655,https://www.wikidata.org/wiki/Q956655,Alexander Zaitsev,0.0,candidate,exact_name;wikidata_name_only;timeline_conflict;outbound_profile_links;ambiguous_same_name_source,Saint Petersburg; Soviet Union,"Russian State University of Physical Education, Sport, Youth and Tourism",figure skater,"description=Russian figure skater; occupation=figure skater, figure skating coach; education=Russian State University of Physical Education, Sport, Youth and Tourism; citizenship=Soviet Union",https://www.wikidata.org/wiki/Q956655,https://en.wikipedia.org/wiki/Alexander_Zaitsev_%28pair_skater%29
kaz-6c98b70e785e,Alisher Nazarbekov,Alisher Nazarbekov,IBO,2016,orcid,0009-0002-1233-0632,https://orcid.org/0009-0002-1233-0632,Alisher Nazarbekov,0.57,candidate,exact_name;self_asserted_orcid_affiliation,,Korea Advanced Institute of Science and Technology,,orcid=0009-0002-1233-0632; current_affiliation=Korea Advanced Institute of Science and Technology,https://orcid.org/0009-0002-1233-0632,
kaz-6e64602de321,Aman Sariyev,Aman Sariyev,IOI,2012,codeforces,Aman,https://codeforces.com/profile/Aman,Aman Sariyev,1.0,confirmed,exact_name;kazakhstan_context;organization_present;cross_source_organization;linked_profile,Almaty; Kazakhstan,Nazarbayev University,,handle=Aman; country=Kazakhstan; city=Almaty; organization=Nazarbayev University,https://codeforces.com/profile/Aman,
kaz-6e64602de321,Aman Sariyev,Aman Sariyev,IOI,2012,cphof,topcoder:AmanS,https://cphof.org/profile/topcoder:AmanS,Aman Sariyev,1.0,confirmed,exact_name;kazakhstan_context;direct_olympiad_evidence;outbound_profile_links;cross_source_organization;linked_profile,Almaty; Kazakhstan,Nazarbayev University,,profile=topcoder:AmanS; country=Kazakhstan; contest=IOI; codeforces=Aman; organization=Nazarbayev University,https://cphof.org/profile/topcoder:AmanS,http://stats.ioinformatics.org/people/2716;https://codeforces.com/profile/Aman;https://www.topcoder.com/members/AmanS
kaz-6ea5dd0e4291,Furkat Mukhtarov,Furkat Mukhtarov,IChO,2009,orcid,0000-0001-6703-7965,https://orcid.org/0000-0001-6703-7965,Furkat Mukhtarov,0.57,candidate,exact_name;self_asserted_orcid_affiliation,,,,orcid=0000-0001-6703-7965,https://orcid.org/0000-0001-6703-7965,
kaz-6ea5dd0e4291,Furkat Mukhtarov,Furkat Mukhtarov,IChO,2009,wikidata,Q88653669,https://www.wikidata.org/wiki/Q88653669,Furkat Mukhtarov,0.53,candidate,exact_name;wikidata_name_only;outbound_profile_links,,,researcher,description=researcher; occupation=researcher; orcid=0000-0001-6703-7965,https://www.wikidata.org/wiki/Q88653669,https://orcid.org/0000-0001-6703-7965
kaz-74fe1fe53ea1,Madi Khamitbekov,Madi Khamitbekov,IOI,2011,codeforces,Kh.Madi,https://codeforces.com/profile/Kh.Madi,Madi Khamitbekov,1.0,confirmed,exact_name;kazakhstan_context;organization_present;cross_source_organization;linked_profile,Almaty; Kazakhstan,UNIST,,handle=Kh.Madi; country=Kazakhstan; city=Almaty; organization=UNIST,https://codeforces.com/profile/Kh.Madi,
kaz-74fe1fe53ea1,Madi Khamitbekov,Madi Khamitbekov,IOI,2011,cphof,topcoder:Kh.Madi,https://cphof.org/profile/topcoder:Kh.Madi,Madi Khamitbekov,1.0,confirmed,exact_name;kazakhstan_context;direct_olympiad_evidence;outbound_profile_links;cross_source_organization;linked_profile,Almaty; Kazakhstan,UNIST,,profile=topcoder:Kh.Madi; country=Kazakhstan; contest=IOI; codeforces=Kh.Madi; organization=UNIST,https://cphof.org/profile/topcoder:Kh.Madi,http://stats.ioinformatics.org/people/1389;https://codeforces.com/profile/Kh.Madi;https://www.topcoder.com/members/Kh.Madi
kaz-776ae509d19e,Mansur Mukimbekov,Mansur Mukimbekov,IOI,2021,cphof,codeforces:Mansur,https://cphof.org/profile/codeforces:Mansur,Mansur Mukimbekov,1.0,confirmed,exact_name;kazakhstan_context;direct_olympiad_evidence;outbound_profile_links;linked_profile,Kazakhstan,Ulsan National Institute of Science and Technology,,profile=codeforces:Mansur; country=Kazakhstan; contest=IOI; codeforces=Mansur; universities=Ulsan National Institute of Science and Technology; organization=Ulsan National Institute of Science and Technology,https://cphof.org/profile/codeforces:Mansur,http://stats.ioinformatics.org/people/7498;https://codeforces.com/profile/Mansur
kaz-776ae509d19e,Mansur Mukimbekov,Mansur Mukimbekov,IOI,2021,codeforces,Mansur,https://codeforces.com/profile/Mansur,Mansur Mukimbekov,0.92,confirmed,exact_name;kazakhstan_context;linked_profile,Kazakhstan,,,handle=Mansur; country=Kazakhstan,https://codeforces.com/profile/Mansur,
kaz-776ae509d19e,Mansur Mukimbekov,Mansur Mukimbekov,IOI,2021,github,mansur20478,https://github.com/mansur20478,Mansur Mukimbekov,0.53,candidate,exact_name;outbound_profile_links,,,I love solving challenging problems.,login=mansur20478; bio=I love solving challenging problems.,https://github.com/mansur20478,https://t.me/mukimbekovmansur;https://www.linkedin.com/in/mansurmukimbekov/
kaz-790df21958f8,Azamat Duysenbaev,Azamat Duysenbaev,IMO,2010,github,aza4k,https://github.com/aza4k,Azamat Duysenbaev,0.38,candidate,exact_name;outbound_profile_links;ambiguous_same_name_source,"Karakalpakstan, Nukus",Fundev,Software Developer,"login=aza4k; company=Fundev; location=Karakalpakstan, Nukus; bio=Software Developer; website=https://fundev.uz/",https://github.com/aza4k,https://fundev.uz/;https://t.me/Thedurev
kaz-790df21958f8,Azamat Duysenbaev,Azamat Duysenbaev,IMO,2010,github,Duysenbaev1,https://github.com/Duysenbaev1,Azamat Duysenbaev,0.35,candidate,exact_name;ambiguous_same_name_source,,,,login=Duysenbaev1,https://github.com/Duysenbaev1,
kaz-7b9356cf00a8,Zhan Kurbanbayev,Zhan Kurbanbayev,IOI,2019,codeforces,RockyB,https://codeforces.com/profile/RockyB,Zhan Kurbanbayev,1.0,confirmed,exact_name;kazakhstan_context;organization_present;cross_source_organization;linked_profile,Almaty; Kazakhstan,Google,,handle=RockyB; country=Kazakhstan; city=Almaty; organization=Google,https://codeforces.com/profile/RockyB,
kaz-7b9356cf00a8,Zhan Kurbanbayev,Zhan Kurbanbayev,IOI,2019,cphof,codeforces:RockyB,https://cphof.org/profile/codeforces:RockyB,Zhan Kurbanbayev,1.0,confirmed,exact_name;kazakhstan_context;direct_olympiad_evidence;outbound_profile_links;cross_source_organization;linked_profile,Almaty; Kazakhstan,Google,,profile=codeforces:RockyB; country=Kazakhstan; contest=IOI; codeforces=RockyB; organization=Google,https://cphof.org/profile/codeforces:RockyB,http://stats.ioinformatics.org/people/6857;https://codeforces.com/profile/RockyB
kaz-7b9356cf00a8,Zhan Kurbanbayev,Zhan Kurbanbayev,IOI,2019,github,kzh7,https://github.com/kzh7,Zhan Kurbanbayev,0.72,probable,exact_name;kazakhstan_context,"Almaty, Kazakhstan",,,"login=kzh7; location=Almaty, Kazakhstan",https://github.com/kzh7,
kaz-7b9356cf00a8,Zhan Kurbanbayev,Zhan Kurbanbayev,IOI,2019,github,ironjaaan,https://github.com/ironjaaan,Zhan Kurbanbayev,0.5,candidate,exact_name,,,,login=ironjaaan,https://github.com/ironjaaan,
kaz-7e3271c82f49,Daniyar Maminov,Daniyar Maminov,IOI,2014,codeforces,LeMieux,https://codeforces.com/profile/LeMieux,Daniyar Maminov,1.0,confirmed,exact_name;kazakhstan_context;organization_present;cross_source_organization;linked_profile,Almaty; Kazakhstan,Almaty KTL,,handle=LeMieux; country=Kazakhstan; city=Almaty; organization=Almaty KTL,https://codeforces.com/profile/LeMieux,
kaz-7e3271c82f49,Daniyar Maminov,Daniyar Maminov,IOI,2014,cphof,topcoder:Daniyar7,https://cphof.org/profile/topcoder:Daniyar7,Daniyar Maminov,1.0,confirmed,exact_name;kazakhstan_context;direct_olympiad_evidence;outbound_profile_links;cross_source_organization;linked_profile,Almaty; Kazakhstan,Almaty KTL,,profile=topcoder:Daniyar7; country=Kazakhstan; contest=IOI; codeforces=LeMieux; organization=Almaty KTL,https://cphof.org/profile/topcoder:Daniyar7,http://stats.ioinformatics.org/people/5126;https://codeforces.com/profile/LeMieux;https://www.topcoder.com/members/Daniyar7
kaz-7e3271c82f49,Daniyar Maminov,Daniyar Maminov,IOI,2014,github,LeMieuxCF-zz,https://github.com/LeMieuxCF-zz,Daniyar Maminov,0.5,candidate,exact_name,,,,login=LeMieuxCF-zz,https://github.com/LeMieuxCF-zz,
kaz-84154f378216,Yerbol Kurmangaliyev,Yerbol Kurmangaliyev,IBO,2000,orcid,0000-0003-4829-2025,https://orcid.org/0000-0003-4829-2025,Yerbol Kurmangaliyev,0.67,probable,exact_name;self_asserted_orcid_affiliation;field_alignment,,Brandeis University,Assistant Professor of Biology,orcid=0000-0003-4829-2025; current_affiliation=Brandeis University; role=Assistant Professor of Biology,https://orcid.org/0000-0003-4829-2025,
kaz-84154f378216,Yerbol Kurmangaliyev,Yerbol Kurmangaliyev,IBO,2000,wikidata,Q91117387,https://www.wikidata.org/wiki/Q91117387,Yerbol Kurmangaliyev,0.53,candidate,exact_name;wikidata_name_only;outbound_profile_links,,,researcher,description=researcher (ORCID 0000-0003-4829-2025); occupation=researcher; orcid=0000-0003-4829-2025,https://www.wikidata.org/wiki/Q91117387,https://orcid.org/0000-0003-4829-2025
kaz-84154f378216,Yerbol Kurmangaliyev,Yerbol Kurmangaliyev,IBO,2000,github,Yerbol-Kurmangaliyev,https://github.com/Yerbol-Kurmangaliyev,Yerbol Kurmangaliyev,0.5,candidate,exact_name,,,,login=Yerbol-Kurmangaliyev,https://github.com/Yerbol-Kurmangaliyev,
kaz-84b6c6673e87,Shyngys Bilyalov,Shyngys Bilyalov,IMO,2017,github,persolok,https://github.com/persolok,Shyngys Bilyalov,0.5,candidate,exact_name,,,,login=persolok,https://github.com/persolok,
kaz-860c6f9abbfa,Sanzhar Orazbayev,Sanzhar Orazbayev,IMO,2008,codeforces,gh_ost,https://codeforces.com/profile/gh_ost,Sanzhar Orazbayev,0.75,probable,exact_name;kazakhstan_context;organization_present,Aqtöbe; Kazakhstan,Khan Group,,handle=gh_ost; country=Kazakhstan; city=Aqtöbe; organization=Khan Group,https://codeforces.com/profile/gh_ost,
kaz-860c6f9abbfa,Sanzhar Orazbayev,Sanzhar Orazbayev,IMO,2008,github,sanzharkz,https://github.com/sanzharkz,Sanzhar Orazbayev,0.6,candidate,exact_name;kazakhstan_context;outbound_profile_links;ambiguous_same_name_source,,@zapiskz,,login=sanzharkz; company=@zapiskz; website=sanzhar.kz,https://github.com/sanzharkz,sanzhar.kz
kaz-860c6f9abbfa,Sanzhar Orazbayev,Sanzhar Orazbayev,IMO,2008,github,sanzharo,https://github.com/sanzharo,Sanzhar Orazbayev,0.6,candidate,exact_name;kazakhstan_context;outbound_profile_links;ambiguous_same_name_source,Almaty,@khangroupkz,,login=sanzharo; company=@khangroupkz; location=Almaty; website=http://sanzhar.kz/,https://github.com/sanzharo,http://sanzhar.kz/
kaz-863407f79649,Arman Yesenamanov,Arman Yesenamanov,IOI,2008,cphof,topcoder:army,https://cphof.org/profile/topcoder:army,Arman Yesenamanov,1.0,confirmed,exact_name;kazakhstan_context;direct_olympiad_evidence;outbound_profile_links,Kazakhstan,KBTU,,profile=topcoder:army; country=Kazakhstan; contest=IOI; codeforces=rmn; universities=Kazakh-British Technical University; organization=KBTU,https://cphof.org/profile/topcoder:army,http://stats.ioinformatics.org/people/2936;https://codeforces.com/profile/rmn;https://www.topcoder.com/members/army
kaz-88a74ae3e050,Nurlan Zhussipov,Nurlan Zhussipov,IOI,2013,cphof,topcoder:NurlashKO_TC,https://cphof.org/profile/topcoder:NurlashKO_TC,Nurlan Zhussipov,1.0,confirmed,exact_name;kazakhstan_context;direct_olympiad_evidence;outbound_profile_links,Almaty; Kazakhstan,KBTU,,profile=topcoder:NurlashKO_TC; country=Kazakhstan; contest=IOI; codeforces=NurlashKO; universities=Kazakh-British Technical University; organization=KBTU,https://cphof.org/profile/topcoder:NurlashKO_TC,http://stats.ioinformatics.org/people/3116;https://codeforces.com/profile/NurlashKO;https://www.topcoder.com/members/NurlashKO_TC
kaz-8a1e18c44a89,Daniil Melnichenko,Daniil Melnichenko,IChO,2019,orcid,0009-0006-8939-5337,https://orcid.org/0009-0006-8939-5337,Daniil Melnichenko,0.75,probable,exact_name;self_asserted_orcid_affiliation;plausible_timeline;cross_source_organization,,HITS Inc,AI Researcher,orcid=0009-0006-8939-5337; current_affiliation=HITS Inc; past_affiliation=Korea Advanced Institute of Science and Technology; role=AI Researcher,https://orcid.org/0009-0006-8939-5337,
kaz-8a1e18c44a89,Daniil Melnichenko,Daniil Melnichenko,IChO,2019,github,daniilmelnichenko,https://github.com/daniilmelnichenko,Daniil Melnichenko,0.65,candidate,exact_name;cross_source_organization,"Seoul, South Korea",HITS Inc.,trasferred github to @daniil-melnichenko,"login=daniilmelnichenko; company=HITS Inc.; location=Seoul, South Korea; bio=trasferred github to @daniil-melnichenko",https://github.com/daniilmelnichenko,
kaz-8a1e18c44a89,Daniil Melnichenko,Daniil Melnichenko,IChO,2019,github,daniil-melnichenko,https://github.com/daniil-melnichenko,Daniil Melnichenko {다닐},0.53,candidate,exact_name;outbound_profile_links,"Seoul, Korea",HITS,AI Researcher @HITS-AI (and just a computational molecular biology enthusiast),"login=daniil-melnichenko; company=HITS; location=Seoul, Korea; bio=AI Researcher @HITS-AI (and just a computational molecular biology enthusiast); website=https://daniil-melnichenko.github.io/",https://github.com/daniil-melnichenko,https://daniil-melnichenko.github.io/;https://www.kaggle.com/daniilmel;https://www.linkedin.com/in/daniilmel/
kaz-8b4bb46b3041,Meiram Murzabulatov,Meiram Murzabulatov,IMO,2002,openalex,A5056921340,https://openalex.org/A5056921340,Meiram Murzabulatov,1.0,confirmed,exact_name;kazakhstan_context;field_alignment;orcid_present;plausible_timeline;self_asserted_orcid_affiliation;cross_source_organization;linked_profile,,Nazarbayev University,Assistant Professor,"works=19; citations=42; institutions=Pennsylvania State University, Nazarbayev University; topics=Machine Learning and Algorithms, Complexity and Algorithms in Graphs, IoT and Edge/Fog Computing, Computational Geometry and Mesh Generation, Cloud Computing and Resource Management; orcid=https://orcid.org/0000-0002-8329-7481",https://openalex.org/A5056921340,https://orcid.org/0000-0002-8329-7481
kaz-8b4bb46b3041,Meiram Murzabulatov,Meiram Murzabulatov,IMO,2002,orcid,0000-0002-8329-7481,https://orcid.org/0000-0002-8329-7481,Meiram Murzabulatov,1.0,confirmed,exact_name;self_asserted_orcid_affiliation;kazakhstan_context;cross_source_organization;linked_profile,,Nazarbayev University,Assistant Professor,orcid=0000-0002-8329-7481; current_affiliation=Nazarbayev University; role=Assistant Professor,https://orcid.org/0000-0002-8329-7481,
kaz-8b4bb46b3041,Meiram Murzabulatov,Meiram Murzabulatov,IMO,2002,wikidata,Q102796161,https://www.wikidata.org/wiki/Q102796161,Meiram Murzabulatov,0.53,candidate,exact_name;wikidata_name_only;outbound_profile_links,,Pennsylvania State University,,description=Ph.D. The Pennsylvania State University 2017; education=Pennsylvania State University; orcid=0000-0002-8329-7481,https://www.wikidata.org/wiki/Q102796161,https://orcid.org/0000-0002-8329-7481
kaz-8c6b4dfb5df9,Assylbek Olzhabayev,Assylbek Olzhabayev,IMO,2021,github,assylbekolzhabayev,https://github.com/assylbekolzhabayev,Assylbek Olzhabayev,0.5,candidate,exact_name,,,,login=assylbekolzhabayev,https://github.com/assylbekolzhabayev,
kaz-8d1b7be09dcf,Kibriyanur Abdugafarova,Kibriyanur Abdugafarova,IChO,2020,orcid,0009-0005-4171-6923,https://orcid.org/0009-0005-4171-6923,Kibriyanur Abdugafarova,0.6,candidate,exact_name;self_asserted_orcid_affiliation;plausible_timeline,,Korea Advanced Institute of Science and Technology,,orcid=0009-0005-4171-6923; past_affiliation=Korea Advanced Institute of Science and Technology,https://orcid.org/0009-0005-4171-6923,
kaz-91962e6612b3,Iskander Karibzhanov,Iskander Karibzhanov,IMO,1997,openalex,A5000781420,https://openalex.org/A5000781420,Iskander Karibzhanov,1.0,probable,exact_name;field_alignment;orcid_present;plausible_timeline;self_asserted_orcid_affiliation;cross_source_organization;linked_profile,,Bank of Canada,Senior Economist,"works=5; citations=24; institutions=University of Minnesota System, Bank of Canada; topics=Monetary Policy and Economic Impact, Fiscal Policies and Political Economy, Global trade and economics, Global Financial Crisis and Policies, Higher Education Governance and Development; orcid=https://orcid.org/0000-0001-8603-0136",https://openalex.org/A5000781420,https://orcid.org/0000-0001-8603-0136
kaz-91962e6612b3,Iskander Karibzhanov,Iskander Karibzhanov,IMO,1997,orcid,0000-0001-8603-0136,https://orcid.org/0000-0001-8603-0136,Iskander Karibzhanov,1.0,probable,exact_name;self_asserted_orcid_affiliation;field_alignment;plausible_timeline;cross_source_organization;linked_profile,,Bank of Canada,Senior Economist,orcid=0000-0001-8603-0136; current_affiliation=Bank of Canada; past_affiliation=University of Minnesota; role=Senior Economist,https://orcid.org/0000-0001-8603-0136,
kaz-91962e6612b3,Iskander Karibzhanov,Iskander Karibzhanov,IMO,1997,github,ikarib,https://github.com/ikarib,Iskander Karibzhanov,0.5,candidate,exact_name,,,,login=ikarib,https://github.com/ikarib,
kaz-91962e6612b3,Iskander Karibzhanov,Iskander Karibzhanov,IMO,1997,wikidata,Q102563456,https://www.wikidata.org/wiki/Q102563456,Iskander Karibzhanov,0.5,candidate,exact_name;wikidata_name_only,,University of Minnesota,,description=Ph.D. University of Minnesota-Minneapolis 2013; education=University of Minnesota,https://www.wikidata.org/wiki/Q102563456,
kaz-9208d8d1b297,Vladimir Lim,Vladimir Lim,IPhO,2022,orcid,0009-0001-6746-8084,https://orcid.org/0009-0001-6746-8084,Vladimir Lim,0.67,probable,exact_name;self_asserted_orcid_affiliation;field_alignment,,MIPT (SU),,orcid=0009-0001-6746-8084; current_affiliation=MIPT (SU),https://orcid.org/0009-0001-6746-8084,
kaz-9208d8d1b297,Vladimir Lim,Vladimir Lim,IPhO,2022,wikidata,Q97072273,https://www.wikidata.org/wiki/Q97072273,Vladimir Lim,0.53,candidate,exact_name;wikidata_name_only;outbound_profile_links,,I.M. Sechenov First Moscow State Medical University,researcher,description=researcher; occupation=researcher; employer=I.M. Sechenov First Moscow State Medical University; orcid=0000-0001-7134-5370,https://www.wikidata.org/wiki/Q97072273,https://orcid.org/0000-0001-7134-5370
kaz-9208d8d1b297,Vladimir Lim,Vladimir Lim,IPhO,2022,orcid,0000-0001-7134-5370,https://orcid.org/0000-0001-7134-5370,Vladimir Lim,0.17,candidate,exact_name;self_asserted_orcid_affiliation;timeline_conflict,,I.M. Sechenov First Moscow State Medical University,,orcid=0000-0001-7134-5370; current_affiliation=I.M. Sechenov First Moscow State Medical University,https://orcid.org/0000-0001-7134-5370,
kaz-926301b5ef4a,Temirlan Rakhimov,Temirlan Rakhimov,IChO,2017,github,Freezeboy700,https://github.com/Freezeboy700,Temirlan Rakhimov,0.75,probable,exact_name;kazakhstan_context;outbound_profile_links,KZ,,,login=Freezeboy700; location=KZ; website=timurr396@gmail.com,https://github.com/Freezeboy700,timurr396@gmail.com
kaz-96fed62edd90,Adilzhan Ismailov,Adilzhan Ismailov,IMO,2007,github,adilzhan-ismailov-depop,https://github.com/adilzhan-ismailov-depop,Adilzhan Ismailov,0.38,candidate,exact_name;outbound_profile_links;ambiguous_same_name_source,London,@depop,@aismlv,login=adilzhan-ismailov-depop; company=@depop; location=London; bio=@aismlv; website=aismlv.co,https://github.com/adilzhan-ismailov-depop,aismlv.co
kaz-96fed62edd90,Adilzhan Ismailov,Adilzhan Ismailov,IMO,2007,github,aismlv,https://github.com/aismlv,Adilzhan Ismailov,0.38,candidate,exact_name;outbound_profile_links;ambiguous_same_name_source,London,@Depop,,login=aismlv; company=@Depop; location=London; website=aismlv.co,https://github.com/aismlv,aismlv.co
kaz-96fed62edd90,Adilzhan Ismailov,Adilzhan Ismailov,IMO,2007,github,AdilzhanIsmailov,https://github.com/AdilzhanIsmailov,Adilzhan Ismailov,0.35,candidate,exact_name;ambiguous_same_name_source,,,Senior QAE Engineer,login=AdilzhanIsmailov; bio=Senior QAE Engineer,https://github.com/AdilzhanIsmailov,
kaz-9aa80e862003,Zhanadil Nurtoleuov,Zhanadil Nurtoleuov,IOI,2013,codeforces,Zhanadil,https://codeforces.com/profile/Zhanadil,Zhanadil Nurtoleuov,1.0,confirmed,exact_name;kazakhstan_context;organization_present;cross_source_organization;linked_profile;cross_source_handle,Almaty; Kazakhstan,Almaty KTL,,handle=Zhanadil; country=Kazakhstan; city=Almaty; organization=Almaty KTL,https://codeforces.com/profile/Zhanadil,
kaz-9aa80e862003,Zhanadil Nurtoleuov,Zhanadil Nurtoleuov,IOI,2013,cphof,topcoder:Zhanadil,https://cphof.org/profile/topcoder:Zhanadil,Zhanadil Nurtoleuov,1.0,confirmed,exact_name;kazakhstan_context;direct_olympiad_evidence;outbound_profile_links;cross_source_organization;linked_profile,Almaty; Kazakhstan,Almaty KTL,,profile=topcoder:Zhanadil; country=Kazakhstan; contest=IOI; codeforces=Zhanadil; organization=Almaty KTL,https://cphof.org/profile/topcoder:Zhanadil,http://stats.ioinformatics.org/people/3115;https://codeforces.com/profile/Zhanadil;https://www.topcoder.com/members/Zhanadil
kaz-9aa80e862003,Zhanadil Nurtoleuov,Zhanadil Nurtoleuov,IOI,2013,github,Zhanadil,https://github.com/Zhanadil,Zhanadil Nurtoleuov,0.95,confirmed,exact_name;kazakhstan_context;outbound_profile_links;cross_source_handle,"Almaty, Kazakhstan",AlmatyKTL,,"login=Zhanadil; company=AlmatyKTL; location=Almaty, Kazakhstan; website=zhanadil",https://github.com/Zhanadil,zhanadil
kaz-9b09f062bfeb,Zhanibek Datbayev,Zhanibek Datbayev,IOI,2002,codeforces,itomatik,https://codeforces.com/profile/itomatik,Zhanibek Datbayev,1.0,confirmed,exact_name;kazakhstan_context;linked_profile;cross_source_handle,Pavlodar; Kazakhstan,,,handle=itomatik; country=Kazakhstan; city=Pavlodar,https://codeforces.com/profile/itomatik,
kaz-9b09f062bfeb,Zhanibek Datbayev,Zhanibek Datbayev,IOI,2002,cphof,topcoder:Tomato,https://cphof.org/profile/topcoder:Tomato,Zhanibek Datbayev,1.0,confirmed,exact_name;kazakhstan_context;direct_olympiad_evidence;outbound_profile_links;linked_profile,Pavlodar; Kazakhstan,Purdue University,,profile=topcoder:Tomato; country=Kazakhstan; contest=IOI; codeforces=itomatik; universities=Purdue University; organization=Purdue University,https://cphof.org/profile/topcoder:Tomato,http://stats.ioinformatics.org/people/2616;https://codeforces.com/profile/itomatik;https://www.topcoder.com/members/Tomato
kaz-9b09f062bfeb,Zhanibek Datbayev,Zhanibek Datbayev,IOI,2002,github,itomatik,https://github.com/itomatik,Zhanibek Datbayev,0.7,probable,exact_name;cross_source_handle,"Palo Alto, CA",,,"login=itomatik; location=Palo Alto, CA",https://github.com/itomatik,
kaz-9b09f062bfeb,Zhanibek Datbayev,Zhanibek Datbayev,IOI,2002,openalex,A5020545419,https://openalex.org/A5020545419,Zhanibek Datbayev,0.48,candidate,exact_name;field_alignment;plausible_timeline;ambiguous_same_name_source,,Purdue University West Lafayette,Research author,"works=3; citations=9; institutions=Purdue University West Lafayette; topics=Face and Expression Recognition, Sparse and Compressive Sensing Techniques, Image and Signal Denoising Methods, Image Retrieval and Classification Techniques, Consumer Market Behavior and Pricing",https://openalex.org/A5020545419,
kaz-9b09f062bfeb,Zhanibek Datbayev,Zhanibek Datbayev,IOI,2002,openalex,A5115426679,https://openalex.org/A5115426679,Zhanibek Datbayev,0.48,candidate,exact_name;field_alignment;plausible_timeline;ambiguous_same_name_source,,New York University,Research author,"works=2; citations=1; institutions=New York University; topics=Indoor and Outdoor Localization Technologies, Sparse and Compressive Sensing Techniques, Radar Systems and Signal Processing, Underwater Vehicles and Communication Systems, Cryptography and Residue Arithmetic",https://openalex.org/A5115426679,
kaz-9b2fecb414ca,Bakhytbek Zhalmagambetov,Bakhytbek Zhalmagambetov,IBO,2008,orcid,0000-0002-2110-2167,https://orcid.org/0000-0002-2110-2167,Bakhytbek Zhalmagambetov,0.77,probable,exact_name;self_asserted_orcid_affiliation;kazakhstan_context,,Nazarbayev University,MD,orcid=0000-0002-2110-2167; current_affiliation=Nazarbayev University; role=MD,https://orcid.org/0000-0002-2110-2167,
kaz-9dc89c027c6a,Khaidar Kairbek,Khaidar Kairbek,IChO,2020,github,khaidarkairbek,https://github.com/khaidarkairbek,Khaidar Kairbek,0.53,candidate,exact_name;outbound_profile_links,New York,,dartmouth'26 EE,login=khaidarkairbek; location=New York; bio=dartmouth'26 EE,https://github.com/khaidarkairbek,https://www.linkedin.com/in/khaidar-kairbek/
kaz-9f8b5c60daf2,Kairat Akhmetov,Kairat Akhmetov,IPhO,1998,wikidata,Q62626570,https://www.wikidata.org/wiki/Q62626570,Kairat Akhmetov,0.78,candidate,exact_name;wikidata_name_only;kazakhstan_context;plausible_timeline;outbound_profile_links,Taldyqorğan; Kazakhstan,,martial artist,description=Kazakhstani mixed martial arts fighter; occupation=martial artist; citizenship=Kazakhstan,https://www.wikidata.org/wiki/Q62626570,https://en.wikipedia.org/wiki/Kairat_Akhmetov
kaz-9f8b5c60daf2,Kairat Akhmetov,Kairat Akhmetov,IPhO,1998,orcid,0000-0001-7188-5422,https://orcid.org/0000-0001-7188-5422,Kairat Akhmetov,0.75,candidate,exact_name;self_asserted_orcid_affiliation;kazakhstan_context;field_alignment;plausible_timeline;ambiguous_same_name_source,,South Ural State University,Сandidate of technical sciences,orcid=0000-0001-7188-5422; current_affiliation=L N Gumilyov Eurasian National University; past_affiliation=South Ural State University; role=Сandidate of technical sciences,https://orcid.org/0000-0001-7188-5422,https://www.facebook.com/profile.php?id=100078717439587
kaz-9f8b5c60daf2,Kairat Akhmetov,Kairat Akhmetov,IPhO,1998,orcid,0000-0003-3354-4023,https://orcid.org/0000-0003-3354-4023,Kairat Akhmetov,0.75,candidate,exact_name;self_asserted_orcid_affiliation;kazakhstan_context;field_alignment;plausible_timeline;ambiguous_same_name_source,,Toraighyrov University,PhD,orcid=0000-0003-3354-4023; current_affiliation=Toraighyrov University; role=PhD,https://orcid.org/0000-0003-3354-4023,
kaz-9f8b5c60daf2,Kairat Akhmetov,Kairat Akhmetov,IPhO,1998,openalex,A5143710020,https://openalex.org/A5143710020,Kairat Akhmetov,0.5,candidate,exact_name,,,Research author,"works=1; citations=0; topics=Vector-borne infectious diseases, Powdery Mildew Fungal Diseases, Entomological Studies and Ecology",https://openalex.org/A5143710020,
kaz-9f8b5c60daf2,Kairat Akhmetov,Kairat Akhmetov,IPhO,1998,orcid,0000-0002-8807-536X,https://orcid.org/0000-0002-8807-536X,Kairat Akhmetov,0.42,candidate,exact_name;self_asserted_orcid_affiliation;ambiguous_same_name_source,,,,orcid=0000-0002-8807-536X,https://orcid.org/0000-0002-8807-536X,
kaz-9f8b5c60daf2,Kairat Akhmetov,Kairat Akhmetov,IPhO,1998,orcid,0009-0001-6556-1939,https://orcid.org/0009-0001-6556-1939,Kairat Akhmetov,0.42,candidate,exact_name;self_asserted_orcid_affiliation;ambiguous_same_name_source,,,,orcid=0009-0001-6556-1939,https://orcid.org/0009-0001-6556-1939,
kaz-a2011ec03297,Renat Bekbolatov,Renat Bekbolatov,IMO,1996,openalex,A5062874394,https://openalex.org/A5062874394,Renat Bekbolatov,0.63,candidate,exact_name;field_alignment;plausible_timeline,,California Institute of Technology,Research author,"works=1; citations=212; institutions=California Institute of Technology; topics=Advanced biosensing and bioanalysis techniques, DNA and Biological Computing, Modular Robots and Swarm Intelligence",https://openalex.org/A5062874394,
kaz-a2011ec03297,Renat Bekbolatov,Renat Bekbolatov,IMO,1996,github,Bekbolatov,https://github.com/Bekbolatov,Renat Bekbolatov,0.5,candidate,exact_name,,,,login=Bekbolatov,https://github.com/Bekbolatov,
kaz-a2f029eab00c,Amir Tulegenov,Amir Tulegenov,IOI,2009,cphof,topcoder:amir.tu,https://cphof.org/profile/topcoder:amir.tu,Amir Tulegenov,1.0,confirmed,exact_name;kazakhstan_context;direct_olympiad_evidence;outbound_profile_links,Kazakhstan,,,profile=topcoder:amir.tu; country=Kazakhstan; contest=IOI,https://cphof.org/profile/topcoder:amir.tu,http://stats.ioinformatics.org/people/161;https://www.topcoder.com/members/amir.tu
kaz-a2f029eab00c,Amir Tulegenov,Amir Tulegenov,IOI,2009,github,amirtu,https://github.com/amirtu,Amir Tulegenov,0.5,candidate,exact_name,,,two weeks of coding can save you two hours of thinking,login=amirtu; bio=two weeks of coding can save you two hours of thinking,https://github.com/amirtu,
kaz-a55fa73a7d5f,Anna Zavalishina,Anna Zavalishina,IBO,2016,orcid,0009-0007-7163-4771,https://orcid.org/0009-0007-7163-4771,Anna Zavalishina,0.77,probable,exact_name;self_asserted_orcid_affiliation;kazakhstan_context,,Pavlodar State Pedagogical University,,orcid=0009-0007-7163-4771; current_affiliation=Pavlodar State Pedagogical University,https://orcid.org/0009-0007-7163-4771,
kaz-a8612d505db7,Miras Myrzakerey,Miras Myrzakerey,IOI,2014,codeforces,Miras321,https://codeforces.com/profile/Miras321,Miras Myrzakerey,1.0,confirmed,exact_name;kazakhstan_context;organization_present;cross_source_organization;linked_profile,Almaty; Kazakhstan,Nazarbayev University,,handle=Miras321; country=Kazakhstan; city=Almaty; organization=Nazarbayev University,https://codeforces.com/profile/Miras321,
kaz-a8612d505db7,Miras Myrzakerey,Miras Myrzakerey,IOI,2014,cphof,codeforces:Miras321,https://cphof.org/profile/codeforces:Miras321,Miras Myrzakerey,1.0,confirmed,exact_name;kazakhstan_context;direct_olympiad_evidence;outbound_profile_links;cross_source_organization;linked_profile,Almaty; Kazakhstan,Nazarbayev University,,profile=codeforces:Miras321; country=Kazakhstan; contest=IOI; codeforces=Miras321; organization=Nazarbayev University,https://cphof.org/profile/codeforces:Miras321,http://stats.ioinformatics.org/people/5125;https://codeforces.com/profile/Miras321
kaz-a8612d505db7,Miras Myrzakerey,Miras Myrzakerey,IOI,2014,github,myrzakereyms,https://github.com/myrzakereyms,Miras Myrzakerey,0.5,candidate,exact_name,Tokyo,Google,@google @whatwg @w3c Google Chrome / Blink.,login=myrzakereyms; company=Google; location=Tokyo; bio=@google @whatwg @w3c Google Chrome / Blink.,https://github.com/myrzakereyms,
kaz-a93118601e76,Yerdos Ordabayev,Yerdos Ordabayev,IChO,2007,orcid,0000-0002-1493-9364,https://orcid.org/0000-0002-1493-9364,Yerdos Ordabayev,0.6,candidate,exact_name;self_asserted_orcid_affiliation;plausible_timeline,,Broad Institute,Machine Learning Scientist,"orcid=0000-0002-1493-9364; current_affiliation=Broad Institute; past_affiliation=Washington University in St. Louis,Lomonosov Moscow State University,Brandeis University; role=Machine Learning Scientist",https://orcid.org/0000-0002-1493-9364,
kaz-a93118601e76,Yerdos Ordabayev,Yerdos Ordabayev,IChO,2007,github,ordabayevy,https://github.com/ordabayevy,Yerdos Ordabayev,0.53,candidate,exact_name;outbound_profile_links,"Cambridge, MA",Generate Biomedicines,Senior Machine Learning Scientist I at Generate Biomedicines.,"login=ordabayevy; company=Generate Biomedicines; location=Cambridge, MA; bio=Senior Machine Learning Scientist I at Generate Biomedicines.; website=https://cellarium-ai.github.io/cellarium-ml/",https://github.com/ordabayevy,https://cellarium-ai.github.io/cellarium-ml/;https://twitter.com/ordabayevy
kaz-a9c48be9eff3,Semen Shkilevich,Semen Shkilevich,IOI,2000,cphof,ioi:2074,https://cphof.org/profile/ioi:2074,Semen Shkilevich,1.0,confirmed,exact_name;kazakhstan_context;direct_olympiad_evidence;outbound_profile_links,Kazakhstan,,,profile=ioi:2074; country=Kazakhstan; contest=IOI,https://cphof.org/profile/ioi:2074,http://stats.ioinformatics.org/people/2074
kaz-ac8d11f139c6,David Li,David Li,IPhO,2019,orcid,0000-0002-8921-5168,https://orcid.org/0000-0002-8921-5168,David Li,0.55,candidate,exact_name;self_asserted_orcid_affiliation;field_alignment;plausible_timeline;ambiguous_same_name_source,,Stanford University,,"orcid=0000-0002-8921-5168; current_affiliation=Stanford University; past_affiliation=University of Cambridge,Massachusetts Institute of Technology",https://orcid.org/0000-0002-8921-5168,
kaz-ac8d11f139c6,David Li,David Li,IPhO,2019,orcid,0000-0001-7637-8649,https://orcid.org/0000-0001-7637-8649,David Li,0.52,candidate,exact_name;self_asserted_orcid_affiliation;field_alignment;ambiguous_same_name_source,,,,orcid=0000-0001-7637-8649,https://orcid.org/0000-0001-7637-8649,
kaz-ac8d11f139c6,David Li,David Li,IPhO,2019,orcid,0000-0002-1028-8445,https://orcid.org/0000-0002-1028-8445,David Li,0.52,candidate,exact_name;self_asserted_orcid_affiliation;field_alignment;ambiguous_same_name_source,,University of Toronto,,orcid=0000-0002-1028-8445; current_affiliation=University of Toronto,https://orcid.org/0000-0002-1028-8445,
kaz-ac8d11f139c6,David Li,David Li,IPhO,2019,orcid,0000-0003-4323-9321,https://orcid.org/0000-0003-4323-9321,David Li,0.52,candidate,exact_name;self_asserted_orcid_affiliation;field_alignment;ambiguous_same_name_source,,,,orcid=0000-0003-4323-9321,https://orcid.org/0000-0003-4323-9321,
kaz-ac8d11f139c6,David Li,David Li,IPhO,2019,orcid,0000-0001-5221-1334,https://orcid.org/0000-0001-5221-1334,David Li,0.45,candidate,exact_name;self_asserted_orcid_affiliation;plausible_timeline;ambiguous_same_name_source,,Stanford Health Care,Fellow,"orcid=0000-0001-5221-1334; current_affiliation=Stanford Health Care; past_affiliation=School of Medicine\, University of California\, San Diego,Stanford Health Care; role=Fellow",https://orcid.org/0000-0001-5221-1334,https://twitter.com/davidrqli;https://www.linkedin.com/in/davidrqli/
kaz-ac8d11f139c6,David Li,David Li,IPhO,2019,orcid,0000-0002-3187-6190,https://orcid.org/0000-0002-3187-6190,David Li,0.45,candidate,exact_name;self_asserted_orcid_affiliation;plausible_timeline;ambiguous_same_name_source,,Google (United States),Software Engineer,"orcid=0000-0002-3187-6190; current_affiliation=Google (United States); past_affiliation=University of Maryland\, College Park,University of Maryland\, College Park,University of Maryland\, College Park,Google (United States); role=Software Engineer",https://orcid.org/0000-0002-3187-6190,https://davidl.me
kaz-ac8d11f139c6,David Li,David Li,IPhO,2019,orcid,0000-0002-7684-2023,https://orcid.org/0000-0002-7684-2023,David Li,0.45,candidate,exact_name;self_asserted_orcid_affiliation;plausible_timeline;ambiguous_same_name_source,,Northwestern University,Doctor of Philosophy,"orcid=0000-0002-7684-2023; current_affiliation=Northwestern University,American Historical Association,Association for Asian Studies; past_affiliation=Harvard University,Boston University,Harvard University Harvard Yenching Library,Harvard University John King Fairbank Center for Chinese Studies; role=Doctor of Philosophy",https://orcid.org/0000-0002-7684-2023,
kaz-ac8d11f139c6,David Li,David Li,IPhO,2019,orcid,0009-0003-5876-6930,https://orcid.org/0009-0003-5876-6930,David Li,0.45,candidate,exact_name;self_asserted_orcid_affiliation;plausible_timeline;ambiguous_same_name_source,,Boston University,Student,orcid=0009-0003-5876-6930; current_affiliation=Boston University; role=Student,https://orcid.org/0009-0003-5876-6930,
kaz-ac8d11f139c6,David Li,David Li,IPhO,2019,orcid,0009-0003-8638-143X,https://orcid.org/0009-0003-8638-143X,David Li,0.45,candidate,exact_name;self_asserted_orcid_affiliation;plausible_timeline;ambiguous_same_name_source,,Carnegie Mellon University,Undergraduate,orcid=0009-0003-8638-143X; current_affiliation=Carnegie Mellon University; role=Undergraduate,https://orcid.org/0009-0003-8638-143X,
kaz-ac8d11f139c6,David Li,David Li,IPhO,2019,orcid,0009-0005-5057-5181,https://orcid.org/0009-0005-5057-5181,David Li,0.45,candidate,exact_name;self_asserted_orcid_affiliation;plausible_timeline;ambiguous_same_name_source,,Karlsruhe Institute of Technology,PhD Student,orcid=0009-0005-5057-5181; current_affiliation=Karlsruhe Institute of Technology; past_affiliation=Augsburg University; role=PhD Student,https://orcid.org/0009-0005-5057-5181,
kaz-ac8d11f139c6,David Li,David Li,IPhO,2019,orcid,0009-0006-6665-1967,https://orcid.org/0009-0006-6665-1967,David Li,0.45,candidate,exact_name;self_asserted_orcid_affiliation;plausible_timeline;ambiguous_same_name_source,,NWPU,teacher,orcid=0009-0006-6665-1967; current_affiliation=NWPU; role=teacher,https://orcid.org/0009-0006-6665-1967,
kaz-ac8d11f139c6,David Li,David Li,IPhO,2019,orcid,0009-0008-7453-6998,https://orcid.org/0009-0008-7453-6998,David Li,0.45,candidate,exact_name;self_asserted_orcid_affiliation;plausible_timeline;ambiguous_same_name_source,,Sapienza University of Rome,,"orcid=0009-0008-7453-6998; current_affiliation=Ruprecht-Karls-Universität Heidelberg,Sapienza University of Rome,Heidelberg University; past_affiliation=Sorbonne University,Ruprecht-Karls-Universität Heidelberg,University of Illinois Urbana-Champaign",https://orcid.org/0009-0008-7453-6998,
kaz-ac8d11f139c6,David Li,David Li,IPhO,2019,orcid,0000-0001-5188-9143,https://orcid.org/0000-0001-5188-9143,David Li,0.42,candidate,exact_name;self_asserted_orcid_affiliation;ambiguous_same_name_source,,,,orcid=0000-0001-5188-9143,https://orcid.org/0000-0001-5188-9143,
kaz-ac8d11f139c6,David Li,David Li,IPhO,2019,orcid,0000-0001-6334-1441,https://orcid.org/0000-0001-6334-1441,David Li,0.42,candidate,exact_name;self_asserted_orcid_affiliation;ambiguous_same_name_source,,,,orcid=0000-0001-6334-1441,https://orcid.org/0000-0001-6334-1441,
kaz-ac8d11f139c6,David Li,David Li,IPhO,2019,orcid,0000-0001-6663-0310,https://orcid.org/0000-0001-6663-0310,david li,0.42,candidate,exact_name;self_asserted_orcid_affiliation;ambiguous_same_name_source,,,,orcid=0000-0001-6663-0310,https://orcid.org/0000-0001-6663-0310,
kaz-ac8d11f139c6,David Li,David Li,IPhO,2019,orcid,0000-0001-6680-8764,https://orcid.org/0000-0001-6680-8764,David Li,0.42,candidate,exact_name;self_asserted_orcid_affiliation;ambiguous_same_name_source,,,,orcid=0000-0001-6680-8764,https://orcid.org/0000-0001-6680-8764,
kaz-ac8d11f139c6,David Li,David Li,IPhO,2019,orcid,0000-0001-6948-1154,https://orcid.org/0000-0001-6948-1154,David Li,0.42,candidate,exact_name;self_asserted_orcid_affiliation;ambiguous_same_name_source,,,,orcid=0000-0001-6948-1154,https://orcid.org/0000-0001-6948-1154,
kaz-ac8d11f139c6,David Li,David Li,IPhO,2019,orcid,0000-0001-9316-1951,https://orcid.org/0000-0001-9316-1951,David Li,0.42,candidate,exact_name;self_asserted_orcid_affiliation;ambiguous_same_name_source,,,,orcid=0000-0001-9316-1951,https://orcid.org/0000-0001-9316-1951,
kaz-ac8d11f139c6,David Li,David Li,IPhO,2019,orcid,0000-0002-0092-660X,https://orcid.org/0000-0002-0092-660X,David Li,0.42,candidate,exact_name;self_asserted_orcid_affiliation;ambiguous_same_name_source,,,,orcid=0000-0002-0092-660X,https://orcid.org/0000-0002-0092-660X,
kaz-ac8d11f139c6,David Li,David Li,IPhO,2019,orcid,0000-0002-1151-1354,https://orcid.org/0000-0002-1151-1354,David Li,0.42,candidate,exact_name;self_asserted_orcid_affiliation;ambiguous_same_name_source,,,,orcid=0000-0002-1151-1354,https://orcid.org/0000-0002-1151-1354,
kaz-ac8d11f139c6,David Li,David Li,IPhO,2019,orcid,0000-0002-2668-7184,https://orcid.org/0000-0002-2668-7184,David Li,0.42,candidate,exact_name;self_asserted_orcid_affiliation;ambiguous_same_name_source,,,,orcid=0000-0002-2668-7184,https://orcid.org/0000-0002-2668-7184,
kaz-ac8d11f139c6,David Li,David Li,IPhO,2019,orcid,0000-0002-4450-8776,https://orcid.org/0000-0002-4450-8776,David Li,0.42,candidate,exact_name;self_asserted_orcid_affiliation;ambiguous_same_name_source,,,,orcid=0000-0002-4450-8776,https://orcid.org/0000-0002-4450-8776,
kaz-ac8d11f139c6,David Li,David Li,IPhO,2019,orcid,0000-0002-4863-311X,https://orcid.org/0000-0002-4863-311X,David Li,0.42,candidate,exact_name;self_asserted_orcid_affiliation;ambiguous_same_name_source,,,,orcid=0000-0002-4863-311X,https://orcid.org/0000-0002-4863-311X,
kaz-ac8d11f139c6,David Li,David Li,IPhO,2019,orcid,0000-0002-5005-4643,https://orcid.org/0000-0002-5005-4643,David Li,0.42,candidate,exact_name;self_asserted_orcid_affiliation;ambiguous_same_name_source,,,,orcid=0000-0002-5005-4643,https://orcid.org/0000-0002-5005-4643,
kaz-ac8d11f139c6,David Li,David Li,IPhO,2019,orcid,0000-0002-5020-8534,https://orcid.org/0000-0002-5020-8534,David Li,0.42,candidate,exact_name;self_asserted_orcid_affiliation;ambiguous_same_name_source,,The Hong Kong Polytechnic University,,"orcid=0000-0002-5020-8534; current_affiliation=University of Texas at Austin,University of Iowa,University of Hong Kong,The Hong Kong Polytechnic University",https://orcid.org/0000-0002-5020-8534,
kaz-ac8d11f139c6,David Li,David Li,IPhO,2019,orcid,0000-0002-5208-8732,https://orcid.org/0000-0002-5208-8732,David Li,0.42,candidate,exact_name;self_asserted_orcid_affiliation;ambiguous_same_name_source,,,,orcid=0000-0002-5208-8732,https://orcid.org/0000-0002-5208-8732,
kaz-ac8d11f139c6,David Li,David Li,IPhO,2019,orcid,0000-0002-5362-5675,https://orcid.org/0000-0002-5362-5675,David Li,0.42,candidate,exact_name;self_asserted_orcid_affiliation;ambiguous_same_name_source,,,,orcid=0000-0002-5362-5675,https://orcid.org/0000-0002-5362-5675,
kaz-ac8d11f139c6,David Li,David Li,IPhO,2019,orcid,0000-0002-6681-9161,https://orcid.org/0000-0002-6681-9161,David Li,0.42,candidate,exact_name;self_asserted_orcid_affiliation;ambiguous_same_name_source,,,,orcid=0000-0002-6681-9161,https://orcid.org/0000-0002-6681-9161,
kaz-ac8d11f139c6,David Li,David Li,IPhO,2019,orcid,0000-0002-7512-9672,https://orcid.org/0000-0002-7512-9672,David Li,0.42,candidate,exact_name;self_asserted_orcid_affiliation;ambiguous_same_name_source,,University of Alberta,MD,orcid=0000-0002-7512-9672; current_affiliation=University of Alberta; role=MD,https://orcid.org/0000-0002-7512-9672,
kaz-ac8d11f139c6,David Li,David Li,IPhO,2019,orcid,0000-0002-9332-317X,https://orcid.org/0000-0002-9332-317X,David Li,0.42,candidate,exact_name;self_asserted_orcid_affiliation;ambiguous_same_name_source,,,,orcid=0000-0002-9332-317X,https://orcid.org/0000-0002-9332-317X,
kaz-ac8d11f139c6,David Li,David Li,IPhO,2019,orcid,0000-0003-1222-5189,https://orcid.org/0000-0003-1222-5189,David Li,0.42,candidate,exact_name;self_asserted_orcid_affiliation;ambiguous_same_name_source,,,,orcid=0000-0003-1222-5189,https://orcid.org/0000-0003-1222-5189,
kaz-ac8d11f139c6,David Li,David Li,IPhO,2019,orcid,0000-0003-1519-0575,https://orcid.org/0000-0003-1519-0575,David Li,0.42,candidate,exact_name;self_asserted_orcid_affiliation;ambiguous_same_name_source,,,,orcid=0000-0003-1519-0575,https://orcid.org/0000-0003-1519-0575,
kaz-ac8d11f139c6,David Li,David Li,IPhO,2019,orcid,0000-0003-2853-0743,https://orcid.org/0000-0003-2853-0743,David Li,0.42,candidate,exact_name;self_asserted_orcid_affiliation;ambiguous_same_name_source,,,,orcid=0000-0003-2853-0743,https://orcid.org/0000-0003-2853-0743,
kaz-ac8d11f139c6,David Li,David Li,IPhO,2019,orcid,0009-0000-2842-3257,https://orcid.org/0009-0000-2842-3257,David Li,0.42,candidate,exact_name;self_asserted_orcid_affiliation;ambiguous_same_name_source,,,,orcid=0009-0000-2842-3257,https://orcid.org/0009-0000-2842-3257,
kaz-ac8d11f139c6,David Li,David Li,IPhO,2019,orcid,0009-0000-4673-0955,https://orcid.org/0009-0000-4673-0955,David Li,0.42,candidate,exact_name;self_asserted_orcid_affiliation;ambiguous_same_name_source,,Massachusetts Institute of Technology,,orcid=0009-0000-4673-0955; current_affiliation=Massachusetts Institute of Technology,https://orcid.org/0009-0000-4673-0955,
kaz-ac8d11f139c6,David Li,David Li,IPhO,2019,orcid,0009-0000-4974-5132,https://orcid.org/0009-0000-4974-5132,David Li,0.42,candidate,exact_name;self_asserted_orcid_affiliation;ambiguous_same_name_source,,JPS Health Network,,orcid=0009-0000-4974-5132; current_affiliation=JPS Health Network,https://orcid.org/0009-0000-4974-5132,
kaz-ac8d11f139c6,David Li,David Li,IPhO,2019,orcid,0009-0000-6436-5218,https://orcid.org/0009-0000-6436-5218,David Li,0.42,candidate,exact_name;self_asserted_orcid_affiliation;ambiguous_same_name_source,,Stanford University,,orcid=0009-0000-6436-5218; current_affiliation=Stanford University,https://orcid.org/0009-0000-6436-5218,
kaz-ac8d11f139c6,David Li,David Li,IPhO,2019,orcid,0009-0000-7932-2499,https://orcid.org/0009-0000-7932-2499,David Li,0.42,candidate,exact_name;self_asserted_orcid_affiliation;ambiguous_same_name_source,,,,orcid=0009-0000-7932-2499,https://orcid.org/0009-0000-7932-2499,
kaz-ac8d11f139c6,David Li,David Li,IPhO,2019,orcid,0009-0002-8858-2852,https://orcid.org/0009-0002-8858-2852,David Li,0.42,candidate,exact_name;self_asserted_orcid_affiliation;ambiguous_same_name_source,,Cornell University,,orcid=0009-0002-8858-2852; current_affiliation=Cornell University,https://orcid.org/0009-0002-8858-2852,
kaz-ac8d11f139c6,David Li,David Li,IPhO,2019,orcid,0009-0003-0295-8597,https://orcid.org/0009-0003-0295-8597,david li,0.42,candidate,exact_name;self_asserted_orcid_affiliation;ambiguous_same_name_source,,CST,,orcid=0009-0003-0295-8597; current_affiliation=CST,https://orcid.org/0009-0003-0295-8597,
kaz-ac8d11f139c6,David Li,David Li,IPhO,2019,orcid,0009-0003-1937-2752,https://orcid.org/0009-0003-1937-2752,David Li,0.42,candidate,exact_name;self_asserted_orcid_affiliation;ambiguous_same_name_source,,,,orcid=0009-0003-1937-2752,https://orcid.org/0009-0003-1937-2752,
kaz-ac8d11f139c6,David Li,David Li,IPhO,2019,orcid,0009-0003-4135-6118,https://orcid.org/0009-0003-4135-6118,David Li,0.42,candidate,exact_name;self_asserted_orcid_affiliation;ambiguous_same_name_source,,,,orcid=0009-0003-4135-6118,https://orcid.org/0009-0003-4135-6118,
kaz-ac8d11f139c6,David Li,David Li,IPhO,2019,orcid,0009-0004-2259-4388,https://orcid.org/0009-0004-2259-4388,David Li,0.42,candidate,exact_name;self_asserted_orcid_affiliation;ambiguous_same_name_source,,,,orcid=0009-0004-2259-4388,https://orcid.org/0009-0004-2259-4388,
kaz-ac8d11f139c6,David Li,David Li,IPhO,2019,orcid,0009-0005-6953-5104,https://orcid.org/0009-0005-6953-5104,David Li,0.42,candidate,exact_name;self_asserted_orcid_affiliation;ambiguous_same_name_source,,,,orcid=0009-0005-6953-5104,https://orcid.org/0009-0005-6953-5104,
kaz-ac8d11f139c6,David Li,David Li,IPhO,2019,orcid,0009-0005-7527-0632,https://orcid.org/0009-0005-7527-0632,David Li,0.42,candidate,exact_name;self_asserted_orcid_affiliation;ambiguous_same_name_source,,Mitre (United States),,orcid=0009-0005-7527-0632; current_affiliation=Mitre (United States),https://orcid.org/0009-0005-7527-0632,
kaz-ac8d11f139c6,David Li,David Li,IPhO,2019,orcid,0009-0006-1898-6834,https://orcid.org/0009-0006-1898-6834,David Li,0.42,candidate,exact_name;self_asserted_orcid_affiliation;ambiguous_same_name_source,,Columbia University,,orcid=0009-0006-1898-6834; current_affiliation=Columbia University,https://orcid.org/0009-0006-1898-6834,
kaz-ac8d11f139c6,David Li,David Li,IPhO,2019,orcid,0009-0006-6234-0096,https://orcid.org/0009-0006-6234-0096,David Li,0.42,candidate,exact_name;self_asserted_orcid_affiliation;ambiguous_same_name_source,,,,orcid=0009-0006-6234-0096,https://orcid.org/0009-0006-6234-0096,
kaz-ac8d11f139c6,David Li,David Li,IPhO,2019,orcid,0009-0006-7105-7671,https://orcid.org/0009-0006-7105-7671,David Li,0.42,candidate,exact_name;self_asserted_orcid_affiliation;ambiguous_same_name_source,,,,orcid=0009-0006-7105-7671,https://orcid.org/0009-0006-7105-7671,
kaz-ac8d11f139c6,David Li,David Li,IPhO,2019,orcid,0009-0007-7896-9929,https://orcid.org/0009-0007-7896-9929,David Li,0.42,candidate,exact_name;self_asserted_orcid_affiliation;ambiguous_same_name_source,,,,orcid=0009-0007-7896-9929,https://orcid.org/0009-0007-7896-9929,
kaz-ac8d11f139c6,David Li,David Li,IPhO,2019,orcid,0009-0008-5119-2360,https://orcid.org/0009-0008-5119-2360,David Li,0.42,candidate,exact_name;self_asserted_orcid_affiliation;ambiguous_same_name_source,,University of Waterloo,,orcid=0009-0008-5119-2360; current_affiliation=University of Waterloo,https://orcid.org/0009-0008-5119-2360,
kaz-ac8d11f139c6,David Li,David Li,IPhO,2019,orcid,0009-0008-6616-9817,https://orcid.org/0009-0008-6616-9817,David Li,0.42,candidate,exact_name;self_asserted_orcid_affiliation;ambiguous_same_name_source,,,,orcid=0009-0008-6616-9817,https://orcid.org/0009-0008-6616-9817,
kaz-ac8d11f139c6,David Li,David Li,IPhO,2019,orcid,0009-0009-3241-7808,https://orcid.org/0009-0009-3241-7808,David Li,0.42,candidate,exact_name;self_asserted_orcid_affiliation;ambiguous_same_name_source,,,,orcid=0009-0009-3241-7808,https://orcid.org/0009-0009-3241-7808,
kaz-ac8d11f139c6,David Li,David Li,IPhO,2019,codeforces,Daveeed,https://codeforces.com/profile/Daveeed,David Li,0.38,candidate,exact_name;organization_present;ambiguous_same_name_source,Sugar Land; United States,University of Texas at Austin,,handle=Daveeed; country=United States; city=Sugar Land; organization=University of Texas at Austin,https://codeforces.com/profile/Daveeed,
kaz-ac8d11f139c6,David Li,David Li,IPhO,2019,codeforces,Watersphere,https://codeforces.com/profile/Watersphere,David Li,0.38,candidate,exact_name;organization_present;ambiguous_same_name_source,Guilin; China,FLS Attached to GXNU,,handle=Watersphere; country=China; city=Guilin; organization=FLS Attached to GXNU,https://codeforces.com/profile/Watersphere,
kaz-ac8d11f139c6,David Li,David Li,IPhO,2019,codeforces,Wenze_Li,https://codeforces.com/profile/Wenze_Li,David Li,0.38,candidate,exact_name;organization_present;ambiguous_same_name_source,Zhenjiang; China,Zhenjiang Experimental School,,handle=Wenze_Li; country=China; city=Zhenjiang; organization=Zhenjiang Experimental School,https://codeforces.com/profile/Wenze_Li,
kaz-ac8d11f139c6,David Li,David Li,IPhO,2019,github,dli,https://github.com/dli,David Li,0.38,candidate,exact_name;outbound_profile_links;ambiguous_same_name_source,"London, UK",,,"login=dli; location=London, UK; website=http://david.li",https://github.com/dli,http://david.li
kaz-ac8d11f139c6,David Li,David Li,IPhO,2019,github,dli7319,https://github.com/dli7319,David Li,0.38,candidate,exact_name;outbound_profile_links;ambiguous_same_name_source,"Mountain View, CA",@Google,Android XR Engineer,"login=dli7319; company=@Google; location=Mountain View, CA; bio=Android XR Engineer; website=davidl.me",https://github.com/dli7319,davidl.me
kaz-ac8d11f139c6,David Li,David Li,IPhO,2019,github,lidavidm,https://github.com/lidavidm,David Li,0.38,candidate,exact_name;outbound_profile_links;ambiguous_same_name_source,,,@columnar-tech,login=lidavidm; bio=@columnar-tech; website=https://www.lidavidm.me,https://github.com/lidavidm,https://www.lidavidm.me
kaz-ac8d11f139c6,David Li,David Li,IPhO,2019,github,taweili,https://github.com/taweili,David Li,0.38,candidate,exact_name;outbound_profile_links;ambiguous_same_name_source,"Shanghai, China",,,"login=taweili; location=Shanghai, China",https://github.com/taweili,https://twitter.com/taweili
kaz-ac8d11f139c6,David Li,David Li,IPhO,2019,wikidata,Q105523474,https://www.wikidata.org/wiki/Q105523474,David Li,0.38,candidate,exact_name;wikidata_name_only;plausible_timeline;ambiguous_same_name_source,,,,description=Hong Kong activist,https://www.wikidata.org/wiki/Q105523474,
kaz-ac8d11f139c6,David Li,David Li,IPhO,2019,wikidata,Q125906193,https://www.wikidata.org/wiki/Q125906193,David Li,0.38,candidate,exact_name;wikidata_name_only;outbound_profile_links;ambiguous_same_name_source,,,,orcid=0000-0002-8921-5168,https://www.wikidata.org/wiki/Q125906193,https://orcid.org/0000-0002-8921-5168
kaz-ac8d11f139c6,David Li,David Li,IPhO,2019,wikidata,Q5236579,https://www.wikidata.org/wiki/Q5236579,David Li,0.38,candidate,exact_name;wikidata_name_only;outbound_profile_links;ambiguous_same_name_source,,,,description=Wikimedia disambiguation page,https://www.wikidata.org/wiki/Q5236579,https://en.wikipedia.org/wiki/David_Li_%28disambiguation%29
kaz-ac8d11f139c6,David Li,David Li,IPhO,2019,wikidata,Q88064254,https://www.wikidata.org/wiki/Q88064254,David Li,0.38,candidate,exact_name;wikidata_name_only;outbound_profile_links;ambiguous_same_name_source,,,researcher,description=researcher (ORCID 0000-0003-4323-9321); occupation=researcher; orcid=0000-0003-4323-9321,https://www.wikidata.org/wiki/Q88064254,https://orcid.org/0000-0003-4323-9321
kaz-ac8d11f139c6,David Li,David Li,IPhO,2019,wikidata,Q88184480,https://www.wikidata.org/wiki/Q88184480,David Li,0.38,candidate,exact_name;wikidata_name_only;outbound_profile_links;ambiguous_same_name_source,,,researcher,description=researcher (ORCID 0000-0001-6948-1154); occupation=researcher; orcid=0000-0001-6948-1154,https://www.wikidata.org/wiki/Q88184480,https://orcid.org/0000-0001-6948-1154
kaz-ac8d11f139c6,David Li,David Li,IPhO,2019,wikidata,Q91946334,https://www.wikidata.org/wiki/Q91946334,David Li,0.38,candidate,exact_name;wikidata_name_only;outbound_profile_links;ambiguous_same_name_source,,,researcher,description=researcher (ORCID 0000-0002-4285-5598); occupation=researcher; orcid=0000-0002-4285-5598,https://www.wikidata.org/wiki/Q91946334,https://orcid.org/0000-0002-4285-5598
kaz-ac8d11f139c6,David Li,David Li,IPhO,2019,codeforces,dumbstudent,https://codeforces.com/profile/dumbstudent,David Li,0.35,candidate,exact_name;ambiguous_same_name_source,Lisbon; Portugal,,,handle=dumbstudent; country=Portugal; city=Lisbon,https://codeforces.com/profile/dumbstudent,
kaz-ac8d11f139c6,David Li,David Li,IPhO,2019,github,davidli3100,https://github.com/davidli3100,David Li,0.35,candidate,exact_name;ambiguous_same_name_source,"Waterloo, Canada",@Su-sea @uwaterloo,,"login=davidli3100; company=@Su-sea @uwaterloo; location=Waterloo, Canada",https://github.com/davidli3100,
kaz-ac8d11f139c6,David Li,David Li,IPhO,2019,wikidata,Q102165512,https://www.wikidata.org/wiki/Q102165512,David Li,0.35,candidate,exact_name;wikidata_name_only;ambiguous_same_name_source,,Stanford University,,description=Ph.D. Stanford University 2004; education=Stanford University,https://www.wikidata.org/wiki/Q102165512,
kaz-ac8d11f139c6,David Li,David Li,IPhO,2019,wikidata,Q107277515,https://www.wikidata.org/wiki/Q107277515,David Li,0.35,candidate,exact_name;wikidata_name_only;ambiguous_same_name_source,Shanghai; People's Republic of China,USC Marshall School of Business,,description=co-founder of XinCheJian; education=USC Marshall School of Business; citizenship=People's Republic of China,https://www.wikidata.org/wiki/Q107277515,
kaz-ac8d11f139c6,David Li,David Li,IPhO,2019,wikidata,Q119728393,https://www.wikidata.org/wiki/Q119728393,David Li,0.35,candidate,exact_name;wikidata_name_only;ambiguous_same_name_source,United Kingdom,,,description=British artist; citizenship=United Kingdom,https://www.wikidata.org/wiki/Q119728393,
kaz-ac8d11f139c6,David Li,David Li,IPhO,2019,wikidata,Q99675851,https://www.wikidata.org/wiki/Q99675851,David Li,0.35,candidate,exact_name;wikidata_name_only;ambiguous_same_name_source,,,musician,occupation=musician,https://www.wikidata.org/wiki/Q99675851,
kaz-ac8d11f139c6,David Li,David Li,IPhO,2019,orcid,0000-0002-4285-5598,https://orcid.org/0000-0002-4285-5598,David Li,0.12,candidate,exact_name;self_asserted_orcid_affiliation;field_alignment;timeline_conflict;ambiguous_same_name_source,,University of Pennsylvania,Postdoctoral Researcher,"orcid=0000-0002-4285-5598; current_affiliation=University of Pennsylvania,FASEB,University of Pennsylvania,F1000 Prime\, Faculty Opinions,Biomedical Engineering Society; past_affiliation=Carnegie Mellon University,Boston University,Johns Hopkins University,Center for Engineering MechanoBiology,University of Pennsylvania,University of Pennsylvania,University of Pennsylvania,University of Pennsylvania,Carnegie Mellon University,Pennsylvania Junior Academy of Science,Boston University; role=Postdoctoral Researcher",https://orcid.org/0000-0002-4285-5598,
kaz-ac8d11f139c6,David Li,David Li,IPhO,2019,orcid,0000-0002-6401-4263,https://orcid.org/0000-0002-6401-4263,David Li,0.12,candidate,exact_name;self_asserted_orcid_affiliation;field_alignment;timeline_conflict;ambiguous_same_name_source,,University of Strathclyde,Reader,"orcid=0000-0002-6401-4263; current_affiliation=National Taiwan University,University Of Strathclyde,University of Strathclyde; past_affiliation=University of Strathclyde,University of Sussex,University of Sussex; role=Reader",https://orcid.org/0000-0002-6401-4263,https://pureportal.strath.ac.uk/en/persons/67c99300-5845-4508-95a8-8ad6cccb7403;https://www.scopus.com/authid/detail.uri?authorId=56381706200;https://www.strath.ac.uk/staff/lidaviddr/
kaz-ac8d11f139c6,David Li,David Li,IPhO,2019,orcid,0000-0002-6489-0191,https://orcid.org/0000-0002-6489-0191,David Li,0.12,candidate,exact_name;self_asserted_orcid_affiliation;field_alignment;timeline_conflict;ambiguous_same_name_source,,University of Nebraska at Omaha,Assistant Professor,"orcid=0000-0002-6489-0191; current_affiliation=University of Nebraska at Omaha,Biomedical Engineering Society; past_affiliation=The University of Texas at Austin,The University of Texas at Austin,Rice University,Yale University,The University of Texas at Austin; role=Assistant Professor",https://orcid.org/0000-0002-6489-0191,
kaz-ac8d11f139c6,David Li,David Li,IPhO,2019,orcid,0000-0002-6995-3454,https://orcid.org/0000-0002-6995-3454,David Li,0.12,candidate,exact_name;self_asserted_orcid_affiliation;field_alignment;timeline_conflict;ambiguous_same_name_source,,Rice University,Instructor,orcid=0000-0002-6995-3454; current_affiliation=Rice University; past_affiliation=UC Irvine; role=Instructor,https://orcid.org/0000-0002-6995-3454,
kaz-ac8d11f139c6,David Li,David Li,IPhO,2019,orcid,0000-0003-3869-5154,https://orcid.org/0000-0003-3869-5154,David Li,0.12,candidate,exact_name;self_asserted_orcid_affiliation;field_alignment;timeline_conflict;ambiguous_same_name_source,,University of Adelaide,Master,"orcid=0000-0003-3869-5154; current_affiliation=University of Adelaide,Soochow University; past_affiliation=Shenyang Ligong University,Tianjin Haiguang Advanced Technology Investment,Soochow University; role=Master",https://orcid.org/0000-0003-3869-5154,https://davidli.fun/cv/;https://www.linkedin.com/in/zhengyang-david-li/
kaz-ac8d11f139c6,David Li,David Li,IPhO,2019,orcid,0000-0002-7398-7630,https://orcid.org/0000-0002-7398-7630,David Li,0.02,candidate,exact_name;self_asserted_orcid_affiliation;timeline_conflict;ambiguous_same_name_source,,Sun Yat-sen University,Laboratory Head & Distinguish Professor,"orcid=0000-0002-7398-7630; current_affiliation=Sun Yat-sen University,National Foundation for Eye Research,ISER,American Society for Biochemistry and Molecular Biology,American Association for Cancer Research,American Society for Cell Biology,American Association for the Advancement of Science,ARVO; past_affiliation=University of Washington,University of Nebraska-Lincoln; role=Laboratory Head & Distinguish Professor",https://orcid.org/0000-0002-7398-7630,
kaz-ac8d11f139c6,David Li,David Li,IPhO,2019,orcid,0000-0003-2408-5638,https://orcid.org/0000-0003-2408-5638,David Li,0.02,candidate,exact_name;self_asserted_orcid_affiliation;timeline_conflict;ambiguous_same_name_source,,National Parks Board - Singapore,,orcid=0000-0003-2408-5638; current_affiliation=National Parks Board - Singapore; past_affiliation=Wetlands International,https://orcid.org/0000-0003-2408-5638,
kaz-ac8d11f139c6,David Li,David Li,IPhO,2019,orcid,0009-0005-6716-5541,https://orcid.org/0009-0005-6716-5541,David Li,0.02,candidate,exact_name;self_asserted_orcid_affiliation;timeline_conflict;ambiguous_same_name_source,,Schlumberger (United States),,orcid=0009-0005-6716-5541; current_affiliation=Schlumberger (United States),https://orcid.org/0009-0005-6716-5541,
kaz-ac8d11f139c6,David Li,David Li,IPhO,2019,wikidata,Q5236581,https://www.wikidata.org/wiki/Q5236581,David Li,0.0,candidate,exact_name;wikidata_name_only;timeline_conflict;outbound_profile_links;ambiguous_same_name_source,London; United Kingdom,Selwyn College,politician,"description=Hong Kong businessperson and politician (born 1939); occupation=politician, businessperson, banker, justice of the peace; education=Selwyn College, University of Warwick, Uppingham School; citizenship=United Kingdom",https://www.wikidata.org/wiki/Q5236581,https://en.wikipedia.org/wiki/David_Li
kaz-ae7bbfa79815,Azamat Smagulov,Azamat Smagulov,IChO,2015,orcid,0009-0001-6905-2322,https://orcid.org/0009-0001-6905-2322,Azamat Smagulov,0.77,probable,exact_name;self_asserted_orcid_affiliation;kazakhstan_context,,Евразийский национальный университет имени Л. Н. Гумилёва,,orcid=0009-0001-6905-2322; current_affiliation=Евразийский национальный университет имени Л. Н. Гумилёва,https://orcid.org/0009-0001-6905-2322,
kaz-aec3847e43a0,Temirkhan Zimanov,Temirkhan Zimanov,IMO,2016,codeforces,HCPS42,https://codeforces.com/profile/HCPS42,Temirkhan Zimanov,0.95,confirmed,exact_name;kazakhstan_context;organization_present;cross_source_handle,Almaty; Kazakhstan,Higher School of Economics,,handle=HCPS42; country=Kazakhstan; city=Almaty; organization=Higher School of Economics,https://codeforces.com/profile/HCPS42,
kaz-aec3847e43a0,Temirkhan Zimanov,Temirkhan Zimanov,IMO,2016,github,HCPS42,https://github.com/HCPS42,Temirkhan Zimanov,0.7,probable,exact_name;cross_source_handle,,,,login=HCPS42,https://github.com/HCPS42,
kaz-af55ed678a4e,Aibek Myrzatay,Aibek Myrzatay,IMO,2021,codeforces,AibekMI,https://codeforces.com/profile/AibekMI,Aibek Myrzatay,0.95,confirmed,exact_name;kazakhstan_context;organization_present;cross_source_handle,Atyrau; Kazakhstan,Higher School of Economics,,handle=AibekMI; country=Kazakhstan; city=Atyrau; organization=Higher School of Economics,https://codeforces.com/profile/AibekMI,
kaz-af55ed678a4e,Aibek Myrzatay,Aibek Myrzatay,IMO,2021,github,AibekMI,https://github.com/AibekMI,Aibek Myrzatay,0.7,probable,exact_name;cross_source_handle,,,Student of Higher School of Economics. Studying ML.,login=AibekMI; bio=Student of Higher School of Economics. Studying ML.,https://github.com/AibekMI,
kaz-afd3a80b5994,Igor Ganichev,Igor Ganichev,IMO,2000,openalex,A5030915482,https://openalex.org/A5030915482,Igor Ganichev,0.63,candidate,exact_name;field_alignment;plausible_timeline,,Google (United States),Research author,"works=14; citations=846; institutions=Google (United States), Berkeley College, VMware (United States), University of California, Berkeley; topics=Network Traffic and Congestion Control, Software-Defined Networks and 5G, Parallel Computing and Optimization Techniques, Cloud Computing and Resource Management, Caching and Content Delivery",https://openalex.org/A5030915482,
kaz-afd3a80b5994,Igor Ganichev,Igor Ganichev,IMO,2000,github,iganichev,https://github.com/iganichev,Igor Ganichev,0.5,candidate,exact_name,"Mountain View, CA",@Google,,"login=iganichev; company=@Google; location=Mountain View, CA",https://github.com/iganichev,
kaz-afe18421e5b7,Daulet Zhanguzin,Daulet Zhanguzin,IMO,2006,github,daulet,https://github.com/daulet,Daulet Zhanguzin,0.5,candidate,exact_name,Embedding space,@nvidia,LLMs go grrrrrrr,login=daulet; company=@nvidia; location=Embedding space; bio=LLMs go grrrrrrr,https://github.com/daulet,
kaz-b045af74dc39,Alen Bayev,Alen Bayev,IMO,2007,codeforces,Alien.kz,https://codeforces.com/profile/Alien.kz,Alen Bayev,0.75,probable,exact_name;kazakhstan_context;organization_present,Astana; Kazakhstan,KB MSU,,handle=Alien.kz; country=Kazakhstan; city=Astana; organization=KB MSU,https://codeforces.com/profile/Alien.kz,
kaz-b35790c250cd,Nurbol Duisenbayev,Nurbol Duisenbayev,IMO,2005,orcid,0009-0007-9235-7654,https://orcid.org/0009-0007-9235-7654,NURBOL DUISENBAYEV,0.57,candidate,exact_name;self_asserted_orcid_affiliation,,,,orcid=0009-0007-9235-7654,https://orcid.org/0009-0007-9235-7654,
kaz-b41761cae333,Kirill Panov,Kirill Panov,IMO,1998,openalex,A5047480355,https://openalex.org/A5047480355,Kirill Panov,0.95,probable,exact_name;field_alignment;orcid_present;plausible_timeline;self_asserted_orcid_affiliation;linked_profile,,Omsk State Transport University,Research author,"works=4; citations=0; institutions=Omsk State Transport University; topics=Reliability and Maintenance Optimization, Software Reliability and Analysis Research, Industrial Engineering and Technologies, Engineering Technology and Methodologies, Engineering and Environmental Studies; orcid=https://orcid.org/0000-0001-6068-035X",https://openalex.org/A5047480355,https://orcid.org/0000-0001-6068-035X
kaz-b41761cae333,Kirill Panov,Kirill Panov,IMO,1998,orcid,0000-0001-6068-035X,https://orcid.org/0000-0001-6068-035X,Kirill Panov,0.77,probable,exact_name;self_asserted_orcid_affiliation;linked_profile,,,,orcid=0000-0001-6068-035X,https://orcid.org/0000-0001-6068-035X,
kaz-b41761cae333,Kirill Panov,Kirill Panov,IMO,1998,orcid,0009-0001-2641-2121,https://orcid.org/0009-0001-2641-2121,Kirill Panov,0.57,candidate,exact_name;self_asserted_orcid_affiliation,,,,orcid=0009-0001-2641-2121,https://orcid.org/0009-0001-2641-2121,
kaz-b41761cae333,Kirill Panov,Kirill Panov,IMO,1998,openalex,A5047394178,https://openalex.org/A5047394178,Kirill panov,0.53,candidate,exact_name;plausible_timeline,,National University of Science and Technology,Research author,works=1; citations=1; institutions=National University of Science and Technology; topics=Magnetic Properties of Alloys,https://openalex.org/A5047394178,
kaz-b41761cae333,Kirill Panov,Kirill Panov,IMO,1998,openalex,A5117167709,https://openalex.org/A5117167709,Kirill Panov,0.53,candidate,exact_name;plausible_timeline,,Lipetsk State Pedagogical University,Research author,"works=1; citations=0; institutions=Lipetsk State Pedagogical University; topics=Physical Education and Training Studies, Martial Arts: Techniques, Psychology, and Education",https://openalex.org/A5117167709,
kaz-b41761cae333,Kirill Panov,Kirill Panov,IMO,1998,github,keruhaPanov,https://github.com/keruhaPanov,Kirill Panov,0.38,candidate,exact_name;outbound_profile_links;ambiguous_same_name_source,Moscow,,"Full-stack Developer (React, Redux, JavaScript, node.js, Express, PostgreSQL)","login=keruhaPanov; location=Moscow; bio=Full-stack Developer (React, Redux, JavaScript, node.js, Express, PostgreSQL); website=https://t.me/keruhajs",https://github.com/keruhaPanov,https://t.me/keruhajs
kaz-b41761cae333,Kirill Panov,Kirill Panov,IMO,1998,github,kirillpanov,https://github.com/kirillpanov,Kirill Panov,0.35,candidate,exact_name;ambiguous_same_name_source,"Minsk, Belarus",,,"login=kirillpanov; location=Minsk, Belarus",https://github.com/kirillpanov,
kaz-b41761cae333,Kirill Panov,Kirill Panov,IMO,1998,github,kirpa1986,https://github.com/kirpa1986,Kirill Panov,0.35,candidate,exact_name;ambiguous_same_name_source,,,,login=kirpa1986,https://github.com/kirpa1986,
kaz-b596c2a8a5f9,Rassul Karabalin,Rassul Karabalin,IPhO,1997,orcid,0009-0002-4543-0074,https://orcid.org/0009-0002-4543-0074,Rassul Karabalin,0.7,probable,exact_name;self_asserted_orcid_affiliation;field_alignment;plausible_timeline,,Amazon.com,Quantum Research Scientist,orcid=0009-0002-4543-0074; current_affiliation=Amazon.com; role=Quantum Research Scientist,https://orcid.org/0009-0002-4543-0074,
kaz-b60a544a248a,Kanat Satylkhanov,Kanat Satylkhanov,IMO,2009,codeforces,NIGHTFIT,https://codeforces.com/profile/NIGHTFIT,Kanat Satylkhanov,0.72,probable,exact_name;kazakhstan_context,Taldykorgan; Kazakhstan,,,handle=NIGHTFIT; country=Kazakhstan; city=Taldykorgan,https://codeforces.com/profile/NIGHTFIT,
kaz-b788eb650e7a,Nurgali Arystanov,Nurgali Arystanov,IMO,1995,wikidata,Q123700015,https://www.wikidata.org/wiki/Q123700015,Nurgali Arystanov,0.78,candidate,exact_name;wikidata_name_only;kazakhstan_context;plausible_timeline;outbound_profile_links,Kyzylorda Region,,,description=Kazakh diplomat,https://www.wikidata.org/wiki/Q123700015,https://en.wikipedia.org/wiki/Nurgali_Arystanov
kaz-b893faccd3fc,Temirulan Mussayev,Temirulan Mussayev,IMO,2011,codeforces,Temirulan,https://codeforces.com/profile/Temirulan,Temirulan Mussayev,0.95,confirmed,exact_name;kazakhstan_context;organization_present;cross_source_handle,Almaty; Kazakhstan,KBTU,,handle=Temirulan; country=Kazakhstan; city=Almaty; organization=KBTU,https://codeforces.com/profile/Temirulan,
kaz-b893faccd3fc,Temirulan Mussayev,Temirulan Mussayev,IMO,2011,github,temirulan,https://github.com/temirulan,Temirulan Mussayev,0.7,probable,exact_name;cross_source_handle,,,,login=temirulan,https://github.com/temirulan,
kaz-ba8a6f8bb8aa,Vladislav Cherdantsev,Vladislav Cherdantsev,IChO,2018,github,vladislach,https://github.com/vladislach,Vladislav Cherdantsev,0.53,candidate,exact_name;outbound_profile_links,,,,login=vladislach; website=https://vladislach.github.io/about/,https://github.com/vladislach,https://vladislach.github.io/about/
kaz-bb588a7913e2,Daulet Toibazar,Daulet Toibazar,IBO,2017,github,daulettoibazar,https://github.com/daulettoibazar,Daulet Toibazar,0.5,candidate,exact_name,"Riyadh, Saudi Arabia",,,"login=daulettoibazar; location=Riyadh, Saudi Arabia",https://github.com/daulettoibazar,
kaz-bb588a7913e2,Daulet Toibazar,Daulet Toibazar,IBO,2017,orcid,0009-0002-4978-4400,https://orcid.org/0009-0002-4978-4400,Daulet Toibazar,0.42,candidate,exact_name;self_asserted_orcid_affiliation;ambiguous_same_name_source,,,,orcid=0009-0002-4978-4400,https://orcid.org/0009-0002-4978-4400,
kaz-bb588a7913e2,Daulet Toibazar,Daulet Toibazar,IBO,2017,orcid,0009-0008-1492-995X,https://orcid.org/0009-0008-1492-995X,Daulet Toibazar,0.42,candidate,exact_name;self_asserted_orcid_affiliation;ambiguous_same_name_source,,King Abdullah University of Science and Technology,Graduate Student,orcid=0009-0008-1492-995X; current_affiliation=King Abdullah University of Science and Technology; role=Graduate Student,https://orcid.org/0009-0008-1492-995X,
kaz-bb641e236bb0,Danil Kravtsov,Danil Kravtsov,IOI,1999,cphof,ioi:4829,https://cphof.org/profile/ioi:4829,Danil Kravtsov,1.0,confirmed,exact_name;kazakhstan_context;direct_olympiad_evidence;outbound_profile_links,Kazakhstan,,,profile=ioi:4829; country=Kazakhstan; contest=IOI,https://cphof.org/profile/ioi:4829,http://stats.ioinformatics.org/people/4829
kaz-bb641e236bb0,Danil Kravtsov,Danil Kravtsov,IOI,1999,github,DaisyKey,https://github.com/DaisyKey,Danil Kravtsov,0.5,candidate,exact_name,,,Student,login=DaisyKey; bio=Student,https://github.com/DaisyKey,
kaz-bda0b6a1ab68,Taimas Korganbayev,Taimas Korganbayev,IOI,2022,codeforces,Tekor,https://codeforces.com/profile/Tekor,Taimas Korganbayev,1.0,confirmed,exact_name;kazakhstan_context;organization_present;cross_source_organization;linked_profile,Almaty; Kazakhstan,HKUST,,handle=Tekor; country=Kazakhstan; city=Almaty; organization=HKUST,https://codeforces.com/profile/Tekor,
kaz-bda0b6a1ab68,Taimas Korganbayev,Taimas Korganbayev,IOI,2022,cphof,codeforces:Tekor,https://cphof.org/profile/codeforces:Tekor,Taimas Korganbayev,1.0,confirmed,exact_name;kazakhstan_context;direct_olympiad_evidence;outbound_profile_links;cross_source_organization;linked_profile,Almaty; Kazakhstan,HKUST,,profile=codeforces:Tekor; country=Kazakhstan; contest=IOI; codeforces=Tekor; organization=HKUST,https://cphof.org/profile/codeforces:Tekor,http://stats.ioinformatics.org/people/7809;https://codeforces.com/profile/Tekor
kaz-be34a221eedd,Mikhail Shakhmatov,Mikhail Shakhmatov,IMO,1997,openalex,A5004741842,https://openalex.org/A5004741842,Mikhail A. Shakhmatov,0.43,candidate,near_exact_name;plausible_timeline,,University of Alabama at Birmingham,Research author,"works=11; citations=327; institutions=University of Alabama at Birmingham; topics=T-cell and B-cell Immunology, Monoclonal and Polyclonal Antibodies Research, Immune Cell Function and Interaction, Chronic Lymphocytic Leukemia Research, Immunodeficiency and Autoimmune Disorders",https://openalex.org/A5004741842,
kaz-bfdcf65f4a6e,Anton Vassilyev,Anton Vassilyev,IMO,2003,openalex,A5026802548,https://openalex.org/A5026802548,Anton N. Vassilyev,0.65,probable,similar_name;kazakhstan_context;field_alignment;plausible_timeline,,Astana Medical University,Research author,"works=1; citations=2; institutions=Astana Medical University; topics=Polynomial and algebraic computation, Advanced Topics in Algebra, Mathematics and Applications",https://openalex.org/A5026802548,
kaz-c03aa47c2122,Zhanibek Bekkhozhin,Zhanibek Bekkhozhin,IChO,2018,orcid,0000-0001-6181-572X,https://orcid.org/0000-0001-6181-572X,Zhanibek Bekkhozhin,0.57,candidate,exact_name;self_asserted_orcid_affiliation,,,,orcid=0000-0001-6181-572X,https://orcid.org/0000-0001-6181-572X,
kaz-c1c692af0296,Azizkhan Almakhan,Azizkhan Almakhan,IOI,2010,codeforces,azizkhan,https://codeforces.com/profile/azizkhan,Azizkhan Almakhan,1.0,confirmed,exact_name;kazakhstan_context;organization_present;cross_source_organization;linked_profile,Almaty; Kazakhstan,KBTU,,handle=azizkhan; country=Kazakhstan; city=Almaty; organization=KBTU,https://codeforces.com/profile/azizkhan,
kaz-c1c692af0296,Azizkhan Almakhan,Azizkhan Almakhan,IOI,2010,cphof,topcoder:azizkhan,https://cphof.org/profile/topcoder:azizkhan,Azizkhan Almakhan,1.0,confirmed,exact_name;kazakhstan_context;direct_olympiad_evidence;outbound_profile_links;cross_source_organization;linked_profile,Almaty; Kazakhstan,KBTU,,profile=topcoder:azizkhan; country=Kazakhstan; contest=IOI; codeforces=azizkhan; universities=Kazakh-British Technical University; organization=KBTU,https://cphof.org/profile/topcoder:azizkhan,http://stats.ioinformatics.org/people/309;https://codeforces.com/profile/azizkhan;https://www.codechef.com/users/azizkhan;https://www.topcoder.com/members/azizkhan
kaz-c1c8ab962b25,Daniyar Zakarin,Daniyar Zakarin,IOI,2018,codeforces,YaKon4ick,https://codeforces.com/profile/YaKon4ick,Daniyar Zakarin,1.0,confirmed,exact_name;kazakhstan_context;organization_present;cross_source_organization;linked_profile,Almaty; Kazakhstan,ETH Zurich,,handle=YaKon4ick; country=Kazakhstan; city=Almaty; organization=ETH Zurich,https://codeforces.com/profile/YaKon4ick,
kaz-c1c8ab962b25,Daniyar Zakarin,Daniyar Zakarin,IOI,2018,cphof,codeforces:YaKon4ick,https://cphof.org/profile/codeforces:YaKon4ick,Daniyar Zakarin,1.0,confirmed,exact_name;kazakhstan_context;direct_olympiad_evidence;outbound_profile_links;cross_source_organization;linked_profile,Almaty; Kazakhstan,ETH Zurich,,profile=codeforces:YaKon4ick; country=Kazakhstan; contest=IOI; codeforces=YaKon4ick; organization=ETH Zurich,https://cphof.org/profile/codeforces:YaKon4ick,http://stats.ioinformatics.org/people/6567;https://codeforces.com/profile/YaKon4ick
kaz-c1c8ab962b25,Daniyar Zakarin,Daniyar Zakarin,IOI,2018,github,daniyarzt,https://github.com/daniyarzt,Daniyar Zakarin,0.5,candidate,exact_name,,,,login=daniyarzt,https://github.com/daniyarzt,
kaz-c412a21c7fc6,Zhanibek Kaimuldenov,Zhanibek Kaimuldenov,IPhO,2009,github,django-kz,https://github.com/django-kz,Zhanibek Kaimuldenov,0.72,probable,exact_name;kazakhstan_context,Almaty,,,login=django-kz; location=Almaty,https://github.com/django-kz,
kaz-c412a21c7fc6,Zhanibek Kaimuldenov,Zhanibek Kaimuldenov,IPhO,2009,orcid,0000-0002-6599-2675,https://orcid.org/0000-0002-6599-2675,Zhanibek Kaimuldenov,0.57,candidate,exact_name;self_asserted_orcid_affiliation,,,,orcid=0000-0002-6599-2675,https://orcid.org/0000-0002-6599-2675,
kaz-c6c074aef2cf,Temirlan Baibolov,Temirlan Baibolov,IOI,2019,codeforces,bthero,https://codeforces.com/profile/bthero,Temirlan Baibolov,1.0,confirmed,exact_name;kazakhstan_context;linked_profile;cross_source_handle,Ust-Kamenogorsk; Kazakhstan,,,handle=bthero; country=Kazakhstan; city=Ust-Kamenogorsk,https://codeforces.com/profile/bthero,
kaz-c6c074aef2cf,Temirlan Baibolov,Temirlan Baibolov,IOI,2019,cphof,codeforces:bthero,https://cphof.org/profile/codeforces:bthero,Temirlan Baibolov,1.0,confirmed,exact_name;kazakhstan_context;direct_olympiad_evidence;outbound_profile_links;linked_profile,Ust-Kamenogorsk; Kazakhstan,Suleyman Demirel University,,"profile=codeforces:bthero; country=Kazakhstan; contest=IOI; codeforces=bthero; universities=Suleyman Demirel University, Astana IT University; organization=Suleyman Demirel University",https://cphof.org/profile/codeforces:bthero,http://stats.ioinformatics.org/people/6856;https://codeforces.com/profile/bthero
kaz-c6c074aef2cf,Temirlan Baibolov,Temirlan Baibolov,IOI,2019,github,BThero,https://github.com/BThero,Temirlan Baibolov,0.7,probable,exact_name;cross_source_handle,,,"Front-end enthusiast, software engineer and a retired competitive programmer.","login=BThero; bio=Front-end enthusiast, software engineer and a retired competitive programmer.",https://github.com/BThero,
kaz-c792c9bfcef4,Madi Baltagulov,Madi Baltagulov,IBO,2017,orcid,0009-0007-2163-524X,https://orcid.org/0009-0007-2163-524X,Madi Baltagulov,0.57,candidate,exact_name;self_asserted_orcid_affiliation,,Vanderbilt University,,orcid=0009-0007-2163-524X; current_affiliation=Vanderbilt University,https://orcid.org/0009-0007-2163-524X,
kaz-c792c9bfcef4,Madi Baltagulov,Madi Baltagulov,IBO,2017,github,MadiBal,https://github.com/MadiBal,Madi Baltagulov,0.53,candidate,exact_name;outbound_profile_links,,,MPH @ Yale | Epidemiologic modeling | ML in healthcare,login=MadiBal; bio=MPH @ Yale | Epidemiologic modeling | ML in healthcare,https://github.com/MadiBal,https://www.linkedin.com/in/madi-baltagulov-509bbb18b
kaz-c81d0e9f9556,Adil Zhugralin,Adil Zhugralin,IChO,1998,openalex,A5056714187,https://openalex.org/A5056714187,Adil R. Zhugralin,0.45,candidate,similar_name;field_alignment;plausible_timeline,,Boston College,Research author,"works=29; citations=2310; institutions=Boston College, ETH Zurich; topics=Synthetic Organic Chemistry Methods, Catalytic Cross-Coupling Reactions, Organoboron and organosilicon chemistry, Crystallization and Solubility Studies, X-ray Diffraction in Crystallography",https://openalex.org/A5056714187,
kaz-c884dd65cdc8,Sultan Dalipov,Sultan Dalipov,IOI,2003,cphof,ioi:4086,https://cphof.org/profile/ioi:4086,Sultan Dalipov,1.0,confirmed,exact_name;kazakhstan_context;direct_olympiad_evidence;outbound_profile_links,Kazakhstan,,,profile=ioi:4086; country=Kazakhstan; contest=IOI,https://cphof.org/profile/ioi:4086,http://stats.ioinformatics.org/people/4086
kaz-c91345744362,Temirlan Ismagulov,Temirlan Ismagulov,IPhO,2019,github,Temirlan,https://github.com/Temirlan,Temirlan Ismagulov,0.5,candidate,exact_name,,,ReactJS developer,login=Temirlan; bio=ReactJS developer,https://github.com/Temirlan,
kaz-c9401ed42eb0,Anuar Nurtazin,Anuar Nurtazin,IChO,2001,orcid,0000-0002-3563-2644,https://orcid.org/0000-0002-3563-2644,Anuar Nurtazin,0.57,candidate,exact_name;self_asserted_orcid_affiliation,,,,orcid=0000-0002-3563-2644,https://orcid.org/0000-0002-3563-2644,
kaz-c9401ed42eb0,Anuar Nurtazin,Anuar Nurtazin,IChO,2001,openalex,A5118766857,https://openalex.org/A5118766857,Anuar Nurtazin,0.5,candidate,exact_name,,,Research author,"works=1; citations=0; topics=Higher Education Governance and Development, Global Education Systems and Policies, Higher Education Learning Practices",https://openalex.org/A5118766857,
kaz-c9b6eb61477c,Zhamaliddin Kalzhan,Zhamaliddin Kalzhan,IPhO,2018,codeforces,zhamaliddinkalzhan,https://codeforces.com/profile/zhamaliddinkalzhan,Zhamaliddin Kalzhan,0.72,probable,exact_name;kazakhstan_context,Shymkent; Kazakhstan,,,handle=zhamaliddinkalzhan; country=Kazakhstan; city=Shymkent,https://codeforces.com/profile/zhamaliddinkalzhan,
kaz-c9b6eb61477c,Zhamaliddin Kalzhan,Zhamaliddin Kalzhan,IPhO,2018,orcid,0009-0004-5307-9178,https://orcid.org/0009-0004-5307-9178,Zhamaliddin Kalzhan,0.57,candidate,exact_name;self_asserted_orcid_affiliation,,Korea Advanced Institute of Science and Technology,,orcid=0009-0004-5307-9178; current_affiliation=Korea Advanced Institute of Science and Technology,https://orcid.org/0009-0004-5307-9178,
kaz-caf5fa5b20bf,Anton Khvan,Anton Khvan,IBO,2014,wikidata,Q123244419,https://www.wikidata.org/wiki/Q123244419,Anton Khvan,0.75,candidate,exact_name;wikidata_name_only;kazakhstan_context;plausible_timeline,Kazakhstan,,short-track speed skater,description=short-tracker active in 2023-2024; occupation=short-track speed skater; citizenship=Kazakhstan,https://www.wikidata.org/wiki/Q123244419,
kaz-cc87b45e38c1,Aidar Zhetessov,Aidar Zhetessov,IPhO,2013,github,azhetessovlunarenergy,https://github.com/azhetessovlunarenergy,Aidar Zhetessov,0.5,candidate,exact_name,,,,login=azhetessovlunarenergy,https://github.com/azhetessovlunarenergy,
kaz-ccd2ad3a4c7d,Madiyar Kassymaly,Madiyar Kassymaly,IChO,2021,github,mmadsoul,https://github.com/mmadsoul,Madiyar Kassymaly,0.5,candidate,exact_name,,,,login=mmadsoul,https://github.com/mmadsoul,
kaz-ccd5a4548c56,Rakhman Asmatullayev,Rakhman Asmatullayev,IMO,2018,github,Rainhunter13,https://github.com/Rainhunter13,Rakhman Asmatullayev,0.53,candidate,exact_name;outbound_profile_links,London,Laminar,Backend @lmnr-ai,login=Rainhunter13; company=Laminar; location=London; bio=Backend @lmnr-ai; website=laminar.sh,https://github.com/Rainhunter13,https://linkedin.com/in/rainhunter13;laminar.sh
kaz-ccdb407317c8,Yerkebulan Tulibergenov,Yerkebulan Tulibergenov,IOI,1999,cphof,ioi:5481,https://cphof.org/profile/ioi:5481,Yerkebulan Tulibergenov,1.0,confirmed,exact_name;kazakhstan_context;direct_olympiad_evidence;outbound_profile_links,Kazakhstan,,,profile=ioi:5481; country=Kazakhstan; contest=IOI,https://cphof.org/profile/ioi:5481,http://stats.ioinformatics.org/people/5481
kaz-ccdb407317c8,Yerkebulan Tulibergenov,Yerkebulan Tulibergenov,IOI,1999,github,yerke,https://github.com/yerke,Yerkebulan Tulibergenov,0.5,candidate,exact_name,,,,login=yerke,https://github.com/yerke,
kaz-ce11e3134fa1,Baizak Kudaibergenov,Baizak Kudaibergenov,IBO,2011,orcid,0009-0007-8895-1669,https://orcid.org/0009-0007-8895-1669,Baizak Kudaibergenov,0.8,probable,exact_name;self_asserted_orcid_affiliation;kazakhstan_context;plausible_timeline,,Nazarbayev University,Research Assistant,"orcid=0009-0007-8895-1669; past_affiliation=Nazarbayev University,Nazarbayev University,Nazarbayev University; role=Research Assistant",https://orcid.org/0009-0007-8895-1669,
kaz-ce11e3134fa1,Baizak Kudaibergenov,Baizak Kudaibergenov,IBO,2011,github,EigenLayerovich,https://github.com/EigenLayerovich,Baizak Kudaibergenov,0.53,candidate,exact_name;outbound_profile_links,"KAUST, Saudi Arabia",,30 year old aspiring web3/blockchain developer.,"login=EigenLayerovich; location=KAUST, Saudi Arabia; bio=30 year old aspiring web3/blockchain developer.",https://github.com/EigenLayerovich,https://t.me/BaizaQ;https://twitter.com/K1berdemoN;https://www.instagram.com/baizaq/;https://www.linkedin.com/in/baizaq/
kaz-ce2eeb5d3d04,Nazarbek Altybay,Nazarbek Altybay,IOI,2015,codeforces,Na2a,https://codeforces.com/profile/Na2a,Nazarbek Altybay,1.0,confirmed,exact_name;kazakhstan_context;organization_present;cross_source_organization;cross_source_handle,Aqtöbe; Kazakhstan,Aktobe KTL,,handle=Na2a; country=Kazakhstan; city=Aqtöbe; organization=Aktobe KTL,https://codeforces.com/profile/Na2a,
kaz-ce2eeb5d3d04,Nazarbek Altybay,Nazarbek Altybay,IOI,2015,cphof,topcoder:nazarbek,https://cphof.org/profile/topcoder:nazarbek,Nazarbek Altybay,1.0,confirmed,exact_name;kazakhstan_context;direct_olympiad_evidence;outbound_profile_links;cross_source_organization,Aqtöbe; Kazakhstan,Aktobe KTL,,"profile=topcoder:nazarbek; country=Kazakhstan; contest=IOI; codeforces=na2a; universities=Ulsan National Institute of Science and Technology, Kazakh-British Technical University; organization=Aktobe KTL",https://cphof.org/profile/topcoder:nazarbek,http://stats.ioinformatics.org/people/5638;https://codeforces.com/profile/na2a;https://www.topcoder.com/members/nazarbek
kaz-ce2eeb5d3d04,Nazarbek Altybay,Nazarbek Altybay,IOI,2015,github,Na2a,https://github.com/Na2a,Nazarbek Altybay,0.92,confirmed,exact_name;kazakhstan_context;cross_source_handle,Kazakhstan,,Curious enough,login=Na2a; location=Kazakhstan; bio=Curious enough,https://github.com/Na2a,
kaz-cfbf52394abd,Adilkhan Sarsen,Adilkhan Sarsen,IPhO,2016,github,AdilkhanSarsen,https://github.com/AdilkhanSarsen,Adilkhan Sarsen,0.95,confirmed,exact_name;kazakhstan_context;outbound_profile_links;linked_profile,Kazakhstan,Higgsfield AI,Head of Applied ML at Higgsfield AI | Diffusion models | Multimodal ML | Training infrastructure,login=AdilkhanSarsen; company=Higgsfield AI; location=Kazakhstan; bio=Head of Applied ML at Higgsfield AI | Diffusion models | Multimodal ML | Training infrastructure; website=https://www.linkedin.com/in/adilkhan-sarsen-b62749140/,https://github.com/AdilkhanSarsen,https://github.com/adolkhan;https://www.instagram.com/sarsenadilkhan/;https://www.linkedin.com/in/adilkhan-sarsen-b62749140/;https://www.threads.com/@sarsenadilkha
kaz-cfbf52394abd,Adilkhan Sarsen,Adilkhan Sarsen,IPhO,2016,github,adolkhan,https://github.com/adolkhan,Adilkhan Sarsen,0.7,candidate,exact_name;linked_profile,,,,login=adolkhan,https://github.com/adolkhan,
kaz-d1a89ad778a3,Nurzhan Bakibayev,Nurzhan Bakibayev,IOI,2000,cphof,topcoder:Hypuk,https://cphof.org/profile/topcoder:Hypuk,Nurzhan Bakibayev,1.0,confirmed,exact_name;kazakhstan_context;direct_olympiad_evidence;outbound_profile_links,Kazakhstan,Kazakh-British Technical University,,profile=topcoder:Hypuk; country=Kazakhstan; contest=IOI; universities=Kazakh-British Technical University; organization=Kazakh-British Technical University,https://cphof.org/profile/topcoder:Hypuk,http://stats.ioinformatics.org/people/1717;https://www.topcoder.com/members/Hypuk
kaz-d1a89ad778a3,Nurzhan Bakibayev,Nurzhan Bakibayev,IOI,2000,openalex,A5064536910,https://openalex.org/A5064536910,Nurzhan Bakibayev,0.63,candidate,exact_name;field_alignment;plausible_timeline,,University of Oxford,Research author,"works=5; citations=138; institutions=University of Oxford; topics=Advanced Database Systems and Queries, Data Management and Algorithms, Distributed and Parallel Computing Systems, Scientific Computing and Data Management, Semantic Web and Ontologies",https://openalex.org/A5064536910,
kaz-d1a89ad778a3,Nurzhan Bakibayev,Nurzhan Bakibayev,IOI,2000,github,Hypuk,https://github.com/Hypuk,Nurzhan Bakibayev,0.5,candidate,exact_name,"London, UK",,,"login=Hypuk; location=London, UK",https://github.com/Hypuk,
kaz-d1a89ad778a3,Nurzhan Bakibayev,Nurzhan Bakibayev,IOI,2000,wikidata,Q135258838,https://www.wikidata.org/wiki/Q135258838,Nurzhan Bakibayev,0.5,candidate,exact_name;wikidata_name_only,,,,,https://www.wikidata.org/wiki/Q135258838,
kaz-d1fb5b8f648d,Ulan Usserkulov,Ulan Usserkulov,IMO,2001,github,imuster,https://github.com/imuster,Ulan Usserkulov,0.72,probable,exact_name;kazakhstan_context,Astana,,,login=imuster; location=Astana,https://github.com/imuster,
kaz-d29c3c1d1239,Danat Issa,Danat Issa,IPhO,2014,orcid,0009-0005-2478-7631,https://orcid.org/0009-0005-2478-7631,Danat Issa,0.6,candidate,exact_name;self_asserted_orcid_affiliation;plausible_timeline,,Massachusetts Institute of Technology,Postdoctoral Associate,orcid=0009-0005-2478-7631; current_affiliation=Massachusetts Institute of Technology; past_affiliation=Northwestern University; role=Postdoctoral Associate,https://orcid.org/0009-0005-2478-7631,
kaz-d3e9cb1dd495,Akhan Ismailov,Akhan Ismailov,IMO,2014,codeforces,akhan42,https://codeforces.com/profile/akhan42,Akhan Ismailov,0.57,candidate,exact_name;kazakhstan_context;ambiguous_same_name_source,Almaty; Kazakhstan,,,handle=akhan42; country=Kazakhstan; city=Almaty,https://codeforces.com/profile/akhan42,
kaz-d3e9cb1dd495,Akhan Ismailov,Akhan Ismailov,IMO,2014,codeforces,pink_roses,https://codeforces.com/profile/pink_roses,Akhan Ismailov,0.57,candidate,exact_name;kazakhstan_context;ambiguous_same_name_source,Kazakhstan,,,handle=pink_roses; country=Kazakhstan,https://codeforces.com/profile/pink_roses,
kaz-d5a9e6425d45,Zhomart Sadykov,Zhomart Sadykov,IOI,2006,cphof,ioi:2621,https://cphof.org/profile/ioi:2621,Zhomart Sadykov,1.0,confirmed,exact_name;kazakhstan_context;direct_olympiad_evidence;outbound_profile_links,Kazakhstan,,,profile=ioi:2621; country=Kazakhstan; contest=IOI,https://cphof.org/profile/ioi:2621,http://stats.ioinformatics.org/people/2621
kaz-d6415e08acc5,Beket Zhapbasbay,Beket Zhapbasbay,IOI,1998,cphof,ioi:331,https://cphof.org/profile/ioi:331,Beket Zhapbasbay,1.0,confirmed,exact_name;kazakhstan_context;direct_olympiad_evidence;outbound_profile_links,Kazakhstan,,,profile=ioi:331; country=Kazakhstan; contest=IOI,https://cphof.org/profile/ioi:331,http://stats.ioinformatics.org/people/331
kaz-d6415e08acc5,Beket Zhapbasbay,Beket Zhapbasbay,IOI,1998,orcid,0009-0003-0918-765X,https://orcid.org/0009-0003-0918-765X,Beket Zhapbasbay,0.57,candidate,exact_name;self_asserted_orcid_affiliation,,,,orcid=0009-0003-0918-765X,https://orcid.org/0009-0003-0918-765X,
kaz-d7f55daeca5c,Zhanybek Alpichshev,Zhanybek Alpichshev,IPhO,1999,openalex,A5009913548,https://openalex.org/A5009913548,Zhanybek Alpichshev,0.48,candidate,exact_name;field_alignment;plausible_timeline;ambiguous_same_name_source,,,Research author,"works=9; citations=23; institutions=Institute of Science and Technology Austria; topics=Perovskite Materials and Applications, Solid-state spectroscopy and crystallography, Laser-Matter Interactions and Applications, Advanced Fiber Laser Technologies, Spectroscopy and Laser Applications",https://openalex.org/A5009913548,
kaz-d7f55daeca5c,Zhanybek Alpichshev,Zhanybek Alpichshev,IPhO,1999,openalex,A5041419575,https://openalex.org/A5041419575,Zhanybek Alpichshev,0.48,candidate,exact_name;field_alignment;plausible_timeline;ambiguous_same_name_source,,Institute of Science and Technology Austria,Research author,"works=47; citations=1338; institutions=Institute of Science and Technology Austria, SLAC National Accelerator Laboratory, Massachusetts Institute of Technology, Stanford University; topics=Physics of Superconductivity and Magnetism, Advanced Condensed Matter Physics, Topological Materials and Phenomena, Magnetic and transport properties of perovskites and related materials, Perovskite Materials and Applications",https://openalex.org/A5041419575,
kaz-d7f55daeca5c,Zhanybek Alpichshev,Zhanybek Alpichshev,IPhO,1999,openalex,A5128444948,https://openalex.org/A5128444948,Zhanybek Alpichshev,0.48,candidate,exact_name;field_alignment;plausible_timeline;ambiguous_same_name_source,,Institute of Science and Technology Austria,Research author,"works=1; citations=2; institutions=Institute of Science and Technology Austria; topics=Semiconductor Quantum Structures and Devices, Terahertz technology and applications, Advanced Fiber Laser Technologies",https://openalex.org/A5128444948,
kaz-d8dac02b5a92,Abilmansur Muzhubayev,Abilmansur Muzhubayev,IChO,2020,github,Abilmuzhubayev,https://github.com/Abilmuzhubayev,Abilmansur Muzhubayev,0.5,candidate,exact_name,,,I do some programming sometimes,login=Abilmuzhubayev; bio=I do some programming sometimes,https://github.com/Abilmuzhubayev,
kaz-d9616cfe0fb5,Nurlykhan Kopenov,Nurlykhan Kopenov,IChO,2019,github,IamNoPro,https://github.com/IamNoPro,Nurlykhan Kopenov,0.5,candidate,exact_name,,,,login=IamNoPro,https://github.com/IamNoPro,
kaz-da119ef48a6d,Batyr Sardarbekov,Batyr Sardarbekov,IOI,2019,cphof,codeforces:998kover,https://cphof.org/profile/codeforces:998kover,Batyr Sardarbekov,1.0,confirmed,exact_name;kazakhstan_context;direct_olympiad_evidence;outbound_profile_links;cross_source_organization,Almaty; Kazakhstan,Tima's hata,,"profile=codeforces:998kover; country=Kazakhstan; contest=IOI; codeforces=998kover; universities=International IT University, Harbour.Space University - Barcelona Campus; organization=Tima's hata",https://cphof.org/profile/codeforces:998kover,http://stats.ioinformatics.org/people/6855;https://codeforces.com/profile/998kover
kaz-da119ef48a6d,Batyr Sardarbekov,Batyr Sardarbekov,IOI,2019,codeforces,998batrr,https://codeforces.com/profile/998batrr,Batyr Sardarbekov,0.9,confirmed,exact_name;kazakhstan_context;organization_present;cross_source_organization,Almaty; Kazakhstan,Tima's hata,,handle=998batrr; country=Kazakhstan; city=Almaty; organization=Tima's hata,https://codeforces.com/profile/998batrr,
kaz-dc3a6a35b589,Dauren Muratov,Dauren Muratov,IOI,2012,cphof,ioi:2821,https://cphof.org/profile/ioi:2821,Dauren Muratov,1.0,confirmed,exact_name;kazakhstan_context;direct_olympiad_evidence;outbound_profile_links,Kazakhstan,,,profile=ioi:2821; country=Kazakhstan; contest=IOI,https://cphof.org/profile/ioi:2821,http://stats.ioinformatics.org/people/2821
kaz-dc3a6a35b589,Dauren Muratov,Dauren Muratov,IOI,2012,orcid,0000-0003-4970-9101,https://orcid.org/0000-0003-4970-9101,Dauren Muratov,0.77,probable,exact_name;self_asserted_orcid_affiliation;kazakhstan_context,,"Satbayev University, Institute of Physics and Technology",Researcher,"orcid=0000-0003-4970-9101; current_affiliation=Al-Farabi Kazakh National University,Satbayev University\, Institute of Physics and Technology; role=Researcher",https://orcid.org/0000-0003-4970-9101,
kaz-dc3a6a35b589,Dauren Muratov,Dauren Muratov,IOI,2012,codeforces,DaurenMuratov,https://codeforces.com/profile/DaurenMuratov,Dauren Muratov,0.6,candidate,exact_name;kazakhstan_context;organization_present;ambiguous_same_name_source,Oral; Kazakhstan,Nazarbayev University,,handle=DaurenMuratov; country=Kazakhstan; city=Oral; organization=Nazarbayev University,https://codeforces.com/profile/DaurenMuratov,
kaz-dc3a6a35b589,Dauren Muratov,Dauren Muratov,IOI,2012,codeforces,noname5,https://codeforces.com/profile/noname5,dauren muratov,0.57,candidate,exact_name;kazakhstan_context;ambiguous_same_name_source,Oral; Kazakhstan,,,handle=noname5; country=Kazakhstan; city=Oral,https://codeforces.com/profile/noname5,
kaz-dcb24ecb815a,Temirlan Amangeldin,Temirlan Amangeldin,IMO,2015,codeforces,teamskiy,https://codeforces.com/profile/teamskiy,Temirlan Amangeldin,0.95,confirmed,exact_name;kazakhstan_context;organization_present;cross_source_handle,Astana; Kazakhstan,UNIST,,handle=teamskiy; country=Kazakhstan; city=Astana; organization=UNIST,https://codeforces.com/profile/teamskiy,
kaz-dcb24ecb815a,Temirlan Amangeldin,Temirlan Amangeldin,IMO,2015,github,teamskiy,https://github.com/teamskiy,Temirlan Amangeldin,0.7,probable,exact_name;cross_source_handle,,,,login=teamskiy,https://github.com/teamskiy,
kaz-dd50209a641b,Vyacheslav Li,Vyacheslav LI;Vyacheslav Li,IPhO,2008,orcid,0009-0003-9763-9360,https://orcid.org/0009-0003-9763-9360,Vyacheslav Li,0.57,candidate,exact_name;self_asserted_orcid_affiliation,,,,orcid=0009-0003-9763-9360,https://orcid.org/0009-0003-9763-9360,
kaz-dd50209a641b,Vyacheslav Li,Vyacheslav LI;Vyacheslav Li,IPhO,2008,codeforces,Whichislovely,https://codeforces.com/profile/Whichislovely,Vyacheslav Li,0.53,candidate,exact_name;organization_present,Klosterneuburg; Austria,IST Austria,,handle=Whichislovely; country=Austria; city=Klosterneuburg; organization=IST Austria,https://codeforces.com/profile/Whichislovely,
kaz-dd50209a641b,Vyacheslav Li,Vyacheslav LI;Vyacheslav Li,IPhO,2008,github,VyacheslavLi,https://github.com/VyacheslavLi,Vyacheslav Li,0.35,candidate,exact_name;ambiguous_same_name_source,"Ansan, South Korea",,,"login=VyacheslavLi; location=Ansan, South Korea",https://github.com/VyacheslavLi,
kaz-dd50209a641b,Vyacheslav Li,Vyacheslav LI;Vyacheslav Li,IPhO,2008,github,vyacheslav-li,https://github.com/vyacheslav-li,Vyacheslav Li,0.35,candidate,exact_name;ambiguous_same_name_source,,,,login=vyacheslav-li,https://github.com/vyacheslav-li,
kaz-e0511f92fe0d,Almas Serikov,Almas Serikov,IBO,2015,orcid,0000-0002-4686-8978,https://orcid.org/0000-0002-4686-8978,Almas Serikov,0.45,candidate,exact_name;self_asserted_orcid_affiliation;plausible_timeline;ambiguous_same_name_source,,Korea Institute of Science and Technology,Master's program,"orcid=0000-0002-4686-8978; current_affiliation=Korean Society for Molecular and Cellular Biology; past_affiliation=Korea Institute of Science and Technology,Ulsan National Institute of Science and Technology; role=Master's program",https://orcid.org/0000-0002-4686-8978,
kaz-e0511f92fe0d,Almas Serikov,Almas Serikov,IBO,2015,orcid,0000-0001-8631-3515,https://orcid.org/0000-0001-8631-3515,Almas Serikov,0.42,candidate,exact_name;self_asserted_orcid_affiliation;ambiguous_same_name_source,,,,orcid=0000-0001-8631-3515,https://orcid.org/0000-0001-8631-3515,
kaz-e0511f92fe0d,Almas Serikov,Almas Serikov,IBO,2015,orcid,0000-0002-3893-2618,https://orcid.org/0000-0002-3893-2618,Almas Serikov,0.42,candidate,exact_name;self_asserted_orcid_affiliation;ambiguous_same_name_source,,,,orcid=0000-0002-3893-2618,https://orcid.org/0000-0002-3893-2618,
kaz-e252a91b0399,Ayat Tassanov,Ayat Tassanov,IChO,2016,orcid,0009-0007-7624-3104,https://orcid.org/0009-0007-7624-3104,Ayat Tassanov,0.7,probable,exact_name;self_asserted_orcid_affiliation;field_alignment;plausible_timeline,,Pennsylvania State University,PhD candidate,orcid=0009-0007-7624-3104; current_affiliation=Pennsylvania State University; past_affiliation=Ulsan National Institute of Science and Technology; role=PhD candidate,https://orcid.org/0009-0007-7624-3104,
kaz-e266aa85e93e,Kaisarbek Omirzakhov,Kaisarbek Omirzakhov,IPhO,2011,orcid,0000-0002-8420-6166,https://orcid.org/0000-0002-8420-6166,Kaisarbek Omirzakhov,0.57,candidate,exact_name;self_asserted_orcid_affiliation,,,,orcid=0000-0002-8420-6166,https://orcid.org/0000-0002-8420-6166,
kaz-e2c1785c3b0f,Alexey Tsekhovoy,Alexey Tsekhovoy,IMO,2017,orcid,0000-0001-9605-2523,https://orcid.org/0000-0001-9605-2523,Alexey Tsekhovoy,0.47,candidate,exact_name;self_asserted_orcid_affiliation;kazakhstan_context;field_alignment;timeline_conflict,,Московский Ордена Трудового Красного знамени горный институт (МГИ),доктор технических наук,"orcid=0000-0001-9605-2523; current_affiliation=Satbayev University; past_affiliation=Московский Ордена Трудового Красного знамени горный институт (МГИ),Kazakh National Technical University after K.I. Satpayev,Kazakh National Technical University after K.I. Satpayev; role=доктор технических наук",https://orcid.org/0000-0001-9605-2523,
kaz-e7f80acbcb7b,Viktor Passichenko,Viktor Passichenko,IOI,2007,cphof,ioi:2430,https://cphof.org/profile/ioi:2430,Viktor Passichenko,1.0,confirmed,exact_name;kazakhstan_context;direct_olympiad_evidence;outbound_profile_links,Kazakhstan,,,profile=ioi:2430; country=Kazakhstan; contest=IOI,https://cphof.org/profile/ioi:2430,http://stats.ioinformatics.org/people/2430
kaz-e7f80acbcb7b,Viktor Passichenko,Viktor Passichenko,IOI,2007,github,vpas,https://github.com/vpas,Viktor Passichenko,0.5,candidate,exact_name,,,,login=vpas,https://github.com/vpas,
kaz-e894ef915410,Shyngys Aitkazinov,Shyngys Aitkazinov,IPhO,2017,github,shyngys-aitkazinov,https://github.com/shyngys-aitkazinov,Shyngys Aitkazinov,0.5,candidate,exact_name,,,,login=shyngys-aitkazinov,https://github.com/shyngys-aitkazinov,
kaz-e97b6a989458,Altair Ashurov,Altair Ashurov,IOI,2021,codeforces,fractal,https://codeforces.com/profile/fractal,Altair Ashurov,1.0,confirmed,exact_name;kazakhstan_context;organization_present;cross_source_organization;linked_profile,Astana; Kazakhstan,Nazarbayev University,,handle=fractal; country=Kazakhstan; city=Astana; organization=Nazarbayev University,https://codeforces.com/profile/fractal,
kaz-e97b6a989458,Altair Ashurov,Altair Ashurov,IOI,2021,cphof,codeforces:fractal,https://cphof.org/profile/codeforces:fractal,Altair Ashurov,1.0,confirmed,exact_name;kazakhstan_context;direct_olympiad_evidence;outbound_profile_links;cross_source_organization;linked_profile,Astana; Kazakhstan,Nazarbayev University,,profile=codeforces:fractal; country=Kazakhstan; contest=IOI; codeforces=fractal; universities=Nazarbayev University; organization=Nazarbayev University,https://cphof.org/profile/codeforces:fractal,http://stats.ioinformatics.org/people/7497;https://codeforces.com/profile/fractal
kaz-ec29db418566,Yelzhas Otynshiyev,Yelzhas Otynshiyev,IPhO,2004,orcid,0009-0006-8959-5339,https://orcid.org/0009-0006-8959-5339,Yelzhas Otynshiyev,0.57,candidate,exact_name;self_asserted_orcid_affiliation,,,,orcid=0009-0006-8959-5339,https://orcid.org/0009-0006-8959-5339,
kaz-eda797e5a5c1,Roman Kogay,Roman Kogay,IBO,2013,orcid,0000-0002-8999-7710,https://orcid.org/0000-0002-8999-7710,Roman Kogay,0.57,candidate,exact_name;self_asserted_orcid_affiliation,,,,orcid=0000-0002-8999-7710,https://orcid.org/0000-0002-8999-7710,
kaz-efdb0d38601b,Nurbakyt Madibek,Nurbakyt Madibek,IOI,2016,cphof,topcoder:Nurbakhyt,https://cphof.org/profile/topcoder:Nurbakhyt,Nurbakyt Madibek,1.0,confirmed,exact_name;kazakhstan_context;direct_olympiad_evidence;outbound_profile_links;linked_profile,Almaty; Kazakhstan,,,profile=topcoder:Nurbakhyt; country=Kazakhstan; contest=IOI; codeforces=MadNick,https://cphof.org/profile/topcoder:Nurbakhyt,http://stats.ioinformatics.org/people/5942;https://codeforces.com/profile/MadNick;https://www.topcoder.com/members/Nurbakhyt
kaz-efdb0d38601b,Nurbakyt Madibek,Nurbakyt Madibek,IOI,2016,codeforces,MadNick,https://codeforces.com/profile/MadNick,Nurbakyt Madibek,0.92,confirmed,exact_name;kazakhstan_context;linked_profile,Almaty; Kazakhstan,,,handle=MadNick; country=Kazakhstan; city=Almaty,https://codeforces.com/profile/MadNick,
kaz-efdb0d38601b,Nurbakyt Madibek,Nurbakyt Madibek,IOI,2016,github,jmadibekov,https://github.com/jmadibekov,Nurbakyt Madibek,0.75,probable,exact_name;kazakhstan_context;outbound_profile_links,Almaty,Nethermind,Dev at @nethermindeth,login=jmadibekov; company=Nethermind; location=Almaty; bio=Dev at @nethermindeth,https://github.com/jmadibekov,https://www.linkedin.com/in/jmadibekov
kaz-f0c3ebfd6e9a,Aman Zhumekeshov,Aman Zhumekeshov,IMO,2001,openalex,A5003329876,https://openalex.org/A5003329876,Aman Zhumekeshov,1.0,confirmed,exact_name;kazakhstan_context;field_alignment;orcid_present;plausible_timeline;self_asserted_orcid_affiliation;linked_profile,,,Research author,"works=5; citations=3; institutions=Kazakh-British Technical University; topics=Hydraulic Fracturing and Reservoir Analysis, Drilling and Well Engineering, Reservoir Engineering and Simulation Methods, Seismic Imaging and Inversion Techniques, Hydrocarbon exploration and reservoir analysis; orcid=https://orcid.org/0000-0002-5437-138X",https://openalex.org/A5003329876,https://orcid.org/0000-0002-5437-138X
kaz-f0c3ebfd6e9a,Aman Zhumekeshov,Aman Zhumekeshov,IMO,2001,orcid,0000-0002-5437-138X,https://orcid.org/0000-0002-5437-138X,Aman Zhumekeshov,0.77,probable,exact_name;self_asserted_orcid_affiliation;linked_profile,,,,orcid=0000-0002-5437-138X,https://orcid.org/0000-0002-5437-138X,
kaz-f0f8ae850677,Kairat Albakov,Kairat Albakov,IBO,2017,github,allbackoff,https://github.com/allbackoff,Kairat Albakov,0.73,probable,exact_name;outbound_profile_links;cross_source_handle,"Seoul, South Korea",,Software Engineer,"login=allbackoff; location=Seoul, South Korea; bio=Software Engineer; website=linkedin.com/in/allbackoff",https://github.com/allbackoff,linkedin.com/in/allbackoff
kaz-f0f8ae850677,Kairat Albakov,Kairat Albakov,IBO,2017,codeforces,allbackoff,https://codeforces.com/profile/allbackoff,Kairat Albakov,0.7,probable,exact_name;cross_source_handle,Seoul; South Korea,,,handle=allbackoff; country=South Korea; city=Seoul,https://codeforces.com/profile/allbackoff,
kaz-f1194a0f246c,Parassat Kyzyrkanov,Parassat Kyzyrkanov,IOI,2020,cphof,codeforces:Fortitude,https://cphof.org/profile/codeforces:Fortitude,Parassat Kyzyrkanov,1.0,confirmed,exact_name;kazakhstan_context;direct_olympiad_evidence;outbound_profile_links;linked_profile,Almaty; Kazakhstan,International IT University,,"profile=codeforces:Fortitude; country=Kazakhstan; contest=IOI; codeforces=Fortitude; universities=International IT University, Astana IT University; organization=International IT University",https://cphof.org/profile/codeforces:Fortitude,http://stats.ioinformatics.org/people/7158;https://codeforces.com/profile/Fortitude
kaz-f1194a0f246c,Parassat Kyzyrkanov,Parassat Kyzyrkanov,IOI,2020,codeforces,Fortitude,https://codeforces.com/profile/Fortitude,Parassat Kyzyrkanov,0.92,confirmed,exact_name;kazakhstan_context;linked_profile,Almaty; Kazakhstan,,,handle=Fortitude; country=Kazakhstan; city=Almaty,https://codeforces.com/profile/Fortitude,
kaz-f1194a0f246c,Parassat Kyzyrkanov,Parassat Kyzyrkanov,IOI,2020,github,Fortitude42,https://github.com/Fortitude42,Parassat Kyzyrkanov,0.5,candidate,exact_name,,,,login=Fortitude42,https://github.com/Fortitude42,
kaz-f2b0c2f36f45,Nurzhan Ustemirov,Nurzhan Ustemirov,IChO,1998,openalex,A5002212308,https://openalex.org/A5002212308,Nurzhan Ustemirov,0.53,candidate,exact_name;plausible_timeline,,Iowa State University,Research author,"works=4; citations=13; institutions=Iowa State University, Ames National Laboratory; topics=Parallel Computing and Optimization Techniques, Distributed and Parallel Computing Systems, Cloud Computing and Resource Management, Advanced Data Storage Technologies",https://openalex.org/A5002212308,
kaz-f2b0c2f36f45,Nurzhan Ustemirov,Nurzhan Ustemirov,IChO,1998,github,nustemirov,https://github.com/nustemirov,Nurzhan Ustemirov,0.5,candidate,exact_name,Denver,,,login=nustemirov; location=Denver,https://github.com/nustemirov,
kaz-f394810a66fa,Ulugbek Adilbekov,Ulugbek Adilbekov,IOI,2014,codeforces,Algiz,https://codeforces.com/profile/Algiz,Ulugbek Adilbekov,1.0,confirmed,exact_name;kazakhstan_context;organization_present;cross_source_organization;linked_profile,Taraz; Kazakhstan,Nazarbayev University,,handle=Algiz; country=Kazakhstan; city=Taraz; organization=Nazarbayev University,https://codeforces.com/profile/Algiz,
kaz-f394810a66fa,Ulugbek Adilbekov,Ulugbek Adilbekov,IOI,2014,cphof,topcoder:Algiz,https://cphof.org/profile/topcoder:Algiz,Ulugbek Adilbekov,1.0,confirmed,exact_name;kazakhstan_context;direct_olympiad_evidence;outbound_profile_links;cross_source_organization;linked_profile,Taraz; Kazakhstan,Nazarbayev University,,profile=topcoder:Algiz; country=Kazakhstan; contest=IOI; codeforces=Algiz; organization=Nazarbayev University,https://cphof.org/profile/topcoder:Algiz,http://stats.ioinformatics.org/people/5127;https://codeforces.com/profile/Algiz;https://www.topcoder.com/members/Algiz
kaz-f394810a66fa,Ulugbek Adilbekov,Ulugbek Adilbekov,IOI,2014,github,lgzy,https://github.com/lgzy,Ulugbek Adilbekov,0.5,candidate,exact_name,"London, UK",,,"login=lgzy; location=London, UK",https://github.com/lgzy,
kaz-f3a805a1727a,Aivar Abrashuly,Aivar Abrashuly,IPhO,2016,orcid,0000-0002-0306-8866,https://orcid.org/0000-0002-0306-8866,Aivar Abrashuly,0.67,probable,exact_name;self_asserted_orcid_affiliation;field_alignment,,,,orcid=0000-0002-0306-8866,https://orcid.org/0000-0002-0306-8866,
kaz-f3c66de0174f,Ulan Mukashev,Ulan Mukashev,IMO,1999,openalex,A5004694719,https://openalex.org/A5004694719,Ulan Mukashev,0.63,candidate,exact_name;field_alignment;plausible_timeline,,Yuan Ze University,Research author,"works=1; citations=3; institutions=Yuan Ze University; topics=Banking stability, regulation, efficiency, Efficiency Analysis Using DEA, Digital Platforms and Economics",https://openalex.org/A5004694719,
kaz-f4ec7f952510,Ali-Amir Aldan,Ali-Amir Aldan,IOI,2010,cphof,topcoder:ZoRGaN,https://cphof.org/profile/topcoder:ZoRGaN,Ali-Amir Aldan,1.0,confirmed,exact_name;kazakhstan_context;direct_olympiad_evidence;outbound_profile_links;linked_profile,Almaty; Kazakhstan,MIT,,"profile=topcoder:ZoRGaN; country=Kazakhstan; contest=IOI; codeforces=ACube; universities=The University of Texas at Brownsville, Massachusetts Institute of Technology; organization=MIT",https://cphof.org/profile/topcoder:ZoRGaN,http://stats.ioinformatics.org/people/147;https://codeforces.com/profile/ACube;https://www.topcoder.com/members/ZoRGaN
kaz-f4ec7f952510,Ali-Amir Aldan,Ali-Amir Aldan,IOI,2010,codeforces,ACube,https://codeforces.com/profile/ACube,Ali-Amir Aldan,0.95,confirmed,exact_name;kazakhstan_context;organization_present;linked_profile,Almaty; Kazakhstan,MIT,,handle=ACube; country=Kazakhstan; city=Almaty; organization=MIT,https://codeforces.com/profile/ACube,
kaz-f67b534425a5,Zhaslan Baraissov,Zhaslan Baraissov,IPhO,2010,orcid,0000-0002-2018-982X,https://orcid.org/0000-0002-2018-982X,Zhaslan Baraissov,0.8,probable,exact_name;self_asserted_orcid_affiliation;kazakhstan_context;plausible_timeline,,Cornell University,PhD,"orcid=0000-0002-2018-982X; current_affiliation=Cornell University,Cornell University; past_affiliation=Nanyang Technological University,National University of Singapore; role=PhD",https://orcid.org/0000-0002-2018-982X,
kaz-f67b534425a5,Zhaslan Baraissov,Zhaslan Baraissov,IPhO,2010,wikidata,Q89571852,https://www.wikidata.org/wiki/Q89571852,Zhaslan Baraissov,0.53,candidate,exact_name;wikidata_name_only;outbound_profile_links,,National University of Singapore,researcher,"description=researcher; occupation=researcher; employer=National University of Singapore; education=Cornell University, Nanyang Technological University; orcid=0000-0002-2018-982X",https://www.wikidata.org/wiki/Q89571852,https://orcid.org/0000-0002-2018-982X
kaz-f721e7240925,Darkhan Akzholov,Darkhan Akzholov,IOI,2009,cphof,ioi:2935,https://cphof.org/profile/ioi:2935,Darkhan Akzholov,1.0,confirmed,exact_name;kazakhstan_context;direct_olympiad_evidence;outbound_profile_links,Kazakhstan,,,profile=ioi:2935; country=Kazakhstan; contest=IOI,https://cphof.org/profile/ioi:2935,http://stats.ioinformatics.org/people/2935
kaz-f7400a612d63,Rizabek Alpamys,Rizabek Alpamys,IPhO,2021,codeforces,rrizabek,https://codeforces.com/profile/rrizabek,Rizabek Alpamys,0.75,probable,exact_name;kazakhstan_context;organization_present,Atyrau; Kazakhstan,UNIST,,handle=rrizabek; country=Kazakhstan; city=Atyrau; organization=UNIST,https://codeforces.com/profile/rrizabek,
kaz-f7a361eeb22e,Sanzhar Bissenali,Bissenali Sanzhar;Sanzhar Bissenali,IChO,2021,orcid,0009-0009-2568-393X,https://orcid.org/0009-0009-2568-393X,Sanzhar Bissenali,0.57,candidate,exact_name;self_asserted_orcid_affiliation,,California Institute of Technology,Undergraduate Researcher,orcid=0009-0009-2568-393X; current_affiliation=California Institute of Technology; role=Undergraduate Researcher,https://orcid.org/0009-0009-2568-393X,
kaz-f8f0e6bb7675,Daniyar Abesbek,Daniyar Abesbek,IMO,2015,codeforces,dohchuk,https://codeforces.com/profile/dohchuk,Daniyar Abesbek,0.95,confirmed,exact_name;kazakhstan_context;organization_present;cross_source_handle,Taraz; Kazakhstan,UNIST,,handle=dohchuk; country=Kazakhstan; city=Taraz; organization=UNIST,https://codeforces.com/profile/dohchuk,
kaz-f8f0e6bb7675,Daniyar Abesbek,Daniyar Abesbek,IMO,2015,github,dohchuk,https://github.com/dohchuk,Daniyar Abesbek,0.7,probable,exact_name;cross_source_handle,,,Junior student UNIST(Ulsan National Institute of Science and Technology) Computer Science,login=dohchuk; bio=Junior student UNIST(Ulsan National Institute of Science and Technology) Computer Science,https://github.com/dohchuk,
kaz-f9ab6cbeaa06,Andrey Sapronov,Andrey Sapronov,IPhO,1999,orcid,0000-0001-7569-2548,https://orcid.org/0000-0001-7569-2548,Andrey Sapronov,0.67,probable,exact_name;self_asserted_orcid_affiliation;field_alignment,,,,orcid=0000-0001-7569-2548,https://orcid.org/0000-0001-7569-2548,
kaz-f9d3ca151739,Nurzhas Makishev,Nurzhas Makishev,IMO,2004,orcid,0009-0008-2523-0570,https://orcid.org/0009-0008-2523-0570,Nurzhas Makishev,0.57,candidate,exact_name;self_asserted_orcid_affiliation,,,,orcid=0009-0008-2523-0570,https://orcid.org/0009-0008-2523-0570,
kaz-fae1a82e7a9a,Gani Nazirov,Gani Nazirov,IMO,1992,github,ganik,https://github.com/ganik,Gani Nazirov,0.5,candidate,exact_name,,,,login=ganik,https://github.com/ganik,
kaz-fc66298b9bbf,Salamat Nuraliyev,Salamat Nuraliyev,IOI,2004,cphof,ioi:2038,https://cphof.org/profile/ioi:2038,Salamat Nuraliyev,1.0,confirmed,exact_name;kazakhstan_context;direct_olympiad_evidence;outbound_profile_links,Kazakhstan,,,profile=ioi:2038; country=Kazakhstan; contest=IOI,https://cphof.org/profile/ioi:2038,http://stats.ioinformatics.org/people/2038
kaz-fc8646c120d2,Zhandos Yessenbayev,Zhandos Yessenbayev,IMO,1999,openalex,A5015103840,https://openalex.org/A5015103840,Zhandos Yessenbayev,1.0,confirmed,exact_name;kazakhstan_context;field_alignment;orcid_present;plausible_timeline;self_asserted_orcid_affiliation;cross_source_organization;linked_profile,,Binus University,Research author,"works=35; citations=173; institutions=L. N. Gumilyov Eurasian National University, Binus University, KazMunayGas (Kazakhstan), Suleyman Demirel University, Nazarbayev University; topics=Natural Language Processing Techniques, Speech Recognition and Synthesis, Topic Modeling, Speech and Audio Processing, Music and Audio Processing; orcid=https://orcid.org/0000-0002-6322-3848",https://openalex.org/A5015103840,https://orcid.org/0000-0002-6322-3848
kaz-fc8646c120d2,Zhandos Yessenbayev,Zhandos Yessenbayev,IMO,1999,orcid,0000-0002-6322-3848,https://orcid.org/0000-0002-6322-3848,Zhandos Yessenbayev,1.0,confirmed,exact_name;self_asserted_orcid_affiliation;kazakhstan_context;field_alignment;cross_source_organization;linked_profile,,Binus University,,orcid=0000-0002-6322-3848; current_affiliation=Binus University,https://orcid.org/0000-0002-6322-3848,
kaz-fc88fa90b799,Aset Iskakov,Aset Iskakov,IChO,2002,openalex,A5112917287,https://openalex.org/A5112917287,Aset Iskakov,0.83,probable,exact_name;kazakhstan_context;field_alignment;plausible_timeline,,Kazakh Ablai Khan University of International Relations and World Languages,Research author,"works=4; citations=2; institutions=Kazakh Ablai Khan University of International Relations and World Languages, Methodist Hospital, Ministry of Internal Affairs, Kostanay State University A Baitursynov; topics=Terrorism, Counterterrorism, and Political Violence, Economic and Technological Developments in Russia, Regional Socio-Economic Development Trends, Legal, Health, Environmental and COVID-19 Challenges, Socioeconomic and Demographic Analysis",https://openalex.org/A5112917287,
kaz-fcb382e0caae,Alikhan Zimanov,Alikhan Zimanov,IMO,2018,codeforces,sstrong,https://codeforces.com/profile/sstrong,Alikhan Zimanov,0.72,probable,exact_name;kazakhstan_context,Almaty; Kazakhstan,,,handle=sstrong; country=Kazakhstan; city=Almaty,https://codeforces.com/profile/sstrong,
kaz-fcb382e0caae,Alikhan Zimanov,Alikhan Zimanov,IMO,2018,github,dxtvzw,https://github.com/dxtvzw,Alikhan Zimanov,0.5,candidate,exact_name,,,,login=dxtvzw,https://github.com/dxtvzw,
kaz-fe0afafbd5f3,Vladimir Bychkov,Vladimir Bychkov,IPhO,2005,orcid,0000-0002-5470-1297,https://orcid.org/0000-0002-5470-1297,Vladimir Bychkov,0.57,candidate,exact_name;self_asserted_orcid_affiliation,,Moscow State University,Lead researcher,"orcid=0000-0002-5470-1297; current_affiliation=Moscow State University,Russian Academy of Natural Sciences,Moscow State University; role=Lead researcher",https://orcid.org/0000-0002-5470-1297,
kaz-fe0afafbd5f3,Vladimir Bychkov,Vladimir Bychkov,IPhO,2005,github,AYKAVU,https://github.com/AYKAVU,Vladimir Bychkov,0.38,candidate,exact_name;outbound_profile_links;ambiguous_same_name_source,Russia. St. Petersburg,YADRO,QA Engineer.,login=AYKAVU; company=YADRO; location=Russia. St. Petersburg; bio=QA Engineer.,https://github.com/AYKAVU,https://aykavu.github.io/;https://t.me/AYKAVU
kaz-fe0afafbd5f3,Vladimir Bychkov,Vladimir Bychkov,IPhO,2005,github,vbychkov,https://github.com/vbychkov,Vladimir Bychkov,0.38,candidate,exact_name;outbound_profile_links;ambiguous_same_name_source,Ukraine,,,login=vbychkov; location=Ukraine; website=www.webico.it,https://github.com/vbychkov,www.webico.it
kaz-fe0afafbd5f3,Vladimir Bychkov,Vladimir Bychkov,IPhO,2005,github,bychkov,https://github.com/bychkov,Vladimir Bychkov,0.35,candidate,exact_name;ambiguous_same_name_source,,,,login=bychkov,https://github.com/bychkov,
kaz-fe0afafbd5f3,Vladimir Bychkov,Vladimir Bychkov,IPhO,2005,github,timbermand,https://github.com/timbermand,Vladimir Bychkov,0.35,candidate,exact_name;ambiguous_same_name_source,,,,login=timbermand,https://github.com/timbermand,
kaz-fe0afafbd5f3,Vladimir Bychkov,Vladimir Bychkov,IPhO,2005,github,vba75,https://github.com/vba75,Vladimir Bychkov,0.35,candidate,exact_name;ambiguous_same_name_source,,,,login=vba75,https://github.com/vba75,
kaz-fe0afafbd5f3,Vladimir Bychkov,Vladimir Bychkov,IPhO,2005,orcid,0000-0002-1379-5389,https://orcid.org/0000-0002-1379-5389,Vladimir Bychkov,0.17,candidate,exact_name;self_asserted_orcid_affiliation;timeline_conflict,,Belarusian State University,"Head, Training laboratory","orcid=0000-0002-1379-5389; current_affiliation=Belarusian State University; past_affiliation=Belarusian State University; role=Head, Training laboratory",https://orcid.org/0000-0002-1379-5389,
kaz-fe0afafbd5f3,Vladimir Bychkov,Vladimir Bychkov,IPhO,2005,wikidata,Q17617042,https://www.wikidata.org/wiki/Q17617042,Vladimir Bychkov,0.0,candidate,exact_name;wikidata_name_only;timeline_conflict;ambiguous_same_name_source,Troitsk; Soviet Union; Russia,Chelyabinsk State Academy of Culture and Arts,scientist,"description=Russian scientist; occupation=scientist; employer=Chelyabinsk State Academy of Culture and Arts; education=Nizhny Novgorod State Conservatory; citizenship=Soviet Union, Russia",https://www.wikidata.org/wiki/Q17617042,
kaz-fe0afafbd5f3,Vladimir Bychkov,Vladimir Bychkov,IPhO,2005,wikidata,Q18634139,https://www.wikidata.org/wiki/Q18634139,Vladimir Bychkov,0.0,candidate,exact_name;wikidata_name_only;timeline_conflict;ambiguous_same_name_source,Kremenchuk; Soviet Union; Russia,,dancer,"occupation=dancer; citizenship=Soviet Union, Russia",https://www.wikidata.org/wiki/Q18634139,
kaz-fe0afafbd5f3,Vladimir Bychkov,Vladimir Bychkov,IPhO,2005,wikidata,Q21091867,https://www.wikidata.org/wiki/Q21091867,Vladimir Bychkov,0.0,candidate,exact_name;wikidata_name_only;timeline_conflict;ambiguous_same_name_source,Bolshoe Sheremetyevo; Soviet Union; Russia,Voronezh State University of Forestry and Technologies,economist,"occupation=economist; employer=Voronezh State University of Forestry and Technologies; education=State University of Management; citizenship=Soviet Union, Russia",https://www.wikidata.org/wiki/Q21091867,
kaz-fe0afafbd5f3,Vladimir Bychkov,Vladimir Bychkov,IPhO,2005,wikidata,Q25647148,https://www.wikidata.org/wiki/Q25647148,Vladimir Bychkov,0.0,candidate,exact_name;wikidata_name_only;timeline_conflict;ambiguous_same_name_source,,,writer,occupation=writer,https://www.wikidata.org/wiki/Q25647148,
kaz-fe0afafbd5f3,Vladimir Bychkov,Vladimir Bychkov,IPhO,2005,wikidata,Q4101303,https://www.wikidata.org/wiki/Q4101303,Vladimir Bychkov,0.0,candidate,exact_name;wikidata_name_only;timeline_conflict;ambiguous_same_name_source,Horki; Russian Empire,,revolutionary,occupation=revolutionary; citizenship=Russian Empire,https://www.wikidata.org/wiki/Q4101303,
kaz-fe0afafbd5f3,Vladimir Bychkov,Vladimir Bychkov,IPhO,2005,wikidata,Q4101304,https://www.wikidata.org/wiki/Q4101304,Vladimir Bychkov,0.0,candidate,exact_name;wikidata_name_only;timeline_conflict;ambiguous_same_name_source,Moscow; Soviet Union; Russia,Belarusfilm,film director,"description=Soviet film director (1929-2004); occupation=film director, actor, screenwriter, film producer, director; employer=Belarusfilm, Gorky Film Studio; education=Gerasimov Institute of Cinematography; citizenship=Soviet Union, Russia",https://www.wikidata.org/wiki/Q4101304,
kaz-fe0afafbd5f3,Vladimir Bychkov,Vladimir Bychkov,IPhO,2005,wikidata,Q71317135,https://www.wikidata.org/wiki/Q71317135,Vladimir Bychkov,0.0,candidate,exact_name;wikidata_name_only;timeline_conflict;ambiguous_same_name_source,,,chess player,description=chess player; occupation=chess player,https://www.wikidata.org/wiki/Q71317135,
kaz-ff5c7ff39c9d,Taskyn Shokanbay,Taskyn Shokanbay,IChO,2001,openalex,A5056926393,https://openalex.org/A5056926393,Taskyn Shokanbay,0.48,candidate,exact_name;field_alignment;plausible_timeline;ambiguous_same_name_source,,Tokyo Institute of Technology,Research author,"works=7; citations=3; institutions=Tokyo Institute of Technology; topics=Advancements in Battery Materials, Magnetic Properties and Synthesis of Ferrites, Molten salt chemistry and electrochemical processes, Advanced Battery Materials and Technologies, Extraction and Separation Processes",https://openalex.org/A5056926393,
kaz-ff5c7ff39c9d,Taskyn Shokanbay,Taskyn Shokanbay,IChO,2001,openalex,A5132268199,https://openalex.org/A5132268199,SHOKANBAY TASKYN,0.43,candidate,name_tokens_reordered;field_alignment;ambiguous_same_name_source,,,Research author,"works=1; citations=0; topics=Advancements in Battery Materials, Magnetic Properties and Synthesis of Ferrites, Molten salt chemistry and electrochemical processes",https://openalex.org/A5132268199,
