olympiad,country,country_code,year,name,award,rank,score,person_url,source_url,source_type
IBO,Kazakhstan,KAZ,2026,Alikhan Ashirkhanov,Silver,,,,https://www.ibo-info.org/files/downloads/results-reports/results/IBO_2026_Individual_Results_Final.pdf,pdf
IBO,Kazakhstan,KAZ,2026,Sofya Zheltova,Silver,,,,https://www.ibo-info.org/files/downloads/results-reports/results/IBO_2026_Individual_Results_Final.pdf,pdf
IBO,Kazakhstan,KAZ,2026,Yersultan Kairken,Silver,,,,https://www.ibo-info.org/files/downloads/results-reports/results/IBO_2026_Individual_Results_Final.pdf,pdf
IBO,Kazakhstan,KAZ,2026,Yevgeniya Mezhenina,Bronze,,,,https://www.ibo-info.org/files/downloads/results-reports/results/IBO_2026_Individual_Results_Final.pdf,pdf
IBO,Kazakhstan,KAZ,2025,Aiganym Baltashova,Bronze,105,,,https://www.ibo-info.org/files/downloads/results-reports/results/IBO2025%20Ranking.pdf,pdf
IBO,Kazakhstan,KAZ,2025,Alikhan Ashirkhanov,Bronze,92,,,https://www.ibo-info.org/files/downloads/results-reports/results/IBO2025%20Ranking.pdf,pdf
IBO,Kazakhstan,KAZ,2025,Batyr Yerzhanuly,Bronze,109,,,https://www.ibo-info.org/files/downloads/results-reports/results/IBO2025%20Ranking.pdf,pdf
IBO,Kazakhstan,KAZ,2025,Yersultan Kairken,Bronze,100,,,https://www.ibo-info.org/files/downloads/results-reports/results/IBO2025%20Ranking.pdf,pdf
IBO,Kazakhstan,KAZ,2024,Amina Tynarbay,Bronze,125,104.3,,https://scoreboard.bc-pf.org/en/results/biology/international_biology_olympiad/2024,scoreboard
IBO,Kazakhstan,KAZ,2024,Baktybai Galymzhan,Bronze,90,110.869,,https://scoreboard.bc-pf.org/en/results/biology/international_biology_olympiad/2024,scoreboard
IBO,Kazakhstan,KAZ,2024,Dias Suleimenov,Bronze,97,109.417,,https://scoreboard.bc-pf.org/en/results/biology/international_biology_olympiad/2024,scoreboard
IBO,Kazakhstan,KAZ,2024,Nurtore Torekhanuly,Bronze,122,105.151,,https://scoreboard.bc-pf.org/en/results/biology/international_biology_olympiad/2024,scoreboard
IBO,Kazakhstan,KAZ,2023,Bakdaulet Yernazarov,Silver,88,111.207,,https://scoreboard.bc-pf.org/en/results/biology/international_biology_olympiad/2023,scoreboard
IBO,Kazakhstan,KAZ,2023,Galymzhan Baktybay,Bronze,176,96.816,,https://scoreboard.bc-pf.org/en/results/biology/international_biology_olympiad/2023,scoreboard
IBO,Kazakhstan,KAZ,2023,Islam Amangeldi,Bronze,143,101.753,,https://scoreboard.bc-pf.org/en/results/biology/international_biology_olympiad/2023,scoreboard
IBO,Kazakhstan,KAZ,2023,Omar Dinmukhammed,Silver,55,118.13,,https://scoreboard.bc-pf.org/en/results/biology/international_biology_olympiad/2023,scoreboard
IBO,Kazakhstan,KAZ,2022,Alikhan Zhumagaleyev,Silver,48,66.368,,https://scoreboard.bc-pf.org/en/results/biology/international_biology_olympiad/2022,scoreboard
IBO,Kazakhstan,KAZ,2022,Bakdaulet Yernazarov,Bronze,129,48.539,,https://scoreboard.bc-pf.org/en/results/biology/international_biology_olympiad/2022,scoreboard
IBO,Kazakhstan,KAZ,2022,Dinmukhammed Omar,Silver,72,60.124,,https://scoreboard.bc-pf.org/en/results/biology/international_biology_olympiad/2022,scoreboard
IBO,Kazakhstan,KAZ,2022,Yerassyl Temirbekov,Silver,45,67.482,,https://scoreboard.bc-pf.org/en/results/biology/international_biology_olympiad/2022,scoreboard
IBO,Kazakhstan,KAZ,2021,Bakdaulet Ernazarov,Bronze,91,0,,https://scoreboard.bc-pf.org/en/results/biology/international_biology_olympiad/2021,scoreboard
IBO,Kazakhstan,KAZ,2021,Guldana Abduali,Diploma,197,0,,https://scoreboard.bc-pf.org/en/results/biology/international_biology_olympiad/2021,scoreboard
IBO,Kazakhstan,KAZ,2021,Yerassyl Temirbekov,Silver,81,0,,https://scoreboard.bc-pf.org/en/results/biology/international_biology_olympiad/2021,scoreboard
IBO,Kazakhstan,KAZ,2021,Yernar Batyrzhanov,Bronze,141,0,,https://scoreboard.bc-pf.org/en/results/biology/international_biology_olympiad/2021,scoreboard
IBO,Kazakhstan,KAZ,2020,Adam Taimanov,Bronze,111,0,,https://scoreboard.bc-pf.org/en/results/biology/international_biology_olympiad/2020,scoreboard
IBO,Kazakhstan,KAZ,2020,Arman Bissembayev,Diploma,122,0,,https://scoreboard.bc-pf.org/en/results/biology/international_biology_olympiad/2020,scoreboard
IBO,Kazakhstan,KAZ,2020,Yerassyl Muratov,Diploma,126,0,,https://scoreboard.bc-pf.org/en/results/biology/international_biology_olympiad/2020,scoreboard
IBO,Kazakhstan,KAZ,2019,Adlet Turtemir,Bronze,105,106.44,,https://scoreboard.bc-pf.org/en/results/biology/international_biology_olympiad/2019,scoreboard
IBO,Kazakhstan,KAZ,2019,Amanzhol Kuantay,Bronze,108,106.37,,https://scoreboard.bc-pf.org/en/results/biology/international_biology_olympiad/2019,scoreboard
IBO,Kazakhstan,KAZ,2019,Meiirbek Baimuratov,Bronze,165,96.54,,https://scoreboard.bc-pf.org/en/results/biology/international_biology_olympiad/2019,scoreboard
IBO,Kazakhstan,KAZ,2019,Sanzhar Otey,,212,87.98,,https://scoreboard.bc-pf.org/en/results/biology/international_biology_olympiad/2019,scoreboard
IBO,Kazakhstan,KAZ,2018,Amanzhol Kuantay,Silver,65,63.61,,https://scoreboard.bc-pf.org/en/results/biology/international_biology_olympiad/2018,scoreboard
IBO,Kazakhstan,KAZ,2018,Kairat Albakov,Silver,69,62.23,,https://scoreboard.bc-pf.org/en/results/biology/international_biology_olympiad/2018,scoreboard
IBO,Kazakhstan,KAZ,2018,Selimzhan Chalyshkan,Bronze,126,51.05,,https://scoreboard.bc-pf.org/en/results/biology/international_biology_olympiad/2018,scoreboard
IBO,Kazakhstan,KAZ,2018,Turtemir Adilet,Bronze,146,45.74,,https://scoreboard.bc-pf.org/en/results/biology/international_biology_olympiad/2018,scoreboard
IBO,Kazakhstan,KAZ,2017,Alisher Nazarbekov,Bronze,144,46.65,,https://scoreboard.bc-pf.org/en/results/biology/international_biology_olympiad/2017,scoreboard
IBO,Kazakhstan,KAZ,2017,Daulet Toibazar,Diploma,156,43.28,,https://scoreboard.bc-pf.org/en/results/biology/international_biology_olympiad/2017,scoreboard
IBO,Kazakhstan,KAZ,2017,Kairat Albakov,Bronze,130,50.63,,https://scoreboard.bc-pf.org/en/results/biology/international_biology_olympiad/2017,scoreboard
IBO,Kazakhstan,KAZ,2017,Madi Baltagulov,Bronze,100,56.28,,https://scoreboard.bc-pf.org/en/results/biology/international_biology_olympiad/2017,scoreboard
IBO,Kazakhstan,KAZ,2016,Alisher Nazarbekov,Bronze,102,53.38,,https://scoreboard.bc-pf.org/en/results/biology/international_biology_olympiad/2016,scoreboard
IBO,Kazakhstan,KAZ,2016,Anel Orazgaliyeva,Silver,71,60.55,,https://scoreboard.bc-pf.org/en/results/biology/international_biology_olympiad/2016,scoreboard
IBO,Kazakhstan,KAZ,2016,Anna Zavalishina,Bronze,113,51.87,,https://scoreboard.bc-pf.org/en/results/biology/international_biology_olympiad/2016,scoreboard
IBO,Kazakhstan,KAZ,2016,Daniyar Otarbayev,Bronze,83,57.03,,https://scoreboard.bc-pf.org/en/results/biology/international_biology_olympiad/2016,scoreboard
IBO,Kazakhstan,KAZ,2015,Almas Serikov,Diploma,153,234.57,,https://scoreboard.bc-pf.org/en/results/biology/international_biology_olympiad/2015,scoreboard
IBO,Kazakhstan,KAZ,2015,Anton Khvan,Bronze,121,252.73,,https://scoreboard.bc-pf.org/en/results/biology/international_biology_olympiad/2015,scoreboard
IBO,Kazakhstan,KAZ,2015,Daniyar Otarbayev,Diploma,165,227.99,,https://scoreboard.bc-pf.org/en/results/biology/international_biology_olympiad/2015,scoreboard
IBO,Kazakhstan,KAZ,2015,Nurlybek Sulaimanov,Diploma,160,232.08,,https://scoreboard.bc-pf.org/en/results/biology/international_biology_olympiad/2015,scoreboard
IBO,Kazakhstan,KAZ,2014,Anton Khvan,Bronze,134,49.7,,https://scoreboard.bc-pf.org/en/results/biology/international_biology_olympiad/2014,scoreboard
IBO,Kazakhstan,KAZ,2014,Askarbek Orakov,Silver,61,51.3,,https://scoreboard.bc-pf.org/en/results/biology/international_biology_olympiad/2014,scoreboard
IBO,Kazakhstan,KAZ,2014,Khafiz Zhumadil,Bronze,117,50.03,,https://scoreboard.bc-pf.org/en/results/biology/international_biology_olympiad/2014,scoreboard
IBO,Kazakhstan,KAZ,2014,Roman Kogay,Bronze,108,50.23,,https://scoreboard.bc-pf.org/en/results/biology/international_biology_olympiad/2014,scoreboard
IBO,Kazakhstan,KAZ,2013,Aslan Kuan,Bronze,110,0.336,,https://scoreboard.bc-pf.org/en/results/biology/international_biology_olympiad/2013,scoreboard
IBO,Kazakhstan,KAZ,2013,Khafiz Zhumadil,Diploma,164,-0.585,,https://scoreboard.bc-pf.org/en/results/biology/international_biology_olympiad/2013,scoreboard
IBO,Kazakhstan,KAZ,2013,Nurislam Yeshenkulov,Silver,35,1.996,,https://scoreboard.bc-pf.org/en/results/biology/international_biology_olympiad/2013,scoreboard
IBO,Kazakhstan,KAZ,2013,Roman Kogay,Diploma,156,-0.351,,https://scoreboard.bc-pf.org/en/results/biology/international_biology_olympiad/2013,scoreboard
IBO,Kazakhstan,KAZ,2012,Aidos Kuatov,Bronze,132,100.07,,https://scoreboard.bc-pf.org/en/results/biology/international_biology_olympiad/2012,scoreboard
IBO,Kazakhstan,KAZ,2012,Azamat Aidanov,Bronze,105,105.03,,https://scoreboard.bc-pf.org/en/results/biology/international_biology_olympiad/2012,scoreboard
IBO,Kazakhstan,KAZ,2012,Kuan Aslan,Diploma,160,94.13,,https://scoreboard.bc-pf.org/en/results/biology/international_biology_olympiad/2012,scoreboard
IBO,Kazakhstan,KAZ,2012,Nurislam Yeshenkulov,Silver,60,112.68,,https://scoreboard.bc-pf.org/en/results/biology/international_biology_olympiad/2012,scoreboard
IBO,Kazakhstan,KAZ,2011,Altynay Narmanova,Bronze,125,100.11,,https://scoreboard.bc-pf.org/en/results/biology/international_biology_olympiad/2011,scoreboard
IBO,Kazakhstan,KAZ,2011,Baizak Kudaibergenov,,171,89.34,,https://scoreboard.bc-pf.org/en/results/biology/international_biology_olympiad/2011,scoreboard
IBO,Kazakhstan,KAZ,2011,Yernar Tursynbay,Bronze,99,103.93,,https://scoreboard.bc-pf.org/en/results/biology/international_biology_olympiad/2011,scoreboard
IBO,Kazakhstan,KAZ,2011,Zhassulan Shaikhygali,Silver,65,110.51,,https://scoreboard.bc-pf.org/en/results/biology/international_biology_olympiad/2011,scoreboard
IBO,Kazakhstan,KAZ,2010,Nursultan Erkinovich Tompiyev,,167,44.6,,https://scoreboard.bc-pf.org/en/results/biology/international_biology_olympiad/2010,scoreboard
IBO,Kazakhstan,KAZ,2010,Talap Kossybakov,Bronze,90,53.51,,https://scoreboard.bc-pf.org/en/results/biology/international_biology_olympiad/2010,scoreboard
IBO,Kazakhstan,KAZ,2010,Yernar Tursynbay,,160,45.15,,https://scoreboard.bc-pf.org/en/results/biology/international_biology_olympiad/2010,scoreboard
IBO,Kazakhstan,KAZ,2010,Zhassulan Shaikhygali,,174,43.39,,https://scoreboard.bc-pf.org/en/results/biology/international_biology_olympiad/2010,scoreboard
IBO,Kazakhstan,KAZ,2009,Nazym Nurlanovna Bashkenova,,,,,https://www.ibo-info.org/files/downloads/results-reports/results/IBO2009.pdf,pdf_audited
IBO,Kazakhstan,KAZ,2009,Roman Langolf,,,,,https://www.ibo-info.org/files/downloads/results-reports/results/IBO2009.pdf,pdf_audited
IBO,Kazakhstan,KAZ,2009,Ruslan Vladimirovich Kalizhan,,,,,https://www.ibo-info.org/files/downloads/results-reports/results/IBO2009.pdf,pdf_audited
IBO,Kazakhstan,KAZ,2009,Talap Kossybakov,,,,,https://www.ibo-info.org/files/downloads/results-reports/results/IBO2009.pdf,pdf_audited
IBO,Kazakhstan,KAZ,2008,Arnat Balabiyev,Bronze,129,,,https://www.ibo-info.org/files/downloads/results-reports/results/IBO2008.pdf,pdf
IBO,Kazakhstan,KAZ,2008,Bakhytbek Zhalmagambetov,,167,,,https://www.ibo-info.org/files/downloads/results-reports/results/IBO2008.pdf,pdf
IBO,Kazakhstan,KAZ,2008,Ruslan Kalizhan,,176,,,https://www.ibo-info.org/files/downloads/results-reports/results/IBO2008.pdf,pdf
IBO,Kazakhstan,KAZ,2008,Zhanat Koshenov,Bronze,127,,,https://www.ibo-info.org/files/downloads/results-reports/results/IBO2008.pdf,pdf
IBO,Kazakhstan,KAZ,2007,Arnat Balabiyer,,,,,https://www.ibo-info.org/files/downloads/results-reports/results/IBO2007.pdf,pdf
IBO,Kazakhstan,KAZ,2007,Baurzhan Smailov,Bronze,,,,https://www.ibo-info.org/files/downloads/results-reports/results/IBO2007.pdf,pdf
IBO,Kazakhstan,KAZ,2007,Oleg Obukhov,,,,,https://www.ibo-info.org/files/downloads/results-reports/results/IBO2007.pdf,pdf
IBO,Kazakhstan,KAZ,2007,Zhanat Koshenov,Bronze,,,,https://www.ibo-info.org/files/downloads/results-reports/results/IBO2007.pdf,pdf
IBO,Kazakhstan,KAZ,2006,Mukashev Maxim,Silver,342,,,https://www.ibo-info.org/files/downloads/results-reports/results/IBO2006.pdf,pdf
IBO,Kazakhstan,KAZ,2006,Obukhov Oleg,Bronze,344,,,https://www.ibo-info.org/files/downloads/results-reports/results/IBO2006.pdf,pdf
IBO,Kazakhstan,KAZ,2006,Sailov Talgat,Bronze,341,,,https://www.ibo-info.org/files/downloads/results-reports/results/IBO2006.pdf,pdf
IBO,Kazakhstan,KAZ,2006,Umbetalin Aibek,Bronze,343,,,https://www.ibo-info.org/files/downloads/results-reports/results/IBO2006.pdf,pdf
IBO,Kazakhstan,KAZ,2005,Alexey Dudnik,,43,,,https://www.ibo-info.org/files/downloads/results-reports/results/IBO2005.pdf,pdf
IBO,Kazakhstan,KAZ,2005,Diyar Mailepessov,,67,,,https://www.ibo-info.org/files/downloads/results-reports/results/IBO2005.pdf,pdf
IBO,Kazakhstan,KAZ,2005,Marat Shotanov,,97,,,https://www.ibo-info.org/files/downloads/results-reports/results/IBO2005.pdf,pdf
IBO,Kazakhstan,KAZ,2003,Abil Zhanar,,98,,,https://www.ibo-info.org/files/downloads/results-reports/results/IBO2003.pdf,pdf
IBO,Kazakhstan,KAZ,2003,Dudnik Alexey,,79,,,https://www.ibo-info.org/files/downloads/results-reports/results/IBO2003.pdf,pdf
IBO,Kazakhstan,KAZ,2003,Shakhanov Demeu,,118,,,https://www.ibo-info.org/files/downloads/results-reports/results/IBO2003.pdf,pdf
IBO,Kazakhstan,KAZ,2003,Shaninov Arman,,132,,,https://www.ibo-info.org/files/downloads/results-reports/results/IBO2003.pdf,pdf
IBO,Kazakhstan,KAZ,2002,Aituov Baurzhan,,109,,,https://www.ibo-info.org/files/downloads/results-reports/results/IBO2002.pdf,pdf
IBO,Kazakhstan,KAZ,2002,Bekakhmetov Gabit,Silver,42,,,https://www.ibo-info.org/files/downloads/results-reports/results/IBO2002.pdf,pdf
IBO,Kazakhstan,KAZ,2002,Berezhnoy Nikolay,Bronze,51,,,https://www.ibo-info.org/files/downloads/results-reports/results/IBO2002.pdf,pdf
IBO,Kazakhstan,KAZ,2002,Kambarov Yerkebulan,Bronze,76,,,https://www.ibo-info.org/files/downloads/results-reports/results/IBO2002.pdf,pdf
IBO,Kazakhstan,KAZ,2001,Bekakhmetov Gabit,,85,,,https://www.ibo-info.org/files/downloads/results-reports/results/IBO2001.pdf,pdf
IBO,Kazakhstan,KAZ,2001,Berezhnoi Nikolay,,32,,,https://www.ibo-info.org/files/downloads/results-reports/results/IBO2001.pdf,pdf
IBO,Kazakhstan,KAZ,2001,Kambarov Yerkebulan,,120,,,https://www.ibo-info.org/files/downloads/results-reports/results/IBO2001.pdf,pdf
IBO,Kazakhstan,KAZ,2001,Yerokhin Maxim,,70,,,https://www.ibo-info.org/files/downloads/results-reports/results/IBO2001.pdf,pdf
IBO,Kazakhstan,KAZ,2000,Anton Nesveldin,Bronze,,,,https://www.ibo-info.org/files/downloads/results-reports/results/IBO2000.pdf,pdf
IBO,Kazakhstan,KAZ,2000,Kuanysh Yergalivey,Bronze,,,,https://www.ibo-info.org/files/downloads/results-reports/results/IBO2000.pdf,pdf
IBO,Kazakhstan,KAZ,2000,Yerbol Kurmangaliyev,Silver,,,,https://www.ibo-info.org/files/downloads/results-reports/results/IBO2000.pdf,pdf
IBO,Kazakhstan,KAZ,2000,Yerokhin Maxim,Bronze,,,,https://www.ibo-info.org/files/downloads/results-reports/results/IBO2000.pdf,pdf
IBO,Kazakhstan,KAZ,1999,Anton Nesveldin,Bronze,,,,https://www.ibo-info.org/files/downloads/results-reports/results/IBO1999.pdf,pdf_audited
IBO,Kazakhstan,KAZ,1999,Kuanysh Yergaliyev,,,,,https://www.ibo-info.org/files/downloads/results-reports/results/IBO1999.pdf,pdf_audited
IBO,Kazakhstan,KAZ,1999,Nurbol Kisembaev,Bronze,,,,https://www.ibo-info.org/files/downloads/results-reports/results/IBO1999.pdf,pdf_audited
IBO,Kazakhstan,KAZ,1999,Nurlan Algashev,,,,,https://www.ibo-info.org/files/downloads/results-reports/results/IBO1999.pdf,pdf_audited
IBO,Kazakhstan,KAZ,1998,Abzal Daribaev,Bronze,,,,https://www.ibo-info.org/files/downloads/results-reports/results/IBO1998.pdf,pdf_audited
IBO,Kazakhstan,KAZ,1998,Andrey Jigalov,Bronze,,,,https://www.ibo-info.org/files/downloads/results-reports/results/IBO1998.pdf,pdf_audited
IBO,Kazakhstan,KAZ,1998,Mirat Sadikov,Bronze,,,,https://www.ibo-info.org/files/downloads/results-reports/results/IBO1998.pdf,pdf_audited
IBO,Kazakhstan,KAZ,1998,Nurlan Algashev,,,,,https://www.ibo-info.org/files/downloads/results-reports/results/IBO1998.pdf,pdf_audited
IBO,Kazakhstan,KAZ,1997,Abzal Daribaev,,,,,https://www.ibo-info.org/files/downloads/results-reports/results/IBO1997.pdf,pdf
IBO,Kazakhstan,KAZ,1997,Andrey Jigalov,,,,,https://www.ibo-info.org/files/downloads/results-reports/results/IBO1997.pdf,pdf
IBO,Kazakhstan,KAZ,1997,Guljanar Kalmaganbetova,,,,,https://www.ibo-info.org/files/downloads/results-reports/results/IBO1997.pdf,pdf
IBO,Kazakhstan,KAZ,1997,Mirat Sadikov,,,,,https://www.ibo-info.org/files/downloads/results-reports/results/IBO1997.pdf,pdf
IBO,Kazakhstan,KAZ,1996,Azamat Abilkhanov,Bronze,,,,https://www.ibo-info.org/files/downloads/results-reports/results/IBO1996.pdf,pdf_audited
IBO,Kazakhstan,KAZ,1996,Nurbol Sihimbayev,Gold,,,,https://www.ibo-info.org/files/downloads/results-reports/results/IBO1996.pdf,pdf_audited
IBO,Kazakhstan,KAZ,1996,Saken Serhanov,Gold,,,,https://www.ibo-info.org/files/downloads/results-reports/results/IBO1996.pdf,pdf_audited
IBO,Kazakhstan,KAZ,1995,Bakitkan Bahautdinov,,,,,https://www.ibo-info.org/files/downloads/results-reports/results/IBO1995.pdf,pdf_audited
IBO,Kazakhstan,KAZ,1995,Ekrem Mahmudov,,,,,https://www.ibo-info.org/files/downloads/results-reports/results/IBO1995.pdf,pdf_audited
IBO,Kazakhstan,KAZ,1995,Nurbol Sihimbayev,Bronze,,,,https://www.ibo-info.org/files/downloads/results-reports/results/IBO1995.pdf,pdf_audited
IBO,Kazakhstan,KAZ,1995,Saken Sherhanov,Bronze,,,,https://www.ibo-info.org/files/downloads/results-reports/results/IBO1995.pdf,pdf_audited
IBO,Kazakhstan,KAZ,1994,Akram Mahmudov,,,,,https://www.ibo-info.org/files/downloads/results-reports/results/IBO1994.pdf,pdf_audited
IBO,Kazakhstan,KAZ,1994,Bakhytjan Bakhaotdinov,,,,,https://www.ibo-info.org/files/downloads/results-reports/results/IBO1994.pdf,pdf_audited
IBO,Kazakhstan,KAZ,1994,Nourbol Silliedev,,,,,https://www.ibo-info.org/files/downloads/results-reports/results/IBO1994.pdf,pdf_audited
IBO,Kazakhstan,KAZ,1994,Saken Sherhandy,,,,,https://www.ibo-info.org/files/downloads/results-reports/results/IBO1994.pdf,pdf_audited
IChO,Kazakhstan,KAZ,2026,Abilmansur Kali,Silver medal,103,,,https://www.icho-official.org/results/country_info.php?country=Kazakhstan,html
IChO,Kazakhstan,KAZ,2026,Aizere Zhengiskhanova,Gold medal,30,,,https://www.icho-official.org/results/country_info.php?country=Kazakhstan,html
IChO,Kazakhstan,KAZ,2026,Ansar Zhaksylykov,Silver medal,54,,,https://www.icho-official.org/results/country_info.php?country=Kazakhstan,html
IChO,Kazakhstan,KAZ,2026,Danil Poletayev,Silver medal,89,,,https://www.icho-official.org/results/country_info.php?country=Kazakhstan,html
IChO,Kazakhstan,KAZ,2025,Abylay Kabdulkhadyr,Gold,39,71.27,https://scoreboard.bc-pf.org/en/profile/67629656130184921f102629,https://scoreboard.bc-pf.org/en/results/chemistry/international-chemistry-olympiad/2025,scoreboard
IChO,Kazakhstan,KAZ,2025,Ansar Zhaksylykov,Silver,101,59.57,,https://scoreboard.bc-pf.org/en/results/chemistry/international-chemistry-olympiad/2025,scoreboard
IChO,Kazakhstan,KAZ,2025,Kirill Kim,Gold,31,72.92,,https://scoreboard.bc-pf.org/en/results/chemistry/international-chemistry-olympiad/2025,scoreboard
IChO,Kazakhstan,KAZ,2025,Yenlik Bakytbekova,Silver,81,62.77,,https://scoreboard.bc-pf.org/en/results/chemistry/international-chemistry-olympiad/2025,scoreboard
IChO,Kazakhstan,KAZ,2024,Abylay Kabdulkhadyr,Silver,74,61.031,https://scoreboard.bc-pf.org/en/profile/67629656130184921f102629,https://scoreboard.bc-pf.org/en/results/chemistry/international-chemistry-olympiad/2024,scoreboard
IChO,Kazakhstan,KAZ,2024,Kim Kirill,Gold,32,73.438,,https://scoreboard.bc-pf.org/en/results/chemistry/international-chemistry-olympiad/2024,scoreboard
IChO,Kazakhstan,KAZ,2024,Moldagul Adilzhan,Bronze,125,54.022,,https://scoreboard.bc-pf.org/en/results/chemistry/international-chemistry-olympiad/2024,scoreboard
IChO,Kazakhstan,KAZ,2024,Rinat Ilyussizov,Gold,29,73.766,https://scoreboard.bc-pf.org/en/profile/675dce62130184921f0f9cfb,https://scoreboard.bc-pf.org/en/results/chemistry/international-chemistry-olympiad/2024,scoreboard
IChO,Kazakhstan,KAZ,2023,Bissenali Sanzhar,Gold,38,72.42,,https://scoreboard.bc-pf.org/en/results/chemistry/international-chemistry-olympiad/2023,scoreboard
IChO,Kazakhstan,KAZ,2023,Mamyrbekov Bekbolat,Bronze,134,55.46,,https://scoreboard.bc-pf.org/en/results/chemistry/international-chemistry-olympiad/2023,scoreboard
IChO,Kazakhstan,KAZ,2023,Nurlanova Almira,Silver,107,60.37,,https://scoreboard.bc-pf.org/en/results/chemistry/international-chemistry-olympiad/2023,scoreboard
IChO,Kazakhstan,KAZ,2023,Rinat Ilyussizov,Silver,60,69.01,https://scoreboard.bc-pf.org/en/profile/675dce62130184921f0f9cfb,https://scoreboard.bc-pf.org/en/results/chemistry/international-chemistry-olympiad/2023,scoreboard
IChO,Kazakhstan,KAZ,2022,Almira Nurlanova,Silver,99,76.74,,https://scoreboard.bc-pf.org/en/results/chemistry/international-chemistry-olympiad/2022,scoreboard
IChO,Kazakhstan,KAZ,2022,Madiyar Kassymaly,Gold,25,91.94,https://scoreboard.bc-pf.org/en/profile/6153ac1ad7af56e7d9894be8,https://scoreboard.bc-pf.org/en/results/chemistry/international-chemistry-olympiad/2022,scoreboard
IChO,Kazakhstan,KAZ,2022,Sanzhar Bissenali,Silver,57,86.08,,https://scoreboard.bc-pf.org/en/results/chemistry/international-chemistry-olympiad/2022,scoreboard
IChO,Kazakhstan,KAZ,2022,Sanzhar Nurgaliyev,Silver,107,74.54,,https://scoreboard.bc-pf.org/en/results/chemistry/international-chemistry-olympiad/2022,scoreboard
IChO,Kazakhstan,KAZ,2021,Aigerim Turuspekova,Bronze,125,49.45,,https://scoreboard.bc-pf.org/en/results/chemistry/international-chemistry-olympiad/2021,scoreboard
IChO,Kazakhstan,KAZ,2021,Khaidar Kairbek,Silver,65,65.2,https://scoreboard.bc-pf.org/en/profile/6252f681c61d1199169630fc,https://scoreboard.bc-pf.org/en/results/chemistry/international-chemistry-olympiad/2021,scoreboard
IChO,Kazakhstan,KAZ,2021,Madiyar Kassymaly,Silver,95,55.62,https://scoreboard.bc-pf.org/en/profile/6153ac1ad7af56e7d9894be8,https://scoreboard.bc-pf.org/en/results/chemistry/international-chemistry-olympiad/2021,scoreboard
IChO,Kazakhstan,KAZ,2021,Sanzhar Bissenali,Silver,89,57.17,,https://scoreboard.bc-pf.org/en/results/chemistry/international-chemistry-olympiad/2021,scoreboard
IChO,Kazakhstan,KAZ,2020,Abilmansur Muzhubayev,Bronze,94,69.68,,https://scoreboard.bc-pf.org/en/results/chemistry/international-chemistry-olympiad/2020,scoreboard
IChO,Kazakhstan,KAZ,2020,Bakdaulet Seysenkul,Bronze,108,65.67,,https://scoreboard.bc-pf.org/en/results/chemistry/international-chemistry-olympiad/2020,scoreboard
IChO,Kazakhstan,KAZ,2020,Khaidar Kairbek,Bronze,84,73.38,https://scoreboard.bc-pf.org/en/profile/6252f681c61d1199169630fc,https://scoreboard.bc-pf.org/en/results/chemistry/international-chemistry-olympiad/2020,scoreboard
IChO,Kazakhstan,KAZ,2020,Kibriyanur Abdugafarova,Bronze,121,61.18,,https://scoreboard.bc-pf.org/en/results/chemistry/international-chemistry-olympiad/2020,scoreboard
IChO,Kazakhstan,KAZ,2019,Daniil Melnichenko,Bronze,140,70.14,,https://scoreboard.bc-pf.org/en/results/chemistry/international-chemistry-olympiad/2019,scoreboard
IChO,Kazakhstan,KAZ,2019,Nurlykhan Kopenov,Bronze,154,68.82,,https://scoreboard.bc-pf.org/en/results/chemistry/international-chemistry-olympiad/2019,scoreboard
IChO,Kazakhstan,KAZ,2019,Olzhas Nurpeisov,Bronze,134,71.31,,https://scoreboard.bc-pf.org/en/results/chemistry/international-chemistry-olympiad/2019,scoreboard
IChO,Kazakhstan,KAZ,2019,Vladislav Cherdantsev,Silver,100,77.07,https://scoreboard.bc-pf.org/en/profile/5fa68a8ad8bb1ad06363cce0,https://scoreboard.bc-pf.org/en/results/chemistry/international-chemistry-olympiad/2019,scoreboard
IChO,Kazakhstan,KAZ,2018,Galymzhan Moldagulov,Bronze,152,56.49,https://scoreboard.bc-pf.org/en/profile/5fead8b4c234849fce8ab05a,https://scoreboard.bc-pf.org/en/results/chemistry/international-chemistry-olympiad/2018,scoreboard
IChO,Kazakhstan,KAZ,2018,Olzhas Nurpeisov,Bronze,146,57.15,,https://scoreboard.bc-pf.org/en/results/chemistry/international-chemistry-olympiad/2018,scoreboard
IChO,Kazakhstan,KAZ,2018,Vladislav Cherdantsev,Diploma,198,47.28,https://scoreboard.bc-pf.org/en/profile/5fa68a8ad8bb1ad06363cce0,https://scoreboard.bc-pf.org/en/results/chemistry/international-chemistry-olympiad/2018,scoreboard
IChO,Kazakhstan,KAZ,2018,Zhanibek Bekkhozhin,Silver,73,70.58,,https://scoreboard.bc-pf.org/en/results/chemistry/international-chemistry-olympiad/2018,scoreboard
IChO,Kazakhstan,KAZ,2017,Anton Morgunov,Gold,10,92.05,https://scoreboard.bc-pf.org/en/profile/60517fdfd561aa0f5b708d96,https://scoreboard.bc-pf.org/en/results/chemistry/international-chemistry-olympiad/2017,scoreboard
IChO,Kazakhstan,KAZ,2017,Assem Zhunis,Bronze,146,63.6,,https://scoreboard.bc-pf.org/en/results/chemistry/international-chemistry-olympiad/2017,scoreboard
IChO,Kazakhstan,KAZ,2017,Nurassyl Serik,Bronze,123,69.48,,https://scoreboard.bc-pf.org/en/results/chemistry/international-chemistry-olympiad/2017,scoreboard
IChO,Kazakhstan,KAZ,2017,Temirlan Rakhimov,Bronze,190,55.88,,https://scoreboard.bc-pf.org/en/results/chemistry/international-chemistry-olympiad/2017,scoreboard
IChO,Kazakhstan,KAZ,2016,Anton Morgunov,Silver,36,79.86,https://scoreboard.bc-pf.org/en/profile/60517fdfd561aa0f5b708d96,https://scoreboard.bc-pf.org/en/results/chemistry/international-chemistry-olympiad/2016,scoreboard
IChO,Kazakhstan,KAZ,2016,Arnur Makenov,Silver,74,70.4,,https://scoreboard.bc-pf.org/en/results/chemistry/international-chemistry-olympiad/2016,scoreboard
IChO,Kazakhstan,KAZ,2016,Ayat Tassanov,Bronze,94,64.92,,https://scoreboard.bc-pf.org/en/results/chemistry/international-chemistry-olympiad/2016,scoreboard
IChO,Kazakhstan,KAZ,2016,Azamat Smagulov,Silver,37,79.39,,https://scoreboard.bc-pf.org/en/results/chemistry/international-chemistry-olympiad/2016,scoreboard
IChO,Kazakhstan,KAZ,2015,Adil Kabylda,Gold,14,72.19,,https://scoreboard.bc-pf.org/en/results/chemistry/international-chemistry-olympiad/2015,scoreboard
IChO,Kazakhstan,KAZ,2015,Arnur Makenov,Bronze,160,37.4,,https://scoreboard.bc-pf.org/en/results/chemistry/international-chemistry-olympiad/2015,scoreboard
IChO,Kazakhstan,KAZ,2015,Azamat Amzebek,Silver,44,60.455,,https://scoreboard.bc-pf.org/en/results/chemistry/international-chemistry-olympiad/2015,scoreboard
IChO,Kazakhstan,KAZ,2015,Azamat Smagulov,Silver,78,52.824,,https://scoreboard.bc-pf.org/en/results/chemistry/international-chemistry-olympiad/2015,scoreboard
IChO,Kazakhstan,KAZ,2014,Adil Kabilda,Silver,32,68.79,,https://scoreboard.bc-pf.org/en/results/chemistry/international-chemistry-olympiad/2014,scoreboard
IChO,Kazakhstan,KAZ,2014,Binazar Zhassulan,Bronze,136,46.58,,https://scoreboard.bc-pf.org/en/results/chemistry/international-chemistry-olympiad/2014,scoreboard
IChO,Kazakhstan,KAZ,2014,Sayinov Bauyrzhan,,232,31.12,,https://scoreboard.bc-pf.org/en/results/chemistry/international-chemistry-olympiad/2014,scoreboard
IChO,Kazakhstan,KAZ,2014,Serikzhan Yermekov,Bronze,162,42.44,,https://scoreboard.bc-pf.org/en/results/chemistry/international-chemistry-olympiad/2014,scoreboard
IChO,Kazakhstan,KAZ,2013,Azim Amanzholov,Gold,28,67.8,,https://scoreboard.bc-pf.org/en/results/chemistry/international-chemistry-olympiad/2013,scoreboard
IChO,Kazakhstan,KAZ,2013,Bogdan Zagribelnyy,Bronze,126,49.06,,https://scoreboard.bc-pf.org/en/results/chemistry/international-chemistry-olympiad/2013,scoreboard
IChO,Kazakhstan,KAZ,2013,Kairat Ashim,Gold,13,71.61,,https://scoreboard.bc-pf.org/en/results/chemistry/international-chemistry-olympiad/2013,scoreboard
IChO,Kazakhstan,KAZ,2013,Zhassulan Binazar,Bronze,119,50.17,,https://scoreboard.bc-pf.org/en/results/chemistry/international-chemistry-olympiad/2013,scoreboard
IChO,Kazakhstan,KAZ,2012,Azim Amanzholov,Silver,71,0,,https://scoreboard.bc-pf.org/en/results/chemistry/international-chemistry-olympiad/2012,scoreboard
IChO,Kazakhstan,KAZ,2012,Kairat Ashim,Gold,19,0,,https://scoreboard.bc-pf.org/en/results/chemistry/international-chemistry-olympiad/2012,scoreboard
IChO,Kazakhstan,KAZ,2012,Vladimir Dolzhnikov,Silver,53,0,,https://scoreboard.bc-pf.org/en/results/chemistry/international-chemistry-olympiad/2012,scoreboard
IChO,Kazakhstan,KAZ,2012,Vladislav Kamysbayev,Bronze,169,0,,https://scoreboard.bc-pf.org/en/results/chemistry/international-chemistry-olympiad/2012,scoreboard
IChO,Kazakhstan,KAZ,2011,Abylay Shakhizadayev,Gold,33,0,,https://scoreboard.bc-pf.org/en/results/chemistry/international-chemistry-olympiad/2011,scoreboard
IChO,Kazakhstan,KAZ,2011,Miras Bekbergenov,Silver,60,0,,https://scoreboard.bc-pf.org/en/results/chemistry/international-chemistry-olympiad/2011,scoreboard
IChO,Kazakhstan,KAZ,2011,Vladimir Dolzhnikov,Bronze,117,0,,https://scoreboard.bc-pf.org/en/results/chemistry/international-chemistry-olympiad/2011,scoreboard
IChO,Kazakhstan,KAZ,2011,Vladislav Kamysbayev,Bronze,97,0,,https://scoreboard.bc-pf.org/en/results/chemistry/international-chemistry-olympiad/2011,scoreboard
IChO,Kazakhstan,KAZ,2010,Abylay Shakhizadayev,Bronze,103,74.762,,https://scoreboard.bc-pf.org/en/results/chemistry/international-chemistry-olympiad/2010,scoreboard
IChO,Kazakhstan,KAZ,2010,Ilya Skripin,Bronze,105,74.466,,https://scoreboard.bc-pf.org/en/results/chemistry/international-chemistry-olympiad/2010,scoreboard
IChO,Kazakhstan,KAZ,2010,Miras Bekbergenov,Bronze,157,61.685,,https://scoreboard.bc-pf.org/en/results/chemistry/international-chemistry-olympiad/2010,scoreboard
IChO,Kazakhstan,KAZ,2010,Zhalgas Serimbetov,Bronze,122,70.418,,https://scoreboard.bc-pf.org/en/results/chemistry/international-chemistry-olympiad/2010,scoreboard
IChO,Kazakhstan,KAZ,2009,Aigerim Shamshidin,Bronze,163,45.6,,https://scoreboard.bc-pf.org/en/results/chemistry/international-chemistry-olympiad/2009,scoreboard
IChO,Kazakhstan,KAZ,2009,Furkat Mukhtarov,Bronze,111,58.7,,https://scoreboard.bc-pf.org/en/results/chemistry/international-chemistry-olympiad/2009,scoreboard
IChO,Kazakhstan,KAZ,2009,Ilya Skripin,Bronze,134,52,,https://scoreboard.bc-pf.org/en/results/chemistry/international-chemistry-olympiad/2009,scoreboard
IChO,Kazakhstan,KAZ,2009,Zhalgas Serimbetov,Bronze,100,61.5,,https://scoreboard.bc-pf.org/en/results/chemistry/international-chemistry-olympiad/2009,scoreboard
IChO,Kazakhstan,KAZ,2008,Sanzhar Karatayev,Silver,39,64.81,,https://scoreboard.bc-pf.org/en/results/chemistry/international-chemistry-olympiad/2008,scoreboard
IChO,Kazakhstan,KAZ,2008,Sultan Aitekenov,Silver,60,59.49,,https://scoreboard.bc-pf.org/en/results/chemistry/international-chemistry-olympiad/2008,scoreboard
IChO,Kazakhstan,KAZ,2008,Yerbolat Ablemetov,Silver,69,58.245,,https://scoreboard.bc-pf.org/en/results/chemistry/international-chemistry-olympiad/2008,scoreboard
IChO,Kazakhstan,KAZ,2008,Zhanbolat Zholgeldiev,Silver,51,61.896,,https://scoreboard.bc-pf.org/en/results/chemistry/international-chemistry-olympiad/2008,scoreboard
IChO,Kazakhstan,KAZ,2007,Ayana Badrakova,Bronze,93,44.172,,https://scoreboard.bc-pf.org/en/results/chemistry/international-chemistry-olympiad/2007,scoreboard
IChO,Kazakhstan,KAZ,2007,Dauren Kaliyev,Bronze,112,42.031,,https://scoreboard.bc-pf.org/en/results/chemistry/international-chemistry-olympiad/2007,scoreboard
IChO,Kazakhstan,KAZ,2007,Yerdos Ordabayev,Silver,52,52.493,,https://scoreboard.bc-pf.org/en/results/chemistry/international-chemistry-olympiad/2007,scoreboard
IChO,Kazakhstan,KAZ,2007,Zhanbolat Zholgeldiyev,Bronze,115,41.225,,https://scoreboard.bc-pf.org/en/results/chemistry/international-chemistry-olympiad/2007,scoreboard
IChO,Kazakhstan,KAZ,2006,Abylay Maranuly Samatov,Bronze medal,156,,,https://www.icho-official.org/results/country_info.php?country=Kazakhstan,html
IChO,Kazakhstan,KAZ,2006,Almas Yerkinovich Ordabayev,Bronze medal,98,,,https://www.icho-official.org/results/country_info.php?country=Kazakhstan,html
IChO,Kazakhstan,KAZ,2006,Kuat Mukambetkazievich Usseingazin,Bronze medal,122,,,https://www.icho-official.org/results/country_info.php?country=Kazakhstan,html
IChO,Kazakhstan,KAZ,2006,Murat Zhaksylykovich Shagirov,Bronze medal,115,,,https://www.icho-official.org/results/country_info.php?country=Kazakhstan,html
IChO,Kazakhstan,KAZ,2005,Almas Ordabayev,Participant,,,,https://www.icho-official.org/results/country_info.php?country=Kazakhstan,html
IChO,Kazakhstan,KAZ,2005,Dulat Azhibek,Silver medal,54,,,https://www.icho-official.org/results/country_info.php?country=Kazakhstan,html
IChO,Kazakhstan,KAZ,2005,Kuat Usseingazin,Bronze medal,119,,,https://www.icho-official.org/results/country_info.php?country=Kazakhstan,html
IChO,Kazakhstan,KAZ,2005,Nurzhan Abdrakhmanov,Bronze medal,124,,,https://www.icho-official.org/results/country_info.php?country=Kazakhstan,html
IChO,Kazakhstan,KAZ,2004,Timur Zhiyentayev,Silver medal,31,,,https://www.icho-official.org/results/country_info.php?country=Kazakhstan,html
IChO,Kazakhstan,KAZ,2004,Vadim Murzin,Silver medal,57,,,https://www.icho-official.org/results/country_info.php?country=Kazakhstan,html
IChO,Kazakhstan,KAZ,2004,Yerulan Sabyrgali,Participant,,,,https://www.icho-official.org/results/country_info.php?country=Kazakhstan,html
IChO,Kazakhstan,KAZ,2004,Yeskendr Bissenov,Silver medal,63,,,https://www.icho-official.org/results/country_info.php?country=Kazakhstan,html
IChO,Kazakhstan,KAZ,2003,Anuar Nurtazin,Silver medal,36,,,https://www.icho-official.org/results/country_info.php?country=Kazakhstan,html
IChO,Kazakhstan,KAZ,2003,Aset Iskakov,Silver medal,59,,,https://www.icho-official.org/results/country_info.php?country=Kazakhstan,html
IChO,Kazakhstan,KAZ,2003,Dmitriy Dolzhnikov,Silver medal,68,,,https://www.icho-official.org/results/country_info.php?country=Kazakhstan,html
IChO,Kazakhstan,KAZ,2003,Kanat Tyutenov,Bronze medal,139,,,https://www.icho-official.org/results/country_info.php?country=Kazakhstan,html
IChO,Kazakhstan,KAZ,2002,Anuar Nurtazin,Silver medal,61,,,https://www.icho-official.org/results/country_info.php?country=Kazakhstan,html
IChO,Kazakhstan,KAZ,2002,Aset Iskakov,Silver medal,58,,,https://www.icho-official.org/results/country_info.php?country=Kazakhstan,html
IChO,Kazakhstan,KAZ,2002,Asylbek Nurgabdeshov,Honorable mention,158,,,https://www.icho-official.org/results/country_info.php?country=Kazakhstan,html
IChO,Kazakhstan,KAZ,2002,Yerzhigit Tolebekov,Honorable mention,159,,,https://www.icho-official.org/results/country_info.php?country=Kazakhstan,html
IChO,Kazakhstan,KAZ,2001,Anuar Nurtazin,Participant,,,,https://www.icho-official.org/results/country_info.php?country=Kazakhstan,html
IChO,Kazakhstan,KAZ,2001,Rashid Amirov,Honorable mention,188,,,https://www.icho-official.org/results/country_info.php?country=Kazakhstan,html
IChO,Kazakhstan,KAZ,2001,Taskyn Shokanbay,Bronze medal,126,,,https://www.icho-official.org/results/country_info.php?country=Kazakhstan,html
IChO,Kazakhstan,KAZ,2001,Zeinul-Gabiden Kazhkenov,Bronze medal,80,,,https://www.icho-official.org/results/country_info.php?country=Kazakhstan,html
IChO,Kazakhstan,KAZ,2000,Adil Zhugralin,Silver medal,54,,,https://www.icho-official.org/results/country_info.php?country=Kazakhstan,html
IChO,Kazakhstan,KAZ,2000,Sergey Gussak,Bronze medal,134,,,https://www.icho-official.org/results/country_info.php?country=Kazakhstan,html
IChO,Kazakhstan,KAZ,2000,Yuriy Kudryavtsev,Participant,,,,https://www.icho-official.org/results/country_info.php?country=Kazakhstan,html
IChO,Kazakhstan,KAZ,2000,Zeinul-Gabiden Kazhkenov,Participant,,,,https://www.icho-official.org/results/country_info.php?country=Kazakhstan,html
IChO,Kazakhstan,KAZ,1999,Adil Baiguzhin,Participant,,,,https://www.icho-official.org/results/country_info.php?country=Kazakhstan,html
IChO,Kazakhstan,KAZ,1999,Adil Zhugralin,Bronze medal,99,,,https://www.icho-official.org/results/country_info.php?country=Kazakhstan,html
IChO,Kazakhstan,KAZ,1999,Kirill Mayerle,Bronze medal,118,,,https://www.icho-official.org/results/country_info.php?country=Kazakhstan,html
IChO,Kazakhstan,KAZ,1999,Nurzhan Nagashbekov,Participant,,,,https://www.icho-official.org/results/country_info.php?country=Kazakhstan,html
IChO,Kazakhstan,KAZ,1998,Adil Zhugralin,Participant,,,,https://www.icho-official.org/results/country_info.php?country=Kazakhstan,html
IChO,Kazakhstan,KAZ,1998,Askerbek Zhaxylykov,Bronze medal,118,,,https://www.icho-official.org/results/country_info.php?country=Kazakhstan,html
IChO,Kazakhstan,KAZ,1998,Bulat Biizhanov,Participant,,,,https://www.icho-official.org/results/country_info.php?country=Kazakhstan,html
IChO,Kazakhstan,KAZ,1998,Nurzhan Ustemirov,Participant,,,,https://www.icho-official.org/results/country_info.php?country=Kazakhstan,html
IMO,Kazakhstan,KAZ,2026,Ali Yerkebulanuly,Silver medal,135,23,https://www.imo-official.org/results/contestant/36187/,https://www.imo-official.org/results/individual/country/KAZ/,html
IMO,Kazakhstan,KAZ,2026,Amirlan Amanzholov,Bronze medal,161,22,https://www.imo-official.org/results/contestant/34441/,https://www.imo-official.org/results/individual/country/KAZ/,html
IMO,Kazakhstan,KAZ,2026,Batyrkhan Beiganov,Silver medal,56,28,https://www.imo-official.org/results/contestant/36189/,https://www.imo-official.org/results/individual/country/KAZ/,html
IMO,Kazakhstan,KAZ,2026,Margulan Sharel,Bronze medal,205,21,https://www.imo-official.org/results/contestant/33250/,https://www.imo-official.org/results/individual/country/KAZ/,html
IMO,Kazakhstan,KAZ,2026,Timur Murat,Silver medal,105,25,https://www.imo-official.org/results/contestant/36186/,https://www.imo-official.org/results/individual/country/KAZ/,html
IMO,Kazakhstan,KAZ,2026,Yerassyl Altynbek,Bronze medal,161,22,https://www.imo-official.org/results/contestant/35205/,https://www.imo-official.org/results/individual/country/KAZ/,html
IMO,Kazakhstan,KAZ,2025,Amir Sakhipov,Silver medal,91,31,https://www.imo-official.org/results/contestant/35207/,https://www.imo-official.org/results/individual/country/KAZ/,html
IMO,Kazakhstan,KAZ,2025,Amirlan Amanzholov,Silver medal,88,32,https://www.imo-official.org/results/contestant/34441/,https://www.imo-official.org/results/individual/country/KAZ/,html
IMO,Kazakhstan,KAZ,2025,Margulan Sharel,Silver medal,91,31,https://www.imo-official.org/results/contestant/33250/,https://www.imo-official.org/results/individual/country/KAZ/,html
IMO,Kazakhstan,KAZ,2025,Miron Yurkevich,Silver medal,73,34,https://www.imo-official.org/results/contestant/32026/,https://www.imo-official.org/results/individual/country/KAZ/,html
IMO,Kazakhstan,KAZ,2025,Yerassyl Altynbek,Bronze medal,243,22,https://www.imo-official.org/results/contestant/35205/,https://www.imo-official.org/results/individual/country/KAZ/,html
IMO,Kazakhstan,KAZ,2025,Yerkanat Kengshilik,Bronze medal,203,25,https://www.imo-official.org/results/contestant/35206/,https://www.imo-official.org/results/individual/country/KAZ/,html
IMO,Kazakhstan,KAZ,2024,Amirlan Amanzholov,Silver medal,59,28,https://www.imo-official.org/results/contestant/34441/,https://www.imo-official.org/results/individual/country/KAZ/,html
IMO,Kazakhstan,KAZ,2024,Dinmukhamed Yegeubayev,Honourable mention,457,9,https://www.imo-official.org/results/contestant/34443/,https://www.imo-official.org/results/individual/country/KAZ/,html
IMO,Kazakhstan,KAZ,2024,Margulan Sharel,Silver medal,59,28,https://www.imo-official.org/results/contestant/33250/,https://www.imo-official.org/results/individual/country/KAZ/,html
IMO,Kazakhstan,KAZ,2024,Miron Yurkevich,Silver medal,147,22,https://www.imo-official.org/results/contestant/32026/,https://www.imo-official.org/results/individual/country/KAZ/,html
IMO,Kazakhstan,KAZ,2024,Vladimir Rogovskiy,Bronze medal,216,20,https://www.imo-official.org/results/contestant/33248/,https://www.imo-official.org/results/individual/country/KAZ/,html
IMO,Kazakhstan,KAZ,2024,Zhan Dautov,Bronze medal,216,20,https://www.imo-official.org/results/contestant/33249/,https://www.imo-official.org/results/individual/country/KAZ/,html
IMO,Kazakhstan,KAZ,2023,Batyrkhan Sakenov,Bronze medal,145,24,https://www.imo-official.org/results/contestant/33252/,https://www.imo-official.org/results/individual/country/KAZ/,html
IMO,Kazakhstan,KAZ,2023,Margulan Sharel,Bronze medal,183,23,https://www.imo-official.org/results/contestant/33250/,https://www.imo-official.org/results/individual/country/KAZ/,html
IMO,Kazakhstan,KAZ,2023,Miron Yurkevich,Silver medal,55,31,https://www.imo-official.org/results/contestant/32026/,https://www.imo-official.org/results/individual/country/KAZ/,html
IMO,Kazakhstan,KAZ,2023,Raiymbek Baishuak,Silver medal,104,28,https://www.imo-official.org/results/contestant/33247/,https://www.imo-official.org/results/individual/country/KAZ/,html
IMO,Kazakhstan,KAZ,2023,Vladimir Rogovskiy,Bronze medal,145,24,https://www.imo-official.org/results/contestant/33248/,https://www.imo-official.org/results/individual/country/KAZ/,html
IMO,Kazakhstan,KAZ,2023,Zhan Dautov,Bronze medal,145,24,https://www.imo-official.org/results/contestant/33249/,https://www.imo-official.org/results/individual/country/KAZ/,html
IMO,Kazakhstan,KAZ,2022,Adilet Abu,Bronze medal,146,28,https://www.imo-official.org/results/contestant/32030/,https://www.imo-official.org/results/individual/country/KAZ/,html
IMO,Kazakhstan,KAZ,2022,Adilet Zauytkhan,Bronze medal,146,28,https://www.imo-official.org/results/contestant/32009/,https://www.imo-official.org/results/individual/country/KAZ/,html
IMO,Kazakhstan,KAZ,2022,Fetullakh Sam,Silver medal,61,32,https://www.imo-official.org/results/contestant/30314/,https://www.imo-official.org/results/individual/country/KAZ/,html
IMO,Kazakhstan,KAZ,2022,Miron Yurkevich,Silver medal,112,29,https://www.imo-official.org/results/contestant/32026/,https://www.imo-official.org/results/individual/country/KAZ/,html
IMO,Kazakhstan,KAZ,2022,Tair Satubaldin,Silver medal,84,30,https://www.imo-official.org/results/contestant/30322/,https://www.imo-official.org/results/individual/country/KAZ/,html
IMO,Kazakhstan,KAZ,2022,Yuriy Ten,Bronze medal,187,27,https://www.imo-official.org/results/contestant/32031/,https://www.imo-official.org/results/individual/country/KAZ/,html
IMO,Kazakhstan,KAZ,2021,Aibek Myrzatay,Gold medal,48,24,https://www.imo-official.org/results/contestant/30786/,https://www.imo-official.org/results/individual/country/KAZ/,html
IMO,Kazakhstan,KAZ,2021,Assylbek Olzhabayev,Bronze medal,268,13,https://www.imo-official.org/results/contestant/30769/,https://www.imo-official.org/results/individual/country/KAZ/,html
IMO,Kazakhstan,KAZ,2021,Danat Duisenbekov,Silver medal,105,21,https://www.imo-official.org/results/contestant/29352/,https://www.imo-official.org/results/individual/country/KAZ/,html
IMO,Kazakhstan,KAZ,2021,Fetullakh Sam,Silver medal,63,22,https://www.imo-official.org/results/contestant/30314/,https://www.imo-official.org/results/individual/country/KAZ/,html
IMO,Kazakhstan,KAZ,2021,Rakhim Baimurzin,Bronze medal,164,17,https://www.imo-official.org/results/contestant/30789/,https://www.imo-official.org/results/individual/country/KAZ/,html
IMO,Kazakhstan,KAZ,2021,Tair Satubaldin,Silver medal,143,20,https://www.imo-official.org/results/contestant/30322/,https://www.imo-official.org/results/individual/country/KAZ/,html
IMO,Kazakhstan,KAZ,2020,Danat Duisenbekov,Bronze medal,206,21,https://www.imo-official.org/results/contestant/29352/,https://www.imo-official.org/results/individual/country/KAZ/,html
IMO,Kazakhstan,KAZ,2020,Fetullakh Sam,Honourable mention,317,14,https://www.imo-official.org/results/contestant/30314/,https://www.imo-official.org/results/individual/country/KAZ/,html
IMO,Kazakhstan,KAZ,2020,Nurtas Shyntas,Silver medal,86,28,https://www.imo-official.org/results/contestant/29353/,https://www.imo-official.org/results/individual/country/KAZ/,html
IMO,Kazakhstan,KAZ,2020,Tair Satubaldin,Silver medal,50,30,https://www.imo-official.org/results/contestant/30322/,https://www.imo-official.org/results/individual/country/KAZ/,html
IMO,Kazakhstan,KAZ,2020,Tamirlan Bektemissov,Silver medal,50,30,https://www.imo-official.org/results/contestant/30321/,https://www.imo-official.org/results/individual/country/KAZ/,html
IMO,Kazakhstan,KAZ,2020,Yuriy Ten,Bronze medal,162,23,https://www.imo-official.org/results/contestant/30316/,https://www.imo-official.org/results/individual/country/KAZ/,html
IMO,Kazakhstan,KAZ,2019,Alibek Orazalin,Bronze medal,147,23,https://www.imo-official.org/results/contestant/29349/,https://www.imo-official.org/results/individual/country/KAZ/,html
IMO,Kazakhstan,KAZ,2019,Alikhan Zimanov,Bronze medal,168,22,https://www.imo-official.org/results/contestant/28163/,https://www.imo-official.org/results/individual/country/KAZ/,html
IMO,Kazakhstan,KAZ,2019,Danat Duisenbekov,Silver medal,65,28,https://www.imo-official.org/results/contestant/29352/,https://www.imo-official.org/results/individual/country/KAZ/,html
IMO,Kazakhstan,KAZ,2019,Kassym Mukhanbetiyar,Bronze medal,168,22,https://www.imo-official.org/results/contestant/29351/,https://www.imo-official.org/results/individual/country/KAZ/,html
IMO,Kazakhstan,KAZ,2019,Nurtas Shyntas,Bronze medal,147,23,https://www.imo-official.org/results/contestant/29353/,https://www.imo-official.org/results/individual/country/KAZ/,html
IMO,Kazakhstan,KAZ,2019,Shyngys Bilyalov,Silver medal,65,28,https://www.imo-official.org/results/contestant/27303/,https://www.imo-official.org/results/individual/country/KAZ/,html
IMO,Kazakhstan,KAZ,2018,Alexey Tsekhovoy,Silver medal,87,28,https://www.imo-official.org/results/contestant/27302/,https://www.imo-official.org/results/individual/country/KAZ/,html
IMO,Kazakhstan,KAZ,2018,Alikhan Kudaibergenov,Silver medal,87,28,https://www.imo-official.org/results/contestant/27301/,https://www.imo-official.org/results/individual/country/KAZ/,html
IMO,Kazakhstan,KAZ,2018,Alikhan Zimanov,Bronze medal,204,20,https://www.imo-official.org/results/contestant/28163/,https://www.imo-official.org/results/individual/country/KAZ/,html
IMO,Kazakhstan,KAZ,2018,Aruzhan Amanbayeva,Silver medal,61,29,https://www.imo-official.org/results/contestant/26645/,https://www.imo-official.org/results/individual/country/KAZ/,html
IMO,Kazakhstan,KAZ,2018,Rakhman Asmatullayev,Bronze medal,193,21,https://www.imo-official.org/results/contestant/27859/,https://www.imo-official.org/results/individual/country/KAZ/,html
IMO,Kazakhstan,KAZ,2018,Shyngys Bilyalov,Silver medal,131,25,https://www.imo-official.org/results/contestant/27303/,https://www.imo-official.org/results/individual/country/KAZ/,html
IMO,Kazakhstan,KAZ,2017,Alexey Tsekhovoy,,416,12,https://www.imo-official.org/results/contestant/27302/,https://www.imo-official.org/results/individual/country/KAZ/,html
IMO,Kazakhstan,KAZ,2017,Alikhan Kudaibergenov,Silver medal,49,24,https://www.imo-official.org/results/contestant/27301/,https://www.imo-official.org/results/individual/country/KAZ/,html
IMO,Kazakhstan,KAZ,2017,Amir Mokhammed-Ali,Gold medal,30,26,https://www.imo-official.org/results/contestant/26565/,https://www.imo-official.org/results/individual/country/KAZ/,html
IMO,Kazakhstan,KAZ,2017,Aruzhan Amanbayeva,Bronze medal,139,18,https://www.imo-official.org/results/contestant/26645/,https://www.imo-official.org/results/individual/country/KAZ/,html
IMO,Kazakhstan,KAZ,2017,Shyngys Bilyalov,Honourable mention,416,12,https://www.imo-official.org/results/contestant/27303/,https://www.imo-official.org/results/individual/country/KAZ/,html
IMO,Kazakhstan,KAZ,2017,Temirkhan Zimanov,Silver medal,82,21,https://www.imo-official.org/results/contestant/26720/,https://www.imo-official.org/results/individual/country/KAZ/,html
IMO,Kazakhstan,KAZ,2016,Amir Mokhammed-Ali,Gold medal,35,30,https://www.imo-official.org/results/contestant/26565/,https://www.imo-official.org/results/individual/country/KAZ/,html
IMO,Kazakhstan,KAZ,2016,Aruzhan Amanbayeva,Bronze medal,224,17,https://www.imo-official.org/results/contestant/26645/,https://www.imo-official.org/results/individual/country/KAZ/,html
IMO,Kazakhstan,KAZ,2016,Daniyar Abesbek,Bronze medal,253,16,https://www.imo-official.org/results/contestant/25478/,https://www.imo-official.org/results/individual/country/KAZ/,html
IMO,Kazakhstan,KAZ,2016,Raiymbek Akshulakov,Honourable mention,312,14,https://www.imo-official.org/results/contestant/26684/,https://www.imo-official.org/results/individual/country/KAZ/,html
IMO,Kazakhstan,KAZ,2016,Temirkhan Zimanov,Silver medal,78,25,https://www.imo-official.org/results/contestant/26720/,https://www.imo-official.org/results/individual/country/KAZ/,html
IMO,Kazakhstan,KAZ,2016,Temirlan Amangeldin,Bronze medal,169,20,https://www.imo-official.org/results/contestant/26025/,https://www.imo-official.org/results/individual/country/KAZ/,html
IMO,Kazakhstan,KAZ,2015,Akhan Ismailov,Gold medal,19,29,https://www.imo-official.org/results/contestant/25096/,https://www.imo-official.org/results/individual/country/KAZ/,html
IMO,Kazakhstan,KAZ,2015,Alen Abdrakhmanov,Bronze medal,160,17,https://www.imo-official.org/results/contestant/26024/,https://www.imo-official.org/results/individual/country/KAZ/,html
IMO,Kazakhstan,KAZ,2015,Alexandr Shakiyev,Bronze medal,217,15,https://www.imo-official.org/results/contestant/26022/,https://www.imo-official.org/results/individual/country/KAZ/,html
IMO,Kazakhstan,KAZ,2015,Daniyar Abesbek,Honourable mention,307,12,https://www.imo-official.org/results/contestant/25478/,https://www.imo-official.org/results/individual/country/KAZ/,html
IMO,Kazakhstan,KAZ,2015,Olzhas Kadyrakunov,Silver medal,118,19,https://www.imo-official.org/results/contestant/26021/,https://www.imo-official.org/results/individual/country/KAZ/,html
IMO,Kazakhstan,KAZ,2015,Temirlan Amangeldin,Honourable mention,283,13,https://www.imo-official.org/results/contestant/26025/,https://www.imo-official.org/results/individual/country/KAZ/,html
IMO,Kazakhstan,KAZ,2014,Akhan Ismailov,Gold medal,40,29,https://www.imo-official.org/results/contestant/25096/,https://www.imo-official.org/results/individual/country/KAZ/,html
IMO,Kazakhstan,KAZ,2014,Alisher Tortay,Bronze medal,163,21,https://www.imo-official.org/results/contestant/23507/,https://www.imo-official.org/results/individual/country/KAZ/,html
IMO,Kazakhstan,KAZ,2014,Daniyar Kamal,Bronze medal,163,21,https://www.imo-official.org/results/contestant/25012/,https://www.imo-official.org/results/individual/country/KAZ/,html
IMO,Kazakhstan,KAZ,2014,Kuandyk Altynkhanov,Bronze medal,267,16,https://www.imo-official.org/results/contestant/25100/,https://www.imo-official.org/results/individual/country/KAZ/,html
IMO,Kazakhstan,KAZ,2014,Sergazy Kalmurzayev,Silver medal,124,22,https://www.imo-official.org/results/contestant/21527/,https://www.imo-official.org/results/individual/country/KAZ/,html
IMO,Kazakhstan,KAZ,2014,Yerzhan Imanmalik,Bronze medal,200,20,https://www.imo-official.org/results/contestant/23506/,https://www.imo-official.org/results/individual/country/KAZ/,html
IMO,Kazakhstan,KAZ,2013,Alibek Sailanbayev,Silver medal,131,24,https://www.imo-official.org/results/contestant/21524/,https://www.imo-official.org/results/individual/country/KAZ/,html
IMO,Kazakhstan,KAZ,2013,Alisher Tortay,Bronze medal,180,20,https://www.imo-official.org/results/contestant/23507/,https://www.imo-official.org/results/individual/country/KAZ/,html
IMO,Kazakhstan,KAZ,2013,Batyrkhan Orynkul,Bronze medal,180,20,https://www.imo-official.org/results/contestant/23505/,https://www.imo-official.org/results/individual/country/KAZ/,html
IMO,Kazakhstan,KAZ,2013,Sergazy Kalmurzayev,Bronze medal,151,22,https://www.imo-official.org/results/contestant/21527/,https://www.imo-official.org/results/individual/country/KAZ/,html
IMO,Kazakhstan,KAZ,2013,Yerniyaz Nurgabylov,Bronze medal,151,22,https://www.imo-official.org/results/contestant/21497/,https://www.imo-official.org/results/individual/country/KAZ/,html
IMO,Kazakhstan,KAZ,2013,Yerzhan Imanmalik,Honourable mention,355,8,https://www.imo-official.org/results/contestant/23506/,https://www.imo-official.org/results/individual/country/KAZ/,html
IMO,Kazakhstan,KAZ,2012,Akezhan Amankeldi,Bronze medal,163,18,https://www.imo-official.org/results/contestant/21523/,https://www.imo-official.org/results/individual/country/KAZ/,html
IMO,Kazakhstan,KAZ,2012,Alibek Sailanbayev,Bronze medal,182,17,https://www.imo-official.org/results/contestant/21524/,https://www.imo-official.org/results/individual/country/KAZ/,html
IMO,Kazakhstan,KAZ,2012,Saken Dushayev,Bronze medal,204,16,https://www.imo-official.org/results/contestant/21522/,https://www.imo-official.org/results/individual/country/KAZ/,html
IMO,Kazakhstan,KAZ,2012,Sergazy Kalmurzayev,Bronze medal,151,19,https://www.imo-official.org/results/contestant/21527/,https://www.imo-official.org/results/individual/country/KAZ/,html
IMO,Kazakhstan,KAZ,2012,Temirlan Izmailov,Honourable mention,350,10,https://www.imo-official.org/results/contestant/21528/,https://www.imo-official.org/results/individual/country/KAZ/,html
IMO,Kazakhstan,KAZ,2012,Yerniyaz Nurgabylov,Silver medal,112,21,https://www.imo-official.org/results/contestant/21497/,https://www.imo-official.org/results/individual/country/KAZ/,html
IMO,Kazakhstan,KAZ,2011,Akezhan Amankeldi,Bronze medal,186,19,https://www.imo-official.org/results/contestant/20771/,https://www.imo-official.org/results/individual/country/KAZ/,html
IMO,Kazakhstan,KAZ,2011,Andrey Drobakh,Bronze medal,253,16,https://www.imo-official.org/results/contestant/20770/,https://www.imo-official.org/results/individual/country/KAZ/,html
IMO,Kazakhstan,KAZ,2011,Medet Zhanbulatuly,Silver medal,113,22,https://www.imo-official.org/results/contestant/19414/,https://www.imo-official.org/results/individual/country/KAZ/,html
IMO,Kazakhstan,KAZ,2011,Rauan Rakhmet,Bronze medal,145,21,https://www.imo-official.org/results/contestant/19457/,https://www.imo-official.org/results/individual/country/KAZ/,html
IMO,Kazakhstan,KAZ,2011,Saken Dushayev,Honourable mention,282,15,https://www.imo-official.org/results/contestant/20773/,https://www.imo-official.org/results/individual/country/KAZ/,html
IMO,Kazakhstan,KAZ,2011,Temirulan Mussayev,Honourable mention,320,12,https://www.imo-official.org/results/contestant/20772/,https://www.imo-official.org/results/individual/country/KAZ/,html
IMO,Kazakhstan,KAZ,2010,Azamat Duysenbaev,Honourable mention,266,14,https://www.imo-official.org/results/contestant/19385/,https://www.imo-official.org/results/individual/country/KAZ/,html
IMO,Kazakhstan,KAZ,2010,Denis Ovchinnikov,Gold medal,13,31,https://www.imo-official.org/results/contestant/19458/,https://www.imo-official.org/results/individual/country/KAZ/,html
IMO,Kazakhstan,KAZ,2010,Kanat Satylkhanov,Gold medal,27,28,https://www.imo-official.org/results/contestant/18587/,https://www.imo-official.org/results/individual/country/KAZ/,html
IMO,Kazakhstan,KAZ,2010,Medet Zhanbulatuly,Silver medal,106,21,https://www.imo-official.org/results/contestant/19414/,https://www.imo-official.org/results/individual/country/KAZ/,html
IMO,Kazakhstan,KAZ,2010,Nursultan Khadjimuratov,Gold medal,11,32,https://www.imo-official.org/results/contestant/17823/,https://www.imo-official.org/results/individual/country/KAZ/,html
IMO,Kazakhstan,KAZ,2010,Rauan Rakhmet,Silver medal,76,22,https://www.imo-official.org/results/contestant/19457/,https://www.imo-official.org/results/individual/country/KAZ/,html
IMO,Kazakhstan,KAZ,2009,Birzhan Muldagaliyev,Bronze medal,220,17,https://www.imo-official.org/results/contestant/18610/,https://www.imo-official.org/results/individual/country/KAZ/,html
IMO,Kazakhstan,KAZ,2009,Kanat Satylkhanov,Silver medal,83,28,https://www.imo-official.org/results/contestant/18587/,https://www.imo-official.org/results/individual/country/KAZ/,html
IMO,Kazakhstan,KAZ,2009,Nursultan Khadjimuratov,Silver medal,130,24,https://www.imo-official.org/results/contestant/17823/,https://www.imo-official.org/results/individual/country/KAZ/,html
IMO,Kazakhstan,KAZ,2009,Sanzhar Orazbayev,Bronze medal,208,18,https://www.imo-official.org/results/contestant/17824/,https://www.imo-official.org/results/individual/country/KAZ/,html
IMO,Kazakhstan,KAZ,2009,Tolebi Sailauov,Bronze medal,148,23,https://www.imo-official.org/results/contestant/18611/,https://www.imo-official.org/results/individual/country/KAZ/,html
IMO,Kazakhstan,KAZ,2009,Yegor Klochkov,Silver medal,110,26,https://www.imo-official.org/results/contestant/17820/,https://www.imo-official.org/results/individual/country/KAZ/,html
IMO,Kazakhstan,KAZ,2008,Asset Daliyev,Bronze medal,212,16,https://www.imo-official.org/results/contestant/15614/,https://www.imo-official.org/results/individual/country/KAZ/,html
IMO,Kazakhstan,KAZ,2008,Nursultan Khadjimuratov,Silver medal,116,23,https://www.imo-official.org/results/contestant/17823/,https://www.imo-official.org/results/individual/country/KAZ/,html
IMO,Kazakhstan,KAZ,2008,Sanzhar Orazbayev,Bronze medal,159,20,https://www.imo-official.org/results/contestant/17824/,https://www.imo-official.org/results/individual/country/KAZ/,html
IMO,Kazakhstan,KAZ,2008,Tussupbekov Yerkin,Silver medal,127,22,https://www.imo-official.org/results/contestant/17822/,https://www.imo-official.org/results/individual/country/KAZ/,html
IMO,Kazakhstan,KAZ,2008,Yegor Klochkov,Gold medal,35,32,https://www.imo-official.org/results/contestant/17820/,https://www.imo-official.org/results/individual/country/KAZ/,html
IMO,Kazakhstan,KAZ,2008,Yeskendir Kassenov,Bronze medal,238,15,https://www.imo-official.org/results/contestant/17825/,https://www.imo-official.org/results/individual/country/KAZ/,html
IMO,Kazakhstan,KAZ,2007,Adilzhan Ismailov,Honourable mention,293,11,https://www.imo-official.org/results/contestant/15618/,https://www.imo-official.org/results/individual/country/KAZ/,html
IMO,Kazakhstan,KAZ,2007,Alen Bayev,Bronze medal,145,18,https://www.imo-official.org/results/contestant/15615/,https://www.imo-official.org/results/individual/country/KAZ/,html
IMO,Kazakhstan,KAZ,2007,Arman Diyarov,Honourable mention,293,11,https://www.imo-official.org/results/contestant/15619/,https://www.imo-official.org/results/individual/country/KAZ/,html
IMO,Kazakhstan,KAZ,2007,Asset Daliyev,Bronze medal,145,18,https://www.imo-official.org/results/contestant/15614/,https://www.imo-official.org/results/individual/country/KAZ/,html
IMO,Kazakhstan,KAZ,2007,Asset Mussagaliyev,Bronze medal,171,16,https://www.imo-official.org/results/contestant/9040/,https://www.imo-official.org/results/individual/country/KAZ/,html
IMO,Kazakhstan,KAZ,2007,Igor Stassiy,Silver medal,110,21,https://www.imo-official.org/results/contestant/15617/,https://www.imo-official.org/results/individual/country/KAZ/,html
IMO,Kazakhstan,KAZ,2006,Aizana Turmukhametova,Honourable mention,308,12,https://www.imo-official.org/results/contestant/9132/,https://www.imo-official.org/results/individual/country/KAZ/,html
IMO,Kazakhstan,KAZ,2006,Andrey Kim,Bronze medal,150,17,https://www.imo-official.org/results/contestant/7857/,https://www.imo-official.org/results/individual/country/KAZ/,html
IMO,Kazakhstan,KAZ,2006,Asset Mussagaliyev,Bronze medal,189,15,https://www.imo-official.org/results/contestant/9040/,https://www.imo-official.org/results/individual/country/KAZ/,html
IMO,Kazakhstan,KAZ,2006,Daulet Zhanguzin,Bronze medal,150,17,https://www.imo-official.org/results/contestant/8972/,https://www.imo-official.org/results/individual/country/KAZ/,html
IMO,Kazakhstan,KAZ,2006,Merlan Nagidulin,Bronze medal,189,15,https://www.imo-official.org/results/contestant/9039/,https://www.imo-official.org/results/individual/country/KAZ/,html
IMO,Kazakhstan,KAZ,2006,Nurbol Duisenbayev,Silver medal,117,19,https://www.imo-official.org/results/contestant/8547/,https://www.imo-official.org/results/individual/country/KAZ/,html
IMO,Kazakhstan,KAZ,2005,Andrey Kim,Silver medal,57,30,https://www.imo-official.org/results/contestant/7857/,https://www.imo-official.org/results/individual/country/KAZ/,html
IMO,Kazakhstan,KAZ,2005,Asan Zholdassov,Honourable mention,296,8,https://www.imo-official.org/results/contestant/8614/,https://www.imo-official.org/results/individual/country/KAZ/,html
IMO,Kazakhstan,KAZ,2005,Daniyar Kelbetov,Silver medal,93,26,https://www.imo-official.org/results/contestant/7983/,https://www.imo-official.org/results/individual/country/KAZ/,html
IMO,Kazakhstan,KAZ,2005,Kairat Zhubayev,Bronze medal,144,19,https://www.imo-official.org/results/contestant/8458/,https://www.imo-official.org/results/individual/country/KAZ/,html
IMO,Kazakhstan,KAZ,2005,Nurbol Duisenbayev,Bronze medal,243,12,https://www.imo-official.org/results/contestant/8547/,https://www.imo-official.org/results/individual/country/KAZ/,html
IMO,Kazakhstan,KAZ,2005,Sossin Viktor,Bronze medal,175,17,https://www.imo-official.org/results/contestant/8489/,https://www.imo-official.org/results/individual/country/KAZ/,html
IMO,Kazakhstan,KAZ,2004,Andrey Kim,Gold medal,38,32,https://www.imo-official.org/results/contestant/7857/,https://www.imo-official.org/results/individual/country/KAZ/,html
IMO,Kazakhstan,KAZ,2004,Azamat Ukpegaziyev,,281,12,https://www.imo-official.org/results/contestant/8105/,https://www.imo-official.org/results/individual/country/KAZ/,html
IMO,Kazakhstan,KAZ,2004,Damir Yeliusizov,Bronze medal,124,23,https://www.imo-official.org/results/contestant/7951/,https://www.imo-official.org/results/individual/country/KAZ/,html
IMO,Kazakhstan,KAZ,2004,Daniyar Kelbetov,Bronze medal,159,21,https://www.imo-official.org/results/contestant/7983/,https://www.imo-official.org/results/individual/country/KAZ/,html
IMO,Kazakhstan,KAZ,2004,Kuat Yessenov,Gold medal,12,37,https://www.imo-official.org/results/contestant/6950/,https://www.imo-official.org/results/individual/country/KAZ/,html
IMO,Kazakhstan,KAZ,2004,Nurzhas Makishev,,366,7,https://www.imo-official.org/results/contestant/8190/,https://www.imo-official.org/results/individual/country/KAZ/,html
IMO,Kazakhstan,KAZ,2003,Anton Vassilyev,Honourable mention,211,12,https://www.imo-official.org/results/contestant/7586/,https://www.imo-official.org/results/individual/country/KAZ/,html
IMO,Kazakhstan,KAZ,2003,Baurzhan Bektemirov,Silver medal,50,25,https://www.imo-official.org/results/contestant/6432/,https://www.imo-official.org/results/individual/country/KAZ/,html
IMO,Kazakhstan,KAZ,2003,Baurzhan Urgunshbayev,Silver medal,69,22,https://www.imo-official.org/results/contestant/7089/,https://www.imo-official.org/results/individual/country/KAZ/,html
IMO,Kazakhstan,KAZ,2003,Dauren Auzhani,Bronze medal,163,15,https://www.imo-official.org/results/contestant/7530/,https://www.imo-official.org/results/individual/country/KAZ/,html
IMO,Kazakhstan,KAZ,2003,Kuat Yessenov,Gold medal,29,29,https://www.imo-official.org/results/contestant/6950/,https://www.imo-official.org/results/individual/country/KAZ/,html
IMO,Kazakhstan,KAZ,2003,Meiram Murzabulatov,Bronze medal,138,16,https://www.imo-official.org/results/contestant/7080/,https://www.imo-official.org/results/individual/country/KAZ/,html
IMO,Kazakhstan,KAZ,2002,Aman Zhumekeshov,Bronze medal,145,20,https://www.imo-official.org/results/contestant/6433/,https://www.imo-official.org/results/individual/country/KAZ/,html
IMO,Kazakhstan,KAZ,2002,Baurzhan Bektemirov,Silver medal,40,28,https://www.imo-official.org/results/contestant/6432/,https://www.imo-official.org/results/individual/country/KAZ/,html
IMO,Kazakhstan,KAZ,2002,Baurzhan Urgunshbayev,Bronze medal,201,15,https://www.imo-official.org/results/contestant/7089/,https://www.imo-official.org/results/individual/country/KAZ/,html
IMO,Kazakhstan,KAZ,2002,Igor Ganichev,Silver medal,40,28,https://www.imo-official.org/results/contestant/6042/,https://www.imo-official.org/results/individual/country/KAZ/,html
IMO,Kazakhstan,KAZ,2002,Kuat Yessenov,Silver medal,64,26,https://www.imo-official.org/results/contestant/6950/,https://www.imo-official.org/results/individual/country/KAZ/,html
IMO,Kazakhstan,KAZ,2002,Meiram Murzabulatov,Bronze medal,191,16,https://www.imo-official.org/results/contestant/7080/,https://www.imo-official.org/results/individual/country/KAZ/,html
IMO,Kazakhstan,KAZ,2001,Alibek Aldangarov,Gold medal,28,32,https://www.imo-official.org/results/contestant/5935/,https://www.imo-official.org/results/individual/country/KAZ/,html
IMO,Kazakhstan,KAZ,2001,Aman Zhumekeshov,Gold medal,21,33,https://www.imo-official.org/results/contestant/6433/,https://www.imo-official.org/results/individual/country/KAZ/,html
IMO,Kazakhstan,KAZ,2001,Baurzhan Bektemirov,Gold medal,21,33,https://www.imo-official.org/results/contestant/6432/,https://www.imo-official.org/results/individual/country/KAZ/,html
IMO,Kazakhstan,KAZ,2001,Igor Ganichev,Gold medal,33,31,https://www.imo-official.org/results/contestant/6042/,https://www.imo-official.org/results/individual/country/KAZ/,html
IMO,Kazakhstan,KAZ,2001,Sergey Umentayev,Silver medal,40,29,https://www.imo-official.org/results/contestant/6450/,https://www.imo-official.org/results/individual/country/KAZ/,html
IMO,Kazakhstan,KAZ,2001,Ulan Usserkulov,Honourable mention,243,10,https://www.imo-official.org/results/contestant/6659/,https://www.imo-official.org/results/individual/country/KAZ/,html
IMO,Kazakhstan,KAZ,2000,Alibek Aldangarov,Honourable mention,287,8,https://www.imo-official.org/results/contestant/5935/,https://www.imo-official.org/results/individual/country/KAZ/,html
IMO,Kazakhstan,KAZ,2000,Anuar Kaumbayev,Bronze medal,176,14,https://www.imo-official.org/results/contestant/6134/,https://www.imo-official.org/results/individual/country/KAZ/,html
IMO,Kazakhstan,KAZ,2000,Igor Ganichev,Silver medal,89,22,https://www.imo-official.org/results/contestant/6042/,https://www.imo-official.org/results/individual/country/KAZ/,html
IMO,Kazakhstan,KAZ,2000,Rustem Takhanov,Bronze medal,176,14,https://www.imo-official.org/results/contestant/6133/,https://www.imo-official.org/results/individual/country/KAZ/,html
IMO,Kazakhstan,KAZ,2000,Ulan Mukashev,Bronze medal,138,17,https://www.imo-official.org/results/contestant/5752/,https://www.imo-official.org/results/individual/country/KAZ/,html
IMO,Kazakhstan,KAZ,2000,Zhandos Yessenbayev,Bronze medal,149,16,https://www.imo-official.org/results/contestant/5683/,https://www.imo-official.org/results/individual/country/KAZ/,html
IMO,Kazakhstan,KAZ,1999,Alexey Doktorovich,Bronze medal,109,18,https://www.imo-official.org/results/contestant/5610/,https://www.imo-official.org/results/individual/country/KAZ/,html
IMO,Kazakhstan,KAZ,1999,Alibek Aldangarov,,435,2,https://www.imo-official.org/results/contestant/5935/,https://www.imo-official.org/results/individual/country/KAZ/,html
IMO,Kazakhstan,KAZ,1999,Rustam Timirbekov,Bronze medal,138,15,https://www.imo-official.org/results/contestant/5338/,https://www.imo-official.org/results/individual/country/KAZ/,html
IMO,Kazakhstan,KAZ,1999,Shirali Kadyrov,Bronze medal,159,14,https://www.imo-official.org/results/contestant/5666/,https://www.imo-official.org/results/individual/country/KAZ/,html
IMO,Kazakhstan,KAZ,1999,Ulan Mukashev,Honourable mention,248,10,https://www.imo-official.org/results/contestant/5752/,https://www.imo-official.org/results/individual/country/KAZ/,html
IMO,Kazakhstan,KAZ,1999,Zhandos Yessenbayev,Bronze medal,178,13,https://www.imo-official.org/results/contestant/5683/,https://www.imo-official.org/results/individual/country/KAZ/,html
IMO,Kazakhstan,KAZ,1998,Almas Sakhavyev,Honourable mention,206,13,https://www.imo-official.org/results/contestant/5288/,https://www.imo-official.org/results/individual/country/KAZ/,html
IMO,Kazakhstan,KAZ,1998,Kirill Panov,,296,6,https://www.imo-official.org/results/contestant/5374/,https://www.imo-official.org/results/individual/country/KAZ/,html
IMO,Kazakhstan,KAZ,1998,Mikhail Shakhmatov,Bronze medal,104,23,https://www.imo-official.org/results/contestant/4800/,https://www.imo-official.org/results/individual/country/KAZ/,html
IMO,Kazakhstan,KAZ,1998,Renat Bekbolatov,Bronze medal,145,19,https://www.imo-official.org/results/contestant/4858/,https://www.imo-official.org/results/individual/country/KAZ/,html
IMO,Kazakhstan,KAZ,1998,Rustam Timirbekov,Honourable mention,253,9,https://www.imo-official.org/results/contestant/5338/,https://www.imo-official.org/results/individual/country/KAZ/,html
IMO,Kazakhstan,KAZ,1998,Talap Akashev,Honourable mention,226,11,https://www.imo-official.org/results/contestant/4896/,https://www.imo-official.org/results/individual/country/KAZ/,html
IMO,Kazakhstan,KAZ,1997,Iskander Karibzhanov,Honourable mention,299,9,https://www.imo-official.org/results/contestant/4924/,https://www.imo-official.org/results/individual/country/KAZ/,html
IMO,Kazakhstan,KAZ,1997,Mikhail Shakhmatov,Bronze medal,177,18,https://www.imo-official.org/results/contestant/4800/,https://www.imo-official.org/results/individual/country/KAZ/,html
IMO,Kazakhstan,KAZ,1997,Renat Bekbolatov,Honourable mention,232,14,https://www.imo-official.org/results/contestant/4858/,https://www.imo-official.org/results/individual/country/KAZ/,html
IMO,Kazakhstan,KAZ,1997,Talap Akashev,Honourable mention,272,11,https://www.imo-official.org/results/contestant/4896/,https://www.imo-official.org/results/individual/country/KAZ/,html
IMO,Kazakhstan,KAZ,1997,Vitaliy Tsvayer,,340,7,https://www.imo-official.org/results/contestant/4962/,https://www.imo-official.org/results/individual/country/KAZ/,html
IMO,Kazakhstan,KAZ,1997,Yerlan Jumabayev,Honourable mention,232,14,https://www.imo-official.org/results/contestant/4857/,https://www.imo-official.org/results/individual/country/KAZ/,html
IMO,Kazakhstan,KAZ,1996,Alexander Zaitsev,,353,3,https://www.imo-official.org/results/contestant/4547/,https://www.imo-official.org/results/individual/country/KAZ/,html
IMO,Kazakhstan,KAZ,1996,Arnur Toktabayev,,353,3,https://www.imo-official.org/results/contestant/4548/,https://www.imo-official.org/results/individual/country/KAZ/,html
IMO,Kazakhstan,KAZ,1996,Dimitry Dzyabayev,,392,1,https://www.imo-official.org/results/contestant/4590/,https://www.imo-official.org/results/individual/country/KAZ/,html
IMO,Kazakhstan,KAZ,1996,Erke Nurkenov,,372,2,https://www.imo-official.org/results/contestant/4573/,https://www.imo-official.org/results/individual/country/KAZ/,html
IMO,Kazakhstan,KAZ,1996,Nurzhan Kajikabarov,,325,4,https://www.imo-official.org/results/contestant/4524/,https://www.imo-official.org/results/individual/country/KAZ/,html
IMO,Kazakhstan,KAZ,1996,Renat Bekbolatov,,248,7,https://www.imo-official.org/results/contestant/4858/,https://www.imo-official.org/results/individual/country/KAZ/,html
IMO,Kazakhstan,KAZ,1995,Almaz Kungozhin,Honourable mention,263,13,https://www.imo-official.org/results/contestant/4050/,https://www.imo-official.org/results/individual/country/KAZ/,html
IMO,Kazakhstan,KAZ,1995,Dauren Karabaev,,370,3,https://www.imo-official.org/results/contestant/4152/,https://www.imo-official.org/results/individual/country/KAZ/,html
IMO,Kazakhstan,KAZ,1995,Eldos Samalov,,370,3,https://www.imo-official.org/results/contestant/4151/,https://www.imo-official.org/results/individual/country/KAZ/,html
IMO,Kazakhstan,KAZ,1995,Mikhail Okhin,Honourable mention,263,13,https://www.imo-official.org/results/contestant/4051/,https://www.imo-official.org/results/individual/country/KAZ/,html
IMO,Kazakhstan,KAZ,1995,Nurgali Arystanov,Honourable mention,230,15,https://www.imo-official.org/results/contestant/4012/,https://www.imo-official.org/results/individual/country/KAZ/,html
IMO,Kazakhstan,KAZ,1995,Zhaidarzhan Zataev,,329,7,https://www.imo-official.org/results/contestant/4109/,https://www.imo-official.org/results/individual/country/KAZ/,html
IMO,Kazakhstan,KAZ,1993,Aibatyr Zhumagulov,Bronze medal,151,14,https://www.imo-official.org/results/contestant/3302/,https://www.imo-official.org/results/individual/country/KAZ/,html
IMO,Kazakhstan,KAZ,1993,Alexander Averjanov,Silver medal,83,21,https://www.imo-official.org/results/contestant/3452/,https://www.imo-official.org/results/individual/country/KAZ/,html
IMO,Kazakhstan,KAZ,1993,Daulet Turetaev,,339,3,https://www.imo-official.org/results/contestant/3714/,https://www.imo-official.org/results/individual/country/KAZ/,html
IMO,Kazakhstan,KAZ,1993,Gani Nazirov,Bronze medal,111,18,https://www.imo-official.org/results/contestant/3154/,https://www.imo-official.org/results/individual/country/KAZ/,html
IMO,Kazakhstan,KAZ,1993,Roman Kriven,,284,5,https://www.imo-official.org/results/contestant/3658/,https://www.imo-official.org/results/individual/country/KAZ/,html
IMO,Kazakhstan,KAZ,1993,Zharas Bajdelʻdinov,Bronze medal,102,19,https://www.imo-official.org/results/contestant/3471/,https://www.imo-official.org/results/individual/country/KAZ/,html
IMO,Kazakhstan,KAZ,1992,Aibatyr Zhumagulov,,263,6,https://www.imo-official.org/results/contestant/3302/,https://www.imo-official.org/results/individual/country/KAZ/,html
IMO,Kazakhstan,KAZ,1992,Almas Rymov,Bronze medal,142,15,https://www.imo-official.org/results/contestant/3171/,https://www.imo-official.org/results/individual/country/KAZ/,html
IMO,Kazakhstan,KAZ,1992,Azamat Sarsembaev,Bronze medal,130,16,https://www.imo-official.org/results/contestant/3155/,https://www.imo-official.org/results/individual/country/KAZ/,html
IMO,Kazakhstan,KAZ,1992,Gani Nazirov,Bronze medal,130,16,https://www.imo-official.org/results/contestant/3154/,https://www.imo-official.org/results/individual/country/KAZ/,html
IMO,Kazakhstan,KAZ,1992,Yevgeni Poroshenko,Honourable mention,186,12,https://www.imo-official.org/results/contestant/3210/,https://www.imo-official.org/results/individual/country/KAZ/,html
IMO,Kazakhstan,KAZ,1992,Yevgeni Yakovlev,Bronze medal,142,15,https://www.imo-official.org/results/contestant/3170/,https://www.imo-official.org/results/individual/country/KAZ/,html
IOI,Kazakhstan,KAZ,2026,Akezhan Askar,Silver,73/386,320.55,,https://stats.ioinformatics.org/results/KAZ,scoreboard
IOI,Kazakhstan,KAZ,2026,Aldiyar Seitbay,Silver,48/386,343.79,,https://stats.ioinformatics.org/results/KAZ,scoreboard
IOI,Kazakhstan,KAZ,2026,Mansur Mamadakhunov,Silver,54/386,339.91,,https://stats.ioinformatics.org/results/KAZ,scoreboard
IOI,Kazakhstan,KAZ,2026,Maxim Tsoy,Gold,5/386,452.33,,https://stats.ioinformatics.org/results/KAZ,scoreboard
IOI,Kazakhstan,KAZ,2025,Akezhan Askar,Silver,72/330,352.49,https://stats.ioinformatics.org/people/8684,https://stats.ioinformatics.org/results/KAZ,html
IOI,Kazakhstan,KAZ,2025,Dauzhan Beketov,Bronze,84/330,336.95,https://stats.ioinformatics.org/people/8685,https://stats.ioinformatics.org/results/KAZ,html
IOI,Kazakhstan,KAZ,2025,Mansur Mamadakhunov,Silver,67/330,360.79,https://stats.ioinformatics.org/people/8082,https://stats.ioinformatics.org/results/KAZ,html
IOI,Kazakhstan,KAZ,2025,Maxim Tsoy,Silver,29/330,436.72,https://stats.ioinformatics.org/people/8348,https://stats.ioinformatics.org/results/KAZ,html
IOI,Kazakhstan,KAZ,2024,Akhmet Issa,Bronze,148/353,240.47,https://stats.ioinformatics.org/people/8346,https://stats.ioinformatics.org/results/KAZ,html
IOI,Kazakhstan,KAZ,2024,Mansur Taimas,Silver,73/353,307.19,https://stats.ioinformatics.org/people/8347,https://stats.ioinformatics.org/results/KAZ,html
IOI,Kazakhstan,KAZ,2024,Maxim Tsoy,Silver,57/353,322.89,https://stats.ioinformatics.org/people/8348,https://stats.ioinformatics.org/results/KAZ,html
IOI,Kazakhstan,KAZ,2024,Nazar Serazitdinov,Silver,86/353,289.81,https://stats.ioinformatics.org/people/8083,https://stats.ioinformatics.org/results/KAZ,html
IOI,Kazakhstan,KAZ,2023,Mansur Mamadakhunov,Honourable Mention,184/350,148.0,https://stats.ioinformatics.org/people/8082,https://stats.ioinformatics.org/results/KAZ,html
IOI,Kazakhstan,KAZ,2023,Nazar Serazitdinov,Bronze,175/350,153.0,https://stats.ioinformatics.org/people/8083,https://stats.ioinformatics.org/results/KAZ,html
IOI,Kazakhstan,KAZ,2023,Taimas Korganbayev,Silver,70/350,247.0,https://stats.ioinformatics.org/people/7809,https://stats.ioinformatics.org/results/KAZ,html
IOI,Kazakhstan,KAZ,2023,Van Li,Honourable Mention,199/350,141.0,https://stats.ioinformatics.org/people/7810,https://stats.ioinformatics.org/results/KAZ,html
IOI,Kazakhstan,KAZ,2022,Mukhammadarif Sakhmoldin,Silver,87/349,257.94,https://stats.ioinformatics.org/people/7499,https://stats.ioinformatics.org/results/KAZ,html
IOI,Kazakhstan,KAZ,2022,Taimas Korganbayev,Bronze,100/349,239.00,https://stats.ioinformatics.org/people/7809,https://stats.ioinformatics.org/results/KAZ,html
IOI,Kazakhstan,KAZ,2022,Van Li,Bronze,165/349,160.90,https://stats.ioinformatics.org/people/7810,https://stats.ioinformatics.org/results/KAZ,html
IOI,Kazakhstan,KAZ,2022,Zhambyl Maksotov,Silver,78/349,278.00,https://stats.ioinformatics.org/people/7160,https://stats.ioinformatics.org/results/KAZ,html
IOI,Kazakhstan,KAZ,2021,Altair Ashurov,Bronze,114/351,252,https://stats.ioinformatics.org/people/7497,https://stats.ioinformatics.org/results/KAZ,html
IOI,Kazakhstan,KAZ,2021,Mansur Mukimbekov,Bronze,112/351,254,https://stats.ioinformatics.org/people/7498,https://stats.ioinformatics.org/results/KAZ,html
IOI,Kazakhstan,KAZ,2021,Mukhammadarif Sakhmoldin,Bronze,140/351,225,https://stats.ioinformatics.org/people/7499,https://stats.ioinformatics.org/results/KAZ,html
IOI,Kazakhstan,KAZ,2021,Zhambyl Maksotov,Bronze,102/351,268,https://stats.ioinformatics.org/people/7160,https://stats.ioinformatics.org/results/KAZ,html
IOI,Kazakhstan,KAZ,2020,Parassat Kyzyrkanov,,194/343,210.46,https://stats.ioinformatics.org/people/7158,https://stats.ioinformatics.org/results/KAZ,html
IOI,Kazakhstan,KAZ,2020,Temirlan Baibolov,Silver,53/343,403.62,https://stats.ioinformatics.org/people/6856,https://stats.ioinformatics.org/results/KAZ,html
IOI,Kazakhstan,KAZ,2020,Timur Ratnikov,,187/343,219.93,https://stats.ioinformatics.org/people/7159,https://stats.ioinformatics.org/results/KAZ,html
IOI,Kazakhstan,KAZ,2020,Zhambyl Maksotov,,176/343,230.32,https://stats.ioinformatics.org/people/7160,https://stats.ioinformatics.org/results/KAZ,html
IOI,Kazakhstan,KAZ,2019,Batyr Sardarbekov,Gold,23/327,422.81,https://stats.ioinformatics.org/people/6855,https://stats.ioinformatics.org/results/KAZ,html
IOI,Kazakhstan,KAZ,2019,Daniyar Zakarin,Silver,64/327,351.24,https://stats.ioinformatics.org/people/6567,https://stats.ioinformatics.org/results/KAZ,html
IOI,Kazakhstan,KAZ,2019,Temirlan Baibolov,Bronze,104/327,301.37,https://stats.ioinformatics.org/people/6856,https://stats.ioinformatics.org/results/KAZ,html
IOI,Kazakhstan,KAZ,2019,Zhan Kurbanbayev,Bronze,152/327,262.67,https://stats.ioinformatics.org/people/6857,https://stats.ioinformatics.org/results/KAZ,html
IOI,Kazakhstan,KAZ,2018,Daniyar Zakarin,Silver,51/335,303,https://stats.ioinformatics.org/people/6567,https://stats.ioinformatics.org/results/KAZ,html
IOI,Kazakhstan,KAZ,2018,Nurbakyt Madibek,Bronze,93/335,262,https://stats.ioinformatics.org/people/5942,https://stats.ioinformatics.org/results/KAZ,html
IOI,Kazakhstan,KAZ,2018,Nurlykhan Kairly,Bronze,166/335,189,https://stats.ioinformatics.org/people/6268,https://stats.ioinformatics.org/results/KAZ,html
IOI,Kazakhstan,KAZ,2018,Sanzhar Bidaibek,Bronze,157/335,203,https://stats.ioinformatics.org/people/5941,https://stats.ioinformatics.org/results/KAZ,html
IOI,Kazakhstan,KAZ,2017,Askhat Zhalgasov,Bronze,108/304,201.32,https://stats.ioinformatics.org/people/6269,https://stats.ioinformatics.org/results/KAZ,html
IOI,Kazakhstan,KAZ,2017,Nurbakyt Madibek,Silver,58/304,278.04,https://stats.ioinformatics.org/people/5942,https://stats.ioinformatics.org/results/KAZ,html
IOI,Kazakhstan,KAZ,2017,Nurlykhan Kairly,Bronze,134/304,162.00,https://stats.ioinformatics.org/people/6268,https://stats.ioinformatics.org/results/KAZ,html
IOI,Kazakhstan,KAZ,2017,Sanzhar Bidaibek,Bronze,94/304,227.55,https://stats.ioinformatics.org/people/5941,https://stats.ioinformatics.org/results/KAZ,html
IOI,Kazakhstan,KAZ,2016,Nazarbek Altybay,Silver,74/308,328,https://stats.ioinformatics.org/people/5638,https://stats.ioinformatics.org/results/KAZ,html
IOI,Kazakhstan,KAZ,2016,Nurbakyt Madibek,Silver,29/308,411,https://stats.ioinformatics.org/people/5942,https://stats.ioinformatics.org/results/KAZ,html
IOI,Kazakhstan,KAZ,2016,Sanzhar Bidaibek,Silver,55/308,353,https://stats.ioinformatics.org/people/5941,https://stats.ioinformatics.org/results/KAZ,html
IOI,Kazakhstan,KAZ,2016,Shaikhitdin Nezametdinov,Bronze,118/308,272,https://stats.ioinformatics.org/people/5943,https://stats.ioinformatics.org/results/KAZ,html
IOI,Kazakhstan,KAZ,2015,Bekzhan Bekbolatuly,Silver,33/322,415.55,https://stats.ioinformatics.org/people/5639,https://stats.ioinformatics.org/results/KAZ,html
IOI,Kazakhstan,KAZ,2015,Daniyar Maminov,Bronze,83/322,323.55,https://stats.ioinformatics.org/people/5126,https://stats.ioinformatics.org/results/KAZ,html
IOI,Kazakhstan,KAZ,2015,Meirambek Omyrzak,Silver,35/322,414.90,https://stats.ioinformatics.org/people/3114,https://stats.ioinformatics.org/results/KAZ,html
IOI,Kazakhstan,KAZ,2015,Nazarbek Altybay,Silver,41/322,402.55,https://stats.ioinformatics.org/people/5638,https://stats.ioinformatics.org/results/KAZ,html
IOI,Kazakhstan,KAZ,2014,Daniyar Maminov,Bronze,90/311,319,https://stats.ioinformatics.org/people/5126,https://stats.ioinformatics.org/results/KAZ,html
IOI,Kazakhstan,KAZ,2014,Miras Myrzakerey,Silver,66/311,364,https://stats.ioinformatics.org/people/5125,https://stats.ioinformatics.org/results/KAZ,html
IOI,Kazakhstan,KAZ,2014,Nurlan Zhussipov,,162/311,210,https://stats.ioinformatics.org/people/3116,https://stats.ioinformatics.org/results/KAZ,html
IOI,Kazakhstan,KAZ,2014,Ulugbek Adilbekov,Silver,82/311,323,https://stats.ioinformatics.org/people/5127,https://stats.ioinformatics.org/results/KAZ,html
IOI,Kazakhstan,KAZ,2013,Aman Sariyev,,165/299,200,https://stats.ioinformatics.org/people/2716,https://stats.ioinformatics.org/results/KAZ,html
IOI,Kazakhstan,KAZ,2013,Meirambek Omyrzak,,190/299,155,https://stats.ioinformatics.org/people/3114,https://stats.ioinformatics.org/results/KAZ,html
IOI,Kazakhstan,KAZ,2013,Nurlan Zhussipov,Bronze,120/299,270,https://stats.ioinformatics.org/people/3116,https://stats.ioinformatics.org/results/KAZ,html
IOI,Kazakhstan,KAZ,2013,Zhanadil Nurtoleuov,,164/299,201,https://stats.ioinformatics.org/people/3115,https://stats.ioinformatics.org/results/KAZ,html
IOI,Kazakhstan,KAZ,2012,Aman Sariyev,Silver,69/310,247,https://stats.ioinformatics.org/people/2716,https://stats.ioinformatics.org/results/KAZ,html
IOI,Kazakhstan,KAZ,2012,Dauren Muratov,,225/310,83,https://stats.ioinformatics.org/people/2821,https://stats.ioinformatics.org/results/KAZ,html
IOI,Kazakhstan,KAZ,2012,Madi Khamitbekov,Silver,74/310,243,https://stats.ioinformatics.org/people/1389,https://stats.ioinformatics.org/results/KAZ,html
IOI,Kazakhstan,KAZ,2012,Vyacheslav Kim,Silver,41/310,306,https://stats.ioinformatics.org/people/2474,https://stats.ioinformatics.org/results/KAZ,html
IOI,Kazakhstan,KAZ,2011,Ali Dautalinov,Bronze,79/303,367,https://stats.ioinformatics.org/people/134,https://stats.ioinformatics.org/results/KAZ,html
IOI,Kazakhstan,KAZ,2011,Ali-Amir Aldan,Silver,55/303,408,https://stats.ioinformatics.org/people/147,https://stats.ioinformatics.org/results/KAZ,html
IOI,Kazakhstan,KAZ,2011,Madi Khamitbekov,Bronze,108/303,334,https://stats.ioinformatics.org/people/1389,https://stats.ioinformatics.org/results/KAZ,html
IOI,Kazakhstan,KAZ,2011,Vyacheslav Kim,Bronze,117/303,316,https://stats.ioinformatics.org/people/2474,https://stats.ioinformatics.org/results/KAZ,html
IOI,Kazakhstan,KAZ,2010,Ali Dautalinov,Bronze,149/297,538,https://stats.ioinformatics.org/people/134,https://stats.ioinformatics.org/results/KAZ,html
IOI,Kazakhstan,KAZ,2010,Ali-Amir Aldan,Bronze,123/297,567,https://stats.ioinformatics.org/people/147,https://stats.ioinformatics.org/results/KAZ,html
IOI,Kazakhstan,KAZ,2010,Azizkhan Almakhan,,191/297,458,https://stats.ioinformatics.org/people/309,https://stats.ioinformatics.org/results/KAZ,html
IOI,Kazakhstan,KAZ,2010,Madiyar Aitbayev,Bronze,147/297,541,https://stats.ioinformatics.org/people/1390,https://stats.ioinformatics.org/results/KAZ,html
IOI,Kazakhstan,KAZ,2009,Ali Dautalinov,,,,https://stats.ioinformatics.org/people/134,https://stats.ioinformatics.org/results/KAZ,html
IOI,Kazakhstan,KAZ,2009,Amir Tulegenov,Bronze,138/301,406,https://stats.ioinformatics.org/people/161,https://stats.ioinformatics.org/results/KAZ,html
IOI,Kazakhstan,KAZ,2009,Darkhan Akzholov,,,,https://stats.ioinformatics.org/people/2935,https://stats.ioinformatics.org/results/KAZ,html
IOI,Kazakhstan,KAZ,2009,Madiyar Aitbayev,Bronze,117/301,429,https://stats.ioinformatics.org/people/1390,https://stats.ioinformatics.org/results/KAZ,html
IOI,Kazakhstan,KAZ,2008,Arman Yesenamanov,,,,https://stats.ioinformatics.org/people/2936,https://stats.ioinformatics.org/results/KAZ,html
IOI,Kazakhstan,KAZ,2008,Bakhytzhan Baizhikenov,Silver,56/283,251,https://stats.ioinformatics.org/people/311,https://stats.ioinformatics.org/results/KAZ,html
IOI,Kazakhstan,KAZ,2008,Yernaz Satybaldiyev,,,,https://stats.ioinformatics.org/people/4645,https://stats.ioinformatics.org/results/KAZ,html
IOI,Kazakhstan,KAZ,2008,Zhomart Sadykov,Silver,29/283,303,https://stats.ioinformatics.org/people/2621,https://stats.ioinformatics.org/results/KAZ,html
IOI,Kazakhstan,KAZ,2007,Bakhytzhan Baizhikenov,Gold,17/285,415,https://stats.ioinformatics.org/people/311,https://stats.ioinformatics.org/results/KAZ,html
IOI,Kazakhstan,KAZ,2007,Timur Abishev,Silver,32/285,362,https://stats.ioinformatics.org/people/2304,https://stats.ioinformatics.org/results/KAZ,html
IOI,Kazakhstan,KAZ,2007,Viktor Passichenko,Bronze,103/285,246,https://stats.ioinformatics.org/people/2430,https://stats.ioinformatics.org/results/KAZ,html
IOI,Kazakhstan,KAZ,2007,Zhomart Sadykov,Gold,15/285,420,https://stats.ioinformatics.org/people/2621,https://stats.ioinformatics.org/results/KAZ,html
IOI,Kazakhstan,KAZ,2006,Bakhytzhan Baizhikenov,Bronze,123/282,242,https://stats.ioinformatics.org/people/311,https://stats.ioinformatics.org/results/KAZ,html
IOI,Kazakhstan,KAZ,2006,Timur Abishev,Bronze,84/282,300,https://stats.ioinformatics.org/people/2304,https://stats.ioinformatics.org/results/KAZ,html
IOI,Kazakhstan,KAZ,2006,Yerlan Bissenov,Silver,27/282,378,https://stats.ioinformatics.org/people/2555,https://stats.ioinformatics.org/results/KAZ,html
IOI,Kazakhstan,KAZ,2006,Zhomart Sadykov,Bronze,88/282,293,https://stats.ioinformatics.org/people/2621,https://stats.ioinformatics.org/results/KAZ,html
IOI,Kazakhstan,KAZ,2005,Bakhytzhan Baizhikenov,Bronze,113/276,315,https://stats.ioinformatics.org/people/311,https://stats.ioinformatics.org/results/KAZ,html
IOI,Kazakhstan,KAZ,2005,Ruslan Kudubayev,,,,https://stats.ioinformatics.org/people/4447,https://stats.ioinformatics.org/results/KAZ,html
IOI,Kazakhstan,KAZ,2005,Timur Abishev,Bronze,97/276,338,https://stats.ioinformatics.org/people/2304,https://stats.ioinformatics.org/results/KAZ,html
IOI,Kazakhstan,KAZ,2005,Yerlan Bissenov,Bronze,88/276,359,https://stats.ioinformatics.org/people/2555,https://stats.ioinformatics.org/results/KAZ,html
IOI,Kazakhstan,KAZ,2004,Almaz Rakhmetov,,,,https://stats.ioinformatics.org/people/150,https://stats.ioinformatics.org/results/KAZ,html
IOI,Kazakhstan,KAZ,2004,Salamat Nuraliyev,Bronze,134/291,275,https://stats.ioinformatics.org/people/2038,https://stats.ioinformatics.org/results/KAZ,html
IOI,Kazakhstan,KAZ,2004,Syrymbet Iskakov,Bronze,76/291,360,https://stats.ioinformatics.org/people/2227,https://stats.ioinformatics.org/results/KAZ,html
IOI,Kazakhstan,KAZ,2004,Zhanibek Datbayev,Silver,33/291,425,https://stats.ioinformatics.org/people/2616,https://stats.ioinformatics.org/results/KAZ,html
IOI,Kazakhstan,KAZ,2003,Andrey Bogdanchikov,,,,https://stats.ioinformatics.org/people/4087,https://stats.ioinformatics.org/results/KAZ,html
IOI,Kazakhstan,KAZ,2003,Anton Nikolayev,Bronze,128/265,174.3,https://stats.ioinformatics.org/people/245,https://stats.ioinformatics.org/results/KAZ,html
IOI,Kazakhstan,KAZ,2003,Sultan Dalipov,,,,https://stats.ioinformatics.org/people/4086,https://stats.ioinformatics.org/results/KAZ,html
IOI,Kazakhstan,KAZ,2003,Zhanibek Datbayev,,,,https://stats.ioinformatics.org/people/2616,https://stats.ioinformatics.org/results/KAZ,html
IOI,Kazakhstan,KAZ,2002,Anton Nikolayev,,,,https://stats.ioinformatics.org/people/245,https://stats.ioinformatics.org/results/KAZ,html
IOI,Kazakhstan,KAZ,2002,Khairosh Yerzhan,,,,https://stats.ioinformatics.org/people/4046,https://stats.ioinformatics.org/results/KAZ,html
IOI,Kazakhstan,KAZ,2002,Nurzhan Bakibayev,,,,https://stats.ioinformatics.org/people/1717,https://stats.ioinformatics.org/results/KAZ,html
IOI,Kazakhstan,KAZ,2002,Zhanibek Datbayev,,,,https://stats.ioinformatics.org/people/2616,https://stats.ioinformatics.org/results/KAZ,html
IOI,Kazakhstan,KAZ,2001,Askarbek Zadauly,,,,https://stats.ioinformatics.org/people/4958,https://stats.ioinformatics.org/results/KAZ,html
IOI,Kazakhstan,KAZ,2001,Denis Ivanov,,,,https://stats.ioinformatics.org/people/4957,https://stats.ioinformatics.org/results/KAZ,html
IOI,Kazakhstan,KAZ,2001,Nurzhan Bakibayev,Bronze,94/272,217,https://stats.ioinformatics.org/people/1717,https://stats.ioinformatics.org/results/KAZ,html
IOI,Kazakhstan,KAZ,2001,Semen Shkilevich,Bronze,106/272,188,https://stats.ioinformatics.org/people/2074,https://stats.ioinformatics.org/results/KAZ,html
IOI,Kazakhstan,KAZ,2000,Arman Prashev,,,,https://stats.ioinformatics.org/people/271,https://stats.ioinformatics.org/results/KAZ,html
IOI,Kazakhstan,KAZ,2000,Danil Kravtsov,,,,https://stats.ioinformatics.org/people/4829,https://stats.ioinformatics.org/results/KAZ,html
IOI,Kazakhstan,KAZ,2000,Nurzhan Bakibayev,,,,https://stats.ioinformatics.org/people/1717,https://stats.ioinformatics.org/results/KAZ,html
IOI,Kazakhstan,KAZ,2000,Semen Shkilevich,,,,https://stats.ioinformatics.org/people/2074,https://stats.ioinformatics.org/results/KAZ,html
IOI,Kazakhstan,KAZ,1999,Arman Prashev,Bronze,115/253,157,https://stats.ioinformatics.org/people/271,https://stats.ioinformatics.org/results/KAZ,html
IOI,Kazakhstan,KAZ,1999,Danil Kravtsov,,,,https://stats.ioinformatics.org/people/4829,https://stats.ioinformatics.org/results/KAZ,html
IOI,Kazakhstan,KAZ,1999,Dmitriy Gorbachev,,,,https://stats.ioinformatics.org/people/5480,https://stats.ioinformatics.org/results/KAZ,html
IOI,Kazakhstan,KAZ,1999,Yerkebulan Tulibergenov,,,,https://stats.ioinformatics.org/people/5481,https://stats.ioinformatics.org/results/KAZ,html
IOI,Kazakhstan,KAZ,1998,Arman Prashev,,222/241,0,https://stats.ioinformatics.org/people/271,https://stats.ioinformatics.org/results/KAZ,html
IOI,Kazakhstan,KAZ,1998,Beket Zhapbasbay,,169/241,140,https://stats.ioinformatics.org/people/331,https://stats.ioinformatics.org/results/KAZ,html
IOI,Kazakhstan,KAZ,1998,Maxat Aipanov,,217/241,20,https://stats.ioinformatics.org/people/1516,https://stats.ioinformatics.org/results/KAZ,html
IOI,Kazakhstan,KAZ,1998,Renat Shaimardanov,,187/241,90,https://stats.ioinformatics.org/people/1953,https://stats.ioinformatics.org/results/KAZ,html
IPhO,Kazakhstan,KAZ,2026,Amirbek Azatbekov,Gold Medal,≥2,,,https://ipho-unofficial.org/countries/KAZ/individual,html
IPhO,Kazakhstan,KAZ,2026,Damir Kurman,Gold Medal,≥2,,,https://ipho-unofficial.org/countries/KAZ/individual,html
IPhO,Kazakhstan,KAZ,2026,Iliyas Kazymbek,Gold Medal,≥2,,,https://ipho-unofficial.org/countries/KAZ/individual,html
IPhO,Kazakhstan,KAZ,2026,Nurgul Yegenbergenova,Gold Medal,≥2,,,https://ipho-unofficial.org/countries/KAZ/individual,html
IPhO,Kazakhstan,KAZ,2026,Roman Cheremnov,Gold Medal,≥2,,,https://ipho-unofficial.org/countries/KAZ/individual,html
IPhO,Kazakhstan,KAZ,2025,Amir Pshenbayev,Bronze Medal,126,,,https://ipho-unofficial.org/countries/KAZ/individual,html
IPhO,Kazakhstan,KAZ,2025,Amirbek Azatbekov,Silver Medal,54,,,https://ipho-unofficial.org/countries/KAZ/individual,html
IPhO,Kazakhstan,KAZ,2025,Artur Kim,Bronze Medal,130,,,https://ipho-unofficial.org/countries/KAZ/individual,html
IPhO,Kazakhstan,KAZ,2025,Bekassyl Yelubay,Silver Medal,64,,,https://ipho-unofficial.org/countries/KAZ/individual,html
IPhO,Kazakhstan,KAZ,2025,Nurgul Yegenbergenova,Bronze Medal,122,,,https://ipho-unofficial.org/countries/KAZ/individual,html
IPhO,Kazakhstan,KAZ,2024,Bissimbi Doszhan,Silver Medal,31,,,https://ipho-unofficial.org/countries/KAZ/individual,html
IPhO,Kazakhstan,KAZ,2024,Kazymbek Iliyas,Bronze Medal,93,,,https://ipho-unofficial.org/countries/KAZ/individual,html
IPhO,Kazakhstan,KAZ,2024,Kim Artur,Silver Medal,28,,,https://ipho-unofficial.org/countries/KAZ/individual,html
IPhO,Kazakhstan,KAZ,2024,Nursagatov Margulan,Silver Medal,35,,,https://ipho-unofficial.org/countries/KAZ/individual,html
IPhO,Kazakhstan,KAZ,2024,Pshenvayev Amir,Silver Medal,36,,,https://ipho-unofficial.org/countries/KAZ/individual,html
IPhO,Kazakhstan,KAZ,2023,Alisher Yerkebayev,Silver Medal,66,,,https://ipho-unofficial.org/countries/KAZ/individual,html
IPhO,Kazakhstan,KAZ,2023,Dair Nurtayev,Bronze Medal,152,,,https://ipho-unofficial.org/countries/KAZ/individual,html
IPhO,Kazakhstan,KAZ,2023,Doszhan Bissimbi,Silver Medal,51,,,https://ipho-unofficial.org/countries/KAZ/individual,html
IPhO,Kazakhstan,KAZ,2023,Margulan Nursagatov,Silver Medal,54,,,https://ipho-unofficial.org/countries/KAZ/individual,html
IPhO,Kazakhstan,KAZ,2023,Yersultan Pitebay,Silver Medal,41,,,https://ipho-unofficial.org/countries/KAZ/individual,html
IPhO,Kazakhstan,KAZ,2022,Daniil Shatokhin,Gold Medal,30,,,https://ipho-unofficial.org/countries/KAZ/individual,html
IPhO,Kazakhstan,KAZ,2022,Dinmukhamed Rakhimzhanov,Silver Medal,88,,,https://ipho-unofficial.org/countries/KAZ/individual,html
IPhO,Kazakhstan,KAZ,2022,Rizabek Alpamys,Silver Medal,48,,,https://ipho-unofficial.org/countries/KAZ/individual,html
IPhO,Kazakhstan,KAZ,2022,Vladimir Lim,Silver Medal,49,,,https://ipho-unofficial.org/countries/KAZ/individual,html
IPhO,Kazakhstan,KAZ,2022,Yersultan Pitebay,Silver Medal,60,,,https://ipho-unofficial.org/countries/KAZ/individual,html
IPhO,Kazakhstan,KAZ,2021,Anton Draganchuk,Silver Medal,48,,,https://ipho-unofficial.org/countries/KAZ/individual,html
IPhO,Kazakhstan,KAZ,2021,Dinmukhamed Rakhimzhanov,Silver Medal,49,,,https://ipho-unofficial.org/countries/KAZ/individual,html
IPhO,Kazakhstan,KAZ,2021,Rauan Kaldybayev,Silver Medal,62,,,https://ipho-unofficial.org/countries/KAZ/individual,html
IPhO,Kazakhstan,KAZ,2021,Rizabek Alpamys,Silver Medal,51,,,https://ipho-unofficial.org/countries/KAZ/individual,html
IPhO,Kazakhstan,KAZ,2021,Yersultan Pitebay,Silver Medal,65,,,https://ipho-unofficial.org/countries/KAZ/individual,html
IPhO,Kazakhstan,KAZ,2019,Amirkhan Bailin,Bronze Medal,108,,,https://ipho-unofficial.org/countries/KAZ/individual,html
IPhO,Kazakhstan,KAZ,2019,David Li,Honourable Mention,202,,,https://ipho-unofficial.org/countries/KAZ/individual,html
IPhO,Kazakhstan,KAZ,2019,Rassul Magauin,Bronze Medal,101,,,https://ipho-unofficial.org/countries/KAZ/individual,html
IPhO,Kazakhstan,KAZ,2019,Temirlan Ismagulov,Honourable Mention,235,,,https://ipho-unofficial.org/countries/KAZ/individual,html
IPhO,Kazakhstan,KAZ,2018,Alina Gaukhartas,Bronze Medal,142,,,https://ipho-unofficial.org/countries/KAZ/individual,html
IPhO,Kazakhstan,KAZ,2018,Amirkhan Bailin,Honourable Mention,222,,,https://ipho-unofficial.org/countries/KAZ/individual,html
IPhO,Kazakhstan,KAZ,2018,Diyar Tulenov,Bronze Medal,138,,,https://ipho-unofficial.org/countries/KAZ/individual,html
IPhO,Kazakhstan,KAZ,2018,Kemel Nurdaulet,Bronze Medal,141,,,https://ipho-unofficial.org/countries/KAZ/individual,html
IPhO,Kazakhstan,KAZ,2018,Zhamaliddin Kalzhan,Bronze Medal,200,,,https://ipho-unofficial.org/countries/KAZ/individual,html
IPhO,Kazakhstan,KAZ,2017,Adilet Uvaliyev,Silver Medal,≥65,,,https://ipho-unofficial.org/countries/KAZ/individual,html
IPhO,Kazakhstan,KAZ,2017,Kazhymurat Aknazar,Gold Medal,≥1,,,https://ipho-unofficial.org/countries/KAZ/individual,html
IPhO,Kazakhstan,KAZ,2017,Kemel Nurdaulet,Bronze Medal,≥137,,,https://ipho-unofficial.org/countries/KAZ/individual,html
IPhO,Kazakhstan,KAZ,2017,Shyngys Aitkazinov,Silver Medal,≥65,,,https://ipho-unofficial.org/countries/KAZ/individual,html
IPhO,Kazakhstan,KAZ,2017,Temirlan Amangeldinov,Silver Medal,≥65,,,https://ipho-unofficial.org/countries/KAZ/individual,html
IPhO,Kazakhstan,KAZ,2016,Adilet Uvaliyev,Silver Medal,104,,,https://ipho-unofficial.org/countries/KAZ/individual,html
IPhO,Kazakhstan,KAZ,2016,Adilkhan Sarsen,Bronze Medal,216,,,https://ipho-unofficial.org/countries/KAZ/individual,html
IPhO,Kazakhstan,KAZ,2016,Aivar Abrashuly,Silver Medal,81,,,https://ipho-unofficial.org/countries/KAZ/individual,html
IPhO,Kazakhstan,KAZ,2016,Anton Sedletskiy,Silver Medal,109,,,https://ipho-unofficial.org/countries/KAZ/individual,html
IPhO,Kazakhstan,KAZ,2016,Nursultan Pangsat,Bronze Medal,213,,,https://ipho-unofficial.org/countries/KAZ/individual,html
IPhO,Kazakhstan,KAZ,2015,Anton Sedletskiy,Honourable Mention,203,,,https://ipho-unofficial.org/countries/KAZ/individual,html
IPhO,Kazakhstan,KAZ,2015,Ayan Segizbay,Bronze Medal,137,,,https://ipho-unofficial.org/countries/KAZ/individual,html
IPhO,Kazakhstan,KAZ,2015,Daulet Kurmantayev,Gold Medal,30,,,https://ipho-unofficial.org/countries/KAZ/individual,html
IPhO,Kazakhstan,KAZ,2015,Khalykbek Yelshibekov,Honourable Mention,206,,,https://ipho-unofficial.org/countries/KAZ/individual,html
IPhO,Kazakhstan,KAZ,2014,Amir Bralin,Gold Medal,8,,,https://ipho-unofficial.org/countries/KAZ/individual,html
IPhO,Kazakhstan,KAZ,2014,Danat Issa,Gold Medal,41,,,https://ipho-unofficial.org/countries/KAZ/individual,html
IPhO,Kazakhstan,KAZ,2014,Daulet Kurmantayev,Silver Medal,64,,,https://ipho-unofficial.org/countries/KAZ/individual,html
IPhO,Kazakhstan,KAZ,2014,Dinmukhammed Nurbek,Silver Medal,66,,,https://ipho-unofficial.org/countries/KAZ/individual,html
IPhO,Kazakhstan,KAZ,2014,Nurislam Tursynbek,Gold Medal,39,,,https://ipho-unofficial.org/countries/KAZ/individual,html
IPhO,Kazakhstan,KAZ,2013,Aidar Zhetessov,Silver Medal,80,,,https://ipho-unofficial.org/countries/KAZ/individual,html
IPhO,Kazakhstan,KAZ,2013,Amir Bralin,Silver Medal,83,,,https://ipho-unofficial.org/countries/KAZ/individual,html
IPhO,Kazakhstan,KAZ,2013,Dinmukhammed Nurbek,Bronze Medal,123,,,https://ipho-unofficial.org/countries/KAZ/individual,html
IPhO,Kazakhstan,KAZ,2013,Mussa Rajamov,Silver Medal,79,,,https://ipho-unofficial.org/countries/KAZ/individual,html
IPhO,Kazakhstan,KAZ,2013,Nurislam Tursynbek,Silver Medal,96,,,https://ipho-unofficial.org/countries/KAZ/individual,html
IPhO,Kazakhstan,KAZ,2012,Ilya Vilkoviskiy,Gold Medal,39,,,https://ipho-unofficial.org/countries/KAZ/individual,html
IPhO,Kazakhstan,KAZ,2012,Ivan Senyushkin,Bronze Medal,127,,,https://ipho-unofficial.org/countries/KAZ/individual,html
IPhO,Kazakhstan,KAZ,2012,Kaisarbek Omirzakhov,Silver Medal,60,,,https://ipho-unofficial.org/countries/KAZ/individual,html
IPhO,Kazakhstan,KAZ,2012,Mussa Rajamov,Silver Medal,98,,,https://ipho-unofficial.org/countries/KAZ/individual,html
IPhO,Kazakhstan,KAZ,2012,Nurzhas Aidynov,Silver Medal,107,,,https://ipho-unofficial.org/countries/KAZ/individual,html
IPhO,Kazakhstan,KAZ,2011,Darkhan Nurlybay,Bronze Medal,131,,,https://ipho-unofficial.org/countries/KAZ/individual,html
IPhO,Kazakhstan,KAZ,2011,Kaisarbek Omirzakhov,Gold Medal,26,,,https://ipho-unofficial.org/countries/KAZ/individual,html
IPhO,Kazakhstan,KAZ,2011,Nurzhas Aidynov,Gold Medal,28,,,https://ipho-unofficial.org/countries/KAZ/individual,html
IPhO,Kazakhstan,KAZ,2011,Taiman Sabyrgaliyev,Silver Medal,77,,,https://ipho-unofficial.org/countries/KAZ/individual,html
IPhO,Kazakhstan,KAZ,2011,Zhaslan Baraissov,Gold Medal,27,,,https://ipho-unofficial.org/countries/KAZ/individual,html
IPhO,Kazakhstan,KAZ,2010,Kemeldinov Aidyn,Silver Medal,75,,,https://ipho-unofficial.org/countries/KAZ/individual,html
IPhO,Kazakhstan,KAZ,2010,Manatuly Angsar,Silver Medal,99,,,https://ipho-unofficial.org/countries/KAZ/individual,html
IPhO,Kazakhstan,KAZ,2010,Nurzhas Aidynov,Silver Medal,85,,,https://ipho-unofficial.org/countries/KAZ/individual,html
IPhO,Kazakhstan,KAZ,2010,Tamirlan Seidakhmetov,Silver Medal,90,,,https://ipho-unofficial.org/countries/KAZ/individual,html
IPhO,Kazakhstan,KAZ,2010,Zhaslan Baraissov,Silver Medal,61,,,https://ipho-unofficial.org/countries/KAZ/individual,html
IPhO,Kazakhstan,KAZ,2009,Akhyn Zhagsalag,Gold Medal,17,,,https://ipho-unofficial.org/countries/KAZ/individual,html
IPhO,Kazakhstan,KAZ,2009,Aldiyar Nurmanov,Honourable Mention,211,,,https://ipho-unofficial.org/countries/KAZ/individual,html
IPhO,Kazakhstan,KAZ,2009,Askar Amangeldy,Silver Medal,106,,,https://ipho-unofficial.org/countries/KAZ/individual,html
IPhO,Kazakhstan,KAZ,2009,Vyacheslav Li,Silver Medal,102,,,https://ipho-unofficial.org/countries/KAZ/individual,html
IPhO,Kazakhstan,KAZ,2009,Zhanibek Kaimuldenov,Gold Medal,36,,,https://ipho-unofficial.org/countries/KAZ/individual,html
IPhO,Kazakhstan,KAZ,2008,Akhyn Zhagsalag,Bronze Medal,128,,,https://ipho-unofficial.org/countries/KAZ/individual,html
IPhO,Kazakhstan,KAZ,2008,Berdibek Shapagat,Bronze Medal,138,,,https://ipho-unofficial.org/countries/KAZ/individual,html
IPhO,Kazakhstan,KAZ,2008,Sidorenko Andrey,Honourable Mention,232,,,https://ipho-unofficial.org/countries/KAZ/individual,html
IPhO,Kazakhstan,KAZ,2008,Vyacheslav Li,Honourable Mention,187,,,https://ipho-unofficial.org/countries/KAZ/individual,html
IPhO,Kazakhstan,KAZ,2007,Aibek A. Mukhamediyev,Honourable Mention,176,,,https://ipho-unofficial.org/countries/KAZ/individual,html
IPhO,Kazakhstan,KAZ,2007,Nasharov A. Askar,Honourable Mention,181,,,https://ipho-unofficial.org/countries/KAZ/individual,html
IPhO,Kazakhstan,KAZ,2007,Yerbol Y. Bekbayev,Silver Medal,64,,,https://ipho-unofficial.org/countries/KAZ/individual,html
IPhO,Kazakhstan,KAZ,2007,Zhandos Z. Seksembayev,Honourable Mention,179,,,https://ipho-unofficial.org/countries/KAZ/individual,html
IPhO,Kazakhstan,KAZ,2006,Pavel Levchenko,Honourable Mention,181,,,https://ipho-unofficial.org/countries/KAZ/individual,html
IPhO,Kazakhstan,KAZ,2006,Vladimir Bychkov,Silver Medal,68,,,https://ipho-unofficial.org/countries/KAZ/individual,html
IPhO,Kazakhstan,KAZ,2006,Yermek Kaipov,Bronze Medal,154,,,https://ipho-unofficial.org/countries/KAZ/individual,html
IPhO,Kazakhstan,KAZ,2005,Akhmed Saidaliyev,Bronze Medal,81,,,https://ipho-unofficial.org/countries/KAZ/individual,html
IPhO,Kazakhstan,KAZ,2005,Daulet Askarov,Silver Medal,51,,,https://ipho-unofficial.org/countries/KAZ/individual,html
IPhO,Kazakhstan,KAZ,2005,Vladimir Bychkov,Bronze Medal,74,,,https://ipho-unofficial.org/countries/KAZ/individual,html
IPhO,Kazakhstan,KAZ,2005,Yermek Kaipov,Honourable Mention,187,,,https://ipho-unofficial.org/countries/KAZ/individual,html
IPhO,Kazakhstan,KAZ,2005,Yevgeniy Zagayevskiy,Bronze Medal,100,,,https://ipho-unofficial.org/countries/KAZ/individual,html
IPhO,Kazakhstan,KAZ,2004,Daulet Askarov,Honourable Mention,145,,,https://ipho-unofficial.org/countries/KAZ/individual,html
IPhO,Kazakhstan,KAZ,2004,Denis Utkin,Bronze Medal,114,,,https://ipho-unofficial.org/countries/KAZ/individual,html
IPhO,Kazakhstan,KAZ,2004,Nessipbek Mynbayev,Honourable Mention,175,,,https://ipho-unofficial.org/countries/KAZ/individual,html
IPhO,Kazakhstan,KAZ,2004,Ruslan Manakhayev,Bronze Medal,122,,,https://ipho-unofficial.org/countries/KAZ/individual,html
IPhO,Kazakhstan,KAZ,2004,Yelzhas Otynshiyev,Bronze Medal,110,,,https://ipho-unofficial.org/countries/KAZ/individual,html
IPhO,Kazakhstan,KAZ,2003,Denis Utkin,Honourable Mention,141,,,https://ipho-unofficial.org/countries/KAZ/individual,html
IPhO,Kazakhstan,KAZ,2003,Leoned Kardapoltsev,Honourable Mention,110,,,https://ipho-unofficial.org/countries/KAZ/individual,html
IPhO,Kazakhstan,KAZ,2003,Maxim Shpilkin,Honourable Mention,125,,,https://ipho-unofficial.org/countries/KAZ/individual,html
IPhO,Kazakhstan,KAZ,2003,Yernur Rysmagambetov,Silver Medal,50,,,https://ipho-unofficial.org/countries/KAZ/individual,html
IPhO,Kazakhstan,KAZ,2002,Rafael Mavlyukeyev,Bronze Medal,83,,,https://ipho-unofficial.org/countries/KAZ/individual,html
IPhO,Kazakhstan,KAZ,2002,Talgat Ismukhamedov,Honourable Mention,139,,,https://ipho-unofficial.org/countries/KAZ/individual,html
IPhO,Kazakhstan,KAZ,2002,Yernur Rysmagambetov,Gold Medal,26,,,https://ipho-unofficial.org/countries/KAZ/individual,html
IPhO,Kazakhstan,KAZ,2001,Danil Murtazin,Gold Medal,20,,,https://ipho-unofficial.org/countries/KAZ/individual,html
IPhO,Kazakhstan,KAZ,2001,Denis Atrashenko,Honourable Mention,162,,,https://ipho-unofficial.org/countries/KAZ/individual,html
IPhO,Kazakhstan,KAZ,2001,Viatcheslav Muravev,Silver Medal,24,,,https://ipho-unofficial.org/countries/KAZ/individual,html
IPhO,Kazakhstan,KAZ,2000,Danil Murtazin,Honourable Mention,91,,,https://ipho-unofficial.org/countries/KAZ/individual,html
IPhO,Kazakhstan,KAZ,1999,Andrey Sapronov,Silver Medal,39,,,https://ipho-unofficial.org/countries/KAZ/individual,html
IPhO,Kazakhstan,KAZ,1999,Kairat Akhmetov,Bronze Medal,107,,,https://ipho-unofficial.org/countries/KAZ/individual,html
IPhO,Kazakhstan,KAZ,1999,Yaroslav Alexandrov,Honourable Mention,185,,,https://ipho-unofficial.org/countries/KAZ/individual,html
IPhO,Kazakhstan,KAZ,1999,Zhanybek Alpichshev,Bronze Medal,134,,,https://ipho-unofficial.org/countries/KAZ/individual,html
IPhO,Kazakhstan,KAZ,1998,Kairat Akhmetov,Honourable Mention,74,,,https://ipho-unofficial.org/countries/KAZ/individual,html
IPhO,Kazakhstan,KAZ,1998,Rassul Karabalin,Bronze Medal,43,,,https://ipho-unofficial.org/countries/KAZ/individual,html
IPhO,Kazakhstan,KAZ,1997,Anuar Bitanof,Honourable Mention,113,,,https://ipho-unofficial.org/countries/KAZ/individual,html
IPhO,Kazakhstan,KAZ,1997,Rassul Karabalin,Honourable Mention,143,,,https://ipho-unofficial.org/countries/KAZ/individual,html
