person_id,name,aliases,olympiads,years,first_year,last_year,awards,research_scope,confidence,identity_score,identity_source,profile_url,linkedin_url,organization,role,affiliation_type,organization_category,role_category,destination_status,destination_note,start_year,end_year,country_code,evidence_urls,evidence_count,sources,verification_basis
kaz-674cd62ab22c,Aibatyr Zhumagulov,Aibatyr Zhumagulov,IMO,1992;1993,1992,1993,Bronze medal,career,confirmed,1.0,verified,https://ipv4.kdif.kz/ru/corporate-management,,Kazakhstan Deposit Insurance Fund,Independent Director,employment,Industry,Leadership,latest_employment,One reviewed latest employment or organizational role is used as the destination.,,,,https://av.kaznu.kz/ru/25163;https://ipv4.kdif.kz/ru/corporate-management,2,verified,KazNU's official alumni biography connects the exact-name alumnus to RFMS from 1990-1993 and exceptional mathematics; RFMS lists him at the 1992 and 1993 IMOs while KDIF names his current independent-director role
kaz-8282f3ec5f44,Almas Rymov,Almas Rymov,IMO,1992,1992,1992,Bronze medal,career,probable,1.0,verified,https://lifeinsurance.kz/severnaya-i-yuzhnaya-amerika/nakopitelnoe-strahovanie-vzglyad-iz-kanady,,Sun Life Financial,Actuary,employment,Industry,Other,latest_employment,One reviewed latest employment or organizational role is used as the destination.,2011,,,https://fizmat.kz/ru/luchshie-ucheniki/;https://lifeinsurance.kz/severnaya-i-yuzhnaya-amerika/nakopitelnoe-strahovanie-vzglyad-iz-kanady,2,verified,RFMS's official alumni list identifies its rare exact-name 1992 IMO bronze medalist while Kazakhstan insurance records give the same full name and age-compatible 1975 birth year; a 2018 actuarial profile reports that he had worked at Sun Life Financial in Canada since 2011 but no source explicitly joins that career to the contestant
kaz-e4459aeba14c,Azamat Sarsembaev,Azamat Sarsembaev,IMO,1992,1992,1992,Bronze medal,career,confirmed,1.0,verified,https://www.linkedin.com/in/azzy-polymath,https://www.linkedin.com/in/azzy-polymath,STEMICQ AI/Multiomics Ventures,CEO & CFO,employment,Industry,Other,latest_employment,One reviewed latest employment or organizational role is used as the destination.,2023,,,https://www.imo-official.org/results/contestant/3155/;https://www.linkedin.com/in/azzy-polymath,2,verified,His self-authored profile explicitly lists the 1992 International Mathematical Olympiad medal and identifies his current CEO and CFO role at STEMICQ AI/Multiomics Ventures; the official IMO contestant record independently confirms the Kazakhstan name year and bronze medal
kaz-fae1a82e7a9a,Gani Nazirov,Gani Nazirov,IMO,1992;1993,1992,1993,Bronze medal,career,confirmed,1.0,verified,https://www.linkedin.com/in/gani-nazirov,https://www.linkedin.com/in/gani-nazirov,Microsoft,Principal Software Engineer,employment,Industry,Software & AI,latest_employment,One reviewed latest employment or organizational role is used as the destination.,2017,,,https://github.com/ganik;https://www.imo-official.org/results/contestant/3154/;https://www.linkedin.com/in/gani-nazirov,3,github;verified,His public profile directly lists bronze medals at IMO 33 and IMO 34 and documents a Microsoft AI and ML career through July 2026 including work on ML.NET; Destination review: The accepted profile's current Microsoft title is Principal Software Engineer from October 2017.
kaz-8deb08a4e5fd,Yevgeni Poroshenko,Yevgeni Poroshenko,IMO,1992,1992,1992,Honourable mention,career,probable,1.0,verified,https://xn--h1ajp7b.xn--p1ai/sveden/employees%3Fspec%3D6609.html,,Novosibirsk State Technical University,"Professor, Department of Algebra and Mathematical Logic",employment,Academia,Research & Academia,latest_employment,One reviewed latest employment or organizational role is used as the destination.,,,,https://fizmat.kz/ru/luchshie-ucheniki/;https://xn--h1ajp7b.xn--p1ai/sveden/employees%3Fspec%3D6609.html,2,verified,RFMS's official alumni list identifies Yevgeni Poroshenko as its 1992 IMO mathematics honoree and NSTU's current faculty roster identifies Evgeny Nikolaevich Poroshenko as a mathematics professor in algebra and mathematical logic; the rare name and continuous subject match are strong but no source explicitly joins the professor to the contestant
kaz-49f853356dc6,Yevgeni Yakovlev,Yevgeni Yakovlev,IMO,1992,1992,1992,Bronze medal,career,confirmed,1.0,verified,https://sites.google.com/nes.ru/evgenyyakovlev/home,,University of Essex,Senior Lecturer in Economics,employment,Academia,Other,latest_employment,One reviewed latest employment or organizational role is used as the destination.,,,,https://sites.google.com/nes.ru/evgenyyakovlev/home;https://www.imo-official.org/results/contestant/3170/;https://www.wikidata.org/wiki/Q4536895,3,verified;wikidata,His public academic CV explicitly lists winning Kazakhstan's 1992 National Mathematics Olympiad and a 1992 IMO bronze medal then documents an uninterrupted applied-mathematics and economics career through UC Berkeley the New Economic School and the University of Essex
kaz-094a17bb49f6,Alexander Averjanov,Alexander Averjanov,IMO,1993,1993,1993,Silver medal,career,confirmed,1.0,verified,https://www.linkedin.com/in/alexander-averyanov,https://www.linkedin.com/in/alexander-averyanov,VELES TRUST,CFO/CIO,employment,Industry,Other,latest_employment,One reviewed latest employment or organizational role is used as the destination.,2018,,,https://www.imo-official.org/results/contestant/3452/;https://www.linkedin.com/in/alexander-averyanov,2,verified,His self-authored Alexander Averyanov profile explicitly lists an International Mathematical Olympiad silver medal at RFMS and identifies his current CFO and CIO role at VELES TRUST; the official IMO contestant record independently confirms the Averjanov transliteration Kazakhstan year and silver medal
kaz-1d6bad0a9a90,Daulet Turetayev,Daulet Turetaev;Daulet Turetayev,IMO,1993,1993,1993,,career,probable,1.0,verified,https://kz.linkedin.com/in/daulet-turetayev-73ba8314b,https://kz.linkedin.com/in/daulet-turetayev-73ba8314b,China Petroleum Technology & Development Corporation (CPTDC),Business Development Manager (BDM),employment,Industry,Leadership,latest_employment,One reviewed latest employment or organizational role is used as the destination.,,,,https://fizmat.kz/ru/luchshie-ucheniki/;https://kz.linkedin.com/in/daulet-turetayev-73ba8314b,2,verified,"RFMS identifies Туретаев Даулет as its 1993 IMO participant; the rare Turetayev transliteration continues in a 2003 University of Twente research record, while AlmaU's 2016 MBA-program publication gives the full Daulet Isabekovich Turetayev name and explicitly discusses CPTDC through Caspian Oiltech Services; the current exact-name profile lists BDM at CPTDC in Kazakhstan, but no source explicitly joins the career profile to the contestant."
kaz-78ad0418eb0b,Roman Kriven,Roman Kriven,IMO,1993,1993,1993,,career,probable,1.0,verified,https://linkedin.com/in/roman-kriven-33a97085,https://linkedin.com/in/roman-kriven-33a97085,,,,Unknown,Other,history_only,"Completed or undated education is retained as alma-mater/history evidence, not as a destination.",,,,https://linkedin.com/in/roman-kriven-33a97085;https://www.imo-official.org/participant_r.aspx?id=3658,2,verified,"Pavlodar Lyceum No. 8 identifies Roman Kriven among its earliest mathematics Olympiad alumni. The rare exact-name profile is located in Kazakhstan and records applied mathematics at the local Pavlodar State University from 1993 through 1998, beginning in his IMO year; the university's official history confirms that Pavlodar State University is today's Toraighyrov University. No source explicitly names the IMO on the professional profile, so the completed education match remains probable and historical."
kaz-dc581aaabaee,Zharas Bajdelʻdinov,Zharas Bajdelʻdinov,IMO,1993,1993,1993,Bronze medal,career,probable,1.0,verified,https://axoftglobal.com/reviews,,Corvus Technologies,Company Representative (title not stated),employment,Industry,Other,latest_employment,One reviewed latest employment or organizational role is used as the destination.,2022,2022,,https://axoftglobal.com/reviews;https://www.imo-official.org/participant_r.aspx?id=3471,2,verified,"RFMS identifies rare exact-name Zharas Baideldinov as its 1993 IMO bronze medalist. Kazakhstan's dissertation registry names Zharas Bakhytovich Baideldinov in securities-market research in 2002, consistent with contemporary records of the same full-name Central Securities Depository executive, and Axoft's dated 2022 testimonial identifies him with Corvus Technologies in Almaty. No reviewed source explicitly joins the company record to the IMO, so the identity remains probable; Company Representative is descriptive and not a quoted formal title."
kaz-2be498890319,Bakitkan Bahautdinov,Bakhytjan Bakhaotdinov;Bakitkan Bahautdinov,IBO,1994;1995,1994,1995,,career,probable,1.0,verified,https://linkedin.com/in/bakytzhan-bakhautdin-77bb02ab,https://linkedin.com/in/bakytzhan-bakhautdin-77bb02ab,Global Agri Products,Director,employment,Industry,Leadership,latest_employment,One reviewed latest employment or organizational role is used as the destination.,2022,,,https://linkedin.com/in/bakytzhan-bakhautdin-77bb02ab;https://www.ibo-info.org/files/downloads/results-reports/results/IBO1995.pdf,2,verified,"The age-compatible exact-name biology profile uses the Bakytzhan Bakhautdin transliteration, lists an ongoing Global Agri Products director role in Almaty, and documents a continuous biology and molecular-medicine career. No reviewed source explicitly joins it to the 1994-1995 IBO record.; Destination review: The accepted probable transliteration match lists Director at Global Agri Products as current from February 2022 and places the role in Almaty."
kaz-1e83de167408,Ekrem Mahmudov,Akram Mahmudov;Ekrem Mahmudov,IBO,1994;1995,1994,1995,,career,unmatched,,,,,,,,Unknown,Other,none,No reviewed destination is available.,,,,,0,,
kaz-dbcaf30d53de,Nurbol Sihimbayev,Nourbol Silliedev;Nurbol Sihimbayev,IBO,1994;1995;1996,1994,1996,Bronze;Gold,career,unmatched,,,,,,,,Unknown,Other,none,No reviewed destination is available.,,,,,0,,
kaz-09d9fdb93af5,Saken Serhanov,Saken Serhanov;Saken Sherhandy;Saken Sherhanov,IBO,1994;1995;1996,1994,1996,Bronze;Gold,career,confirmed,1.0,verified,https://petroviclab.chem.ucla.edu/people/,https://www.linkedin.com/in/saken-sherkhanov-398a65264,"University of California, Los Angeles (UCLA)",Senior Project Scientist,employment,Academia,Research & Academia,latest_employment,One reviewed latest employment or organizational role is used as the destination.,2025,,,https://petroviclab.chem.ucla.edu/people/;https://www.linkedin.com/in/saken-sherkhanov-398a65264;https://www.nfactorial.school/newest_blog/%D0%B0-%D0%B2%D1%8B-%D0%B7%D0%BD%D0%B0%D0%B5%D1%82%D0%B5-%D0%BF%D0%B5%D1%80%D0%B2%D0%BE%D0%B3%D0%BE-%D0%BA%D0%B0%D0%B7%D0%B0%D1%85%D0%B0-%D0%B2-caltech-%D0%BA%D0%BE%D1%82%D0%BE%D1%80%D1%8B%D0%B9-%D0%B2%D1%8B%D0%B8%D0%B3%D1%80%D0%B0%D0%BB-%D0%BF%D0%B5%D1%80%D0%B2%D1%83%D1%8E-%D0%B7%D0%BE%D0%BB%D0%BE%D1%82%D1%83%D1%8E-%D0%BC%D0%B5%D0%B4%D0%B0%D0%BB%D1%8C-%D0%BA%D0%B0%D0%B7%D0%B0%D1%85%D1%81%D1%82%D0%B0%D0%BD%D0%B0-%D0%BD%D0%B0-%D0%BC%D0%B5%D0%B6%D0%B4%D1%83%D0%BD%D0%B0%D1%80%D0%BE%D0%B4%D0%BD%D0%BE%D0%B9-%D0%BE%D0%BB%D0%B8%D0%BC%D0%BF%D0%B8%D0%B0%D0%B4%D0%B5,3,verified,The biography explicitly joins the Saken Sherkhanov spelling to Kazakhstan's 1995 IBO bronze and 1996 IBO gold medalist and his Caltech/UCLA research path; UCLA's current lab roster identifies him as a Senior Project Scientist from May 2025
kaz-2dda7e7144cb,Almaz Kungozhin,Almaz Kungozhin,IMO,1995,1995,1995,Honourable mention,career,confirmed,1.0,verified,https://kz.linkedin.com/in/almaz-kungozhin,https://kz.linkedin.com/in/almaz-kungozhin,Republican Physics and Mathematics School (RFMS),Deputy CEO,employment,Academia,Other,latest_employment,One reviewed latest employment or organizational role is used as the destination.,2023,,,https://kz.linkedin.com/in/almaz-kungozhin;https://orcid.org/0009-0000-4040-0605,2,orcid;verified,His self-authored profile explicitly identifies him as a former IMO participant and current RFMS Deputy CEO after a long mathematics-education career; Kazakhstan's official 1995 IMO record independently confirms the exact name and participation
kaz-76ccb7b42a10,Dauren Karabayev,Dauren Karabaev,IMO,1995,1995,1995,,career,probable,1.0,verified,https://www.kmg.kz/en/press-center/press-releases/karabaev/,,Chevron,Executive Assignee (title not disclosed),employment,Industry,Other,latest_employment,One reviewed latest employment or organizational role is used as the destination.,2023,,,https://www.imo-official.org/results/contestant/4152/;https://www.kmg.kz/en/press-center/press-releases/karabaev/,2,verified,"The exact rare name, 1978 birth, and 1995-1999 university timeline in KMG's published biography align with the 1995 IMO record; KMG confirms his March 2023 transfer to Chevron and Petroleum Journal describes the five-year San Ramon assignment, but no source explicitly joins the IMO and career records."
kaz-39523361f70b,Eldos Samalov,Eldos Samalov,IMO,1995,1995,1995,,career,probable,1.0,verified,https://linkedin.com/in/yeldos-samalov-396a1666,https://linkedin.com/in/yeldos-samalov-396a1666,Kazkomnet,Director,employment,Industry,Leadership,latest_employment,One reviewed latest employment or organizational role is used as the destination.,2008,,,https://linkedin.com/in/yeldos-samalov-396a1666;https://www.imo-official.org/results/individual/country/KAZ/,2,verified,The uncommon Eldos and Yeldos transliteration links the 1995 Kazakhstan IMO entrant to a profile beginning technical study at KazNTU that year and continuing through a Kazakhstan programming and telecom career; no source explicitly states the Olympiad identity
kaz-8c9c1b2b81a6,Mikhail Okhin,Mikhail Okhin,IMO,1995,1995,1995,Honourable mention,career,confirmed,1.0,verified,https://linkedin.com/in/mikhail-okhin-109129148,https://linkedin.com/in/mikhail-okhin-109129148,Fitch Ratings,Senior Software Engineer,employment,Industry,Software & AI,latest_employment,One reviewed latest employment or organizational role is used as the destination.,2023,,,https://linkedin.com/in/mikhail-okhin-109129148,1,verified,His self-authored profile explicitly identifies him as a member of the Mathematical Olympiad in Toronto and lists his current Senior Software Engineer role at Fitch Ratings; Kazakhstan's official 1995 IMO record independently confirms the exact name and Toronto participation
kaz-b788eb650e7a,Nurgali Arystanov,Nurgali Arystanov,IMO,1995,1995,1995,Honourable mention,career,confirmed,1.0,verified,https://linkedin.com/in/nurgali-arystanov-07548042,https://linkedin.com/in/nurgali-arystanov-07548042,Embassy of Kazakhstan in the Republic of Korea,Ambassador,employment,Industry,Other,latest_employment,One reviewed latest employment or organizational role is used as the destination.,2023,,,https://linkedin.com/in/nurgali-arystanov-07548042;https://www.imo-official.org/results/contestant/4462/;https://www.wikidata.org/wiki/Q123700015,3,verified;wikidata,The official IMO record and government biography establish the rare exact-name identity and the professional profile corroborates his current appointment as Kazakhstan's ambassador to the Republic of Korea
kaz-b22287fe1ff1,Zhaidarzhan Zatayev,Zhaidarzhan Zataev,IMO,1995,1995,1995,,career,probable,1.0,verified,https://www.shbfinance.com.vn/about-us/board-of-management,,SHBFinance,Chief Risk Officer,employment,Industry,Economics & Finance,latest_employment,One reviewed latest employment or organizational role is used as the destination.,2023,,,https://www.imo-official.org/results/contestant/4109/;https://www.shbfinance.com.vn/about-us/board-of-management,2,verified,"The exact rare name, Kazakh nationality, 1978 birth, and age-compatible university and career timeline in Coteccons's 2025 annual report align with the 1995 IMO record; SHBFinance's current management page confirms the Chief Risk Officer role, but no source explicitly joins the IMO and career records."
kaz-6c47e89eeff1,Alexander Zaitsev,Alexander Zaitsev,IMO,1996,1996,1996,,career,candidate,0.55,orcid,https://orcid.org/0000-0002-6272-1079,,Khristianovich Institute of Theoretical and Applied Mechanics (ITAM SB RAS),senior reseacher,employment,Academia,Other,latest_employment,One reviewed latest employment or organizational role is used as the destination.,2017,,RU,https://orcid.org/0000-0002-6272-1079,1,orcid,"orcid=0000-0002-6272-1079; current_affiliation=Institute of Theoretical and Applied Mechanics,Novosibirsk State University; past_affiliation=Novosibirsk State University,Institute of Theoretical and Applied Mechanics; role=senior reseacher; Institute of Theoretical and Applied Mechanics; senior reseacher; Computational aerodynamics laboratory; 2017"
kaz-5f05301e71f7,Arnur Tokhtabayev,Arnur Tokhtabaev;Arnur Tokhtabayev;Arnur Toktabayev,IMO,1996,1996,1996,,career,probable,1.0,verified,https://tlab.kz/en/,,tLab Technologies,Founder & CEO,employment,Industry,Leadership,latest_employment,One reviewed latest employment or organizational role is used as the destination.,2013,,,https://fizmat.kz/ru/luchshie-ucheniki/;https://tlab.kz/en/,2,verified,"RFMS identifies Токтабаев Арнур as its 1996 IMO participant; tLab's current and former company biographies use the Tokhtabayev and Tokhtabaev variants for its founder and document a continuous US cybersecurity-research career followed by the 2013 Kazakhstan company, but no source explicitly joins him to the IMO record."
kaz-8fe9da4c845a,Azamat Abilkhanov,Azamat Abilkhanov,IBO,1996,1996,1996,Bronze,career,confirmed,1.0,verified,https://www.rominserv.com/en/who-we-are,https://kz.linkedin.com/in/azamat-abilkhanov-a4522210,Rominserv,Acting General Manager,employment,Industry,Leadership,latest_employment,One reviewed latest employment or organizational role is used as the destination.,,,,https://kz.linkedin.com/in/azamat-abilkhanov-a4522210;https://www.ibo-info.org/files/downloads/results-reports/results/IBO1996.pdf;https://www.rominserv.com/en/who-we-are,3,verified,The rare exact-name 1996 IBO record aligns with a Kazakhstan education and 2004-onward KMG career timeline on his public profile while Rominserv's current official team page names him acting general manager
kaz-6baf22bf0570,Dimitry Dzyabayev,Dimitry Dzyabayev,IMO,1996,1996,1996,,career,unmatched,,,,,,,,Unknown,Other,none,No reviewed destination is available.,,,,,0,,
kaz-7720cc1cbeae,Erke Nurkenov,Erke Nurkenov,IMO,1996,1996,1996,,career,probable,1.0,verified,https://unitedgroupalatau.kz/en/management/,,United Group Alatau,Deputy Chairman of the Management Board,employment,Industry,Other,latest_employment,One reviewed latest employment or organizational role is used as the destination.,2019,,,https://unitedgroupalatau.kz/en/management/;https://www.imo-official.org/results/contestant/4573/,2,verified,"The exact rare name, full patronymic, July 1979 birth in KASE's issuer disclosure, and 2000 university graduation align with the 1996 IMO record; United Group Alatau's current management page confirms the ongoing executive role, but no source explicitly joins the IMO and career records."
kaz-55cdb586d884,Nurzhan Kadzhiakbarov,Nurzhan Kadzhiakbarov;Nurzhan Kajikabarov,IMO,1996,1996,1996,,career,confirmed,1.0,verified,https://mirror.akorda.kz/ru/executive_office/executive_office_stucture,,Security Council of the Republic of Kazakhstan,Deputy Secretary,employment,Government,Leadership,latest_employment,One reviewed latest employment or organizational role is used as the destination.,2022,,,https://fizmat.kz/ru/luchshie-ucheniki/;https://mirror.akorda.kz/ru/executive_office/executive_office_stucture,2,verified,"RFMS identifies Каджиакбаров Нуржан as its 1996 IMO participant; Qazinform's biography gives the same rare full name, a compatible 1979 birth, and a 1999 mathematics-teacher role preparing Olympiad reserve at the same RFMS; Akorda currently lists him as Deputy Secretary of the Security Council."
kaz-a2011ec03297,Renat Bekbolatov,Renat Bekbolatov,IMO,1996;1997;1998,1996,1998,Bronze medal;Honourable mention,career,confirmed,1.0,verified,https://www.linkedin.com/in/bekbolatov,https://www.linkedin.com/in/bekbolatov,Genie,Software Developer,employment,Industry,Software & AI,latest_employment,One reviewed latest employment or organizational role is used as the destination.,2025,,,https://github.com/Bekbolatov;https://openalex.org/A5062874394;https://www.imo-official.org/country_individual_r.aspx?code=KAZ&column=year&order=desc&gender=hide&nameform=western;https://www.linkedin.com/in/bekbolatov,4,github;openalex;verified,Caltech's official 2004 commencement program identifies the rare exact-name mathematics graduate as being from Aktobe Kazakhstan and the same Caltech timeline appears on his current Genie profile; Destination review: The accepted profile lists Software Developer at Genie from June 2025 and does not identify him as Genie's founder.
kaz-438a79d3a6d5,Abzal Daribaev,Abzal Daribaev,IBO,1997;1998,1997,1998,Bronze,career,confirmed,1.0,verified,https://www.ncste.kz/kz/daribaev-abzal-amankeldievich,,Nazarbayev University,Managing Director for Innovation,employment,Academia,Leadership,latest_employment,One reviewed latest employment or organizational role is used as the destination.,,,,https://www.ibo-info.org/files/downloads/results-reports/results/IBO1997.pdf;https://www.ncste.kz/kz/daribaev-abzal-amankeldievich,2,verified,The official government science-council profile gives the rare exact-name alumnus an MSU genetics and molecular-biology background consistent with the 1997 and 1998 IBO records and states his current Astana Business Campus role
kaz-9bcf8f03ca96,Andrey Jigalov,Andrey Jigalov,IBO,1997;1998,1997,1998,Bronze,career,probable,1.0,verified,https://ipbb.kz/eng/ap-09260382-superviser-sapakhova-z/,,Institute of Plant Biology and Biotechnology,Molecular Biology Researcher,employment,Academia,Research & Academia,latest_employment,One reviewed latest employment or organizational role is used as the destination.,,2021,,https://ipbb.kz/eng/ap-09260382-superviser-sapakhova-z/;https://www.ibo-info.org/files/downloads/results-reports/results/IBO1998.pdf,2,verified,"Official IBO reports identify Kazakhstan's exact-name 1997-1998 biology competitor. The Kazakhstan institute's 2021 project page identifies Andrey Viktorovich Zhigalov, a close transliteration variant in the same field and country, as a molecular-biology candidate of sciences with 15 years of research experience and a member of its project group. No source explicitly joins the Olympiad entrant to the researcher, so the latest known affiliation is dated 2021 and remains probable."
kaz-a5c7de0d34ee,Anuar Bitanof,Anuar Bitanof,IPhO,1997,1997,1997,Honourable Mention,career,probable,1.0,verified,https://kz.kursiv.media/2026-07-07/zhnb-glava-qazaqgaz-schitaet-chto-top-menedzhery-dolzhny-poluchat-bonusy-i-premii/,,QazaqGaz,Board Member,employment,Industry,Other,latest_employment,One reviewed latest employment or organizational role is used as the destination.,2025,2025,,https://ipho-unofficial.org/countries/KAZ/individual;https://kz.kursiv.media/2026-07-07/zhnb-glava-qazaqgaz-schitaet-chto-top-menedzhery-dolzhny-poluchat-bonusy-i-premii/;https://www.qazaqgaz.kz/ru/novosti-kompanii/qazaqgaz-basshylyy-ramynda-zgerister-oryn-aldy,3,verified,"QazaqGaz's official executive notice and annual-report biography identify rare exact-name Anuar Bitanov, give an age-compatible July 1980 birth date, and document Stanford engineering education before Kazakhstan energy leadership. No reviewed source explicitly joins that biography to the 1997 IPhO record.; Destination review: The 2026 review of QazaqGaz governance identifies Anuar Bitanov on the company's 2025 board. The role is bounded to 2025 because the reviewed sources do not establish continued board service in 2026."
kaz-952a451859f7,Guljanar Kalmaganbetova,Guljanar Kalmaganbetova,IBO,1997,1997,1997,,career,unmatched,,,,,,,,Unknown,Other,none,No reviewed destination is available.,,,,,0,,
kaz-91962e6612b3,Iskander Karibzhanov,Iskander Karibzhanov,IMO,1997,1997,1997,Honourable mention,career,confirmed,1.0,verified,https://www.bankofcanada.ca/profile/iskander-karibzhanov/,,Bank of Canada,Senior Economist,employment,Government,Economics & Finance,latest_employment,One reviewed latest employment or organizational role is used as the destination.,2014,,,https://github.com/ikarib;https://openalex.org/A5000781420;https://orcid.org/0000-0001-8603-0136;https://www.bankofcanada.ca/profile/iskander-karibzhanov/;https://www.imo-official.org/participant_r.aspx?id=4924;https://www.wikidata.org/wiki/Q102563456,6,github;openalex;orcid;verified;wikidata,Official IMO record and Bank of Canada CV identify the same person and career history
kaz-be34a221eedd,Mikhail Shakhmatov,Mikhail Shakhmatov,IMO,1997;1998,1997,1998,Bronze medal,career,confirmed,1.0,verified,https://kz.linkedin.com/in/mikhail-shakhmatov,https://kz.linkedin.com/in/mikhail-shakhmatov,KAZ Minerals,"Manager, Finance IT Projects",employment,Industry,Economics & Finance,latest_employment,One reviewed latest employment or organizational role is used as the destination.,2014,,,https://egemen.kz/amp/article/4007-matematikalyq-olimpiada-el-abyroyyna-abyroy-qosty;https://kz.linkedin.com/in/mikhail-shakhmatov;https://openalex.org/A5004741842,3,openalex;verified,A Kazakhstan national newspaper identifies him as the country's 1998 Olympiad winner and the only matching public profile has the same rare name and Almaty location with Boğazici University beginning immediately after his final IMO appearance; Destination review: The accepted profile lists this exact current KAZ Minerals title from October 2014.
kaz-8c7f0b059859,Mirat Sadikov,Mirat Sadikov,IBO,1997;1998,1997,1998,Bronze,career,probable,1.0,verified,https://www.gasagroup.com/Files/Images/corporate_website/Young%20Plants/Catalogues/Brandkamp-Chrysanthemum.pdf,,Brandkamp,Kazakhstan Sales Partner,employment,Industry,Other,latest_employment,One reviewed latest employment or organizational role is used as the destination.,,,,https://www.gasagroup.com/Files/Images/corporate_website/Young%20Plants/Catalogues/Brandkamp-Chrysanthemum.pdf;https://www.igps.uni-hannover.de/en/research/main-research-areas/phytomedicine/publications,2,verified,The rare exact name appears in a 2005 horticulture master's record and a continuous Kazakhstan greenhouse and seed-sector career ending in Brandkamp's current catalog; the timeline and field align with the 1997 and 1998 IBO entrant but no source explicitly states the Olympiad identity
kaz-b596c2a8a5f9,Rassul Karabalin,Rassul Karabalin,IPhO,1997;1998,1997,1998,Bronze Medal;Honourable Mention,career,confirmed,1.0,verified,https://www.karabalin.com/,http://www.linkedin.com/in/rassul,Amazon,Research Science Manager leading quantum chip fabrication,employment,Industry,Research & Academia,latest_employment,One reviewed latest employment or organizational role is used as the destination.,,,,http://www.linkedin.com/in/rassul;https://orcid.org/0009-0002-4543-0074;https://www.karabalin.com/,3,orcid;verified,Personal site states both the 1997/1998 IPhO awards and current AWS quantum role
kaz-68b763708761,Talap Akashev,Talap Akashev,IMO,1997;1998,1997,1998,Honourable mention,career,probable,1.0,verified,https://kase.kz/files/emitters/BCCI/bccirbf7_2020.pdf,,BCC Invest,"Director, Trading Operations Department",employment,Industry,Leadership,latest_employment,One reviewed latest employment or organizational role is used as the destination.,,2020,,https://kase.kz/files/emitters/BCCI/bccirbf7_2020.pdf;https://www.e-xecutive.ru/users/389062-talap-akashev;https://www.imo-official.org/results/contestant/4896/,3,verified,"The official IMO record identifies Kazakhstan's exact-name contestant in both 1997 and 1998. An exact-name self-authored Kazakhstan executive profile records a BCC Invest role directing its trading-operations department. The name is rare and the mathematics-to-markets trajectory is plausible, but the profile does not mention the IMO and exposes no education or dates. BCC Invest's official staffing disclosure names another director in the role by 1 December 2020, so 2020 is used as a conservative end bound rather than an exact departure date. The outcome is historical and the identity remains probable.; Destination review: The exact-name executive profile supplies Talap's historical BCC Invest role, while BCC Invest's official staffing disclosure as of 1 December 2020 names a different director of trading operations. The displayed role is therefore bounded as ended by 2020 and is not treated as current."
kaz-09e9190640e1,Vitaliy Tsvayer,Vitaliy Tsvayer,IMO,1997,1997,1997,,career,confirmed,1.0,verified,https://tr.linkedin.com/in/vitaliy-tsvayer,https://tr.linkedin.com/in/vitaliy-tsvayer,Self-employed,Software Architect and Backend Engineer,employment,Industry,Software & AI,latest_employment,One reviewed latest employment or organizational role is used as the destination.,2017,,,https://github.com/tsvayer;https://tr.linkedin.com/in/vitaliy-tsvayer;https://www.imo-official.org/results/contestant/4695/,3,github;verified,His indexed public profile explicitly lists participation in the 38th International Mathematical Olympiad in 1997 and documents his current remote backend and software-architecture work
kaz-514026a01ba3,Yerlan Jumabayev,Yerlan Jumabayev,IMO,1997,1997,1997,Honourable mention,career,unmatched,,,,,,,,Unknown,Other,none,No reviewed destination is available.,,,,,0,,
kaz-c81d0e9f9556,Adil Zhugralin,Adil Zhugralin,IChO,1998;1999;2000,1998,2000,Bronze medal;Participant;Silver medal,career,confirmed,1.0,verified,https://www.linkedin.com/in/adil-zhugralin-9bb1b03,https://www.linkedin.com/in/adil-zhugralin-9bb1b03,Novartis,Patent Attorney,employment,Industry,Other,latest_employment,One reviewed latest employment or organizational role is used as the destination.,2022,,,https://openalex.org/A5056714187;https://www.icho-official.org/results/country_info.php?country=Kazakhstan;https://www.linkedin.com/in/adil-zhugralin-9bb1b03,3,openalex;verified,MIT officially identifies the rare exact-name Kazakhstan chemistry student and Boston College documents the same research career while current professional and patent records place him in Novartis intellectual property
kaz-51f03f3fb603,Almas Sakhavyev,Almas Sakhavyev,IMO,1998,1998,1998,Honourable mention,career,unmatched,,,,,,,,Unknown,Other,none,No reviewed destination is available.,,,,,0,,
kaz-590493685dc4,Arman Prashev,Arman Prashev,IOI,1998;1999;2000,1998,2000,Bronze,career,probable,1.0,verified,https://www.flcompanyregistry.com/companies/mli-trading-llc/,,MLI Trading LLC,Authorized Member,employment,Industry,Other,latest_employment,One reviewed latest employment or organizational role is used as the destination.,2020,,,https://cphof.org/profile/ioi:271;https://stats.ioinformatics.org/people/271;https://www.flcompanyregistry.com/companies/mli-trading-llc/,3,cphof;verified,"The active Florida company record names rare exact-name Arman Prashev as MLI Trading's sole authorized member and registered agent and records a 2026 annual filing. The exact name and age-compatible chronology strongly match Kazakhstan's 1998-2000 IOI entrant, but no reviewed source explicitly joins the US business record to the Olympiad result."
kaz-7774ad796e6c,Askerbek Zhaxylykov,Askerbek Zhaksylykov;Askerbek Zhaxylykov,IChO,1998,1998,1998,Bronze medal,career,probable,1.0,verified,https://pk.adata.kz/counterparty/main/company/130240002623/basic-info,,KAZGEOSERVICE,Head,employment,Industry,Leadership,latest_employment,One reviewed latest employment or organizational role is used as the destination.,,,,https://pk.adata.kz/counterparty/main/company/130240002623/basic-info;https://www.icho-official.org/results/country_info.php?country=Kazakhstan,2,verified,"The official IChO registry identifies Kazakhstan's exact-name 1998 bronze medalist. A reviewed Kazakhstan chemistry-Olympiad history records that Askerbek Zhaxylykov entered Moscow State University's chemistry faculty, while the exact-name public career profile independently says he graduated from that faculty, lives and works in Almaty, and worked in oil-sector logistics. Kazakhstan's current company-registry record names Askerbek Bolatovich Zhaksylykov as head of Almaty oil-services company KAZGEOSERVICE. The rare name, matching MSU chemistry history, city, and sector make this a strong match, but no single source explicitly joins the Olympiad entrant to the registry executive, so it remains probable."
kaz-d6415e08acc5,Beket Zhapbasbay,Beket Zhapbasbay,IOI,1998,1998,1998,,career,confirmed,1.0,verified,https://rcez.kz/departmentdirectorinformationsecurity,,Republican Center for Electronic Health,"Director, Information Security and Personal Data Protection Department",employment,Industry,Leadership,latest_employment,One reviewed latest employment or organizational role is used as the destination.,2021,,,https://cphof.org/profile/ioi:331;https://orcid.org/0009-0003-0918-765X;https://rcez.kz/departmentdirectorinformationsecurity;https://stats.ioinformatics.org/people/331,4,cphof;orcid;verified,"The official health IT center profile identifies Beket Zhapbasbay and documents his current department-director role, applied-mathematics education, and earlier Kazakhstan IT work; the rare exact name and reviewed 2001 NSU programming result bridge the profile to the accepted 1998 IOI identity.; Destination review: The official center profile identifies Beket as the current director of its Information Security and Personal Data Protection Department, a role begun in 2021."
kaz-679b5f1e598a,Bulat Biizhanov,Bulat Biizhanov,IChO,1998,1998,1998,Participant,career,probable,1.0,verified,https://linkedin.com/in/bulat-biizhanov-b4051a30,https://linkedin.com/in/bulat-biizhanov-b4051a30,Lindström,Sales Director,employment,Industry,Leadership,latest_employment,One reviewed latest employment or organizational role is used as the destination.,2022,,,https://linkedin.com/in/bulat-biizhanov-b4051a30;https://www.icho-official.org/results/country_info.php?country=Kazakhstan,2,verified,"The rare exact-name Kazakhstan profile places him at Kostanay Kazakh-Turkish Lyceum in 1994-1998, ending in the IChO year, and documents his current Lindstrom sales-director role; no source explicitly identifies the professional as the IChO contestant"
kaz-9f8b5c60daf2,Kairat Akhmetov,Kairat Akhmetov,IPhO,1998;1999,1998,1999,Bronze Medal;Honourable Mention,career,confirmed,1.0,verified,https://www.apple-events.com/events/central-eurasian-venture-forum-2024,https://kz.linkedin.com/in/kairatakhmetov,Freedom Telecom,Chief Executive Officer,employment,Industry,Other,latest_employment,One reviewed latest employment or organizational role is used as the destination.,2023,,,https://ipho-unofficial.org/countries/KAZ/individual;https://kz.linkedin.com/in/kairatakhmetov;https://openalex.org/A5143710020;https://orcid.org/0000-0001-7188-5422;https://orcid.org/0000-0002-8807-536X;https://orcid.org/0000-0003-3354-4023;https://orcid.org/0009-0001-6556-1939;https://www.apple-events.com/events/central-eurasian-venture-forum-2024;https://www.wikidata.org/wiki/Q62626570,9,openalex;orcid;verified;wikidata,The venture-forum biography explicitly links the Freedom Telecom CEO and MIPT graduate to the 1998 and 1999 IPhO appearances and Asian Physics Olympiad gold
kaz-b41761cae333,Kirill Panov,Kirill Panov,IMO,1998,1998,1998,,career,unmatched,,,,,,,,Unknown,Other,none,No reviewed destination is available.,,,,,0,,
kaz-3dd740673c5d,Maxat Aipanov,Maxat Aipanov,IOI,1998,1998,1998,,career,confirmed,1.0,verified,https://kz.linkedin.com/in/maxat-aipanov-192903a3,https://kz.linkedin.com/in/maxat-aipanov-192903a3,Kcell,Head of Intelligent Systems Development,employment,Industry,Leadership,latest_employment,One reviewed latest employment or organizational role is used as the destination.,2026,,,https://cphof.org/profile/ioi:1516;https://kz.linkedin.com/in/maxat-aipanov-192903a3,2,cphof;verified,CPHOF links the Kazakhstan IOI record and the distinctive public profile lists Kcell plus matching software and data-warehouse education and experience; Destination review: The accepted profile shows an April 2026 promotion from Data Warehouse Expert to Head of Intelligent Systems Development.
kaz-253b9dc2b33d,Nurlan Algashev,Nurlan Algashev,IBO,1998;1999,1998,1999,,career,probable,1.0,verified,https://www.who.int/docs/librariesprovider2/default-document-library/prep-2.0-ms-informationsession-26september---meetingreport-infodocwithannexes.pdf?download=true&sfvrsn=39b0c7a1_1,https://linkedin.com/in/nurlan-algashov,WHO Regional Office for Europe,Technical Officer,employment,Industry,Other,latest_employment,One reviewed latest employment or organizational role is used as the destination.,2018,,,https://linkedin.com/in/nurlan-algashov;https://www.ibo-info.org/files/downloads/results-reports/results/IBO1999.pdf;https://www.who.int/docs/librariesprovider2/default-document-library/prep-2.0-ms-informationsession-26september---meetingreport-infodocwithannexes.pdf?download=true&sfvrsn=39b0c7a1_1,3,verified,The rare Algashov transliteration exact Kazakhstan profile begins an MD in 1999 immediately after the IBO appearances and continues through Nazarbayev University medicine into WHO public-health work; no source explicitly joins the Olympiad and career records.
kaz-f2b0c2f36f45,Nurzhan Ustemirov,Nurzhan Ustemirov,IChO,1998,1998,1998,Participant,career,confirmed,1.0,verified,https://www.linkedin.com/in/nurzhan,https://www.linkedin.com/in/nurzhan,DFlow,Solana Rust Developer,employment,Industry,Software & AI,latest_employment,One reviewed latest employment or organizational role is used as the destination.,2025,,,https://github.com/nustemirov;https://openalex.org/A5002212308;https://www.icho-official.org/results/country_info.php?country=Kazakhstan;https://www.linkedin.com/in/nurzhan,4,github;openalex;verified,The rare exact-name IChO record connects through an Iowa State master's thesis and Ames Laboratory paper to the same Iowa State education and Kazakh language on his current DFlow profile; Destination review: The accepted profile lists a current DFlow Solana Rust development role from February 2025.
kaz-07b1a7ba2159,Renat Shaimardanov,Renat Shaimardanov,IOI,1998,1998,1998,,career,probable,1.0,verified,https://linkedin.com/in/renatshaimardanov,https://linkedin.com/in/renatshaimardanov,Agregator,Owner and CEO,employment,Industry,Other,latest_employment,One reviewed latest employment or organizational role is used as the destination.,2012,,,https://codeforces.com/profile/renat.shaimardanov;https://cphof.org/profile/ioi:1953;https://github.com/srenat;https://linkedin.com/in/renatshaimardanov;https://openalex.org/A5085884395;https://stats.ioinformatics.org/people/1953,6,codeforces;cphof;github;openalex;verified,"The rare exact-name Kazakhstan profile begins computer-science study at KazNU in the 1998 IOI year and identifies Agregator as his current company, matching the independently linked Kazakhstan CPHOF and GitHub identity; no source explicitly joins the professional to the IOI contestant"
kaz-c41cd38943e8,Rustam Timirbekov,Rustam Timirbekov,IMO,1998;1999,1998,1999,Bronze medal;Honourable mention,career,probable,1.0,verified,https://linkedin.com/in/%D1%80%D1%83%D1%81%D1%82%D0%B0%D0%BC-%D1%82%D0%B5%D0%BC%D0%B8%D1%80%D0%B1%D0%B5%D0%BA%D0%BE%D0%B2-65269287,https://linkedin.com/in/%D1%80%D1%83%D1%81%D1%82%D0%B0%D0%BC-%D1%82%D0%B5%D0%BC%D0%B8%D1%80%D0%B1%D0%B5%D0%BA%D0%BE%D0%B2-65269287,Astana Motors,Head of IT Department,employment,Industry,Leadership,latest_employment,One reviewed latest employment or organizational role is used as the destination.,2013,,,https://linkedin.com/in/%D1%80%D1%83%D1%81%D1%82%D0%B0%D0%BC-%D1%82%D0%B5%D0%BC%D0%B8%D1%80%D0%B1%D0%B5%D0%BA%D0%BE%D0%B2-65269287;https://www.imo-official.org/results/contestant/5338/,2,verified,The Timirbekov and Temirbekov vowel variant is an exact rare Kazakhstan name and the public profile lists KTL education plus an age-compatible senior IT career; no source explicitly joins the profile to the 1998 and 1999 IMO participant.
kaz-c898d5674745,Adil Baiguzhin,Adil Baiguzhin,IChO,1999,1999,1999,Participant,career,probable,1.0,verified,https://kz.linkedin.com/in/adil-baiguzhin-9786aa9,https://kz.linkedin.com/in/adil-baiguzhin-9786aa9,chem.kz,Manager,employment,Industry,Leadership,latest_employment,One reviewed latest employment or organizational role is used as the destination.,2008,,,https://eko.ut.ee/pdf/icho/icho1999r.pdf;https://kz.linkedin.com/in/adil-baiguzhin-9786aa9,2,verified,"The rare exact name links Kazakhstan's 1999 IChO result to chemistry study at KazNU beginning that year and MSU immediately afterward, followed by a long chem.kz career; no source explicitly states that the professional profile belongs to the IChO entrant"
kaz-69e7f14df70f,Alexey Doktorovich,Alexey Doctorovich;Alexey Doktorovich,IMO,1999,1999,1999,Bronze medal,career,probable,1.0,verified,https://www.linkedin.com/pub/dir/%2B/Doctorovich,,Microsoft,Microsoft Employee,employment,Industry,Other,latest_employment,One reviewed latest employment or organizational role is used as the destination.,2009,,,https://www.imo-official.org/results/contestant/5610/;https://www.linkedin.com/pub/dir/%2B/Doctorovich,2,verified,"Official IMO records identify Alexey Doktorovich as Kazakhstan's 1999 bronze medalist and Israel's exact-name 2000 bronze medalist. LinkedIn's public directory identifies the rare Doctorovich spelling in Israel at Microsoft, while an archived 2009 Microsoft corporate mailing-list post independently names Alexey Doctorovich. The sources do not expose a formal title or explicitly mention his Olympiad record, so the career match remains probable and the role is deliberately generic."
kaz-abe907ea7b16,Alibek Aldangarov,Alibek Aldangarov,IMO,1999;2000;2001,1999,2001,Gold medal;Honourable mention,career,confirmed,1.0,verified,https://onpointanalytics.com/staff/alibek-aldangarov/,https://www.linkedin.com/in/alibek-a-124731244/,OnPoint Analytics,Consultant,employment,Industry,Other,latest_employment,One reviewed latest employment or organizational role is used as the destination.,2024,,,https://onpointanalytics.com/staff/alibek-aldangarov/;https://www.imo-official.org/country_individual_r.aspx?code=KAZ;https://www.linkedin.com/in/alibek-a-124731244/,3,verified,Official IMO results establish the olympiad identity; OnPoint confirms the consultant role and MIT and Columbia education; the reviewed LinkedIn profile independently lists the same employer and education plus a January 2024 consultant start
kaz-f9ab6cbeaa06,Andrey Sapronov,Andrey Sapronov,IPhO,1999,1999,1999,Silver Medal,career,confirmed,1.0,verified,https://upload.wikimedia.org/wikipedia/commons/9/9f/%D2%B0%D0%9B%D0%AB%D0%9C%D0%94%D0%AB_%D0%A2%D0%90%D0%9D%D0%A3.pdf,https://linkedin.com/in/andrey-sapronov,Karlsruhe Institute of Technology (KIT),Data Scientist,employment,Academia,Research & Academia,latest_employment,One reviewed latest employment or organizational role is used as the destination.,2023,,,https://ipho-unofficial.org/countries/KAZ/individual;https://linkedin.com/in/andrey-sapronov;https://orcid.org/0000-0001-7569-2548;https://upload.wikimedia.org/wikipedia/commons/9/9f/%D2%B0%D0%9B%D0%AB%D0%9C%D0%94%D0%AB_%D0%A2%D0%90%D0%9D%D0%A3.pdf,4,orcid;verified,"A published first-person memoir identifies Andrey Sapronov as an Almaty Daryn student who entered MIPT without exams as a 1999 international-olympiad participant and later became a JINR researcher; the official IPhO record supplies the matching Kazakhstan name and year, while his current profile preserves the MIPT and JINR publication trail and identifies his KIT data-science role"
kaz-326e69980428,Anton Nesveldin,Anton Nesveldin,IBO,1999;2000,1999,2000,Bronze,career,unmatched,,,,,,,,Unknown,Other,none,No reviewed destination is available.,,,,,0,,
kaz-bb641e236bb0,Danil Kravtsov,Danil Kravtsov,IOI,1999;2000,1999,2000,,career,probable,1.0,verified,https://improvado.io/blog-authors/daniel-kravtsov,https://www.linkedin.com/in/danielkravtsov,Improvado,CEO and Co-Founder,employment,Industry,Leadership,latest_employment,One reviewed latest employment or organizational role is used as the destination.,2017,,,https://cphof.org/profile/ioi:4829;https://github.com/DaisyKey;https://improvado.io/blog-authors/daniel-kravtsov;https://stats.ioinformatics.org/people/4829;https://www.linkedin.com/in/danielkravtsov,5,cphof;github;verified,The Improvado founder profile and company biography identify Daniel Kravtsov as current CEO in San Francisco; independent interviews describe a Temirtau-born programmer whose age matches the 1999-2000 IOI entrant. No reviewed source explicitly joins the career and Olympiad records.; Destination review: Improvado's current company biography identifies Daniel Kravtsov as CEO and co-founder; the career-to-IOI identity match remains probable and is documented separately.
kaz-1d49feff22fe,Dmitriy Gorbachev,Dmitriy Gorbachev,IOI,1999,1999,1999,,career,confirmed,1.0,cphof,https://cphof.org/profile/ioi:5480,,,,,Unknown,Other,none,No reviewed destination is available.,,,,https://cphof.org/profile/ioi:5480;https://github.com/bestleggins;https://github.com/dgorbachev;https://github.com/gorbachevdmitr;https://openalex.org/A5044903043;https://openalex.org/A5102067479;https://www.wikidata.org/wiki/Q102430205,7,cphof;github;openalex;wikidata,profile=ioi:5480; country=Kazakhstan; contest=IOI
kaz-f29c25aa7066,Kirill Mayerle,Kirill Mayerle,IChO,1999,1999,1999,Bronze medal,career,probable,1.0,verified,https://crei.skoltech.ru/cpse/people/,https://linkedin.com/in/kirillmaerle,Skoltech,Research Scientist,employment,Industry,Research & Academia,latest_employment,One reviewed latest employment or organizational role is used as the destination.,2012,,,https://crei.skoltech.ru/cpse/people/;https://linkedin.com/in/kirillmaerle;https://www.chem.msu.ru/rus/olimpiad/olimp99/priz.html,3,verified,MSU's official 1999 Mendeleev results identify the rare Maerle spelling as an 11th-grade Kazakhstan chemistry winner and the public profile begins MSU chemistry study that same year before a continuous research career now documented by Skoltech; no source explicitly names his IChO medal.
kaz-573a15d54faa,Kuanysh Yergalivey,Kuanysh Yergalivey;Kuanysh Yergaliyev,IBO,1999;2000,1999,2000,Bronze,career,confirmed,1.0,verified,https://research.nu.edu.kz/en/persons/kuanysh-yergaliyev,,Nazarbayev University,Assistant Professor of Practice in the School of Medicine,employment,Academia,Research & Academia,latest_employment,One reviewed latest employment or organizational role is used as the destination.,2024,,,https://orcid.org/0000-0001-6563-802X;https://orcid.org/0000-0001-9350-984X;https://orcid.org/0009-0006-9829-4845;https://research.nu.edu.kz/en/persons/kuanysh-yergaliyev;https://www.ibo-info.org/files/downloads/results-reports/results/IBO2000.pdf,5,orcid;verified,The adjacent 1999 and 2000 official IBO records align with the exact-name ORCID medical training timeline and Nazarbayev University's current faculty profile
kaz-0647e630efc7,Nurbol Kisembaev,Nurbol Kisembaev,IBO,1999,1999,1999,Bronze,career,probable,1.0,verified,https://kmgpetrochem.kz/ru/news/102-2024-08-29,https://linkedin.com/in/nurbol-kissembayev-44017720,KMG PetroChem,Director of Contracts,employment,Industry,Leadership,latest_employment,One reviewed latest employment or organizational role is used as the destination.,2024,,,https://kmgpetrochem.kz/ru/news/102-2024-08-29;https://linkedin.com/in/nurbol-kissembayev-44017720;https://www.ibo-info.org/files/downloads/results-reports/results/IBO1999.pdf,3,verified,The rare Kissembayev transliteration exact Kazakhstan profile begins university in 1999 immediately after the IBO medal and its long legal career matches current official KMG PetroChem and KazBar records for Nurbol Akylbekovich Kissembayev; no source explicitly joins the Olympiad and career records.
kaz-64365e0c312d,Nurzhan Nagashbekov,Nurzhan Nagashbekov,IChO,1999,1999,1999,Participant,career,probable,0.8,orcid,https://orcid.org/0009-0007-2656-9739,,Al-Farabi Kazakh National University,PhD student,employment,Academia,Student,latest_employment,One reviewed latest employment or organizational role is used as the destination.,2023,,KZ,https://orcid.org/0009-0007-2656-9739,1,orcid,orcid=0009-0007-2656-9739; current_affiliation=Al-Farabi Kazakh National University; role=PhD student; Al-Farabi Kazakh National University; PhD student; Political Science; 2023
kaz-0606abc1583b,Shirali Kadyrov,Shirali Kadyrov,IMO,1999,1999,1999,Bronze medal,career,confirmed,1.0,verified,https://linkedin.com/in/shirali-kadyrov-0731b6217,https://linkedin.com/in/shirali-kadyrov-0731b6217,New Uzbekistan University,Associate Professor of Mathematics,employment,Academia,Research & Academia,latest_employment,One reviewed latest employment or organizational role is used as the destination.,2024,,,https://github.com/shiralikadyrov;https://linkedin.com/in/shirali-kadyrov-0731b6217;https://openalex.org/A5029144735;https://openalex.org/A5140608942;https://orcid.org/0000-0002-8352-2597;https://www.imo-official.org/team_r.aspx?code=KAZ&year=1999;https://www.wikidata.org/wiki/Q102371253;https://www.wikidata.org/wiki/Q95604376,8,github;openalex;orcid;verified;wikidata,The rare exact-name public profile corroborates the current New Uzbekistan University mathematics appointment already linked through his claimed ORCID and publication record; the official IMO page confirms the Kazakhstan contestant
kaz-f3c66de0174f,Ulan Mukashev,Ulan Mukashev,IMO,1999;2000,1999,2000,Bronze medal;Honourable mention,career,confirmed,1.0,verified,https://kg.linkedin.com/in/ulan-mukashev-59771a2b,https://kg.linkedin.com/in/ulan-mukashev-59771a2b,Kumtor Gold Company,"Manager, Site Administration",employment,Industry,Leadership,latest_employment,One reviewed latest employment or organizational role is used as the destination.,2021,,,https://kg.linkedin.com/in/ulan-mukashev-59771a2b;https://openalex.org/A5004694719;https://www.imo-official.org/results/contestant/5752/,3,openalex;verified,"His accepted profile explicitly lists the 1999 IMO honorable mention and 2000 IMO bronze medal and now identifies two ongoing Kumtor Gold Company roles in Kyrgyzstan. The November 2021 Manager, Site Administration role is used as the single destination because it is the later and more senior of the concurrent roles; the older Kuwait Oil Company profile is superseded."
kaz-21cc95b51c33,Yaroslav Alexandrov,Yaroslav Alexandrov,IPhO,1999,1999,1999,Honourable Mention,career,unmatched,,,,,,,,Unknown,Other,none,No reviewed destination is available.,,,,,0,,
kaz-ccdb407317c8,Yerkebulan Tulibergenov,Yerkebulan Tulibergenov,IOI,1999,1999,1999,,career,confirmed,1.0,verified,https://www.linkedin.com/in/yerkebulant,https://www.linkedin.com/in/yerkebulant,Square,Staff Software Engineer,employment,Industry,Software & AI,latest_employment,One reviewed latest employment or organizational role is used as the destination.,,,,https://cphof.org/profile/ioi:5481;https://github.com/yerke;https://www.linkedin.com/in/yerkebulant,3,cphof;github;verified,CPHOF establishes the IOI identity and the public professional profile plus current employee directory agree on Square and software engineering
kaz-fc8646c120d2,Zhandos Yessenbayev,Zhandos Yessenbayev,IMO,1999;2000,1999,2000,Bronze medal,career,confirmed,1.0,verified,https://international.binus.ac.id/binus-people/zhandos-yessenbayev-b-sc-m-sc-ph-d/,,BINUS University,Subject Content Coordinator of Computer Science Program,employment,Academia,Software & AI,latest_employment,One reviewed latest employment or organizational role is used as the destination.,,,,https://international.binus.ac.id/binus-people/zhandos-yessenbayev-b-sc-m-sc-ph-d/;https://openalex.org/A5015103840;https://orcid.org/0000-0002-6322-3848;https://www.imo-official.org/country_individual_r.aspx?code=KAZ&column=name&order=desc,4,openalex;orcid;verified,Official IMO results and university staff page agree on the rare exact name
kaz-d7f55daeca5c,Zhanybek Alpichshev,Zhanybek Alpichshev,IPhO,1999,1999,1999,Bronze Medal,career,confirmed,1.0,verified,https://ist.ac.at/wp-content/uploads/2023/09/cv_alpichshev_010923.pdf,https://at.linkedin.com/in/zhanybek-alpichshev-41bb4b207,Institute of Science and Technology Austria,Assistant Professor,employment,Academia,Research & Academia,latest_employment,One reviewed latest employment or organizational role is used as the destination.,2018,,,https://at.linkedin.com/in/zhanybek-alpichshev-41bb4b207;https://ist.ac.at/wp-content/uploads/2023/09/cv_alpichshev_010923.pdf;https://openalex.org/A5009913548;https://openalex.org/A5041419575;https://openalex.org/A5128444948;https://www2.pd.infn.it/Olifis/bronze.htm,6,openalex;verified,The rare exact-name 1999 IPhO record aligns with the MIPT and Stanford physics timeline in his institutional CV which lists the current ISTA assistant professorship
kaz-1c91927cfc70,Anuar Kaumbayev,Anuar Kaumbayev,IMO,2000,2000,2000,Bronze medal,career,probable,1.0,verified,https://sgholding.kz/kz/sotrudniki/,,SG Beton,Acting Plant Director,employment,Industry,Leadership,latest_employment,One reviewed latest employment or organizational role is used as the destination.,,,,https://sgholding.kz/kz/sotrudniki/;https://www.imo-official.org/results/contestant/6134/,2,verified,"The official IMO record identifies Kazakhstan's exact-name 2000 bronze medalist. Istanbul Technical University's 2006 petroleum and natural gas internship roster then identifies an exact-name student, and SG Holding's current staff page names Anuar Nurlanovich Kaumbayev as Acting Director of its SG Beton plant. The rare exact name, age-compatible university chronology, technical-to-industrial career path, and Kazakhstan return make the chain strong, but no single reviewed source explicitly joins the Olympiad entrant to the full-patronymic executive, so the identity remains probable.; Destination review: SG Holding's current staff page explicitly lists Anuar Nurlanovich Kaumbayev as Acting Director of the SG Beton plant. SG Beton is used as the single displayed destination; the separate SG Sand Quarry registry directorship remains supporting corporate evidence rather than a second destination."
kaz-1e390288b2cc,Danil Murtazin,Danil Murtazin,IPhO,2000;2001,2000,2001,Gold Medal;Honourable Mention,career,unmatched,,,,,,,,Unknown,Other,none,No reviewed destination is available.,,,,,0,,
kaz-afd3a80b5994,Igor Ganichev,Igor Ganichev,IMO,2000;2001;2002,2000,2002,Gold medal;Silver medal,career,confirmed,1.0,verified,https://www.linkedin.com/in/igor-ganichev-067bba16,https://www.linkedin.com/in/igor-ganichev-067bba16,Private hedge fund,Quantitative Researcher,employment,Industry,Economics & Finance,latest_employment,One reviewed latest employment or organizational role is used as the destination.,,,,https://github.com/iganichev;https://openalex.org/A5030915482;https://www.imo-official.org/country_individual_r.aspx?code=KAZ&column=year&order=desc&gender=hide&nameform=western;https://www.linkedin.com/in/igor-ganichev-067bba16,4,github;openalex;verified,His current public profile explicitly lists one gold and two silver IMO medals while MIT identifies his hometown as Glubokoe in East Kazakhstan and the profile now places him at a private hedge fund; Destination review: The accepted profile specifies Quantitative Researcher at a private hedge fund rather than the generic Researcher summary.
kaz-d1a89ad778a3,Nurzhan Bakibayev,Nurzhan Bakibayev,IOI,2000;2001;2002,2000,2002,Bronze,career,confirmed,1.0,verified,https://linkedin.com/in/hypuk,https://linkedin.com/in/hypuk,Jane Street,Software Engineer,employment,Industry,Software & AI,latest_employment,One reviewed latest employment or organizational role is used as the destination.,,,,https://cphof.org/profile/topcoder:Hypuk;https://github.com/Hypuk;https://linkedin.com/in/hypuk;https://openalex.org/A5064536910;https://www.wikidata.org/wiki/Q135258838,5,cphof;github;openalex;verified;wikidata,The professional profile uses the same distinctive Hypuk handle as the linked Topcoder and GitHub identity and repeats the KBTU education recorded by CPHOF while listing a current Jane Street software-engineering role
kaz-5da1ec7d4068,Rustem Takhanov,Rustem Takhanov,IMO,2000,2000,2000,Bronze medal,career,confirmed,1.0,verified,https://linkedin.com/in/rustem-takhanov-7907149,https://linkedin.com/in/rustem-takhanov-7907149,Nazarbayev University,Assistant Professor,employment,Academia,Research & Academia,latest_employment,One reviewed latest employment or organizational role is used as the destination.,2015,,,https://github.com/k-nic;https://linkedin.com/in/rustem-takhanov-7907149;https://openalex.org/A5029285634;https://orcid.org/0000-0001-7405-8254;https://www.imo-official.org/team_r.aspx?code=KAZ&year=2000;https://www.wikidata.org/wiki/Q102405659,6,github;openalex;orcid;verified;wikidata,The rare exact-name academic profile identifies a current Nazarbayev University assistant professorship and matches the existing claimed ORCID and publication record; the official IMO page confirms the Kazakhstan contestant
kaz-a9c48be9eff3,Semen Shkilevich,Semen Shkilevich,IOI,2000;2001,2000,2001,Bronze,career,probable,1.0,verified,https://sessionize.com/simon-shkilevich/,https://il.linkedin.com/in/simonshkilevich,Vi,DevOps and MLOps Tech Lead,employment,Industry,Other,latest_employment,One reviewed latest employment or organizational role is used as the destination.,,,,https://cphof.org/profile/ioi:2074;https://il.linkedin.com/in/simonshkilevich;https://sessionize.com/simon-shkilevich/;https://stats.ioinformatics.org/people/2074,4,cphof;verified,The rare-surname Simon Shkilevich profile identifies a current Vi Labs DevOps and MLOps leadership role in Tel Aviv and is consistent with Semen as an adopted-name variant. No reviewed source explicitly joins it to the 2000-2001 IOI record.; Destination review: The current speaker profile identifies Simon Shkilevich as Vi's DevOps and MLOps Tech Lead in Tel Aviv; the Semen-to-Simon identity match remains probable and is documented separately.
kaz-60a5906be728,Sergey Gussak,Sergey Gussak,IChO,2000,2000,2000,Bronze medal,career,probable,1.0,verified,https://www.dnb.com/business-directory/company-profiles.ceptah_solutions_pty_ltd.6d2cbb94973965a2a5a472d5d4547de2.html,,Ceptah Solutions,Director,employment,Industry,Leadership,latest_employment,One reviewed latest employment or organizational role is used as the destination.,,,,https://rmebrk.kz/bilim/syrdariya/bekishev.audhimolimp.pdf;https://www.dnb.com/business-directory/company-profiles.ceptah_solutions_pty_ltd.6d2cbb94973965a2a5a472d5d4547de2.html,2,verified,"The official IChO registry records Kazakhstan's exact-name 2000 bronze medalist, and a reviewed Kazakhstan chemistry-Olympiad history places the grade-11 student at a Kostanay lyceum that year. A Czech registry extract then records the same rare name and a Karaganda address as a 15% shareholder in a software-named company from 2003 to 2008. Atlassian names Sergey Gussak of Ceptah Solutions in a 2010 product demonstration; Ceptah says it has operated in Sydney since 2009; and a current Dun & Bradstreet company record names Sergey Gussak as Ceptah Solutions' director in New South Wales. The chronology, rare exact name, Kazakhstan bridge, and software continuity make the match strong, but no reviewed source explicitly joins the IChO entrant to Ceptah, so it remains probable."
kaz-84154f378216,Yerbol Kurmangaliyev,Yerbol Kurmangaliyev,IBO,2000,2000,2000,Silver,career,confirmed,1.0,verified,https://www.brandeis.edu/biology/faculty/kurmangaliyev-yerbol.html,,Brandeis University,Assistant Professor of Biology,employment,Academia,Research & Academia,latest_employment,One reviewed latest employment or organizational role is used as the destination.,2023,,,https://github.com/Yerbol-Kurmangaliyev;https://orcid.org/0000-0003-4829-2025;https://www.brandeis.edu/biology/faculty/kurmangaliyev-yerbol.html;https://www.ibo-info.org/files/downloads/results-reports/results/IBO2000.pdf;https://www.wikidata.org/wiki/Q91117387,5,github;orcid;verified;wikidata,The rare exact-name official IBO record aligns with a self-asserted ORCID timeline and Brandeis's current faculty page for its assistant professor of biology
kaz-cae8a8caf16a,Yerokhin Maxim,Yerokhin Maxim,IBO,2000;2001,2000,2001,Bronze,career,confirmed,1.0,verified,https://www.genebiology.ru/ob-institute/sotrudniki/erokhin-maksim-maksimovich/,,"Institute of Gene Biology, Russian Academy of Sciences","Leading Researcher and Head, Chromatin Biology Group",employment,Academia,Research & Academia,latest_employment,One reviewed latest employment or organizational role is used as the destination.,2023,,,https://kazpravda.kz/n/uchebnik-s-avtografom/;https://www.genebiology.ru/ob-institute/sotrudniki/erokhin-maksim-maksimovich/,2,verified,Kazakhstanskaya Pravda explicitly identifies Maxim Erokhin as Kazakhstan's 2000 and 2001 IBO bronze medalist and an Institute of Gene Biology scientist; the institute's current staff page lists him as leading researcher and head of its Chromatin Biology Group.
kaz-197ec90e92c1,Yuriy Kudryavtsev,Yuriy Kudryavtsev,IChO,2000,2000,2000,Participant,career,confirmed,1.0,verified,https://rmebrk.kz/bilim/syrdariya/bekishev.audhimolimp.pdf,,,,,Unknown,Other,history_only,"Completed or undated education is retained as alma-mater/history evidence, not as a destination.",,,,https://rmebrk.kz/bilim/syrdariya/bekishev.audhimolimp.pdf;https://www.icho-official.org/results/country_info.php?country=Kazakhstan,2,verified,"A reviewed Kazakhstan chemistry-Olympiad history table directly identifies exact-name 2000 IChO participant Yuriy Kudryavtsev and records Moscow State University's Faculty of Chemistry as the university where he enrolled. The 2000 end bound is the latest documented year, not a claim that the degree ended that year; no current occupation was found."
kaz-36fb8d2c335b,Zeinul-Gabiden Kazhkenov,Zeinul-Gabiden Kazhkenov,IChO,2000;2001,2000,2001,Bronze medal;Participant,career,confirmed,1.0,verified,https://kz.linkedin.com/in/zeinul-gabiden-kazhkenov-23203052,https://kz.linkedin.com/in/zeinul-gabiden-kazhkenov-23203052,Polymer Production,Financial Director,employment,Industry,Leadership,latest_employment,One reviewed latest employment or organizational role is used as the destination.,2020,2021,,https://kz.linkedin.com/in/zeinul-gabiden-kazhkenov-23203052;https://openalex.org/A5064386650;https://www.icho-official.org/results/country_info.php?country=Kazakhstan,3,openalex;verified,The unique full name in the 2000 and 2001 IChO records matches Moscow State and Minnesota chemistry publications and a current Kazakhstan profile showing Cornell education and Polymer Production; Destination review: The profile identifies Financial Director as the latest disclosed Polymer Production role and dates it September 2020 to October 2021.
kaz-f0c3ebfd6e9a,Aman Zhumekeshov,Aman Zhumekeshov,IMO,2001;2002,2001,2002,Bronze medal;Gold medal,career,confirmed,1.0,verified,https://kz.linkedin.com/in/aman-zhumekeshov-a9156630,https://kz.linkedin.com/in/aman-zhumekeshov-a9156630,ENERGY Insights & Analytics,Associate Partner,employment,Industry,Other,latest_employment,One reviewed latest employment or organizational role is used as the destination.,2024,,,https://kz.linkedin.com/in/aman-zhumekeshov-a9156630;https://openalex.org/A5003329876;https://orcid.org/0000-0002-5437-138X,3,openalex;orcid;verified,The exact-name public profile explicitly lists his 2001 IMO gold medal and current associate-partner role at ENERGY Insights & Analytics; the official IMO record independently confirms his Kazakhstan appearances
kaz-c9401ed42eb0,Anuar Nurtazin,Anuar Nurtazin,IChO,2001;2002;2003,2001,2003,Participant;Silver medal,career,confirmed,1.0,verified,https://kz.linkedin.com/in/anuarnurtazin01,https://kz.linkedin.com/in/anuarnurtazin01,SOE Centre for Olympic Training in Wrestling,Business and Financial Manager,employment,Academia,Leadership,latest_employment,One reviewed latest employment or organizational role is used as the destination.,,,,https://kz.linkedin.com/in/anuarnurtazin01;https://openalex.org/A5118766857;https://orcid.org/0000-0002-3563-2644;https://www.icho-official.org/results/country_info.php?country=Kazakhstan,4,openalex;orcid;verified,His current public profile explicitly recalls representing Kazakhstan at IChO and a 2026 government-cited report names him national chemistry-team coach while the profile lists his current management organization
kaz-5e6bd77516c5,Askarbek Zadauly,Askarbek Zadauly,IOI,2001,2001,2001,,career,confirmed,1.0,verified,https://linkedin.com/in/askarbek-zadauly-264b8662,https://linkedin.com/in/askarbek-zadauly-264b8662,ZINE,Frontend Developer,employment,Industry,Software & AI,latest_employment,One reviewed latest employment or organizational role is used as the destination.,2017,,,https://cphof.org/profile/ioi:4958;https://github.com/Ascarbek;https://linkedin.com/in/askarbek-zadauly-264b8662,3,cphof;github;verified,The rare exact-name Almaty profile begins applied mathematics at KazNU in the 2001 IOI year and lists a current ZINE frontend role; CPHOF independently links the Kazakhstan contestant to the official IOI record
kaz-fae12779c8ad,Baurzhan Bektemirov,Baurzhan Bektemirov,IMO,2001;2002;2003,2001,2003,Gold medal;Silver medal,career,confirmed,1.0,verified,https://conference.cba.am/,https://kz.linkedin.com/in/bbektemir,Freedom Horizons,"Vice President, Global Markets",employment,Industry,Other,latest_employment,One reviewed latest employment or organizational role is used as the destination.,,,,https://conference.cba.am/;https://kz.linkedin.com/in/bbektemir;https://ulysmedia.kz/news/46115-legenda-kazakhskoi-matematiki-chto-izvestno-o-baurzhane-bektemirove/amp,3,verified,"A retrospective explicitly joins Bektemirov to Kazakhstan's 2001, 2002, and 2003 IMO team and his Harvard mathematics studies; the Central Bank of Armenia's current conference biography identifies him as Vice President for Global Markets at Freedom Horizons and recounts a coherent prior career"
kaz-6fa4b627983f,Gabit Bekakhmetov,Bekakhmetov Gabit,IBO,2001;2002,2001,2002,Silver,career,confirmed,1.0,verified,https://www.paradigms.kz/en,,Paradigm Shift,Managing Partner,employment,Industry,Other,latest_employment,One reviewed latest employment or organizational role is used as the destination.,,,,https://www.ibo-info.org/files/downloads/results-reports/results/IBO2002.pdf;https://www.paradigms.kz/en,2,verified,The official 2001 and 2002 IBO records align with his documented 1984 birth year and 2003 Duke timeline while Paradigm Shift's current team page names him managing partner
kaz-f4f08ec984b8,Nikolay Berezhnoy,Berezhnoi Nikolay;Berezhnoy Nikolay,IBO,2001;2002,2001,2002,Bronze,career,confirmed,1.0,verified,https://research.nu.edu.kz/en/persons/nikolay-berezhnoy/,,Nazarbayev University,Senior Researcher in Bioengineering and Regenerative Medicine,employment,Academia,Research & Academia,latest_employment,One reviewed latest employment or organizational role is used as the destination.,,,,https://research.nu.edu.kz/en/persons/nikolay-berezhnoy/;https://www.ibo-info.org/files/downloads/results-reports/results/IBO2002.pdf,2,verified,The adjacent 2001 and 2002 official IBO records align with the rare exact-name Kazakhstan researcher and the biological field on Nazarbayev University's current staff profile
kaz-9bc854d0232a,Denis Atrashenko,Denis Atrashenko,IPhO,2001,2001,2001,Honourable Mention,career,unmatched,,,,,,,,Unknown,Other,none,No reviewed destination is available.,,,,,0,,
kaz-58dea61d1101,Denis Ivanov,Denis Ivanov,IOI,2001,2001,2001,,career,confirmed,1.0,cphof,https://cphof.org/profile/ioi:4957,,,,,Unknown,Other,none,No reviewed destination is available.,,,,https://cphof.org/profile/ioi:4957;https://github.com/DenQ;https://github.com/denis-ivanov;https://github.com/denisivan0v;https://github.com/jumph4x;https://github.com/pcheliniy;https://openalex.org/A5024573934;https://orcid.org/0000-0001-5292-0667;https://orcid.org/0000-0001-6553-8133;https://orcid.org/0000-0001-6757-5587;https://orcid.org/0000-0001-7382-7330;https://orcid.org/0000-0001-7599-9240;https://orcid.org/0000-0001-8119-6831;https://orcid.org/0000-0001-8206-2915;https://orcid.org/0000-0001-8804-2333;https://orcid.org/0000-0002-0335-3333;https://orcid.org/0000-0002-0857-192X;https://orcid.org/0000-0002-1784-2170;https://orcid.org/0000-0002-4743-5090;https://orcid.org/0000-0002-5332-5103;https://orcid.org/0000-0002-8444-4412;https://orcid.org/0000-0003-1354-3648;https://orcid.org/0000-0003-1358-3981;https://orcid.org/0000-0003-2961-261X;https://orcid.org/0000-0003-3260-1268;https://orcid.org/0000-0003-4441-3272;https://orcid.org/0000-0003-4826-6847;https://orcid.org/0009-0000-4440-4865;https://orcid.org/0009-0000-6690-8335;https://orcid.org/0009-0004-0480-9613;https://orcid.org/0009-0004-2226-3634;https://orcid.org/0009-0004-7159-0156;https://orcid.org/0009-0006-6297-6078;https://orcid.org/0009-0006-6701-3449;https://orcid.org/0009-0008-1932-7499;https://orcid.org/0009-0008-7331-9721;https://www.wikidata.org/wiki/Q116496749;https://www.wikidata.org/wiki/Q136616370;https://www.wikidata.org/wiki/Q24025801;https://www.wikidata.org/wiki/Q5257292;https://www.wikidata.org/wiki/Q55653013;https://www.wikidata.org/wiki/Q59315209;https://www.wikidata.org/wiki/Q62036345;https://www.wikidata.org/wiki/Q87393898,44,cphof;github;openalex;orcid;wikidata,profile=ioi:4957; country=Kazakhstan; contest=IOI
kaz-8b03ffcc0625,Kambarov Yerkebulan,Kambarov Yerkebulan,IBO,2001;2002,2001,2002,Bronze,career,probable,1.0,verified,https://www.datacamp.com/portfolio/yerkekz,https://linkedin.com/in/yerkebulan-kambarov-b32aa160,Johnson & Johnson,EMEA Medical Program Lead,employment,Industry,Other,latest_employment,One reviewed latest employment or organizational role is used as the destination.,2020,,,https://linkedin.com/in/yerkebulan-kambarov-b32aa160;https://www.datacamp.com/portfolio/yerkekz;https://www.ibo-info.org/en/contest/past-ibos.html?file=files%2Fdownloads%2Fresults-reports%2Ffinal-reports%2FIBO-2002+report.pdf,3,verified,The rare reverse-order exact name repeat Kazakhstan IBO record medical degree beginning immediately afterward and self-authored portfolio support the current Johnson & Johnson medical-program profile; no source explicitly joins both records.
kaz-00408ca19291,Rashid Amirov,Rashid Amirov,IChO,2001,2001,2001,Honorable mention,career,probable,1.0,verified,https://www.rns-pdf.londonstockexchange.com/rns/5004Y_-2010-12-23.pdf,https://linkedin.com/in/rashidamirov,FINCRAFT Investment House,Chairman of the Board of Directors,employment,Industry,Leadership,latest_employment,One reviewed latest employment or organizational role is used as the destination.,2016,,,https://linkedin.com/in/rashidamirov;https://www.chem.msu.ru/rus/olimpiad/olimp001/silka5.htm;https://www.rns-pdf.londonstockexchange.com/rns/5004Y_-2010-12-23.pdf,3,verified,"Official 2001 Mendeleev and IChO records identify Rashid Amirov as a Kazakhstan chemistry contestant; a 2010 corporate prospectus describes a 26-year-old Rashid Amirov whose Atyrau work and 2005 Kazakh Economics University degree match the profile's 2001-2005 Narxoz timeline to current FINCRAFT leadership, but no source explicitly joins the identities"
kaz-0f9baaef8ac0,Sergey Umentayev,Sergey Umentayev,IMO,2001,2001,2001,Silver medal,career,confirmed,1.0,verified,https://www.linkedin.com/in/sergey-umentayev,https://www.linkedin.com/in/sergey-umentayev,ChooSmart,Founder and CEO,employment,Industry,Leadership,latest_employment,One reviewed latest employment or organizational role is used as the destination.,2023,,,https://www.imo-official.org/country_individual_r.aspx?code=KAZ;https://www.linkedin.com/in/sergey-umentayev,2,verified,Official IMO results and the public profile's explicit 2001 IMO silver medal establish identity while the same profile lists current ChooSmart founder and CEO work
kaz-ff5c7ff39c9d,Taskyn Shokanbay,Taskyn Shokanbay,IChO,2001,2001,2001,Bronze medal,career,confirmed,1.0,verified,https://app.qwoted.com/opportunities/event-12th-annual-summit-downstream-central-asia-and-caspian-2025,,Sulzer Chemtech,Director of Sales Caspian & Black Sea,employment,Industry,Leadership,latest_employment,One reviewed latest employment or organizational role is used as the destination.,,,,https://app.qwoted.com/opportunities/event-12th-annual-summit-downstream-central-asia-and-caspian-2025;https://openalex.org/A5056926393;https://openalex.org/A5132268199;https://www.icho-official.org/results/country_info.php?country=Kazakhstan,4,openalex;verified,The official IChO result is joined to his career by TUAT's 2003-04 Kazakhstan National University exchange roster and a 2010 Tokyo Tech chemical-engineering paper; a 2025 industry summit lists his current Sulzer Chemtech sales role
kaz-d1fb5b8f648d,Ulan Usserkulov,Ulan Usserkulov,IMO,2001,2001,2001,Honourable mention,career,probable,0.72,github,https://github.com/imuster,,,,,Unknown,Other,none,No reviewed destination is available.,,,,https://github.com/imuster,1,github,login=imuster; location=Astana
kaz-2c50f8bc247c,Viatcheslav Muravev,Viacheslav Muravev;Viatcheslav Muravev;Вячеслав Муравьев,IPhO,2001,2001,2001,Silver Medal,career,probable,1.0,verified,https://www.linkedin.com/in/viacheslav-muravev-a4b27bab,https://www.linkedin.com/in/viacheslav-muravev-a4b27bab,TeraSense,VP Business Development,employment,Industry,Other,latest_employment,One reviewed latest employment or organizational role is used as the destination.,2008,,,https://ipho-unofficial.org/countries/KAZ/individual;https://www.linkedin.com/in/viacheslav-muravev-a4b27bab,2,verified,"The official IPhO registry identifies Kazakhstan's rare-name 2001 silver medalist. The matching Viacheslav Muravev profile begins its MIPT physics degree in 2001, continues through a physics PhD at ISSP, and lists a current TeraSense vice-president role. The 2026 Russian Academy candidate biography independently identifies the same-name experimental physicist as born in 1984 and currently a leading researcher at ISSP RAS. No reviewed source explicitly joins the Olympiad and career records, so the match remains probable."
kaz-bb70c982f38a,Aituov Baurzhan,Aituov Baurzhan,IBO,2002,2002,2002,,career,probable,1.0,verified,https://bolashak.gov.kz/o-stipendii/istorii-uspeha/ajtuov-bauyrzhan-abdugalievich,,InnoDent,Founder and Scientific Director,employment,Industry,Leadership,latest_employment,One reviewed latest employment or organizational role is used as the destination.,,,,https://bolashak.gov.kz/o-stipendii/istorii-uspeha/ajtuov-bauyrzhan-abdugalievich;https://www.ibo-info.org/files/downloads/results-reports/results/IBO2002.pdf,2,verified,"Bolashak's official profile identifies geneticist Bauyrzhan Aituov as founder and scientific director of InnoDent and documents his University of York genetics degree and later Kazakhstan graduate study. The rare name, subject, and age-compatible timeline support the IBO match, but no source explicitly joins the records.; Destination review: Bolashak's official success profile identifies Bauyrzhan Aituov as the founder and scientific director of InnoDent in Kazakhstan."
kaz-49e795089f9c,Anton Nikolayev,Anton Nikolayev,IOI,2002;2003,2002,2003,Bronze,career,confirmed,1.0,cphof,https://cphof.org/profile/ioi:245,,,,,Unknown,Other,none,No reviewed destination is available.,,,,https://cphof.org/profile/ioi:245;https://www.wikidata.org/wiki/Q4320113,2,cphof;wikidata,profile=ioi:245; country=Kazakhstan; contest=IOI
kaz-fc88fa90b799,Aset Iskakov,Aset Iskakov,IChO,2002;2003,2002,2003,Silver medal,career,probable,0.83,openalex,https://openalex.org/A5112917287,,,,,Unknown,Other,history_only,Publication authorship is retained in history but is not treated as a job.,,,,https://openalex.org/A5112917287,1,openalex,"works=4; citations=2; institutions=Kazakh Ablai Khan University of International Relations and World Languages, Methodist Hospital, Ministry of Internal Affairs, Kostanay State University A Baitursynov; topics=Terrorism, Counterterrorism, and Political Violence, Economic and Technological Developments in Russia, Regional Socio-Economic Development Trends, Legal, Health, Environmental and COVID-19 Challenges, Socioeconomic and Demographic Analysis"
kaz-6617107a61a9,Asylbek Nurgabdeshov,Asylbek Nurgabdeshov,IChO,2002,2002,2002,Honorable mention,career,confirmed,1.0,verified,https://www.hw.ac.uk/profiles/uk/school/ebs/faculty/assylbek-nurgabdeshov,,Heriot-Watt University,Assistant Professor of Strategy and Director of Strategy Postgraduate Programmes,employment,Academia,Research & Academia,latest_employment,One reviewed latest employment or organizational role is used as the destination.,,,,https://openalex.org/A5097357477;https://www.hw.ac.uk/profiles/uk/school/ebs/faculty/assylbek-nurgabdeshov;https://www.icho-official.org/results/country_info.php?country=Kazakhstan,3,openalex;verified,The official IChO name and rare identity align with Heriot-Watt's biography beginning his petroleum-engineering degree in 2003 immediately after the 2002 contest and documenting a continuous Kazakhstan-to-UK academic career
kaz-694369c06874,Baurzhan Urgunshbayev,Baurzhan Urgunshbayev;Urgunshbayev Baurzhan,IMO,2002;2003,2002,2003,Bronze medal;Silver medal,career,probable,1.0,verified,https://pk.uchet.kz/search/iin/860504300028,https://kz.linkedin.com/in/baurzhan-urgunshbayev-143a68104,METAPHORA,Technical Lead,employment,Industry,Other,latest_employment,One reviewed latest employment or organizational role is used as the destination.,,,,https://kz.linkedin.com/in/baurzhan-urgunshbayev-143a68104;https://pk.uchet.kz/search/iin/860504300028;https://www.imo-official.org/results/contestant/7089/,3,verified,"The official IMO record identifies Kazakhstan's 2002-2003 medalist; an exact reverse-order school record places Ургуншбаев Бауржан in grade 11 at Aktobe KTL in 2003, and the rare exact-name Kazakhstan profile lists a current Technical Lead role at METAPHORA. A Kazakhstan registry record for the same full name has an age-compatible 1986 birth date, but no source explicitly joins the Olympiad and career profiles."
kaz-22487c0da1b1,Khairosh Yerzhan,Khairosh Yerzhan,IOI,2002,2002,2002,,career,confirmed,1.0,verified,https://linkedin.com/in/khairosh,https://linkedin.com/in/khairosh,Siemens Energy,Senior Automation Engineer,employment,Industry,Engineering,latest_employment,One reviewed latest employment or organizational role is used as the destination.,2020,,,https://cphof.org/profile/ioi:4046;https://linkedin.com/in/khairosh,2,cphof;verified,The rare exact-name profile repeats the KBTU 2002-2007 information-systems education recorded by CPHOF and documents a continuous engineering career to Siemens Energy; CPHOF links the identity to Kazakhstan's 2002 IOI team
kaz-6a1491f166e0,Kuat Yessenov,Kuat Yessenov,IMO,2002;2003;2004,2002,2004,Gold medal;Silver medal,career,confirmed,1.0,verified,https://www.linkedin.com/in/kuat-yessenov-b1b188b3,https://www.linkedin.com/in/kuat-yessenov-b1b188b3,Google,Software Engineer,employment,Industry,Software & AI,latest_employment,One reviewed latest employment or organizational role is used as the destination.,2016,,,https://openalex.org/A5035341026;https://openalex.org/A5076354693;https://orcid.org/0000-0001-5959-5254;https://www.imo-official.org/participant_r.aspx?id=6950;https://www.linkedin.com/in/kuat-yessenov-b1b188b3,5,openalex;orcid;verified,The rare exact-name three-time Kazakhstan IMO medalist has a personal MIT page and official MIT Putnam record that match the MIT education on his public Google profile; Destination review: The accepted profile lists Software Engineer at Google as current from June 2016.
kaz-8b4bb46b3041,Meiram Murzabulatov,Meiram Murzabulatov,IMO,2002;2003,2002,2003,Bronze medal,career,confirmed,1.0,verified,https://research.nu.edu.kz/en/persons/meiram-murzabulatov/,https://kz.linkedin.com/in/meiram-murzabulatov-8889b0138,Nazarbayev University,Assistant Professor,employment,Academia,Research & Academia,latest_employment,One reviewed latest employment or organizational role is used as the destination.,,,,https://kz.linkedin.com/in/meiram-murzabulatov-8889b0138;https://openalex.org/A5056921340;https://orcid.org/0000-0002-8329-7481;https://research.nu.edu.kz/en/persons/meiram-murzabulatov/;https://www.wikidata.org/wiki/Q102796161,5,openalex;orcid;verified;wikidata,Public profile lists IMO bronze and official university profile lists current faculty role
kaz-7e2cf66f126f,Rafael Mavlyukeyev,Rafael Mavlyukeyev,IPhO,2002,2002,2002,Bronze Medal,career,unmatched,,,,,,,,Unknown,Other,none,No reviewed destination is available.,,,,,0,,
kaz-7907a5491483,Talgat Ismukhamedov,Talgat Ismukhamedov,IPhO,2002,2002,2002,Honourable Mention,career,confirmed,1.0,verified,https://ae.linkedin.com/in/talgat-ismukhamedov-a7b77323,https://ae.linkedin.com/in/talgat-ismukhamedov-a7b77323,Honeywell,Cyber Security Consultant,employment,Industry,Other,latest_employment,One reviewed latest employment or organizational role is used as the destination.,2020,,,https://ae.linkedin.com/in/talgat-ismukhamedov-a7b77323;https://ipho-unofficial.org/countries/KAZ/individual,2,verified,The IPhO result and rare exact-name public profile align on Kazakhstan and plasma-physics education while current Honeywell employment is corroborated by the professional directory
kaz-26886bea5396,Yernur Rysmagambetov,Yernur Rysmagambetov,IPhO,2002;2003,2002,2003,Gold Medal;Silver Medal,career,confirmed,1.0,verified,https://publicreg.myafsa.com/details/250640900594/,https://kz.linkedin.com/in/yernur-rysmagambetov,Alem Entertainment,CEO and Director,employment,Industry,Leadership,latest_employment,One reviewed latest employment or organizational role is used as the destination.,2025,,,https://kz.linkedin.com/in/yernur-rysmagambetov;https://publicreg.myafsa.com/details/250640900594/;https://www.admissions.caltech.edu/explore-more/news/caltech-boasts-silver-medal-winners-34th-international-physics-olympiad-756,3,verified,Caltech identifies the Kazakh IPhO medalist and the official AIFC registry lists the matching person as current CEO and director
kaz-209930256d24,Yerzhigit Tolebekov,Yerzhigit Tolebekov,IChO,2002,2002,2002,Honorable mention,career,probable,1.0,verified,https://farabi.university/storage/files/280775433965e7f8a0376b3254557968_%D0%BA%D0%B0%D0%B1%D1%83%D0%BB%D0%BE%D0%B2%20%D0%B0%D0%BD%D0%B3.pdf,https://linkedin.com/in/yerzhigit-tulebekov-6096b180,Premix Pro,Process Engineer,employment,Industry,Engineering,latest_employment,One reviewed latest employment or organizational role is used as the destination.,,,,https://farabi.university/storage/files/280775433965e7f8a0376b3254557968_%D0%BA%D0%B0%D0%B1%D1%83%D0%BB%D0%BE%D0%B2%20%D0%B0%D0%BD%D0%B3.pdf;https://linkedin.com/in/yerzhigit-tulebekov-6096b180;https://www.icho-official.org/results/country_info.php?country=Kazakhstan,3,verified,The Tulebekov transliteration exact Kazakhstan profile lists chemistry at Zhambyl Kazakh-Turkish High School through the 2002 IChO year and continues through chemical manufacturing and current KazNU-affiliated chemistry research; no source explicitly joins the Olympiad and career records.
kaz-9b09f062bfeb,Zhanibek Datbayev,Zhanibek Datbayev,IOI,2002;2003;2004,2002,2004,Silver,career,confirmed,1.0,verified,https://linkedin.com/in/zdatbayev,https://linkedin.com/in/zdatbayev,Nace AI,"CTO, Co-Founder",employment,Industry,Software & AI,latest_employment,One reviewed latest employment or organizational role is used as the destination.,2024,,,https://codeforces.com/profile/itomatik;https://cphof.org/profile/topcoder:Tomato;https://github.com/itomatik;https://linkedin.com/in/zdatbayev;https://openalex.org/A5020545419;https://openalex.org/A5115426679,6,codeforces;cphof;github;openalex;verified,The exact-name public profile explicitly lists his Kazakhstan IOI silver medal and current Nace AI co-founder and CTO role; the official IOI registry independently confirms his 2002-2004 appearances
kaz-0f8fdc911846,Zhanar Abil,Abil Zhanar,IBO,2003,2003,2003,,career,confirmed,1.0,verified,https://biology.ufl.edu/zhanar-abil/,,University of Florida,Assistant Professor of Biology,employment,Academia,Research & Academia,latest_employment,One reviewed latest employment or organizational role is used as the destination.,2023,,,https://biology.ufl.edu/zhanar-abil/;https://www.ibo-info.org/files/downloads/results-reports/results/IBO2003.pdf,2,verified,The rare exact-name 2003 IBO record aligns with the University of Florida biography stating that she came from Kazakhstan and moved to the United States at age 20 and listing her current assistant professorship
kaz-3e91bdc28e40,Alexey Dudnik,Alexey Dudnik;Dudnik Alexey,IBO,2003;2005,2003,2005,,career,probable,1.0,verified,https://theorg.com/org/biovectra/org-chart/alexey-dudnik,,BIOVECTRA,Principal Scientist in Process Development - Biologics,employment,Industry,Research & Academia,latest_employment,One reviewed latest employment or organizational role is used as the destination.,2022,,,https://github.com/13EYECORE;https://orcid.org/0000-0001-8228-872X;https://orcid.org/0000-0002-5328-0291;https://theorg.com/org/biovectra/org-chart/alexey-dudnik;https://www.ibo-info.org/files/downloads/results-reports/results/IBO2003.pdf;https://www.wikidata.org/wiki/Q57010419,6,github;orcid;verified;wikidata,The 2003 and 2005 official IBO records align with the exact-name ORCID education and DTU timeline while two recently updated professional directories list the current BIOVECTRA principal scientist role
kaz-4a00a35c3f4a,Andrey Bogdanchikov,Andrey Bogdanchikov,IOI,2003,2003,2003,,career,confirmed,1.0,cphof,https://cphof.org/profile/ioi:4087,,Suleyman Demirel University (SDU),Associate Professor,employment,Academia,Research & Academia,latest_employment,One reviewed latest employment or organizational role is used as the destination.,,,KZ,https://cphof.org/profile/ioi:4087;https://openalex.org/A5073070441;https://orcid.org/0000-0001-9693-7487,3,cphof;openalex;orcid,profile=ioi:4087; country=Kazakhstan; contest=IOI; SDU University; Associate Professor; Information Systems
kaz-bfdcf65f4a6e,Anton Vassilyev,Anton Vassilyev,IMO,2003,2003,2003,Honourable mention,career,probable,1.0,verified,https://www.msu.kz/ru/information/kafedry/detail.php?ELEMENT_ID=8321,,Lomonosov Moscow State University (MSU),Associate Professor of Mathematics,employment,Academia,Research & Academia,latest_employment,One reviewed latest employment or organizational role is used as the destination.,,,,https://www.imo-official.org/team_r.aspx?code=KAZ&year=2012;https://www.msu.kz/ru/information/kafedry/detail.php?ELEMENT_ID=8321,2,verified,"Official IMO records identify Anton Vassilyev as Kazakhstan's 2003 contestant and as deputy leader from 2011 onward; the official MSU Kazakhstan roster identifies Anton Nikolaevich Vassilyev as an associate professor and national-team leader, and a journal contributor biography gives an MSc in 2009, PhD in 2014, and IMO deputy leadership in 2011-2016, but no source explicitly states that the professor is the 2003 contestant"
kaz-3769a5a94566,Dauren Auzhani,Dauren Auzhani,IMO,2003,2003,2003,Bronze medal,career,probable,1.0,verified,https://theorg.com/org/eurasian-resources-group/org-chart/dauren-auzhani,https://linkedin.com/in/dauren-auzhani-44134222,Eurasian Resources Group,Head of Analysis and Valuation of Investment Projects,employment,Industry,Leadership,latest_employment,One reviewed latest employment or organizational role is used as the destination.,,,,https://almaty.fizmat.kz/muzey/uchastniki-mezhdunarodnykh-olimpiad/;https://linkedin.com/in/dauren-auzhani-44134222;https://theorg.com/org/eurasian-resources-group/org-chart/dauren-auzhani,3,verified,"RFMS's official Olympiad museum identifies its rare exact-name 2003 IMO bronze medalist, while the career profile documents MIPT applied mathematics and physics followed by a Kazakhstan investment career and current ERG leadership; no source explicitly joins the professional to the IMO contestant"
kaz-42f3a5145199,Denis Utkin,Denis Utkin,IPhO,2003;2004,2003,2004,Bronze Medal;Honourable Mention,career,unmatched,,,,,,,,Unknown,Other,none,No reviewed destination is available.,,,,,0,,
kaz-3f389fc299cf,Dmitriy Dolzhnikov,Dmitriy Dolzhnikov,IChO,2003,2003,2003,Silver medal,career,probable,1.0,verified,https://sites.northwestern.edu/weiss-lab/people/alumni/,https://linkedin.com/in/dmitriy-dolzhnikov-7a874037,Intel Corporation,Lithography Engineer,employment,Industry,Engineering,latest_employment,One reviewed latest employment or organizational role is used as the destination.,2019,,,https://linkedin.com/in/dmitriy-dolzhnikov-7a874037;https://openalex.org/A5038381260;https://orcid.org/0000-0002-2588-0759;https://sites.northwestern.edu/weiss-lab/people/alumni/;https://www.icho-official.org/results/country_info.php?country=Kazakhstan;https://www.wikidata.org/wiki/Q46639306,6,openalex;orcid;verified;wikidata,"The rare exact-name profile begins a chemistry degree at Novosibirsk State University in the 2003 IChO year and continues through a chemistry doctorate and Northwestern postdoctoral work; Northwestern's alumni page identifies his Intel role, but no source explicitly joins the researcher to the IChO contestant"
kaz-11782cb39ded,Kanat Tyutenov,Kanat Tyutenov,IChO,2003,2003,2003,Bronze medal,career,confirmed,1.0,verified,https://shoqanschool.kz/genuineadmin/news/view?id=109,,Shoqan Walikhanov Private School,AP Chemistry Teacher and Olympiad Coach,employment,Academia,Other,latest_employment,One reviewed latest employment or organizational role is used as the destination.,,,,https://openalex.org/A5090872106;https://shoqanschool.kz/genuineadmin/news/view?id=109;https://www.icho-official.org/results/country_info.php?country=Kazakhstan,3,openalex;verified,The rare exact name and middle initial connect the 2003 IChO medalist to Moscow State chemistry publications and a full patronymic in Kazakhstan PhD records while the school's current schedule names him AP chemistry teacher
kaz-45fb4c336c70,Leonid Kardapoltsev,Leoned Kardapoltsev;Leonid Kardapoltsev,IPhO,2003,2003,2003,Honourable Mention,career,probable,1.0,verified,https://indico.ihep.ac.cn/event/18572/?print=1,,Budker Institute of Nuclear Physics,Researcher,employment,Academia,Research & Academia,latest_employment,One reviewed latest employment or organizational role is used as the destination.,,,,https://indico.ihep.ac.cn/event/18572/?print=1;https://ipho-unofficial.org/countries/KAZ/individual,2,verified,"The official IPhO record's rare Leoned Kardapoltsev spelling is an evident first-name error for age-compatible physicist Leonid Kardapoltsev; NSU and Budker records trace the exact surname from university study and postgraduate research to a 2013 particle-physics dissertation and continuing Budker affiliation, but no reviewed source explicitly mentions his IPhO participation."
kaz-be6c0520f71e,Maxim Shpilkin,Maxim Shpilkin,IPhO,2003,2003,2003,Honourable Mention,career,probable,1.0,verified,https://linkedin.com/in/maxim-shpilkin,https://linkedin.com/in/maxim-shpilkin,Smart Global (IIoT),CEO and Co-founder,employment,Industry,Leadership,latest_employment,One reviewed latest employment or organizational role is used as the destination.,2019,,,https://ipho-unofficial.org/countries/KAZ/individual;https://linkedin.com/in/maxim-shpilkin,2,verified,The rare exact name and official 2003 Kazakhstan IPhO result align with a profile that begins MIPT physics and applied mathematics in 2003 and continues into technical entrepreneurship; the profile does not explicitly mention the Olympiad
kaz-7923131239ad,Shakhanov Demeu,Shakhanov Demeu,IBO,2003,2003,2003,,career,unmatched,,,,,,,,Unknown,Other,none,No reviewed destination is available.,,,,,0,,
kaz-c444a5fa2a99,Shaninov Arman,Shaninov Arman,IBO,2003,2003,2003,,career,probable,1.0,verified,https://www.linkedin.com/in/arman-shaninov-6950b7132,https://linkedin.com/in/arman-shaninov-6950b7132,Dove Science Academy,Science Teacher,employment,Academia,Other,latest_employment,One reviewed latest employment or organizational role is used as the destination.,,,,https://linkedin.com/in/arman-shaninov-6950b7132;https://www.ibo-info.org/files/downloads/results-reports/results/IBO2003.pdf;https://www.linkedin.com/in/arman-shaninov-6950b7132,3,verified,The rare exact-name biology teacher and IBO-trainer profile aligns in age nationality and subject with Kazakhstan's official 2003 IBO participant; a Kazakhstan teaching profile independently corroborates the biology trajectory but no source explicitly joins both records.
kaz-c884dd65cdc8,Sultan Dalipov,Sultan Dalipov,IOI,2003,2003,2003,,career,confirmed,1.0,verified,https://kz.linkedin.com/in/sultan-dalipov-620ba924,https://kz.linkedin.com/in/sultan-dalipov-620ba924,Dalip.kz,Founder and Serial Entrepreneur,employment,Industry,Leadership,latest_employment,One reviewed latest employment or organizational role is used as the destination.,,,,https://cphof.org/profile/ioi:4086;https://kz.linkedin.com/in/sultan-dalipov-620ba924,2,cphof;verified,CPHOF establishes the Kazakhstan IOI identity and the distinctive public profile describes the matching founder and serial entrepreneur
kaz-2457951c5496,Almaz Rakhmetov,Almaz Rakhmetov,IOI,2004,2004,2004,,career,probable,1.0,verified,https://linkedin.com/in/almaz-rakhmetov-a2451223,https://linkedin.com/in/almaz-rakhmetov-a2451223,Amazon,Software Development Engineer,employment,Industry,Software & AI,latest_employment,One reviewed latest employment or organizational role is used as the destination.,,,,https://cphof.org/profile/ioi:150;https://linkedin.com/in/almaz-rakhmetov-a2451223;https://orcid.org/0009-0008-4139-5252;https://stats.ioinformatics.org/people/150,4,cphof;orcid;verified,"The exact-name Kazakhstan profile documents student-programming placements in 2005 and 2006 immediately after the 2004 IOI appearance and a continuous software path through SDU, ENU, Platonus, and AWS; no source explicitly identifies the professional as the IOI contestant"
kaz-5b00b5124ff5,Andrey Kim,Andrey Kim,IMO,2004;2005;2006,2004,2006,Bronze medal;Gold medal;Silver medal,career,confirmed,1.0,verified,https://nazymaltbridge.substack.com/p/welcome-to-altbridge,https://www.linkedin.com/in/kimandrik,Altbridge,CTO and Co-founder,employment,Industry,Leadership,latest_employment,One reviewed latest employment or organizational role is used as the destination.,2024,,,https://codeforces.com/profile/akim;https://codeforces.com/profile/mika;https://github.com/engineeringVolosati;https://github.com/erel3;https://github.com/jeugheung;https://github.com/kimandrik;https://github.com/lkiikq;https://nazymaltbridge.substack.com/p/welcome-to-altbridge;https://orcid.org/0000-0001-5974-6753;https://orcid.org/0000-0002-0253-9451;https://orcid.org/0000-0002-0974-6787;https://orcid.org/0000-0002-3093-5881;https://orcid.org/0000-0002-3422-5043;https://orcid.org/0000-0002-4476-3910;https://orcid.org/0009-0007-9347-0296;https://orcid.org/0009-0008-3224-5463;https://orcid.org/0009-0009-2227-2932;https://orcid.org/0009-0009-2557-4848;https://www.linkedin.com/in/kimandrik;https://www.nfactorial.school/blog3/%D0%BA%D0%B0%D0%B7%D0%B0%D1%85%D1%81%D1%82%D0%B0%D0%BD%D0%B5%D1%86-%D0%BA%D0%BE%D1%82%D0%BE%D1%80%D1%8B%D0%B9-%D0%BF%D1%80%D0%B8%D0%B4%D1%83%D0%BC%D0%B0%D0%BB-%D0%BD%D0%BE%D0%B2%D1%8B%D0%B9-%D0%B2%D0%B8%D0%B4-%D1%88%D0%B8%D1%84%D1%80%D0%BE%D0%B2%D0%B0%D0%BD%D0%B8%D1%8F;https://www.wikidata.org/wiki/Q116196233,21,codeforces;github;orcid;verified;wikidata,"nFactorial's biography explicitly joins the Taldykorgan student and his 2004-2006 IMO medals to MSU and the CKKS homomorphic-encryption researcher; Altbridge's founder biography identifies that same CKKS cryptographer as CTO and co-founder, while his profile corroborates the 2006-2011 MSU and 2014-2019 SNU timeline"
kaz-c11d384a01db,Azamat Ukpegaziyev,Azamat Ukpegaziyev,IMO,2004,2004,2004,,career,probable,1.0,verified,https://uk.linkedin.com/in/azamat-ukpegaziyev-868b1947,https://uk.linkedin.com/in/azamat-ukpegaziyev-868b1947,Vitol,"Technical Manager, E&P",employment,Industry,Leadership,latest_employment,One reviewed latest employment or organizational role is used as the destination.,2026,,,https://scoreboard.bc-pf.org/en/results/math/silk-road-mathematical-competition/2003;https://uk.linkedin.com/in/azamat-ukpegaziyev-868b1947,2,verified,"The rare exact name appears in Kazakhstan's 2003 Silk Road mathematics competition immediately before the official 2004 IMO record, while the professional profile continues from Aktobe and technical education into Vitol; no source explicitly joins the profile to the IMO entrant"
kaz-45c2d7c0bad6,Damir Yeliussizov,Damir Yeliusizov;Damir Yeliussizov,IMO,2004,2004,2004,Bronze medal,career,confirmed,1.0,verified,https://www.damir.xyz/,,Kazakh-British Technical University (KBTU),Professor,employment,Academia,Research & Academia,latest_employment,One reviewed latest employment or organizational role is used as the destination.,2019,,,https://www.damir.xyz/;https://www.imo-official.org/team_r.aspx?code=KAZ&year=2004,2,verified,"The official 2004 IMO result records rare-name Kazakhstan bronze medalist Damir Yeliusizov; official IMO delegation records and his academic site use the Yeliussizov spelling, and that site explicitly identifies him as Kazakhstan's 2012-2018 IMO team leader, a KBTU PhD, and a current KBTU professor."
kaz-612c627fb60c,Daniyar Kelbetov,Daniyar Kelbetov,IMO,2004;2005,2004,2005,Bronze medal;Silver medal,career,probable,1.0,verified,https://gfc.aifc.kz/uploads/AIFC%20Analytics/State%20of%20Sustainable%20Finance%20in%20Central%20Asia/CA%20to%20publish%20ENG_compressed.pdf,https://kz.linkedin.com/in/daniyar-frm,Astana International Financial Centre,Chairman of the Board of Directors,employment,Industry,Leadership,latest_employment,One reviewed latest employment or organizational role is used as the destination.,,,,https://gfc.aifc.kz/uploads/AIFC%20Analytics/State%20of%20Sustainable%20Finance%20in%20Central%20Asia/CA%20to%20publish%20ENG_compressed.pdf;https://kz.linkedin.com/in/daniyar-frm;https://sites.google.com/site/ntumathcompetitions/home/ntu-2007,3,verified,"The rare exact name links Kazakhstan's 2004 and 2005 IMO record to a 2007 Nanyang Technological University mathematics competition and a later Singapore-trained finance career; AIFC's official 2025 report names him as the Green Finance Centre's board chairman, but no source explicitly joins that career profile to the IMO entrant"
kaz-663ad2adb08a,Daulet Askarov,Daulet Askarov,IPhO,2004;2005,2004,2005,Honourable Mention;Silver Medal,career,confirmed,1.0,verified,https://www.linkedin.com/in/daulet-askarov-98347b26,https://www.linkedin.com/in/daulet-askarov-98347b26,Meta,Senior Software Engineer,employment,Industry,Software & AI,latest_employment,One reviewed latest employment or organizational role is used as the destination.,2022,,,https://github.com/daulet-askarov;https://orcid.org/0000-0001-5975-0322;https://orcid.org/0000-0003-1469-5950;https://orcid.org/0009-0001-2588-7563;https://www.linkedin.com/in/daulet-askarov-98347b26;https://www.wikidata.org/wiki/Q59751301,6,github;orcid;verified;wikidata,Public profile identifies the 2005 IPhO silver medalist and lists Meta and Stanford; Destination review: The accepted profile lists Senior Software Engineer at Meta as current from May 2022.
kaz-0d9cf667fe24,Nessipbek Mynbayev,Nessipbek Mynbayev,IPhO,2004,2004,2004,Honourable Mention,career,probable,1.0,verified,https://www.researchgate.net/profile/Nessipbek-Mynbayev,,Nazarbayev University,Researcher,employment,Academia,Research & Academia,latest_employment,One reviewed latest employment or organizational role is used as the destination.,,,,https://codeforces.com/profile/nesco;https://ipho-unofficial.org/countries/KAZ/individual;https://orcid.org/0000-0002-2237-2812;https://www.researchgate.net/profile/Nessipbek-Mynbayev,4,codeforces;orcid;verified,"The rare exact-name research profile identifies a nuclear-engineering graduate and current researcher at National Laboratory Astana, while publications independently place the same researcher in Nazarbayev University's nuclear-physics work. The physics field, Kazakhstan continuity, and age-compatible chronology strongly match the 2004 IPhO bronze medalist, but no reviewed source explicitly joins the career record to the Olympiad result."
kaz-f9d3ca151739,Nurzhas Makishev,Nurzhas Makishev,IMO,2004,2004,2004,,career,confirmed,1.0,verified,https://www.haileybury.kz/en/almaty/board-of-governors,,NKM Capital,Founder and Managing Partner,employment,Industry,Leadership,latest_employment,One reviewed latest employment or organizational role is used as the destination.,,,,https://orcid.org/0009-0008-2523-0570;https://www.haileybury.kz/en/almaty/board-of-governors;https://www.imo-official.org/results/contestant/8190/,3,orcid;verified,The official IMO record and rare exact name align with a Kazakhstan press biography that explicitly mentions international mathematics Olympiads; Haileybury Almaty's institutional biography documents his MIT education and current NKM Capital role
kaz-eab69c3a4463,Ruslan Manakhayev,Ruslan Manakhayev,IPhO,2004,2004,2004,Bronze Medal,career,probable,1.0,verified,https://www.spe-events.org/conference/SPE_Annual_Caspian_Technical_Conference_and_Exhibition_2025/technical-program/nbspinnovations-in-geoscience-3,,Tengizchevroil,Geoscientist,employment,Industry,Research & Academia,latest_employment,One reviewed latest employment or organizational role is used as the destination.,2012,,,https://ipho-unofficial.org/countries/KAZ/individual;https://www.spe-events.org/conference/SPE_Annual_Caspian_Technical_Conference_and_Exhibition_2025/technical-program/nbspinnovations-in-geoscience-3,2,verified,"The IPhO registry identifies Kazakhstan's rare exact-name 2004 bronze medalist. A continuous 2012-2026 Tengiz geoscience publication trail names Ruslan or R. Manakhayev, and official 2025 and 2026 SPE programs explicitly affiliate R. Manakhayev with Tengizchevroil. No reviewed source explicitly joins the Olympiad and professional records, so the identity remains probable."
kaz-fc66298b9bbf,Salamat Nuraliyev,Salamat Nuraliyev,IOI,2004,2004,2004,Bronze,career,confirmed,1.0,verified,https://linkedin.com/in/salamat-nuraliyev-6a24b613,https://linkedin.com/in/salamat-nuraliyev-6a24b613,KAZ Minerals,Full Stack Developer,employment,Industry,Software & AI,latest_employment,One reviewed latest employment or organizational role is used as the destination.,2018,,,https://cphof.org/profile/ioi:2038;https://linkedin.com/in/salamat-nuraliyev-6a24b613,2,cphof;verified,The rare exact-name Kazakhstan profile begins computer engineering at SDU in the 2004 IOI year and lists a current KAZ Minerals development role; CPHOF independently links the contestant to the official IOI record
kaz-40d2fa33ec3e,Syrymbet Iskakov,Syrymbet Iskakov,IOI,2004,2004,2004,Bronze,career,confirmed,1.0,verified,https://kz.linkedin.com/in/syrymbet-iskakov-42335a20,https://kz.linkedin.com/in/syrymbet-iskakov-42335a20,BI Group,Director of Information Technology,employment,Industry,Leadership,latest_employment,One reviewed latest employment or organizational role is used as the destination.,2025,,,https://cphof.org/profile/ioi:2227;https://kz.linkedin.com/in/syrymbet-iskakov-42335a20,2,cphof;verified,CPHOF establishes the IOI identity and the distinctive public profile lists current BI Group employment with matching information-systems education; Destination review: The accepted profile lists the Russian title Director of Information Technology at BI Group as current from August 2025.
kaz-d272c7de9446,Timur Zhiyentayev,Timur Zhiyentayev,IChO,2004,2004,2004,Silver medal,career,confirmed,1.0,verified,https://medium.com/%40tima103/how-to-get-more-paying-users-with-user-friendly-paywall-part-ii-8e09766f62eb,,Drizzle,Co-founder,employment,Industry,Leadership,latest_employment,One reviewed latest employment or organizational role is used as the destination.,2017,2017,,https://medium.com/%40tima103/how-to-get-more-paying-users-with-user-friendly-paywall-part-ii-8e09766f62eb;https://www.caravan.kz/gazeta/beregi-mozgi-smolodu-384231/,2,verified,"A Kazakhstan retrospective explicitly carries the exact-name international chemistry Olympiad winner from Rudny through MSU, a US doctorate, and Caltech's chemistry laboratory; a later self-authored article by the same rare name identifies him as a Drizzle co-founder; Destination review: The self-authored source establishes the Drizzle co-founder role in 2017 but does not support treating it as current; the displayed latest-known outcome is therefore bounded to 2017."
kaz-1deffa0c0a86,Vadim Murzin,Vadim Murzin,IChO,2004,2004,2004,Silver medal,career,probable,1.0,verified,https://photon-science.desy.de/facilities/petra_iii/beamlines/p64_advanced_xafs/contact__staff/index_eng.html,,Deutsches Elektronen-Synchrotron DESY,Scientist (alumnus),employment,Industry,Research & Academia,latest_employment,One reviewed latest employment or organizational role is used as the destination.,,,,https://github.com/vadmu;https://orcid.org/0000-0003-2743-8398;https://photon-science.desy.de/facilities/petra_iii/beamlines/p64_advanced_xafs/contact__staff/index_eng.html;https://www.chem.msu.ru/rus/olimpiad/olimp2004/welcome.html;https://www.wikidata.org/wiki/Q59662365,5,github;orcid;verified;wikidata,"MSU's official Mendeleev record identifies the exact-name 11th-grade chemistry medalist from Balkhash in 2004; the same uncommon name continues through an MSU chemistry doctorate and X-ray catalysis research to DESY's official scientist alumni roster, but no source explicitly joins the researcher to the Olympiad contestant"
kaz-ec29db418566,Yelzhas Otynshiyev,Yelzhas Otynshiyev,IPhO,2004,2004,2004,Bronze Medal,career,confirmed,1.0,verified,https://sk.kz/press-center/news/79261/?lang=en,,Kazakhstan Temir Zholy,Chairman of the Management Board,employment,Industry,Other,latest_employment,One reviewed latest employment or organizational role is used as the destination.,2026,,,https://ar2024.telecom.kz/en/board-of-directors.html;https://orcid.org/0009-0006-8959-5339;https://sk.kz/press-center/news/79261/?lang=en,3,orcid;verified,Kazakhtelecom's official annual report directly lists his July 2004 IPhO bronze medal and full education and executive timeline while Samruk-Kazyna records his July 2026 appointment as KTZ chairman
kaz-5af905ca2550,Yerulan Sabyrgali,Yerulan Sabyrgali,IChO,2004,2004,2004,Participant,career,probable,1.0,verified,https://www.searchanddiscovery.com/documents/2016/41779vasconez/ndx_vasconez.pdf,,,,,Unknown,Other,history_only,"Completed or undated education is retained as alma-mater/history evidence, not as a destination.",,,,https://rmebrk.kz/bilim/syrdariya/bekishev.audhimolimp.pdf;https://www.searchanddiscovery.com/documents/2016/41779vasconez/ndx_vasconez.pdf,2,verified,"A reviewed Kazakhstan chemistry-Olympiad history table directly identifies Yerulan Sabyrgali as the 2004 IChO participant from Almaty School No. 162 and records a later university destination in Manchester, England, without naming the institution. A 2015 AAPG presentation then lists the same rare exact name with Heriot-Watt University in Edinburgh on ion-exchange modelling for low-salinity waterflooding. The direct Olympiad-to-UK education bridge, chemistry continuity, and chronology make the later affiliation probable, but the AAPG source does not state whether the Heriot-Watt relationship was study or employment, so it remains historical affiliation evidence rather than a current destination."
kaz-29109acd6898,Yeskendr Bissenov,Yeskendr Bissenov,IChO,2004,2004,2004,Silver medal,career,probable,1.0,verified,https://kz.linkedin.com/in/yeskendir-bissenov-66569b37,https://kz.linkedin.com/in/yeskendir-bissenov-66569b37,Silleno,Insurance Coordinator,employment,Industry,Leadership,latest_employment,One reviewed latest employment or organizational role is used as the destination.,2025,,,https://kz.linkedin.com/in/yeskendir-bissenov-66569b37;https://www.chem.msu.ru/rus/olimpiad/olimp2004/welcome.html,2,verified,"Moscow State University's 2004 Mendeleev record identifies Esckendir Bisenov as an eleventh-grade chemistry competitor from Atyrau; the Yeskendir Bissenov profile begins technical higher education in 2004 and documents a continuous nuclear-chemistry patent career to Silleno, but no source explicitly joins that transliteration variant to the IChO entrant; Destination review: The accepted profile lists Insurance Coordinator at Silleno as current from August 2025."
kaz-5520c02c8f31,Akhmed Saidaliyev,Akhmed Saidaliyev,IPhO,2005,2005,2005,Bronze Medal,career,probable,1.0,verified,https://spark-interfax.ru/moskva-perovo/ooo-nbparts-inn-7720746557-ogrn-1127746252072-5bcd223ce9c747d1ae4842ee62558963,,NBPARTS,General Director and Sole Owner,employment,Industry,Leadership,latest_employment,One reviewed latest employment or organizational role is used as the destination.,2012,2020,,https://centrasia.org/newsA.php?st=1082953860;https://spark-interfax.ru/moskva-perovo/ooo-nbparts-inn-7720746557-ogrn-1127746252072-5bcd223ce9c747d1ae4842ee62558963,2,verified,"The IPhO registry identifies Kazakhstan's exact-name 2005 bronze medalist, while a contemporaneous 2004 report independently names Akhmed Saidaliev of Atyrau on Kazakhstan's Asian Physics Olympiad team. MIPT's tournament registry identifies an exact-name FIVT graduate whose age in 2012 implies birth in 1987 or 1988, matching the school-level 2005 appearance. A Moscow registry then names Akhmed Alisultanovich Saidaliyev as NBPARTS' general director and sole owner from its April 2012 registration through its August 2020 liquidation. The rare name, exact age, FIVT/computing continuity, and matching A.A. initials make the chain strong, but no single source explicitly joins the Olympiad entrant to the full-patronymic executive, so it remains probable and historical.; Destination review: Interfax's SPARK registry names Akhmed Alisultanovich Saidaliyev as NBPARTS' general director and sole owner, dates registration to 6 April 2012, and dates liquidation to 6 August 2020. The role is retained as the latest reviewed historical outcome and is not presented as current."
kaz-61d67d74eb6d,Almas Yerkinovich Ordabayev,Almas Ordabayev;Almas Yerkinovich Ordabayev,IChO,2005;2006,2005,2006,Bronze medal;Participant,career,confirmed,1.0,verified,https://ba.prg.kz/750000000-almaty/200340023883-too-quantum-management-company/,https://kz.linkedin.com/in/almas-ordabayev-04808078,Quantum Management Company,Chief Executive Officer,employment,Industry,Other,latest_employment,One reviewed latest employment or organizational role is used as the destination.,2020,,,https://ba.prg.kz/750000000-almaty/200340023883-too-quantum-management-company/;https://kz.linkedin.com/in/almas-ordabayev-04808078;https://www.icho-official.org/results/results.php?id=38&year=2006,3,verified,The official IChO record gives his full patronymic; his MSU chemistry profile and public career profile share the exact name and 2006-2012 education timeline while Kazakhstan company records identify that same full person as head of Quantum Management Company
kaz-c5022eefe384,Asan Zholdassov,Asan Zholdassov,IMO,2005,2005,2005,Honourable mention,career,probable,1.0,verified,https://pifagor.kz/high/kz,https://linkedin.com/in/assan-zholdassov-5290639,Pifagor School,Founder and Director,employment,Academia,Leadership,latest_employment,One reviewed latest employment or organizational role is used as the destination.,2008,,,https://linkedin.com/in/assan-zholdassov-5290639;https://pifagor.kz/high/kz;https://www.imo-official.org/results/contestant/8614/,3,verified,The rare Assan spelling variant exact Kazakhstan identity graduated RFMS in 2006 entered KBTU immediately afterward and founded Pifagor in 2008; this matches the official 2005 IMO participant's age mathematics specialty and later Olympiad work but no source explicitly names the IMO.
kaz-42eef016184c,Bakhytzhan Baizhikenov,Bakhytzhan Baizhikenov,IOI,2005;2006;2007;2008,2005,2008,Bronze;Gold;Silver,career,confirmed,1.0,verified,https://www.gov.kz/memleket/entities/maidd/press/news/details/1189055?lang=ru,https://uk.linkedin.com/in/bahakz,Meta,Senior Software Engineer,employment,Industry,Software & AI,latest_employment,One reviewed latest employment or organizational role is used as the destination.,,,,https://codeforces.com/profile/bahakz;https://cphof.org/profile/topcoder:bahakz;https://stats.ioinformatics.org/people/311;https://uk.linkedin.com/in/bahakz;https://www.gov.kz/memleket/entities/maidd/press/news/details/1189055?lang=ru,5,cphof;verified,His self-authored profile identifies him as Central Asia's first IOI gold medalist and documents his KBTU and London education; Kazakhstan's Ministry of Artificial Intelligence and Digital Development identifies him as a current senior Meta developer in 2026.; Destination review: Kazakhstan's digital ministry identifies Baizhikenov as a current senior Meta developer in its report on the March 2026 Central Asia Programming Championship.
kaz-4e3828c7955c,Diyar Mailepessov,Diyar Mailepessov,IBO,2005,2005,2005,,career,confirmed,1.0,verified,https://linkedin.com/in/diyar-mailepessov-5828b722,https://linkedin.com/in/diyar-mailepessov-5828b722,National Environment Agency Singapore,Principal Analyst,employment,Industry,Leadership,latest_employment,One reviewed latest employment or organizational role is used as the destination.,,,,https://linkedin.com/in/diyar-mailepessov-5828b722;https://orcid.org/0000-0001-8924-2476;https://scoreboard.bc-pf.org/en/results/biology/international_biology_olympiad/2005,3,orcid;verified,The rare exact-name profile repeats the Nanyang Technological University life-sciences path and current National Environment Agency role already connected to the Kazakhstan biology olympian through official and Singapore government sources
kaz-5354c12725ae,Dulat Azhibek,Dulat Azhibek,IChO,2005,2005,2005,Silver medal,career,confirmed,1.0,verified,https://linkedin.com/in/dulat-azhibek-31417557,https://linkedin.com/in/dulat-azhibek-31417557,Nazarbayev University,Researcher,employment,Academia,Research & Academia,latest_employment,One reviewed latest employment or organizational role is used as the destination.,2024,,,https://linkedin.com/in/dulat-azhibek-31417557;https://orcid.org/0000-0002-6627-3285;https://www.icho-official.org/results/country_info.php?country=Kazakhstan,3,orcid;verified,The exact-name public profile explicitly lists his international chemistry Olympiad record and current Nazarbayev University School of Medicine research role; the official IChO result independently confirms the Kazakhstan participation
kaz-bcd45c045c97,Kairat Zhubayev,Kairat Zhubayev,IMO,2005,2005,2005,Bronze medal,career,confirmed,1.0,verified,https://linkedin.com/in/kairat-zhubayev-150785174,https://linkedin.com/in/kairat-zhubayev-150785174,Altyn Bank,Head of Financial Risks and Portfolio Analysis Division,employment,Industry,Economics & Finance,latest_employment,One reviewed latest employment or organizational role is used as the destination.,,,,https://linkedin.com/in/kairat-zhubayev-150785174,1,verified,His self-authored profile explicitly lists the 2005 International Mathematical Olympiad bronze medal and identifies his Altyn Bank financial-risk leadership role; Kazakhstan's official IMO record independently confirms the exact name year and award
kaz-7faf2594f89e,Kuat Mukambetkazievich Usseingazin,Kuat Mukambetkazievich Usseingazin;Kuat Usseingazin,IChO,2005;2006,2005,2006,Bronze medal,career,confirmed,1.0,verified,https://ba.prg.kz/231010000-atyrau/071040017099-too-agp-kholding/,,AGP Holding,Company Director,employment,Industry,Leadership,latest_employment,One reviewed latest employment or organizational role is used as the destination.,,,,https://ba.prg.kz/231010000-atyrau/071040017099-too-agp-kholding/;https://www.icho-official.org/results/results.php?id=38&year=2006,2,verified,The uncommon full name and patronymic match the official IChO record exactly and Kazakhstan's government-verified company registry identifies that same full person as the current head of AGP Holding
kaz-a125f99f4940,Marat Shotanov,Marat Shotanov,IBO,2005,2005,2005,,career,confirmed,1.0,verified,https://ae.linkedin.com/in/marat-shotanov,https://ae.linkedin.com/in/marat-shotanov,eXpace,Founder and CEO,employment,Industry,Leadership,latest_employment,One reviewed latest employment or organizational role is used as the destination.,2024,,,https://ae.linkedin.com/in/marat-shotanov;https://www.ibo-info.org/files/downloads/results-reports/results/IBO2005.pdf,2,verified,The rare exact-name 2005 IBO record aligns with a Kazakh-Turkish gifted-school and molecular-biology university timeline while his public profile and current eXpace job post identify him as founder and CEO
kaz-b35790c250cd,Nurbol Duisenbayev,Nurbol Duisenbayev,IMO,2005;2006,2005,2006,Bronze medal;Silver medal,career,probable,1.0,verified,https://kz.linkedin.com/in/nurbol-duisenbayev,https://kz.linkedin.com/in/nurbol-duisenbayev,Google,Software Architect and Developer,employment,Industry,Software & AI,latest_employment,One reviewed latest employment or organizational role is used as the destination.,,,,https://kz.linkedin.com/in/nurbol-duisenbayev;https://orcid.org/0009-0007-9235-7654;https://www.imo-official.org/results/contestant/8547/,3,orcid;verified,Among three exact-name profiles this is the one whose 2006-10 degree and 2010-11 University of Essex study follow the IMO timeline and whose algorithm-focused software career fits the mathematics background; no career source explicitly mentions the Olympiad
kaz-cffe6b9ed25e,Nurzhan Abdrakhmanov,Nurzhan Abdrakhmanov,IChO,2005,2005,2005,Bronze medal,career,probable,1.0,verified,https://uranconference.kz/download/files/information/sbornik2024_5_rus.pdf,,Baiken-U,Uranium Well Recovery Researcher,employment,Industry,Research & Academia,latest_employment,One reviewed latest employment or organizational role is used as the destination.,2022,2024,,https://uranconference.kz/download/files/information/sbornik2024_5_rus.pdf;https://www.icho-official.org/results/country_info.php?country=Kazakhstan;https://www.nuclear.kz/download/files/NPK-17.pdf,3,verified,"The official IChO registry identifies Kazakhstan's exact-name 2005 bronze medalist, and a reviewed Kazakhstan chemistry-Olympiad history places that same exact-name medalist at Moscow State University's chemistry faculty. Baiken-U publications from 2022 through 2024 then list N.N. Abdrakhmanov in Kyzylorda on the same specialized uranium-well recovery topic. The rare name, matching initials, and continuous chemistry trajectory make the match strong, but no source explicitly joins the professional record to the IChO entrant, so the identity remains probable. Uranium Well Recovery Researcher is a descriptive publication-based role, not a formal job title, and the affiliation is only claimed through 2024.; Destination review: Baiken-U research publications repeatedly affiliate N.N. Abdrakhmanov with the Kyzylorda company from 2022 through 2024 on uranium-well filtration and chemical recovery. The displayed role is descriptive rather than a formal title, the identity remains probable, and the affiliation is not presented as current after 2024."
kaz-260600835e64,Ruslan Kudubayev,Ruslan Kudubayev,IOI,2005,2005,2005,,career,probable,1.0,verified,https://patents.justia.com/patent/20220053043,,Google,Software Engineer,employment,Industry,Software & AI,latest_employment,One reviewed latest employment or organizational role is used as the destination.,,,,https://cphof.org/profile/ioi:4447;https://patents.justia.com/patent/20220053043;https://stats.ioinformatics.org/people/4447,3,cphof;verified,"Google patents identify rare exact-name inventor Ruslan Kudubayev in Mountain View, while a 2024 YouTube Music launch post names him on its Tesla engineering team and Cambridge and GitHub programming evidence aligns with the IOI alumnus. Software Engineer is a probable normalization from the engineering-team and patent evidence rather than a quoted formal title.; Destination review: Google patents identify Ruslan Kudubayev as a Mountain View inventor and a 2024 YouTube Music launch post independently names him on its engineering team. Software Engineer is a probable normalization, not a quoted formal title."
kaz-b48f403765ac,Sossin Viktor,Sossin Viktor,IMO,2005,2005,2005,Bronze medal,career,probable,1.0,verified,https://ib.nis.edu.kz/ru/school/nzm-petropavl/news/1404,https://linkedin.com/in/viktorsossin,Nazarbayev Intellectual Schools (NIS),School Principal,employment,Academia,Leadership,latest_employment,One reviewed latest employment or organizational role is used as the destination.,2025,,,https://ib.nis.edu.kz/ru/school/nzm-petropavl/news/1404;https://linkedin.com/in/viktorsossin;https://www.imo-official.org/results/contestant/8489/,3,verified,The rare reverse-order exact-name profile and mathematics-education career align with the official 2005 IMO contestant; NIS independently documents his 2025 appointment as principal in Petropavl.
kaz-26535589e436,Timur Abishev,Timur Abishev,IOI,2005;2006;2007,2005,2007,Bronze;Silver,career,confirmed,1.0,verified,https://gelu.ai/,,Gelu AI,Founder and CEO,employment,Industry,Software & AI,latest_employment,One reviewed latest employment or organizational role is used as the destination.,2025,,,https://community.topcoder.com/pdfs/tournaments/tchs07_webprogram.pdf;https://cphof.org/profile/topcoder:TokarR;https://gelu.ai/;https://github.com/ttim,4,cphof;github;verified,"The official TopCoder program explicitly identifies Kazakhstan competitor TokarR as Timur Abishev; his linked GitHub identity and Gelu AI's current founder profile document the same rare-name engineer's JetBrains, Twitter, and Baseten career before founding Gelu AI in New York.; Destination review: Gelu AI's current profile identifies Timur Abishev as founder and CEO in New York, after engineering roles at JetBrains, Twitter, and Baseten."
kaz-fe0afafbd5f3,Vladimir Bychkov,Vladimir Bychkov,IPhO,2005;2006,2005,2006,Bronze Medal;Silver Medal,career,confirmed,1.0,verified,https://www.linkedin.com/in/vladimir-bychkov-98954252,https://www.linkedin.com/in/vladimir-bychkov-98954252,Micron Technology,Senior Computer Vision Engineer,employment,Industry,Engineering,latest_employment,One reviewed latest employment or organizational role is used as the destination.,,,,https://github.com/AYKAVU;https://github.com/bychkov;https://github.com/timbermand;https://github.com/vba75;https://github.com/vbychkov;https://ipho-unofficial.org/countries/KAZ/individual;https://orcid.org/0000-0002-1379-5389;https://orcid.org/0000-0002-5470-1297;https://www.linkedin.com/in/vladimir-bychkov-98954252;https://www.wikidata.org/wiki/Q17617042;https://www.wikidata.org/wiki/Q18634139;https://www.wikidata.org/wiki/Q21091867;https://www.wikidata.org/wiki/Q25647148;https://www.wikidata.org/wiki/Q4101303;https://www.wikidata.org/wiki/Q4101304;https://www.wikidata.org/wiki/Q71317135,16,github;orcid;verified;wikidata,The public profile explicitly lists his 2005 and 2006 IPhO medals and current Micron employment while a recently updated professional directory supplies the role title
kaz-0836a1c9d21b,Yerlan Bissenov,Yerlan Bissenov,IOI,2005;2006,2005,2006,Bronze;Silver,career,confirmed,1.0,verified,https://linkedin.com/in/yerlan-b-887a4336,https://linkedin.com/in/yerlan-b-887a4336,Nazarbayev Intellectual Schools (NIS),Head of Software Development Department,employment,Academia,Software & AI,latest_employment,One reviewed latest employment or organizational role is used as the destination.,2019,,,https://cphof.org/profile/ioi:2555;https://linkedin.com/in/yerlan-b-887a4336;https://stats.ioinformatics.org/people/2555,3,cphof;verified,The accepted profile explicitly lists the 2006 IOI silver medal and an ongoing software-development department head role at the Center for Pedagogical Measurements under Nazarbayev Intellectual Schools; the official IOI record independently confirms the exact-name Kazakhstan result.
kaz-47c266b2b44f,Yermek Kaipov,Yermek Kaipov,IPhO,2005;2006,2005,2006,Bronze Medal;Honourable Mention,career,probable,1.0,verified,https://www.slb.com/-/media/files/testing-services/industry-article/202008-wo-efficiently-increasing-dynamic-reservoir-evaluation.ashx,https://sa.linkedin.com/in/yermek-kaipov-50525632,SLB,Reservoir Domain Champion,employment,Industry,Other,latest_employment,One reviewed latest employment or organizational role is used as the destination.,2012,,,https://ipho-unofficial.org/countries/KAZ/individual;https://orcid.org/0009-0001-1396-0030;https://sa.linkedin.com/in/yermek-kaipov-50525632;https://www.slb.com/-/media/files/testing-services/industry-article/202008-wo-efficiently-increasing-dynamic-reservoir-evaluation.ashx,4,orcid;verified,The rare exact-name IPhO record has a plausible timeline with a self-asserted ORCID and current SLB profile while an SLB technical article names him reservoir and production testing domain champion but no source explicitly joins the olympiad identity
kaz-3357e6338568,Yevgeniy Zagayevskiy,Yevgeniy Zagayevskiy,IPhO,2005,2005,2005,Bronze Medal,career,confirmed,1.0,verified,https://www.linkedin.com/in/yevgeniy-zagayevskiy,https://www.linkedin.com/in/yevgeniy-zagayevskiy,VoltaGrid,Data Scientist and Software Developer,employment,Industry,Software & AI,latest_employment,One reviewed latest employment or organizational role is used as the destination.,,,,https://ipho-unofficial.org/countries/KAZ/individual;https://orcid.org/0000-0003-4016-3835;https://www.linkedin.com/in/yevgeniy-zagayevskiy,3,orcid;verified,The rare exact name and uninterrupted technical timeline join the 2005 IPhO medal to a 2005-09 KBTU degree documented in a professional society biography and then to Alberta graduate research patents Halliburton product work and current VoltaGrid employment
kaz-408aa9ea598e,Abylay Samatov,Abylay Maranuly Samatov,IChO,2006,2006,2006,Bronze medal,career,confirmed,1.0,verified,https://inkaraganda.kz/novosti/obshhestvo/pedagog-po-himii-iz-karagandy-podgotovil-bolee-10-pobeditelej-mezhdunarodnyh-intellektualnyh-sorevnovanij/,,Bilim-Innovation Lyceums (BIL),"Principal, Chemistry Teacher and Olympiad Coach",employment,Academia,Leadership,latest_employment,One reviewed latest employment or organizational role is used as the destination.,2011,2022,,https://inkaraganda.kz/novosti/obshhestvo/pedagog-po-himii-iz-karagandy-podgotovil-bolee-10-pobeditelej-mezhdunarodnyh-intellektualnyh-sorevnovanij/;https://www.icho-official.org/results/country_info.php?country=Kazakhstan,2,verified,The official IChO record and the rare full name and patronymic establish identity; the 2022 Karaganda profile explicitly names him director of BIL No. 1 and says he had taught chemistry for 11 years while coaching more than ten international-competition winners; Destination review: The cited 2022 profile explicitly identifies Samatov as the director of BIL No. 1 and says he had taught chemistry for eleven years.
kaz-3c4d427574a2,Aizana Turmukhametova,Aizana Turmukhametova,IMO,2006,2006,2006,Honourable mention,career,probable,1.0,verified,https://linkedin.com/in/aizana-turmukhametova-95b31b19,https://linkedin.com/in/aizana-turmukhametova-95b31b19,Google,Software Engineer,employment,Industry,Software & AI,latest_employment,One reviewed latest employment or organizational role is used as the destination.,2016,,,https://linkedin.com/in/aizana-turmukhametova-95b31b19;https://www.imo-official.org/results/contestant/9132/,2,verified,The rare exact-name profile documents MIT mathematics and computer science study beginning two years after the 2006 IMO appearance and a Google software-engineering role from 2016; no source explicitly identifies the professional as the IMO contestant
kaz-c0f06a275839,Asset Mussagaliyev,Asset Mussagaliyev,IMO,2006;2007,2006,2007,Bronze medal,career,confirmed,1.0,verified,https://www.linkedin.com/in/asset-mussagaliyev-713a1156,https://www.linkedin.com/in/asset-mussagaliyev-713a1156,Prosper Pay,Chief Financial Officer,employment,Industry,Other,latest_employment,One reviewed latest employment or organizational role is used as the destination.,2022,,,https://almaty.fizmat.kz/ru/muzey/uchastniki-mezhdunarodnykh-olimpiad/;https://www.linkedin.com/in/asset-mussagaliyev-713a1156,2,verified,"RFMS's international-olympiad roster identifies exact-name Asset Mussagaliyev as its 2007 IMO participant, while the official IMO results independently record his 2006 and 2007 Kazakhstan bronze medals. The reviewed exact-name LinkedIn profile gives the matching 2003-2007 RFMS education timeline, then NTU from 2008 through 2012, and directly lists his current Prosper Pay CFO role in Almaty since September 2022. The rare exact name, same school, contiguous chronology, and direct current-role profile establish the identity and outcome."
kaz-afe18421e5b7,Daulet Zhanguzin,Daulet Zhanguzin,IMO,2006,2006,2006,Bronze medal,career,confirmed,1.0,verified,https://www.linkedin.com/in/daulet-zhanguzin,https://www.linkedin.com/in/daulet-zhanguzin,NVIDIA,Senior Staff Software Engineer,employment,Industry,Software & AI,latest_employment,One reviewed latest employment or organizational role is used as the destination.,2026,,,https://egemen.kz/article/4115-aldynhghy-aghalar-senimin-aqtaymyz;https://github.com/daulet;https://www.linkedin.com/in/daulet-zhanguzin,3,github;verified,A Kazakhstan newspaper names him among the country's IMO bronze medalists while the rare exact name and continuous NTU-to-Microsoft-to-Google-to-Groq timeline lead to his current NVIDIA role
kaz-1bea50762a08,Merlan Nagidulin,Merlan Nagidulin,IMO,2006,2006,2006,Bronze medal,career,confirmed,1.0,verified,https://simcc.org/training-new/,,Singapore International Math Contests Centre (SIMCC),Head of Scientific Committee,employment,Industry,Leadership,latest_employment,One reviewed latest employment or organizational role is used as the destination.,,,,https://simcc.org/training-new/,1,verified,SIMCC's current training page identifies Merlan Nagidulin as its Head of the Scientific Committee and explicitly states that he won bronze at IMO 2006 for Kazakhstan; the official IMO record independently confirms the award.
kaz-2c17c88cc511,Mukashev Maxim,Mukashev Maxim,IBO,2006,2006,2006,Silver,career,probable,1.0,verified,https://aerotc.kz/en/,https://linkedin.com/in/maxim-mukashev-73a18827,AeroTransport Consultants,General Director,employment,Industry,Leadership,latest_employment,One reviewed latest employment or organizational role is used as the destination.,2019,,,https://aerotc.kz/en/;https://linkedin.com/in/maxim-mukashev-73a18827;https://www.ibo-info.org/files/downloads/results-reports/results/IBO2006.pdf,3,verified,The rare reverse-order exact name Kazakhstan location age-compatible public record and university timeline immediately after the 2006 IBO support the AeroTransport Consultants identity; no source explicitly joins both records.
kaz-b2785ae44f62,Murat Zhaksylykovich Shagirov,Murat Zhaksylykovich Shagirov,IChO,2006,2006,2006,Bronze medal,career,probable,1.0,verified,https://www.mbi.nus.edu.sg/research-fellow/murat-shagirov/,https://sg.linkedin.com/in/mshagirov,National University of Singapore,"Research Fellow (HPC), IT Core",employment,Academia,Research & Academia,latest_employment,One reviewed latest employment or organizational role is used as the destination.,,,,https://sg.linkedin.com/in/mshagirov;https://www.icho-official.org/results/country_info.php?country=Kazakhstan;https://www.mbi.nus.edu.sg/research-fellow/murat-shagirov/,3,verified,"The official IChO record supplies his uncommon full name and patronymic, while the same-name profile starts chemistry study at NUS immediately after the 2006 contest and continues through an NUS doctorate to the institute's current HPC research-fellow role; no source explicitly states that the professional is the Olympiad entrant"
kaz-32cf54f8673f,Oleg Obukhov,Obukhov Oleg;Oleg Obukhov,IBO,2006;2007,2006,2007,Bronze,career,unmatched,,,,,,,,Unknown,Other,none,No reviewed destination is available.,,,,,0,,
kaz-01957a6accca,Pavel Levchenko,Pavel Levchenko,IPhO,2006,2006,2006,Honourable Mention,career,probable,1.0,verified,https://kz.linkedin.com/in/pavel-levchenko-a315041a7,https://kz.linkedin.com/in/pavel-levchenko-a315041a7,Tengizchevroil,Reservoir Simulation Engineer,employment,Industry,Engineering,latest_employment,One reviewed latest employment or organizational role is used as the destination.,2012,,,https://github.com/LP110108;https://github.com/domikedos;https://github.com/ikar49;https://ipho-unofficial.org/countries/KAZ/individual;https://kz.linkedin.com/in/pavel-levchenko-a315041a7;https://orcid.org/0000-0002-4467-8038;https://orcid.org/0009-0005-0053-0479;https://orcid.org/0009-0005-7757-3530,8,github;orcid;verified,The 2006 contestant reappears by exact name as a Kazakhstan IPhO observer in 2013 and APhO moderator in 2019 and authored a 2012 oil-production physics problem; an Atyrau profile at Tengizchevroil fits that path but does not explicitly mention the Olympiad; Destination review: The accepted profile lists Reservoir Simulation Engineer at Tengizchevroil as current from September 2012.
kaz-7b9ddf320af6,Talgat Sailov,Sailov Talgat,IBO,2006,2006,2006,Bronze,career,probable,1.0,verified,https://sg.linkedin.com/in/talgat-sailov-75552947,https://sg.linkedin.com/in/talgat-sailov-75552947,ZEISS Group,Account Manager for Research Microscopy Solutions,employment,Industry,Research & Academia,latest_employment,One reviewed latest employment or organizational role is used as the destination.,2019,,,https://sg.linkedin.com/in/talgat-sailov-75552947;https://www.ibo-info.org/files/downloads/results-reports/results/IBO2006.pdf,2,verified,The rare exact-name 2006 IBO record aligns with the NTU biology and microscopy timeline on his public profile and multiple current professional sources place him at ZEISS in Singapore
kaz-845e316f4e10,Aibek Umbetalin,Umbetalin Aibek,IBO,2006,2006,2006,Bronze,career,confirmed,1.0,verified,https://kz.linkedin.com/in/aibek-umbetalin-70a71224,https://kz.linkedin.com/in/aibek-umbetalin-70a71224,BTC.KZ,Chief Executive Officer,employment,Industry,Other,latest_employment,One reviewed latest employment or organizational role is used as the destination.,,,,https://kz.linkedin.com/in/aibek-umbetalin-70a71224;https://www.ibo-info.org/files/downloads/results-reports/results/IBO2006.pdf,2,verified,His public profile explicitly lists the 2006 IBO bronze medal and NTU education alongside the current BTC.KZ affiliation while current professional directories identify the chief executive role
kaz-d5a9e6425d45,Zhomart Sadykov,Zhomart Sadykov,IOI,2006;2007;2008,2006,2008,Bronze;Gold;Silver,career,probable,1.0,verified,https://www.gov.kz/memleket/entities/maidd/press/news/details/1189055?lang=ru,,AGI Lab,Chief Executive Officer,employment,Industry,Other,latest_employment,One reviewed latest employment or organizational role is used as the destination.,,,,https://cphof.org/profile/ioi:2621;https://stats.ioinformatics.org/people/2621;https://www.gov.kz/memleket/entities/maidd/press/news/details/1189055?lang=ru,3,cphof;verified,An exact-name 2012 programming-school profile explicitly identifies the NTU student as Kazakhstan's IOI gold medalist; the same rare name and programming domain continue through Khan Group leadership and a 2026 government profile naming him CEO of AGI Lab and Khan Group but no career source explicitly mentions IOI.; Destination review: Kazakhstan's digital ministry identifies Sadykov as CEO of both AGI Lab and Khan Group in 2026; AGI Lab is used as the single displayed destination while Khan Group remains in affiliation history.
kaz-96fed62edd90,Adilzhan Ismailov,Adilzhan Ismailov,IMO,2007,2007,2007,Honourable mention,career,probable,1.0,verified,https://theorg.com/org/depop/teams/engineering-team,https://uk.linkedin.com/in/adilzhanismailov,Depop,"Lead Data Scientist, Pricing and Inventory",employment,Industry,Research & Academia,latest_employment,One reviewed latest employment or organizational role is used as the destination.,,,,https://github.com/AdilzhanIsmailov;https://github.com/adilzhan-ismailov-depop;https://github.com/aismlv;https://theorg.com/org/depop/teams/engineering-team;https://uk.linkedin.com/in/adilzhanismailov;https://www.imo-official.org/results/contestant/15618/,6,github;verified,The rare exact name belongs to a Kazakhstan member of Barcelona GSE's 2015 class whose economics doctorate and public Depop machine-learning work form a coherent timeline from the 2007 IMO; however no career source explicitly mentions the Olympiad
kaz-d36d7bbcbacc,Aibek A. Mukhamediyev,Aibek A. Mukhamediyev,IPhO,2007,2007,2007,Honourable Mention,career,probable,1.0,verified,https://kz.linkedin.com/in/aibek-mukhamediyev-a20b3420,https://kz.linkedin.com/in/aibek-mukhamediyev-a20b3420,Undisclosed employer,Portfolio Manager,employment,Industry,Leadership,latest_employment,One reviewed latest employment or organizational role is used as the destination.,2010,,,https://kz.linkedin.com/in/aibek-mukhamediyev-a20b3420;https://www.olimpas.lt/konspektai/38_tfo/HonorableMention.pdf,2,verified,The rare exact-name Kazakhstan profile lists a current Portfolio Manager role and 2008-2012 LSE education immediately after the official 2007 IPhO record for Aibek A. Mukhamediyev; the employer is represented as undisclosed because the profile uses a placeholder company name and no source explicitly states the Olympiad identity.
kaz-b045af74dc39,Alen Bayev,Alen Bayev,IMO,2007,2007,2007,Bronze medal,career,probable,1.0,verified,https://linkedin.com/in/alen-bayev-1402012bb,https://linkedin.com/in/alen-bayev-1402012bb,Higgsfield AI,Machine Learning Engineer,employment,Industry,Software & AI,latest_employment,One reviewed latest employment or organizational role is used as the destination.,,,,https://codeforces.com/profile/Alien.kz;https://linkedin.com/in/alen-bayev-1402012bb;https://www.imo-official.org/results/contestant/15615/,3,codeforces;verified,"The rare exact-name Kazakhstan profile begins applied-mathematics study at Moscow State University in the 2007 IMO year, matches the Kazakhstan Codeforces identity, and documents current machine-learning work at Higgsfield AI; no source explicitly states that the professional is the IMO contestant"
kaz-a1eb0da72f42,Arman Diyarov,Arman Diyarov,IMO,2007,2007,2007,Honourable mention,career,unmatched,,,,,,,,Unknown,Other,none,No reviewed destination is available.,,,,,0,,
kaz-2b2d1a08a130,Arnat Balabiyev,Arnat Balabiyer;Arnat Balabiyev,IBO,2007;2008,2007,2008,Bronze,career,confirmed,1.0,verified,https://linkedin.com/in/arnat-balabiyev,https://linkedin.com/in/arnat-balabiyev,Arizona State University,Senior Staff Scientist,employment,Academia,Research & Academia,latest_employment,One reviewed latest employment or organizational role is used as the destination.,,,,https://linkedin.com/in/arnat-balabiyev;https://orcid.org/0000-0002-8904-598X;https://www.ibo-info.org/files/downloads/results-reports/results/IBO2008.pdf;https://www.wikidata.org/wiki/Q64897135,4,orcid;verified;wikidata,The exact-name public profile explicitly lists his 2007 and 2008 IBO awards and current Arizona State senior staff scientist role; the official IBO reports independently confirm the Kazakhstan results
kaz-40e246e1831e,Asset Daliyev,Asset Daliyev,IMO,2007;2008,2007,2008,Bronze medal,career,probable,1.0,verified,https://www.signalhire.com/profiles/asset-daliyev%27s-email/170889840,https://sg.linkedin.com/in/asset-daliyev-4ab6a532,Khan Group,Chief Technology Officer,employment,Industry,Other,latest_employment,One reviewed latest employment or organizational role is used as the destination.,2017,,,https://sg.linkedin.com/in/asset-daliyev-4ab6a532;https://www.imo-official.org/team_r.aspx?code=KAZ&column=total&language=en&order=asc&year=2007;https://www.signalhire.com/profiles/asset-daliyev%27s-email/170889840,3,verified,"The rare exact name, RFMS record, two Kazakhstan IMO appearances, and Nanyang Technological University enrollment immediately afterward form a specific timeline into his technical career; a current third-party profile identifies him as Khan Group's CTO, but no source explicitly joins that career profile to the IMO entrant"
kaz-954c1033020d,Ayana Badrakova,Ayana Badrakova,IChO,2007,2007,2007,Bronze,career,probable,1.0,verified,https://www.hec.edu/en/master-s-programs/profiles/ayana-badrakova,,UBS,Investment Banking Analyst,employment,Industry,Economics & Finance,latest_employment,One reviewed latest employment or organizational role is used as the destination.,2015,2015,,https://www.hec.edu/en/master-s-programs/profiles/ayana-badrakova;https://www.icho-official.org/results/results.php?id=39&year=2007,2,verified,"The official IChO result identifies Kazakhstan's exact-name 2007 bronze medalist. A reviewed Kazakhstan chemistry-Olympiad history records that she entered Moscow State University's Faculty of Chemistry, and Moscow State University's official 2012 report identifies exact-name Ayana Badrakova as a fifth-year specialist chemistry student. HEC Paris then lists Ayana Badrakova in its Master in International Finance alumni profiles and names her as a UBS Investment Banking Analyst in 2015. The rare exact name, continuous chemistry education, and official institutional records make the chain strong, but no single source explicitly joins the IChO entrant to HEC Paris, so it remains probable and the dated UBS role is not presented as current."
kaz-add07caaba9e,Baurzhan Smailov,Baurzhan Smailov,IBO,2007,2007,2007,Bronze,career,confirmed,1.0,verified,https://almaty.fizmat.kz/ru/teachers/smaylov-b-b/,https://linkedin.com/in/bauyrzhan-smailov-74a55390,Republican Physics and Mathematics School (RFMS),Biology Teacher and Head of Biology Olympiad Reserve,employment,Academia,Leadership,latest_employment,One reviewed latest employment or organizational role is used as the destination.,2017,,,https://almaty.fizmat.kz/ru/teachers/smaylov-b-b/;https://linkedin.com/in/bauyrzhan-smailov-74a55390;https://oq.gov.kz/en/qazalemnews/441,3,verified,A Kazakhstan government source explicitly identifies national-team leader Bauyrzhan Smailov as the 2007 IBO bronze medalist and RFMS's current biography supplies the matching patronymic biology-teacher role and KazNU biotechnology education.
kaz-28f11085b34d,Dauren Kaliyev,Dauren Kaliyev,IChO,2007,2007,2007,Bronze,career,confirmed,1.0,verified,https://izdatelstvo-sk.kz/news/v-sko-sistemnaya-poddergka-talantlivih-i-odarennih-detei6902/,,Bilim-Innovation Lyceums (BIL),Director,employment,Academia,Leadership,latest_employment,One reviewed latest employment or organizational role is used as the destination.,2026,,,https://izdatelstvo-sk.kz/news/v-sko-sistemnaya-poddergka-talantlivih-i-odarennih-detei6902/;https://orcid.org/0009-0005-0484-4985;https://scoreboard.bc-pf.org/en/results/chemistry/international-chemistry-olympiad/2007,3,orcid;verified,An institutional profile identifies director Dauren Margulanuly Kaliyev as a repeated winner of international chemistry Olympiads and the official 2007 IChO record supplies the matching name medal subject and Kazakhstan delegation
kaz-3007575deed1,Igor Stassiy,Igor Stassiy,IMO,2007,2007,2007,Silver medal,career,confirmed,1.0,verified,https://www.linkedin.com/in/istassiy,https://www.linkedin.com/in/istassiy,Meta,Staff Machine Learning Engineer,employment,Industry,Software & AI,latest_employment,One reviewed latest employment or organizational role is used as the destination.,2025,,,https://www.linkedin.com/in/istassiy,1,verified,"His self-authored professional profile explicitly lists an IMO silver medal and Instagram as his current employer; the official Kazakhstan 2007 IMO record supplies the matching rare full name, year, and medal, while the Saarland and Jacobs education trail is internally consistent; Destination review: The accepted profile lists Staff Machine Learning Engineer at Instagram as current from September 2025."
kaz-9dc053108701,Nasharov A. Askar,Nasharov A. Askar,IPhO,2007,2007,2007,Honourable Mention,career,confirmed,1.0,verified,https://linkedin.com/in/nasharov-askar-bb397466,https://linkedin.com/in/nasharov-askar-bb397466,SLB,Business Line PSD Manager,employment,Industry,Leadership,latest_employment,One reviewed latest employment or organizational role is used as the destination.,2024,,,https://ipho-unofficial.org/timeline/2007/individual;https://linkedin.com/in/nasharov-askar-bb397466,2,verified,The exact-name self-authored profile explicitly lists his 2007 IPhO honourable mention and permanent Kazakhstan national physics-team membership together with his current SLB role.
kaz-e7f80acbcb7b,Viktor Passichenko,Viktor Passichenko,IOI,2007,2007,2007,Bronze,career,confirmed,1.0,verified,https://theorg.com/org/augment-code/offices/hq,https://www.linkedin.com/in/viktor-passichenko,Augment Code,AI Engineer,employment,Industry,Software & AI,latest_employment,One reviewed latest employment or organizational role is used as the destination.,2025,,,https://cphof.org/profile/ioi:2430;https://github.com/vpas;https://theorg.com/org/augment-code/offices/hq;https://www.linkedin.com/in/viktor-passichenko,4,cphof;github;verified,CPHOF and the profile's IOI honor establish identity while the current company directory and public profile agree on the Augment Code AI role
kaz-8bd82bc015a6,Yerbol Y. Bekbayev,Yerbol Y. Bekbayev,IPhO,2007,2007,2007,Silver Medal,career,probable,1.0,verified,https://ariregister.rik.ee/est/company/16568487/file/9011480944,,Quantstellation OÜ,Management Board Member,employment,Industry,Other,latest_employment,One reviewed latest employment or organizational role is used as the destination.,2022,2024,,https://ariregister.rik.ee/est/company/16568487/file/9011480944;https://www.inforegister.ee/en/2181368-ID/,2,verified,"The IPhO registry records Kazakhstan's Yerbol Y. Bekbayev as a 2007 silver medalist. Estonia's registry mirror identifies Quantstellation's exact-name former board member as born 4 July 1989, an age compatible with the school-level 2007 appearance, and the company's official 2023 annual report is digitally confirmed by YERBOL BEKBAYEV as Management board member. The company was registered in 2022 and deleted on 30 December 2024. No reviewed source explicitly joins the board member to the IPhO entrant, so the identity remains probable and this ended role is presented only as the latest reviewed outcome."
kaz-a93118601e76,Yerdos Ordabayev,Yerdos Ordabayev,IChO,2007,2007,2007,Silver,career,confirmed,1.0,verified,https://www.linkedin.com/in/ordabayevy,https://www.linkedin.com/in/ordabayevy,Generate:Biomedicines,Senior Machine Learning Scientist,employment,Industry,Software & AI,latest_employment,One reviewed latest employment or organizational role is used as the destination.,,,,https://github.com/ordabayevy;https://orcid.org/0000-0002-1493-9364;https://scoreboard.bc-pf.org/en/results/chemistry/international-chemistry-olympiad/2007;https://www.linkedin.com/in/ordabayevy,4,github;orcid;verified,His public profile and personal CV explicitly list the 2007 IChO silver medal and a current 2026 publication independently confirms employment at Generate:Biomedicines
kaz-52d80f40e62d,Zhanat Koshenov,Zhanat Koshenov,IBO,2007;2008,2007,2008,Bronze,career,confirmed,1.0,verified,https://www.researchgate.net/profile/Zhanat-Koshenov,,Medical University of Graz,Assistant Professor in Molecular Biology and Biochemistry,employment,Academia,Research & Academia,latest_employment,One reviewed latest employment or organizational role is used as the destination.,2025,,,https://orcid.org/0000-0002-2790-7126;https://www.ibo-info.org/files/downloads/results-reports/results/IBO2008.pdf;https://www.researchgate.net/profile/Zhanat-Koshenov,3,orcid;verified,The exact-name 2007 and 2008 official IBO records align with an ORCID timeline through Nazarbayev University and Graz and a current profile verified through his institutional email
kaz-273cfae90c97,Zhanbolat Zholgeldiev,Zhanbolat Zholgeldiev;Zhanbolat Zholgeldiyev,IChO,2007;2008,2007,2008,Bronze;Silver,career,confirmed,1.0,verified,https://edlightacademy.kz/trainers,,Bilim-Innovation Lyceums (BIL),Chemistry Teacher,employment,Academia,Other,latest_employment,One reviewed latest employment or organizational role is used as the destination.,,,,https://codeforces.com/profile/allchemkz;https://edlightacademy.kz/trainers;https://scoreboard.bc-pf.org/en/results/chemistry/international-chemistry-olympiad/2008,3,codeforces;verified,Edlight Academy explicitly identifies Zhanbolat's 2007-2008 IChO medals and his current chemistry teaching at BIL Oskemen; a 2025 university record independently matches his full name and chemistry trajectory.; Destination review: Edlight Academy explicitly connects Zhanbolat's IChO medals to his current chemistry teaching at BIL Oskemen.
kaz-8b1c1fe467bb,Zhandos Seksembayev,Zhandos Berikkaliyevich Seksembayev;Zhandos Seksembayev;Zhandos Z. Seksembayev,IPhO,2007,2007,2007,Honourable Mention,career,probable,1.0,verified,https://iness.kz/wp-content/uploads/2025/08/Abstract_Book_INESS25_Final_250806_095729.pdf,,Nazarbayev University,Plasma Physics Researcher,employment,Academia,Research & Academia,latest_employment,One reviewed latest employment or organizational role is used as the destination.,,,,https://iness.kz/wp-content/uploads/2025/08/Abstract_Book_INESS25_Final_250806_095729.pdf;https://ipho-unofficial.org/countries/KAZ/individual,2,verified,"The IPhO registry lists Zhandos Z. Seksembayev in 2007, while the 2006 Tuymaada physics-winner list records Zhandos Seksembayev of Kazakhstan and 2010-2011 accelerator-conference records place the exact name at ENU as a student. ENU and Nazarbayev University publications then trace the same rare-name plasma physicist into 2025, including continuity from the jandos_s90 address to a current nu.edu.kz address. No reviewed source explicitly joins the researcher to IPhO, and the IPhO middle initial differs from the later Berikkaliyevich patronymic. The identity therefore remains probable and Plasma Physics Researcher is a descriptive role rather than a formal job title."
kaz-561024988d4c,Akhyn Zhagsalag,Akhyn Zhagsalag,IPhO,2008;2009,2008,2009,Bronze Medal;Gold Medal,career,confirmed,1.0,verified,https://kebab.eportfolio.kz/ru/portfolio/?pane=public&school=108,https://sg.linkedin.com/in/zhagsalag-akhyn-1267474a,Bilim-Innovation Lyceums (BIL),Physics Teacher and Olympiad Trainer,employment,Academia,Other,latest_employment,One reviewed latest employment or organizational role is used as the destination.,,,,https://kebab.eportfolio.kz/ru/portfolio/?pane=public&school=108;https://qazinform.com/amp/kazakh-students-won-one-silver-and-two-gold-medals-in-ipho-2009-mexico_a2186614/;https://sg.linkedin.com/in/zhagsalag-akhyn-1267474a,3,verified,Qazinform identifies the rare exact name as Kazakhstan's 2009 IPhO gold medalist and the current public education portfolio lists that same person as a physics teacher at the Astana Bilim-Innovation boarding lyceum
kaz-863407f79649,Arman Yesenamanov,Arman Yesenamanov,IOI,2008,2008,2008,,career,confirmed,1.0,cphof,https://cphof.org/profile/topcoder:army,,,,,Unknown,Other,history_only,An undated academic organization without a student or staff role is retained only in history.,,,,https://codeforces.com/profile/rmn;https://cphof.org/profile/topcoder:army,2,cphof,profile=topcoder:army; country=Kazakhstan; contest=IOI; codeforces=rmn; universities=Kazakh-British Technical University; organization=KBTU
kaz-9b2fecb414ca,Bakhytbek Zhalmagambetov,Bakhytbek Zhalmagambetov,IBO,2008,2008,2008,,career,confirmed,1.0,verified,https://e-journal.unair.ac.id/PROMKES/article/download/80754/35523/478461,,Airlangga University,Master's Student in Epidemiology,education,Education,Student,current_education,The latest reviewed destination is an active student affiliation.,,,,https://e-journal.unair.ac.id/PROMKES/article/download/80754/35523/478461;https://orcid.org/0000-0002-2110-2167;https://www.ibo-info.org/files/downloads/results-reports/results/IBO2008.pdf,3,orcid;verified,The official IBO report identifies the 2008 Kazakhstan participant as an internal medicine specialist in an epidemiology master's program and his 2026 university paper confirms the current degree affiliation
kaz-016e33a136a1,Nursultan Khadjimuratov,Nursultan Khadjimuratov,IMO,2008;2009;2010,2008,2010,Gold medal;Silver medal,career,confirmed,1.0,verified,https://steppeolymp.kz/,,Nazarbayev Intellectual Schools (NIS),Expert Mathematics Teacher and Olympiad Trainer,employment,Academia,Other,latest_employment,One reviewed latest employment or organizational role is used as the destination.,,,,https://almaty.tv/news/obrazovanie-i-nauka/1703-almatinskie-shkolniki-zavoevali-medali-na-medgdunarodnoy-olimpiade;https://steppeolymp.kz/,2,verified,Almaty TV explicitly identifies the exact-name NIS mathematics teacher as a multiple international mathematics Olympiad winner and Kazakhstan team trainer; the current Steppe Science Olympiad site identifies his NIS Medeu teaching and training role
kaz-81bc0e8f5f5c,Ruslan Vladimirovich Kalizhan,Ruslan Kalizhan;Ruslan Vladimirovich Kalizhan,IBO,2008;2009,2008,2009,,career,confirmed,1.0,verified,https://pro.mytenge.kz/company/170540015039,https://kz.linkedin.com/in/ruslan-kalizhan-4b1b49202,Texas Oil and Gas Consulting,Owner and Director,employment,Industry,Leadership,latest_employment,One reviewed latest employment or organizational role is used as the destination.,2017,,,https://kz.linkedin.com/in/ruslan-kalizhan-4b1b49202;https://pro.mytenge.kz/company/170540015039;https://www.ibo-info.org/files/downloads/results-reports/results/IBO2009.pdf,3,verified,The official IBO record and Kazakhstan state-derived business registry share the exact full patronymic while his public professional profile independently corroborates Kazakhstan and UCLA education
kaz-62d816e1ec2d,Sanzhar Karatayev,Sanzhar Karatayev,IChO,2008,2008,2008,Silver,career,confirmed,1.0,verified,https://sg.linkedin.com/company/bestysco,https://sg.linkedin.com/in/sanzharedu,BestYs,Co-Founder and CEO,employment,Industry,Leadership,latest_employment,One reviewed latest employment or organizational role is used as the destination.,2024,,,https://sg.linkedin.com/company/bestysco;https://sg.linkedin.com/in/sanzharedu;https://www.icho-official.org/results/country_info.php?country=Kazakhstan,3,verified,His former school's page explicitly links the 2008 IChO silver medal to his Singapore education while BestYs lists him and a recently updated directory confirms the current founder role
kaz-860c6f9abbfa,Sanzhar Orazbayev,Sanzhar Orazbayev,IMO,2008;2009,2008,2009,Bronze medal,career,probable,0.75,codeforces,https://codeforces.com/profile/gh_ost,,Khan Group,,company_or_organization,Industry,Other,latest_employment,One reviewed latest employment or organizational role is used as the destination.,,,KZ,https://codeforces.com/profile/gh_ost;https://github.com/sanzharkz;https://github.com/sanzharo,3,codeforces;github,handle=gh_ost; country=Kazakhstan; city=Aqtöbe; organization=Khan Group; login=sanzharo; company=@khangroupkz; location=Almaty; website=http://sanzhar.kz/
kaz-24cc764a8eaf,Shapagat Berdibek,Berdibek Shapagat;Shapagat Berdibek,IPhO,2008,2008,2008,Bronze Medal,career,probable,1.0,verified,https://nur.nu.edu.kz/items/85ec681a-74c3-4778-8625-0dd7b27b5ab1,https://www.linkedin.com/in/shapagatberdibek/,,,,Unknown,Other,history_only,"Completed or undated education is retained as alma-mater/history evidence, not as a destination.",,,,https://ipho-unofficial.org/countries/KAZ/individual;https://nur.nu.edu.kz/items/85ec681a-74c3-4778-8625-0dd7b27b5ab1;https://www.linkedin.com/in/shapagatberdibek/,3,verified,The rare reversed full name Kazakhstan location and Nazarbayev University shown by the exact LinkedIn profile align with the official 2008 Kazakhstan IPhO record and the consecutive MIT and Nazarbayev University degree chronology; no reviewed source states a current occupation so the completed degree remains history only.
kaz-1165d71f2850,Sidorenko Andrey,Sidorenko Andrey,IPhO,2008,2008,2008,Honourable Mention,career,confirmed,1.0,verified,https://almaty.fizmat.kz/ru/muzey/luchshie-uchitelya/,,Republican Physics and Mathematics School (RFMS),Physics Teacher and National Team Coach,employment,Academia,Other,latest_employment,One reviewed latest employment or organizational role is used as the destination.,2024,,,https://almaty.fizmat.kz/ru/muzey/luchshie-uchitelya/;https://prg.kz/document/?doc_id=30205702,2,verified,Kazakhstan's 2008 ministerial order identifies Andrey Sidorenko as an 11th-grade Semey KTL student on the IPhO team; Farabi University identifies the current national-team leader as an international physics Olympiad prize-winner and RFMS lists him as a current physics teacher.
kaz-2a649bf1de05,Sultan Aitekenov,Sultan Aitekenov,IChO,2008,2008,2008,Silver,career,confirmed,1.0,verified,https://ca.linkedin.com/in/sultan-aitekenov,https://ca.linkedin.com/in/sultan-aitekenov,Canadian provincial government,,employment,Government,Other,latest_employment,One reviewed latest employment or organizational role is used as the destination.,,,,https://ca.linkedin.com/in/sultan-aitekenov;https://orcid.org/0000-0002-7294-775X;https://www.icho-official.org/results/country_info.php?country=Kazakhstan,3,orcid;verified,The public profile explicitly lists his 2008 IChO silver medal and states in a 2026 post that he currently works in provincial government in Canada
kaz-5eaeaf0aebf3,Yerken Tussupbekov,Tussupbekov Yerkin,IMO,2008,2008,2008,Silver medal,career,confirmed,1.0,verified,https://www.linkedin.com/in/yerken,https://www.linkedin.com/in/yerken,The Trade Desk,Lead Staff Software Engineer,employment,Industry,Software & AI,latest_employment,One reviewed latest employment or organizational role is used as the destination.,2022,,,https://www.imo-official.org/results/contestant/17822/;https://www.linkedin.com/in/yerken,2,verified,The self-authored profile explicitly lists his 2008 International Mathematical Olympiad silver medal and current Lead Staff Software Engineer role at The Trade Desk; the official IMO record independently confirms the Kazakhstan award under the Yerkin spelling.
kaz-dd50209a641b,Vyacheslav Li,Vyacheslav Li,IPhO,2008;2009,2008,2009,Honourable Mention;Silver Medal,career,confirmed,1.0,verified,https://nl.linkedin.com/in/vyacheslav-li,https://nl.linkedin.com/in/vyacheslav-li,Statkraft,Quantitative Analyst,employment,Industry,Economics & Finance,latest_employment,One reviewed latest employment or organizational role is used as the destination.,2024,,,https://codeforces.com/profile/Whichislovely;https://github.com/VyacheslavLi;https://github.com/vyacheslav-li;https://ipho-unofficial.org/countries/KAZ/individual;https://nl.linkedin.com/in/vyacheslav-li;https://orcid.org/0009-0003-9763-9360,6,codeforces;github;orcid;verified,The public profile explicitly lists his 2009 IPhO silver medal and current Quantitative Analyst role at Statkraft while ISTA independently confirms the transition
kaz-41f531ed3520,Yegor Klochkov,Yegor Klochkov,IMO,2008;2009,2008,2009,Gold medal;Silver medal,career,probable,1.0,verified,https://uk.linkedin.com/in/yegor-klochkov-1a06a093,https://uk.linkedin.com/in/yegor-klochkov-1a06a093,The Voleon Group,Senior Member of Research Staff,employment,Industry,Research & Academia,latest_employment,One reviewed latest employment or organizational role is used as the destination.,2025,,,https://orcid.org/0000-0002-6366-3405;https://uk.linkedin.com/in/yegor-klochkov-1a06a093;https://www.imo-official.org/results/contestant/17820/;https://www.wikidata.org/wiki/Q103160537,4,orcid;verified;wikidata,The rare exact-name BMO roster supplies a 1991 birth date that fits both IMO appearances and the Humboldt doctorate and publication timeline leading to current Voleon employment but no career source explicitly mentions the Olympiad; Destination review: The accepted profile lists Senior Member of Research Staff at The Voleon Group as current from May 2025.
kaz-8ad6d5a1915d,Yerbolat Ablemetov,Yerbolat Ablemetov,IChO,2008,2008,2008,Silver,career,confirmed,1.0,verified,https://daryn.kz/blog/2022/08/02/%D0%BB%D0%B8%D0%BD%D0%B3%D0%B2%D0%B8%D1%81%D1%82%D1%8B-%D0%BE%D0%BF%D1%80%D0%B0%D0%B2%D0%B4%D0%B0%D0%BB%D0%B8-%D0%BD%D0%B0%D0%B4%D0%B5%D0%B6%D0%B4%D1%8B-%D1%81%D1%82%D1%80%D0%B0%D0%BD%D1%8B/,https://www.linkedin.com/in/yerbolat-ablemetov-393b47206,Republican Scientific and Practical Center Daryn,Head of Intellectual Events and International Cooperation,employment,Industry,Leadership,latest_employment,One reviewed latest employment or organizational role is used as the destination.,2021,,,https://daryn.kz/blog/2022/08/02/%D0%BB%D0%B8%D0%BD%D0%B3%D0%B2%D0%B8%D1%81%D1%82%D1%8B-%D0%BE%D0%BF%D1%80%D0%B0%D0%B2%D0%B4%D0%B0%D0%BB%D0%B8-%D0%BD%D0%B0%D0%B4%D0%B5%D0%B6%D0%B4%D1%8B-%D1%81%D1%82%D1%80%D0%B0%D0%BD%D1%8B/;https://t.me/s/qazcho?before=87;https://www.linkedin.com/in/yerbolat-ablemetov-393b47206,3,verified,The 2008 ministry team order and official IChO result identify the grade-11 Kazakhstan chemistry contestant; QazChO names Yerbolat Ablemetov among its international chemistry-olympiad winners; and Daryn plus the current chemistry-career profile agree on his department-head role.
kaz-59b5ec3d2687,Yernaz Satybaldiyev,Yernaz Satybaldiyev,IOI,2008,2008,2008,,career,confirmed,1.0,verified,https://kz.linkedin.com/in/yernaz-satybaldiyev,https://kz.linkedin.com/in/yernaz-satybaldiyev,North Caspian Operating Company (NCOC),Application Development Team Lead,employment,Industry,Other,latest_employment,One reviewed latest employment or organizational role is used as the destination.,,,,https://cphof.org/profile/ioi:4645;https://kz.linkedin.com/in/yernaz-satybaldiyev,2,cphof;verified,The public profile explicitly lists IOI 2008 and current NCOC experience and is corroborated by the CPHOF identity
kaz-3fc7579c7a89,Yeskendir Kassenov,Yeskendir Kassenov,IMO,2008,2008,2008,Bronze medal,career,confirmed,1.0,verified,https://uk.linkedin.com/in/yeskas,https://uk.linkedin.com/in/yeskas,The Trade Desk,Staff Software Engineer,employment,Industry,Software & AI,latest_employment,One reviewed latest employment or organizational role is used as the destination.,2026,,,https://uk.linkedin.com/in/yeskas,1,verified,"His self-authored professional profile explicitly lists the July 2008 IMO bronze medal and Stanford education, while the same profile identifies The Trade Desk as his current employer in London; the official Kazakhstan IMO record independently confirms the name, year, and medal; Destination review: The accepted profile lists Staff Software Engineer at The Trade Desk as current from April 2026."
kaz-4cad451e9620,Aigerim Shamshidin,Aigerim Shamshidin,IChO,2009,2009,2009,Bronze,career,confirmed,1.0,verified,https://www.linkedin.com/in/aigerimsh/,https://www.linkedin.com/in/aigerimsh/,Porsche,Software & Data Architect,employment,Industry,Software & AI,latest_employment,One reviewed latest employment or organizational role is used as the destination.,2023,,,https://scoreboard.bc-pf.org/en/results/chemistry/international-chemistry-olympiad/2009;https://www.linkedin.com/in/aigerimsh/,2,verified,Her self-authored profile explicitly records an International Chemistry Olympiad bronze medal from 2007-2009 and a current Porsche Software & Data Architect role from July 2023; the official Kazakhstan IChO result confirms her exact full name year and medal while independent project sources expose the full surname at TU Berlin and Porsche.
kaz-596f1ff9721d,Aldiyar Nurmanov,Aldiyar Nurmanov,IPhO,2009,2009,2009,Honourable Mention,career,confirmed,1.0,verified,https://profi.kz/profile/NurmanovAE/,,Self-employed,Physics and Mathematics Tutor,employment,Industry,Other,latest_employment,One reviewed latest employment or organizational role is used as the destination.,2026,,,https://ipho-unofficial.org/countries/KAZ/individual;https://profi.kz/profile/NurmanovAE/,2,verified,"Aldiyar Nurmanov's passport-verified exact-name Profi profile explicitly lists his 2009 IPhO honourable mention, matching the official Kazakhstan IPhO registry, and says that he resumed teaching physics and mathematics at the beginning of 2026. His separate BUKI profile independently repeats the IPhO distinction and advertises current physics tutoring in Almaty.; Destination review: The passport-verified profile explicitly says Aldiyar resumed teaching physics and mathematics at the beginning of 2026. Self-employed is used because the source advertises his individual tutoring services and does not name an employer."
kaz-0622dfe9a63f,Ali Dautalinov,Ali Dautalinov,IOI,2009;2010;2011,2009,2011,Bronze,career,confirmed,1.0,verified,https://linkedin.com/in/ali-dautalinov,https://linkedin.com/in/ali-dautalinov,Synergy Partners Law Firm,Lawyer,employment,Industry,Other,latest_employment,One reviewed latest employment or organizational role is used as the destination.,,,,https://codeforces.com/profile/AliD;https://cphof.org/profile/ioi:134;https://linkedin.com/in/ali-dautalinov,3,codeforces;cphof;verified,The exact-name public profile explicitly lists his 2010 and 2011 IOI bronze medals and current lawyer role at Synergy Partners; the official IOI registry independently confirms the Kazakhstan results
kaz-a2f029eab00c,Amir Tulegenov,Amir Tulegenov,IOI,2009,2009,2009,Bronze,career,confirmed,1.0,cphof,https://cphof.org/profile/topcoder:amir.tu,,,,,Unknown,Other,none,No reviewed destination is available.,,,,https://cphof.org/profile/topcoder:amir.tu;https://github.com/amirtu,2,cphof;github,profile=topcoder:amir.tu; country=Kazakhstan; contest=IOI
kaz-7f627c03e4ca,Askar Amangeldy,Askar Amangeldy,IPhO,2009,2009,2009,Silver Medal,career,confirmed,1.0,verified,https://bilimdinews.kz/?p=240825,,Singapore National Physics and Mathematics Olympiad Teams,Physics and Mathematics Olympiad Coach,employment,Industry,Other,latest_employment,One reviewed latest employment or organizational role is used as the destination.,,,,https://bilimdinews.kz/?p=240825;https://qazinform.com/amp/kazakh-students-won-one-silver-and-two-gold-medals-in-ipho-2009-mexico_a2186614/,2,verified,Qazinform identifies Askar Amangeldy as Kazakhstan's 2009 IPhO silver medalist from RFMS; the rare exact-name education profile identifies the same RFMS alumnus as an NTU and NUS graduate who prepares Singapore's national physics and mathematics Olympiad teams.
kaz-ebbffad91290,Birzhan Muldagaliyev,Birzhan Muldagaliyev,IMO,2009,2009,2009,Bronze medal,career,probable,1.0,verified,https://linkedin.com/in/birzhan-moldagaliyev,https://linkedin.com/in/birzhan-moldagaliyev,Kcell,Senior Data Scientist,employment,Industry,Research & Academia,latest_employment,One reviewed latest employment or organizational role is used as the destination.,2020,,,https://linkedin.com/in/birzhan-moldagaliyev;https://www.imo-official.org/results/contestant/18610/,2,verified,The Moldagaliyev transliteration exact Kazakhstan mathematician moved from school into an NTU mathematics degree in 2010 and an NUS mathematics PhD; a contemporary colleague independently describes the same NTU and NUS path and world-Olympiad bronze but no primary source explicitly names the IMO.
kaz-f721e7240925,Darkhan Akzholov,Darkhan Akzholov,IOI,2009,2009,2009,,career,confirmed,1.0,verified,https://kz.linkedin.com/in/darkhan-akzholov-b0399151,https://kz.linkedin.com/in/darkhan-akzholov-b0399151,Google,Software Engineer,employment,Industry,Software & AI,latest_employment,One reviewed latest employment or organizational role is used as the destination.,2020,,,https://cphof.org/profile/ioi:2935;https://kz.linkedin.com/in/darkhan-akzholov-b0399151,2,cphof;verified,CPHOF establishes the Kazakhstan IOI identity and the rare exact-name public profile lists current Google employment in Zurich; Destination review: The accepted profile lists Software Engineer at Google as current from May 2020.
kaz-6ea5dd0e4291,Furkat Mukhtarov,Furkat Mukhtarov,IChO,2009,2009,2009,Bronze,career,confirmed,1.0,verified,https://www.linkedin.com/in/furkatmukhtarov,https://www.linkedin.com/in/furkatmukhtarov,TETmedical,Senior Research Scientist,employment,Industry,Research & Academia,latest_employment,One reviewed latest employment or organizational role is used as the destination.,2025,,,https://orcid.org/0000-0001-6703-7965;https://sandbox.tetmedical.com/our-team/;https://scoreboard.bc-pf.org/en/results/chemistry/international-chemistry-olympiad/2009;https://www.linkedin.com/in/furkatmukhtarov;https://www.wikidata.org/wiki/Q88653669,5,orcid;verified;wikidata,His public profile explicitly lists the 2009 IChO bronze medal as part of Kazakhstan's national team and TETmedical's current team page identifies him as a research scientist; Destination review: The accepted profile shows a June 2025 promotion to Senior Research Scientist at TETmedical.
kaz-9dadae71693b,Ilya Skripin,Ilya Skripin,IChO,2009;2010,2009,2010,Bronze,career,confirmed,1.0,verified,https://www.signalhire.com/profiles/ilya-skripin%27s-email/155210030,https://kz.linkedin.com/in/ilya-skripin-a9a31552,Boston Consulting Group (BCG),Consultant,employment,Industry,Other,latest_employment,One reviewed latest employment or organizational role is used as the destination.,2024,,,https://kz.linkedin.com/in/ilya-skripin-a9a31552;https://www.signalhire.com/profiles/ilya-skripin%27s-email/155210030,2,verified,His self-authored profile explicitly lists a 2010 IChO bronze medal and current BCG employment after a Penn State chemical-engineering degree; a current public employment directory supplies the Consultant title and May 2024 start date
kaz-b60a544a248a,Kanat Satylkhanov,Kanat Satylkhanov,IMO,2009;2010,2009,2010,Gold medal;Silver medal,career,confirmed,1.0,verified,https://imojp.org/support/IMO2023_REPORT_jp.pdf,https://linkedin.com/in/kanat-satylkhanov-bb205080,Kazakhstan International Mathematical Olympiad Team,Deputy Leader,employment,Academia,Other,latest_employment,One reviewed latest employment or organizational role is used as the destination.,2023,2023,,https://codeforces.com/profile/NIGHTFIT;https://imojp.org/support/IMO2023_REPORT_jp.pdf;https://linkedin.com/in/kanat-satylkhanov-bb205080;https://www.imo-official.org/results/contestant/18587/,4,codeforces;verified,Official IMO records identify the rare exact-name 2009 silver and 2010 gold medalist and list Kanat Satylkhanov as Kazakhstan's deputy leader in the 2023 report; his profile's 2010-2014 KBTU education and the official Balkan record's 1993 birth date independently corroborate the continuous identity
kaz-0bab17661adc,Madiyar Aitbayev,Madiyar Aitbayev,IOI,2009;2010,2009,2010,Bronze,career,confirmed,1.0,verified,https://linkedin.com/in/aitbayev,https://linkedin.com/in/aitbayev,Snap,Software Engineer,employment,Industry,Software & AI,latest_employment,One reviewed latest employment or organizational role is used as the destination.,,,,https://codeforces.com/profile/Madiyar;https://cphof.org/profile/topcoder:Madiyar1;https://linkedin.com/in/aitbayev,3,codeforces;cphof;verified,The exact-name public profile explicitly lists his Kazakhstan IOI record and current Snap software-engineering role; the official IOI registry independently confirms the 2009 and 2010 appearances
kaz-80e9320bcf5e,Nazym Nurlanovna Bashkenova,Nazym Nurlanovna Bashkenova,IBO,2009,2009,2009,,career,confirmed,1.0,verified,https://www.pediatricassociates.com/pediatric-office/winter-springs-fl-town-center/pediatricians/nazym-bashkenova-md,,Pediatric Associates,Pediatrician,employment,Industry,Other,latest_employment,One reviewed latest employment or organizational role is used as the destination.,,,,https://www.ibo-info.org/files/downloads/results-reports/results/IBO2009.pdf;https://www.pediatricassociates.com/pediatric-office/winter-springs-fl-town-center/pediatricians/nazym-bashkenova-md,2,verified,The exact-name 2009 official IBO record aligns with the current pediatrician's Kazakhstan birth and Turkish medical degree biography and an active Florida physician license
kaz-0cc4d473da7f,Roman Langolf,Roman Langolf,IBO,2009,2009,2009,,career,confirmed,1.0,verified,https://linkedin.com/in/roman-langolf,https://linkedin.com/in/roman-langolf,AnyMind Group,Technical Lead,employment,Industry,Other,latest_employment,One reviewed latest employment or organizational role is used as the destination.,2022,,,https://github.com/Roman116f;https://github.com/rolang;https://linkedin.com/in/roman-langolf;https://press.ucoz.kz/news/2009-07-11,4,github;verified,The rare exact-name profile and independently linked rolang GitHub identity both identify AnyMind Group while the school report explicitly connects Roman Langolf to Kazakhstan's 2009 international biology team
kaz-21741893c5a2,Talap Kossybakov,Talap Kossybakov,IBO,2009;2010,2009,2010,Bronze,career,confirmed,1.0,verified,https://galaxy.edu.kz/en/staff/index/2,,Galaxy International School Almaty,Science Teacher,employment,Academia,Other,latest_employment,One reviewed latest employment or organizational role is used as the destination.,,,,https://galaxy.edu.kz/en/staff/index/2;https://www.ibo-info.org/files/downloads/results-reports/results/IBO2010_Final_Results.pdf,2,verified,The rare exact-name 2009 participant and 2010 bronze medalist appears on the current staff page of an Almaty international school as a science teacher
kaz-47297d0b8770,Tolebi Sailauov,Tolebi Sailauov,IMO,2009,2009,2009,Bronze medal,career,confirmed,1.0,verified,https://orcid.org/0000-0002-5922-0011,https://uk.linkedin.com/in/tolebi-sailauov-phd,,,,Unknown,Other,history_only,"Completed or undated education is retained as alma-mater/history evidence, not as a destination.",,,,https://orcid.org/0000-0002-5922-0011;https://uk.linkedin.com/in/tolebi-sailauov-phd;https://www.imo-official.org/country_individual_r.aspx?code=KAZ&column=year&order=desc&gender=hide&nameform=western,3,orcid;verified,The 2009 Balkan olympiad roster supplies the rare exact name and birth date while his self-asserted ORCID and publications consistently document NTU engineering degrees on the expected timeline
kaz-73232d09a9cf,Zhalgas Serimbetov,Zhalgas Serimbetov,IChO,2009;2010,2009,2010,Bronze,career,confirmed,1.0,verified,https://linkedin.com/in/zhalgasserimbetov,https://linkedin.com/in/zhalgasserimbetov,Impala Partners,CIO and Portfolio Manager,employment,Industry,Leadership,latest_employment,One reviewed latest employment or organizational role is used as the destination.,2024,,,https://linkedin.com/in/zhalgasserimbetov,1,verified,His self-authored profile explicitly lists the 2010 International Chemistry Olympiad bronze medal and identifies him as Impala Partners' current CIO and Portfolio Manager since 2024; the official Kazakhstan IChO record independently confirms the exact name year and medal
kaz-c412a21c7fc6,Zhanibek Kaimuldenov,Zhanibek Kaimuldenov,IPhO,2009,2009,2009,Gold Medal,career,confirmed,1.0,verified,https://find-and-update.company-information.service.gov.uk/officers/my8HsHrIuqw_No-TeaKB_nIPPZk/appointments,https://kz.linkedin.com/in/zhanibek-kaimuldenov-5567b7124,Pro Wheel XR,Director,employment,Industry,Leadership,latest_employment,One reviewed latest employment or organizational role is used as the destination.,2024,,,https://find-and-update.company-information.service.gov.uk/officers/my8HsHrIuqw_No-TeaKB_nIPPZk/appointments;https://github.com/django-kz;https://ipho-unofficial.org/countries/KAZ/individual;https://kz.linkedin.com/in/zhanibek-kaimuldenov-5567b7124;https://orcid.org/0000-0002-6599-2675,5,github;orcid;verified,The rare exact name plus Kazakh nationality and October 1990 birth date in the official UK registry match the 2009 IPhO contestant and MIPT education timeline
kaz-01654d909e91,Abylay Shakhizadayev,Abylay Shakhizadayev,IChO,2010;2011,2010,2011,Bronze;Gold,career,probable,1.0,verified,https://nur.nu.edu.kz/items/8090871a-9f4d-492d-9232-0ee28a046e58,,,,,Unknown,Other,history_only,"Completed or undated education is retained as alma-mater/history evidence, not as a destination.",,,,https://nur.nu.edu.kz/items/8090871a-9f4d-492d-9232-0ee28a046e58;https://www.icho-official.org/results/country_info.php?country=Kazakhstan,2,verified,Nazarbayev University's official repository and alumni lists document the rare exact-name Abylay Shakhizadayev's 2016 undergraduate graduation and 2018 MA in Economics after his 2010-2011 IChO appearances; no source explicitly joins the records.
kaz-f4ec7f952510,Ali-Amir Aldan,Ali-Amir Aldan,IOI,2010;2011,2010,2011,Bronze;Silver,career,confirmed,1.0,verified,https://www.linkedin.com/in/ali-amir-aldan-a2b81b46,https://www.linkedin.com/in/ali-amir-aldan-a2b81b46,Fourier,Co-Founder,employment,Industry,Leadership,latest_employment,One reviewed latest employment or organizational role is used as the destination.,2022,,,https://codeforces.com/profile/ACube;https://cphof.org/profile/topcoder%3AZoRGaN;https://cphof.org/profile/topcoder:ZoRGaN;https://www.linkedin.com/in/ali-amir-aldan-a2b81b46,4,codeforces;cphof;verified,Competition profile joins IOI medals to MIT and public professional profile lists Fourier; Destination review: The accepted profile lists Co-Founder at Fourier as current from May 2022.
kaz-790df21958f8,Azamat Duysenbaev,Azamat Duysenbaev,IMO,2010,2010,2010,Honourable mention,career,confirmed,1.0,verified,https://prg.kz/Document/?doc_id=31388745,,Republican Physics and Mathematics School (RFMS),Mathematics Teacher,employment,Academia,Other,latest_employment,One reviewed latest employment or organizational role is used as the destination.,2013,2013,,https://github.com/Duysenbaev1;https://github.com/aza4k;https://prg.kz/Document/?doc_id=31388745;https://www.imo-official.org/results/contestant/19385/,4,github;verified,Samruk-Kazyna's official 2010 scholarship release gives his full patronymic and international mathematics awards while a 2013 Ministry of Education order names that same full person as a mathematics teacher at the Republican Physics and Mathematics School
kaz-c1c692af0296,Azizkhan Almakhan,Azizkhan Almakhan,IOI,2010,2010,2010,,career,confirmed,1.0,verified,https://linkedin.com/in/azizkhan-almakhan-1652b952,https://linkedin.com/in/azizkhan-almakhan-1652b952,Google,Software Engineer,employment,Industry,Software & AI,latest_employment,One reviewed latest employment or organizational role is used as the destination.,2014,,,https://codeforces.com/profile/azizkhan;https://cphof.org/profile/topcoder:azizkhan;https://linkedin.com/in/azizkhan-almakhan-1652b952,3,codeforces;cphof;verified,The rare exact-name profile repeats the KBTU education and azizkhan competitive-programming identity linked by CPHOF and lists a current Google software-engineering role
kaz-462ea4363511,Denis Ovchinnikov,Denis Ovchinnikov,IMO,2010,2010,2010,Gold medal,career,confirmed,1.0,verified,https://www.linkedin.com/in/denis-ovchinnikov-math,https://www.linkedin.com/in/denis-ovchinnikov-math,NVIDIA,Senior Deep Learning Algorithms Engineer,employment,Industry,Engineering,latest_employment,One reviewed latest employment or organizational role is used as the destination.,,,,https://github.com/DenisOvchinnikov93;https://github.com/Jettatura;https://github.com/ovchinnikov7;https://github.com/zamerzan;https://orcid.org/0000-0001-9313-2448;https://www.imo-official.org/results/contestant/19458/;https://www.linkedin.com/in/denis-ovchinnikov-math;https://www.wikidata.org/wiki/Q90699472,8,github;orcid;verified;wikidata,His public professional profile directly lists the 2010 IMO gold medal and his current NVIDIA deep-learning algorithms role under the same exact name
kaz-f02da7099fac,Kemeldinov Aidyn,Kemeldinov Aidyn,IPhO,2010,2010,2010,Silver Medal,career,confirmed,1.0,verified,https://linkedin.com/in/aidynkemeldinov,https://linkedin.com/in/aidynkemeldinov,Applied Materials,Software Engineer,employment,Industry,Software & AI,latest_employment,One reviewed latest employment or organizational role is used as the destination.,2020,,,https://ipho-unofficial.org/timeline/2010/individual;https://linkedin.com/in/aidynkemeldinov,2,verified,The exact-name self-authored profile explicitly lists his 2010 IPhO silver medal and a current Applied Materials software-engineering role beginning in November 2020.
kaz-f648d0d6bf6d,Manatuly Angsar,Manatuly Angsar,IPhO,2010,2010,2010,Silver Medal,career,probable,1.0,verified,https://au.linkedin.com/in/angsar-manatuly-7409bb2b9,https://linkedin.com/in/angsar-manatuly-7409bb2b9,University of Technology Sydney,Casual Academic,employment,Academia,Other,latest_employment,One reviewed latest employment or organizational role is used as the destination.,2022,,,https://au.linkedin.com/in/angsar-manatuly-7409bb2b9;https://ipho-unofficial.org/timeline/2010/individual;https://linkedin.com/in/angsar-manatuly-7409bb2b9,3,verified,The rare reverse-order exact name and continuous physics education and employment trajectory connect the 2010 Kazakhstan IPhO silver medalist to the current UTS academic profile; no reviewed source explicitly joins both records.
kaz-c97c1b9e1718,Medet Zhanbulatuly,Medet Zhanbulatuly,IMO,2010;2011,2010,2011,Silver medal,career,confirmed,1.0,verified,https://sg.linkedin.com/in/medet-zhanbulatuly-0b009884,https://sg.linkedin.com/in/medet-zhanbulatuly-0b009884,Virtu Financial,Senior Trader,employment,Industry,Other,latest_employment,One reviewed latest employment or organizational role is used as the destination.,2018,,,https://sg.linkedin.com/in/medet-zhanbulatuly-0b009884,1,verified,His self-authored profile explicitly lists silver medals at the 2010 and 2011 International Mathematical Olympiads and identifies his current Senior Trader role at Virtu Financial; the official IMO record independently confirms the exact name years and awards
kaz-abf1bb1c0e02,Miras Bekbergenov,Miras Bekbergenov,IChO,2010;2011,2010,2011,Bronze;Silver,career,confirmed,1.0,verified,https://kz.linkedin.com/in/miras-bekbergenov-73b54a231,https://kz.linkedin.com/in/miras-bekbergenov-73b54a231,VACANTE,Chief Commercial Officer,employment,Industry,Other,latest_employment,One reviewed latest employment or organizational role is used as the destination.,2025,,,https://ba.prg.kz/710000000-astana/221140001702-too-vacante/;https://kz.linkedin.com/in/miras-bekbergenov-73b54a231;https://ru.linkedin.com/posts/armansu_%D1%81%D0%BF%D0%B8%D1%81%D0%BE%D0%BA-%D0%BE%D0%BB%D0%B8%D0%BC%D0%BF%D0%B8%D0%B0%D0%B4%D0%BD%D0%B8%D0%BA%D0%BE%D0%B2-imo-ioi-ipho-icho-activity-7333479882347143169-f6Y2,3,verified,In a self-authored LinkedIn comment Bekbergenov explicitly identifies himself as the 2010 bronze and 2011 silver IChO medalist and says he is building two startups; Kazakhstan's government-sourced company registry names Miras Daniyaruly Bekbergenov as the current head of VACANTE; Destination review: The accepted profile gives the current operating title Chief Commercial Officer at VACANTE from August 2025; the company registry remains supporting evidence that he heads the entity.
kaz-3437e4fc5bbd,Nursultan Erkinovich Tompiyev,Nursultan Erkinovich Tompiyev,IBO,2010,2010,2010,,career,confirmed,1.0,verified,https://www.gov.kz/memleket/entities/transport/press/news/details/882464?lang=ru,https://kz.linkedin.com/in/nursultan-tompiyev-ab92bb38a,Kazaeronavigatsia,"Leading Specialist, Airspace Organization Department",employment,Industry,Other,latest_employment,One reviewed latest employment or organizational role is used as the destination.,,,,https://kz.linkedin.com/in/nursultan-tompiyev-ab92bb38a;https://www.ans.kz/upload/userfiles/files/%D0%9E%D0%A7%D0%95%D0%A0%D0%95%D0%94%D0%AC%20%D0%BF%D0%BE%20%D0%B6%D0%B8%D0%BB%D1%8C%D1%8E%281%29.pdf;https://www.gov.kz/memleket/entities/transport/press/news/details/882464?lang=ru,3,verified,The employer's official housing list gives the exact full name and patronymic found in the 2010 IBO record while the Ministry of Transport identifies his current specialist role at Kazaeronavigatsia
kaz-ef4bc11dbc64,Nurzhas Aidynov,Nurzhas Aidynov,IPhO,2010;2011;2012,2010,2012,Gold Medal;Silver Medal,career,confirmed,1.0,verified,https://kz.linkedin.com/in/nurzhas-aidynov-747540155,https://kz.linkedin.com/in/nurzhas-aidynov-747540155,Solai,Data Scientist,employment,Industry,Research & Academia,latest_employment,One reviewed latest employment or organizational role is used as the destination.,2022,,,https://ipho-unofficial.org/countries/KAZ/individual;https://kz.linkedin.com/in/nurzhas-aidynov-747540155,2,verified,The three-year IPhO record and rare exact-name Kazakhstan profile align on career timing while both the profile and Solai company roster list current employment; Destination review: The accepted profile lists Data Scientist at Solai as current from June 2022.
kaz-264dfb257029,Rauan Rakhmet,Rauan Rakhmet,IMO,2010;2011,2010,2011,Bronze medal;Silver medal,career,confirmed,1.0,verified,https://ie.linkedin.com/in/rauanrakhmet,https://ie.linkedin.com/in/rauanrakhmet,Google,Senior Software Engineer,employment,Industry,Software & AI,latest_employment,One reviewed latest employment or organizational role is used as the destination.,2025,,,https://ie.linkedin.com/in/rauanrakhmet,1,verified,His self-authored profile explicitly lists the 2010 and 2011 International Mathematical Olympiads among his honors and identifies Google as his current employer; its software-engineering biography and 2011-2015 KBTU timeline align with the official Kazakhstan IMO record; Destination review: The accepted profile lists Senior Software Engineer at Google as current from November 2025.
kaz-c83291856fc0,Tamirlan Seidakhmetov,Tamirlan Seidakhmetov,IPhO,2010,2010,2010,Silver Medal,career,confirmed,1.0,verified,https://apply.nu.edu.kz/,https://www.linkedin.com/in/tamirlan,Meta,Data Scientist,employment,Industry,Research & Academia,latest_employment,One reviewed latest employment or organizational role is used as the destination.,,,,https://apply.nu.edu.kz/;https://ipho-unofficial.org/countries/KAZ/individual;https://www.linkedin.com/in/tamirlan,3,verified,The accepted public profile explicitly lists his July 2010 International Physics Olympiad silver medal while Nazarbayev University's official alumni page independently identifies Tamirlan Seidakhmetov as a Meta data scientist and documents his 2015 NU and 2016 Stanford degrees.
kaz-17b78d6e8c0f,Yernar Tursynbay,Yernar Tursynbay,IBO,2010;2011,2010,2011,Bronze,career,probable,1.0,verified,https://registrar.nu.edu.kz/graduation-2016,,,,,Unknown,Other,history_only,"Completed or undated education is retained as alma-mater/history evidence, not as a destination.",,,,https://registrar.nu.edu.kz/graduation-2016;https://scoreboard.bc-pf.org/en/results/biology/international_biology_olympiad/2011,2,verified,"The rare exact name appears in Kazakhstan's 2010-2011 IBO records and Nazarbayev University's official 2016 graduation roster for Biological Sciences, producing a coherent biology timeline; neither source explicitly states that the graduate is the IBO contestant"
kaz-f67b534425a5,Zhaslan Baraissov,Zhaslan Baraissov,IPhO,2010;2011,2010,2011,Gold Medal;Silver Medal,career,confirmed,1.0,verified,https://linkedin.com/in/zhaslan-baraissov-5460b1151,https://linkedin.com/in/zhaslan-baraissov-5460b1151,Cornell University,PhD Candidate,education,Education,Student,current_education,The latest reviewed destination is an active student affiliation.,,,,https://linkedin.com/in/zhaslan-baraissov-5460b1151;https://orcid.org/0000-0002-2018-982X;https://scoreboard.bc-pf.org/en/results/physics/international-physics-olympiad/2011;https://www.wikidata.org/wiki/Q89571852,4,orcid;verified;wikidata,The rare exact-name public profile corroborates the Cornell doctoral affiliation already tied to the 2010 and 2011 Kazakhstan IPhO medalist through official results and institutional research records
kaz-0e1075c1b53e,Zhassulan Shaikhygali,Zhassulan Shaikhygali,IBO,2010;2011,2010,2011,Silver,career,probable,1.0,verified,https://github.com/shaikhzhas,,inDrive,Data Engineer,employment,Industry,Engineering,latest_employment,One reviewed latest employment or organizational role is used as the destination.,,,,https://github.com/shaikhzhas;https://www.ibo-info.org/files/downloads/results-reports/results/IBO2011_Ranking_total_final.pdf,2,verified,"The official IBO result identifies Kazakhstan's exact-name 2011 silver medalist; UNIST records the rare exact name and its 2015-2016 biomedical-engineering path, while PyPI names Zhassulan Shaikhygali and links its avalanche-etl project directly to the shaikhzhas GitHub account whose current profile lists Data Engineer at inDrive in Kazakhstan. No reviewed source explicitly joins the Olympiad and career records."
kaz-ec80d9fc8daf,Akezhan Amankeldi,Akezhan Amankeldi,IMO,2011;2012,2011,2012,Bronze medal,career,confirmed,1.0,verified,https://www.linkedin.com/posts/bahruzbabayev_kazakhstan-case-bolashak-activity-7258187603491831809-y8Ho,https://kz.linkedin.com/in/akezhan-amankeldi,Boston Consulting Group (BCG),Consultant,employment,Industry,Other,latest_employment,One reviewed latest employment or organizational role is used as the destination.,,,,https://kz.linkedin.com/in/akezhan-amankeldi;https://www.linkedin.com/posts/bahruzbabayev_kazakhstan-case-bolashak-activity-7258187603491831809-y8Ho,2,verified,"His self-authored profile explicitly lists third-place results at the 2011 and 2012 IMOs, matching Kazakhstan's official participation record; a BCG public post identifies him as a member of its consulting team"
kaz-bd1a5011816e,Altynay Narmanova,Altynay Narmanova,IBO,2011,2011,2011,Bronze,career,confirmed,1.0,verified,https://www.linkedin.com/in/altynay-narmanova-36507b65,https://www.linkedin.com/in/altynay-narmanova-36507b65,Mount Sinai Health System,"Program Coordinator II, World Trade Center Health Program",employment,Industry,Leadership,latest_employment,One reviewed latest employment or organizational role is used as the destination.,2024,,,https://www.ibo-info.org/en/contest/past-ibos.html?file=files%2Fdownloads%2Fresults-reports%2Fresults%2FIBO2011_Ranking_total_final.pdf;https://www.linkedin.com/in/altynay-narmanova-36507b65,2,verified,The official IBO result and exact-name public profile agree on her 2011 bronze medal; the same current profile lists her Mount Sinai World Trade Center Health Program role and KAIST biology degree.
kaz-b8e3ad83d883,Andrey Drobakh,Andrey Drobakh,IMO,2011,2011,2011,Bronze medal,career,unmatched,,,,,,,,Unknown,Other,none,No reviewed destination is available.,,,,,0,,
kaz-ce11e3134fa1,Baizak Kudaibergenov,Baizak Kudaibergenov,IBO,2011,2011,2011,,career,probable,1.0,verified,https://www.ku.ac.ae/college-people/ahsan-habib-khandoker,https://linkedin.com/in/baizaq,Khalifa University,Doctoral Researcher,employment,Academia,Research & Academia,latest_employment,One reviewed latest employment or organizational role is used as the destination.,2026,,,https://github.com/EigenLayerovich;https://linkedin.com/in/baizaq;https://orcid.org/0009-0007-8895-1669;https://scoreboard.bc-pf.org/en/results/biology/international_biology_olympiad/2011;https://www.ku.ac.ae/college-people/ahsan-habib-khandoker,5,github;orcid;verified,"The rare exact-name profile begins a Nazarbayev University medical-science path in 2012 immediately after the 2011 IBO appearance and continues through NU biology research to a current Khalifa precision-medicine doctorate; official NU and Khalifa pages corroborate the research path, but no source explicitly joins it to the IBO contestant"
kaz-f5050685c728,Darkhan Nurlybay,Darkhan Nurlybay,IPhO,2011,2011,2011,Bronze Medal,career,confirmed,1.0,verified,https://faio.kz/2024/,,Google,Software Engineer,employment,Industry,Software & AI,latest_employment,One reviewed latest employment or organizational role is used as the destination.,,,,https://faio.kz/2024/;https://ipho-unofficial.org/countries/KAZ/individual,2,verified,"The IPhO registry records Kazakhstan's rare-name 2011 bronze medalist Darkhan Nurlybay. The FAIO 2024 archive identifies Darkhan Nurlybai, a one-letter transliteration variant, as an NSPM and HSE graduate and Software Engineer at Google; RFMS's own medalist list independently joins the same name and school to the 2011 physics bronze."
kaz-e266aa85e93e,Kaisarbek Omirzakhov,Kaisarbek Omirzakhov,IPhO,2011;2012,2011,2012,Gold Medal;Silver Medal,career,confirmed,1.0,verified,https://www.linkedin.com/in/kaisarbek,https://www.linkedin.com/in/kaisarbek,Ayar Labs,Senior Photonics Engineer,employment,Industry,Engineering,latest_employment,One reviewed latest employment or organizational role is used as the destination.,2024,,,https://ipho-unofficial.org/countries/KAZ/individual;https://orcid.org/0000-0002-8420-6166;https://www.linkedin.com/in/kaisarbek,3,orcid;verified,The public profile explicitly lists his 2011 and 2012 IPhO medals and current Senior Photonics Engineer role at Ayar Labs
kaz-74fe1fe53ea1,Madi Khamitbekov,Madi Khamitbekov,IOI,2011;2012,2011,2012,Bronze;Silver,career,confirmed,1.0,verified,https://linkedin.com/in/khmadi,https://linkedin.com/in/khmadi,Pika,Head of Engineering,employment,Industry,Engineering,latest_employment,One reviewed latest employment or organizational role is used as the destination.,,,,https://codeforces.com/profile/Kh.Madi;https://cphof.org/profile/topcoder:Kh.Madi;https://linkedin.com/in/khmadi,3,codeforces;cphof;verified,The exact-name public profile explicitly lists his 2011 and 2012 IOI record and current Head of Engineering role at Pika; the official IOI registry independently confirms the Kazakhstan appearances
kaz-329a330cca14,Saken Dushayev,Saken Dushayev,IMO,2011;2012,2011,2012,Bronze medal;Honourable mention,career,probable,1.0,verified,https://linkedin.com/in/saken-dushayev-30095b204,https://linkedin.com/in/saken-dushayev-30095b204,Home Credit Bank,Senior Software Engineer,employment,Industry,Software & AI,latest_employment,One reviewed latest employment or organizational role is used as the destination.,,,,https://codeforces.com/profile/aspiring_man;https://github.com/dushayevsaken;https://linkedin.com/in/saken-dushayev-30095b204;https://www.imo-official.org/results/contestant/21522/,4,codeforces;github;verified,"The rare exact-name Almaty profile documents FIZMAT attendance from 2009 through 2012, exactly spanning both official IMO appearances, followed by information-systems training and a current Home Credit Bank software role; no source explicitly states that the professional is the IMO contestant"
kaz-f67bd98affb8,Taiman Sabyrgaliyev,Taiman Sabyrgaliyev,IPhO,2011,2011,2011,Silver Medal,career,probable,1.0,verified,https://aspirantura.lebedev.ru/wp-content/uploads/2022/04/%D0%90%D1%80%D1%85%D0%A1%D0%BF%D0%B8%D1%81%D0%BE%D0%BA%D0%90%D1%81%D0%BF%D0%B8%D1%80_2018_4.pdf,,,,,Unknown,Other,history_only,"Completed or undated education is retained as alma-mater/history evidence, not as a destination.",,,,https://aspirantura.lebedev.ru/wp-content/uploads/2022/04/%D0%90%D1%80%D1%85%D0%A1%D0%BF%D0%B8%D1%81%D0%BE%D0%BA%D0%90%D1%81%D0%BF%D0%B8%D1%80_2018_4.pdf;https://ipho-unofficial.org/countries/KAZ/individual,2,verified,Lebedev Physical Institute's graduate-student register and a physics paper list the rare exact-name Taiman Sabyrgaliyev in a 2018-2022 doctoral program and at MIPT; the physics field and timeline align with the 2011 IPhO medalist but no source explicitly joins the records.
kaz-b893faccd3fc,Temirulan Mussayev,Temirulan Mussayev,IMO,2011,2011,2011,Honourable mention,career,confirmed,1.0,verified,https://www.linkedin.com/in/temirulan,https://www.linkedin.com/in/temirulan,Deep Infra,Computational Scientist in Mathematics and Programming,employment,Industry,Research & Academia,latest_employment,One reviewed latest employment or organizational role is used as the destination.,,,,https://codeforces.com/profile/Temirulan;https://github.com/temirulan;https://www.linkedin.com/in/temirulan,3,codeforces;github;verified,The exact-name public profile explicitly identifies him as Kazakhstan's 2011 IMO participant and lists his current computational scientist role at Deep Infra; the official IMO record independently confirms the appearance
kaz-de970224e20f,Vladimir Dolzhnikov,Vladimir Dolzhnikov,IChO,2011;2012,2011,2012,Bronze;Silver,career,confirmed,1.0,verified,https://linkedin.com/in/vladimir-dolzhnikov-95684017b,https://linkedin.com/in/vladimir-dolzhnikov-95684017b,PATRIOT,Raw Materials Technical Support Specialist,employment,Industry,Other,latest_employment,One reviewed latest employment or organizational role is used as the destination.,2023,,,https://linkedin.com/in/vladimir-dolzhnikov-95684017b;https://www.icho-official.org/results/country_info.php?country=Kazakhstan,2,verified,The exact-name public profile explicitly lists his international chemistry Olympiad awards and current PATRIOT raw-materials technical support role; the official IChO result independently confirms his Kazakhstan participation
kaz-03a266067148,Vladislav Kamysbayev,Vladislav Kamysbayev,IChO,2011;2012,2011,2012,Bronze,career,confirmed,1.0,verified,https://www.linkedin.com/in/vladislav-kamysbayev-83bb81181,https://www.linkedin.com/in/vladislav-kamysbayev-83bb81181,Intel Corporation,Process Integration Engineer,employment,Industry,Engineering,latest_employment,One reviewed latest employment or organizational role is used as the destination.,2022,,,https://orcid.org/0000-0002-5668-577X;https://www.icho-official.org/results/country_info.php?country=Kazakhstan;https://www.linkedin.com/in/vladislav-kamysbayev-83bb81181;https://www.wikidata.org/wiki/Q96950210,4,orcid;verified;wikidata,The rare exact-name two-time Kazakhstan IChO medalist aligns with a University of Chicago chemistry doctorate and publication record while his current professional profile places him at Intel
kaz-444dd6943eb0,Vyacheslav Kim,Vyacheslav Kim,IOI,2011;2012,2011,2012,Bronze;Silver,career,confirmed,1.0,cphof,https://cphof.org/profile/topcoder:imslavko,,,,,Unknown,Other,history_only,An undated academic organization without a student or staff role is retained only in history.,,,,https://codeforces.com/profile/SlavaSSU;https://codeforces.com/profile/imslavko;https://cphof.org/profile/topcoder:imslavko;https://github.com/LordRonin;https://github.com/VolosGreeck;https://github.com/VyacheslavKimTR;https://github.com/vyacheslav-kim-vertex;https://orcid.org/0000-0001-5996-2296;https://www.wikidata.org/wiki/Q12538435,9,codeforces;cphof;github;orcid;wikidata,profile=topcoder:imslavko; country=Kazakhstan; contest=IOI; codeforces=imslavko; organization=MIT
kaz-66f479eb4560,Aidos Kuatov,Aidos Kuatov,IBO,2012,2012,2012,Bronze,career,confirmed,1.0,verified,https://www.linkedin.com/in/aidoskuatov,https://www.linkedin.com/in/aidoskuatov,University of Massachusetts Dartmouth,PhD Student and Research Assistant,education,Education,Student,current_education,The latest reviewed destination is an active student affiliation.,2025,,,https://orcid.org/0009-0001-8045-5990;https://scoreboard.bc-pf.org/en/results/biology/international_biology_olympiad/2012;https://www.linkedin.com/in/aidoskuatov,3,orcid;verified,Official IBO result and public professional profile agree on rare exact name and PhD destination; Destination review: The accepted profile lists PhD Student and Research Assistant at UMass Dartmouth as current from September 2025.
kaz-15c5ca0ee628,Alibek Sailanbayev,Alibek Sailanbayev,IMO,2012;2013,2012,2013,Bronze medal;Silver medal,career,confirmed,1.0,verified,https://nitec.kz/index.php/en/kontakty/central-office,https://kz.linkedin.com/in/alibek-sailanbayev,National Information Technologies JSC (NITEC),Managing Director for AI,employment,Industry,Software & AI,latest_employment,One reviewed latest employment or organizational role is used as the destination.,,,,https://cemse.kaust.edu.sa/profiles/alibek-sailanbayev;https://kz.linkedin.com/in/alibek-sailanbayev;https://nitec.kz/index.php/en/kontakty/central-office,3,verified,KAUST's official biography explicitly identifies Sailanbayev as Kazakhstan's 2012 IMO bronze and 2013 IMO silver medalist and traces his applied-mathematics education; NITEC's official contact directory names him as its Managing Director for AI
kaz-6e64602de321,Aman Sariyev,Aman Sariyev,IOI,2012;2013,2012,2013,Silver,career,confirmed,1.0,verified,https://linkedin.com/in/aman-sariyev,https://linkedin.com/in/aman-sariyev,Nazarbayev University,Student,education,Education,Student,current_education,The latest reviewed destination is an active student affiliation.,,,,https://codeforces.com/profile/Aman;https://cphof.org/profile/topcoder:AmanS;https://linkedin.com/in/aman-sariyev,3,codeforces;cphof;verified,The exact-name public profile explicitly lists his 2012 IOI silver medal and Kazakhstan national informatics record and documents his Nazarbayev University education; the official IOI registry independently confirms his 2012 and 2013 appearances
kaz-c056b8e8822d,Aslan Kuan,Aslan Kuan;Kuan Aslan,IBO,2012;2013,2012,2013,Bronze;Diploma,career,probable,1.0,verified,https://rsp.gov.kz/kz/rsp?page=57304,,Self-employed,Education Support Services Sole Proprietor,employment,Industry,Other,latest_employment,One reviewed latest employment or organizational role is used as the destination.,,,,https://rsp.gov.kz/kz/rsp?page=57304;https://scoreboard.bc-pf.org/en/results/biology/international_biology_olympiad/2013,2,verified,"The IBO results identify Kazakhstan's rare exact-name 2012 diploma recipient and 2013 bronze medalist. A 2021 biology article then identifies exact-name Aslan Kuan as an L.N. Gumilyov Eurasian National University student, and Kazakhstan's current government business-entities register lists full-patronymic Aslan Erlanuly Kuan as a sole proprietor under OKED 85609, other education support activity. The registry's age marker is compatible with the 2012 school record, and the exact name, chronology, Kazakhstan continuity, biology study, and education-services activity form a strong chain. No reviewed source explicitly joins the Olympiad entrant to the full-patronymic proprietor, so the identity remains probable.; Destination review: Kazakhstan's current government business-entities register lists full-patronymic Aslan Erlanuly Kuan as a sole proprietor under OKED 85609, other education support activity. Self-employed is used as the single displayed destination because the registry does not expose a separate trading name."
kaz-e310964136d0,Azamat Aidanov,Azamat Aidanov,IBO,2012,2012,2012,Bronze,career,confirmed,1.0,verified,https://linkedin.com/in/azamat-aidanov-64046076,https://linkedin.com/in/azamat-aidanov-64046076,iOS/Flutter,Head of Quality Assurance,employment,Industry,Leadership,latest_employment,One reviewed latest employment or organizational role is used as the destination.,2024,,,https://linkedin.com/in/azamat-aidanov-64046076,1,verified,His self-authored profile explicitly lists the July 2012 International Biology Olympiad bronze medal and describes his current Head of QA work at ios_flutter; the official IBO result independently confirms the exact name year and award
kaz-6fd6f0f7d5f7,Azim Amanzholov,Azim Amanzholov,IChO,2012;2013,2012,2013,Gold;Silver,career,confirmed,1.0,verified,https://kazpravda.kz/n/znak-uvazheniya-molodym-talantam/,,QazChO,Chemistry Olympiad Trainer,employment,Academia,Other,latest_employment,One reviewed latest employment or organizational role is used as the destination.,,,,https://kazpravda.kz/n/znak-uvazheniya-molodym-talantam/;https://www.icho-official.org/results/country_info.php?country=Kazakhstan,2,verified,Recent Kazakhstan coverage explicitly identifies Azim as an IChO gold medalist and the trainer who prepared current national chemistry olympiad students over several years
kaz-dc3a6a35b589,Dauren Muratov,Dauren Muratov,IOI,2012,2012,2012,,career,probable,1.0,verified,https://linkedin.com/in/dauren-muratov-1a114676,https://linkedin.com/in/dauren-muratov-1a114676,DashDevs,iOS Engineer,employment,Industry,Engineering,latest_employment,One reviewed latest employment or organizational role is used as the destination.,2023,,,https://codeforces.com/profile/DaurenMuratov;https://codeforces.com/profile/noname5;https://cphof.org/profile/ioi:2821;https://linkedin.com/in/dauren-muratov-1a114676;https://orcid.org/0000-0003-4970-9101;https://stats.ioinformatics.org/people/2821,6,codeforces;cphof;orcid;verified,"The rare exact-name Astana profile begins Nazarbayev University in 2013 immediately after the 2012 IOI appearance and documents a coherent software career through Meta, Booking.com, and DashDevs; no source explicitly identifies the professional as the IOI contestant"
kaz-07d2b93fd768,Ilya Vilkoviskiy,Ilya Vilkoviskiy,IPhO,2012,2012,2012,Gold Medal,career,confirmed,1.0,verified,https://phy.princeton.edu/people/ilya-vilkoviskiy,https://www.linkedin.com/in/ilya-vilkoviskiy,Princeton University,Postdoctoral Research Associate,employment,Academia,Research & Academia,latest_employment,One reviewed latest employment or organizational role is used as the destination.,,,,https://ipho-unofficial.org/timeline/2012/individual;https://orcid.org/0000-0002-6187-249X;https://phy.princeton.edu/people/ilya-vilkoviskiy;https://www.linkedin.com/in/ilya-vilkoviskiy,4,orcid;verified,His public profile explicitly lists the 2012 IPhO gold medal while Princeton's official physics directory confirms the current postdoctoral appointment
kaz-4e81a93b6baa,Ivan Senyushkin,Ivan Senyushkin,IPhO,2012,2012,2012,Bronze Medal,career,probable,1.0,verified,https://linkedin.com/in/senivaser,https://linkedin.com/in/senivaser,WTT Solutions,JavaScript Developer,employment,Industry,Software & AI,latest_employment,One reviewed latest employment or organizational role is used as the destination.,2021,,,https://linkedin.com/in/senivaser;https://qazinform.com/news/young-pavlodar-physicist-ivan-senyushkin-wins-bronze-at-6th-international-junior-science-olympiad_a2220810/,2,verified,Qazinform and Ivan's school identify the rare exact-name Pavlodar physicist before his IPhO medal while the public profile and a self-authored employer review identify an age-compatible exact-name developer still based in Pavlodar; no source explicitly joins the career and IPhO records.
kaz-ecb44be83ff0,Kairat Ashim,Kairat Ashim,IChO,2012;2013,2012,2013,Gold,career,confirmed,1.0,verified,https://www.linkedin.com/posts/wu-julia_lately-ive-been-filtering-for-one-trait-activity-7440019349970599937-zJXu,,Spark AI,Software Engineer,employment,Industry,Software & AI,latest_employment,One reviewed latest employment or organizational role is used as the destination.,2026,,,https://scoreboard.bc-pf.org/en/results/chemistry/international-chemistry-olympiad/2013;https://www.linkedin.com/posts/wu-julia_lately-ive-been-filtering-for-one-trait-activity-7440019349970599937-zJXu,2,verified,Spark AI's hiring announcement explicitly identifies Kairat as Kazakhstan's decorated chemistry olympiad gold medalist and states that he joined as a software engineer
kaz-e15af1368e42,Mussa Rajamov,Mussa Rajamov,IPhO,2012;2013,2012,2013,Silver Medal,career,confirmed,1.0,verified,https://de.linkedin.com/in/mussa-rajamov,https://de.linkedin.com/in/mussa-rajamov,Deutsche Bank,Senior Model Validation Specialist,employment,Industry,Economics & Finance,latest_employment,One reviewed latest employment or organizational role is used as the destination.,2025,,,https://de.linkedin.com/in/mussa-rajamov;https://ipho-unofficial.org/countries/KAZ/individual,2,verified,The two-year IPhO record and rare exact-name profile align on age and education while the current public profile lists Deutsche Bank in Berlin; Destination review: The accepted profile lists Senior Model Validation Specialist at Deutsche Bank as current from March 2025.
kaz-6d8ff9e71d31,Nurislam Yeshenkulov,Nurislam Yeshenkulov,IBO,2012;2013,2012,2013,Silver,career,probable,1.0,verified,https://tip.sdu.edu.tr/assets/uploads/sites/101/files/2019-2020-danisma-atama-listesi-17102019.pdf,,,,,Unknown,Other,history_only,"Completed or undated education is retained as alma-mater/history evidence, not as a destination.",,,,https://scoreboard.bc-pf.org/en/results/biology/international_biology_olympiad/2013;https://tip.sdu.edu.tr/assets/uploads/sites/101/files/2019-2020-danisma-atama-listesi-17102019.pdf,2,verified,"The IBO results identify Kazakhstan's rare exact-name silver medalist in 2012 and 2013. Turkish university records then identify exact-name Nurislam Yeshenkulov in a 2016 Faculty of Medicine transfer from Sifa University to Suleyman Demirel University and again on the official 2019-2020 Faculty of Medicine adviser roster. The rare name, age-compatible chronology, and biology-to-medicine continuity make the chain strong, but no reviewed source explicitly joins the university record to the Olympiad entrant, so it remains probable. The latest reviewed outcome is bounded at 2020 and neither degree completion nor current medical practice is asserted."
kaz-32373fc425de,Sergazy Kalmurzayev,Sergazy Kalmurzayev,IMO,2012;2013;2014,2012,2014,Bronze medal;Silver medal,career,confirmed,1.0,verified,https://uk.linkedin.com/in/sergazy-kalmurzayev-2ba468231,https://uk.linkedin.com/in/sergazy-kalmurzayev-2ba468231,ElevenLabs,Engineering,employment,Industry,Engineering,latest_employment,One reviewed latest employment or organizational role is used as the destination.,2025,,,https://elevenlabs.io/blog/authors/sergazy-kalmurzayev;https://github.com/SergazyK;https://uk.linkedin.com/in/sergazy-kalmurzayev-2ba468231,3,github;verified,His self-authored profile explicitly lists International Mathematical Olympiad awards and ElevenLabs as his current employer; the official IMO participant record supplies the exact 2012-2014 results while ElevenLabs' official author directory corroborates his active affiliation; Destination review: The accepted profile uses Engineering as the disclosed current ElevenLabs title from January 2025.
kaz-d19956e64f90,Temirlan Izmailov,Temirlan Izmailov,IMO,2012,2012,2012,Honourable mention,career,probable,1.0,verified,https://kz.linkedin.com/in/temirlan-izmailov-caia-cfa-485bab89,https://kz.linkedin.com/in/temirlan-izmailov-caia-cfa-485bab89,Tansar Capital,Portfolio Manager,employment,Industry,Leadership,latest_employment,One reviewed latest employment or organizational role is used as the destination.,2025,,,https://kz.linkedin.com/in/temirlan-izmailov-caia-cfa-485bab89;https://scoreboard.bc-pf.org/en/results/math/national-olympiad/2012,2,verified,The rare exact name appears in Kazakhstan's 2012 national mathematics record and official IMO team before a coherent Kazakhstan finance path through Stockholm School of Economics to Tansar Capital; no source explicitly joins the career profile to the IMO entrant
kaz-518d651456c7,Yerniyaz Nurgabylov,Yerniyaz Nurgabylov,IMO,2012;2013,2012,2013,Bronze medal;Silver medal,career,confirmed,1.0,verified,https://www.linkedin.com/in/yerniyaz-nurgabylov-701b83121,https://www.linkedin.com/in/yerniyaz-nurgabylov-701b83121,Tzafon,Technical Staff,employment,Industry,Other,latest_employment,One reviewed latest employment or organizational role is used as the destination.,2025,,,https://codeforces.com/profile/yerniyaz;https://www.linkedin.com/in/yerniyaz-nurgabylov-701b83121,2,codeforces;verified,His self-authored profile explicitly lists the 2012 IMO silver and 2013 IMO bronze medals and identifies Tzafon as his current employer; the official IMO participant record independently confirms the same name years and awards; Destination review: The accepted profile lists Technical Staff at Tzafon as current from May 2025.
kaz-cc87b45e38c1,Aidar Zhetessov,Aidar Zhetessov,IPhO,2013,2013,2013,Silver Medal,career,confirmed,1.0,verified,https://www.linkedin.com/in/aidarzhetessov,https://www.linkedin.com/in/aidarzhetessov,Lunar Energy,Senior Power Electronics Controls Engineer,employment,Industry,Engineering,latest_employment,One reviewed latest employment or organizational role is used as the destination.,2024,,,https://github.com/azhetessovlunarenergy;https://ipho-unofficial.org/countries/KAZ/individual;https://www.linkedin.com/in/aidarzhetessov,3,github;verified,The exact-name public profile explicitly lists his 2013 IPhO silver medal and current Lunar Energy controls-engineering role; the official country result independently confirms the Kazakhstan award
kaz-1e71a64a8ebb,Alisher Tortay,Alisher Tortay,IMO,2013;2014,2013,2014,Bronze medal,career,confirmed,1.0,verified,https://uk.linkedin.com/in/alishertortay,https://uk.linkedin.com/in/alishertortay,Citadel Securities,Quantitative Researcher,employment,Industry,Economics & Finance,latest_employment,One reviewed latest employment or organizational role is used as the destination.,,,,https://github.com/chizhik;https://uk.linkedin.com/in/alishertortay;https://www.imo-official.org/results/contestant/23507/,3,github;verified,His public profile explicitly lists both Kazakhstan IMO bronze medals and his current Citadel Securities employment while a current team directory identifies him as a quantitative researcher
kaz-380ff32a092b,Amir Bralin,Amir Bralin,IPhO,2013;2014,2013,2014,Gold Medal;Silver Medal,career,confirmed,1.0,verified,https://linkedin.com/in/amirbralin,https://linkedin.com/in/amirbralin,Texas Tech University,Postdoctoral Research Associate,employment,Academia,Research & Academia,latest_employment,One reviewed latest employment or organizational role is used as the destination.,,,,https://github.com/amirbralin;https://linkedin.com/in/amirbralin;https://orcid.org/0009-0008-0675-2824;https://scoreboard.bc-pf.org/en/results/physics/international-physics-olympiad/2013,4,github;orcid;verified,The rare exact-name public profile corroborates the current Texas Tech postdoctoral appointment already linked to the Kazakhstan IPhO medalist through official and university sources
kaz-4357b3307079,Batyrkhan Orynkul,Batyrkhan Orynkul,IMO,2013,2013,2013,Bronze medal,career,confirmed,1.0,verified,https://www.signalhire.com/profiles/batyrkhan-orynkul%27s-email/136697839,https://www.linkedin.com/in/batyrkhan-orynkul-68a45817b,Google,Software Engineer,employment,Industry,Software & AI,latest_employment,One reviewed latest employment or organizational role is used as the destination.,2020,,,https://codeforces.com/profile/batyrkhan14;https://www.linkedin.com/in/batyrkhan-orynkul-68a45817b;https://www.signalhire.com/profiles/batyrkhan-orynkul%27s-email/136697839,3,codeforces;verified,His self-authored profile explicitly lists an IMO bronze medal and Google as his current employer after Nazarbayev University and UC Merced; the current employment directory supplies the Software Engineer title and July 2020 start
kaz-ef33110ee8b0,Binazar Zhassulan,Binazar Zhassulan;Zhassulan Binazar,IChO,2013;2014,2013,2014,Bronze,career,probable,1.0,verified,https://galaxy.edu.kz/en/staff/163,https://linkedin.com/in/zhassulan-binazar-294bb7146,Galaxy International School Almaty,Academic Principal,employment,Academia,Leadership,latest_employment,One reviewed latest employment or organizational role is used as the destination.,2024,,,https://galaxy.edu.kz/en/staff/163;https://linkedin.com/in/zhassulan-binazar-294bb7146;https://www.icho-official.org/results/country_info.php?country=Kazakhstan,3,verified,The rare reverse-order exact name current Galaxy International School profile and chemistry degree beginning immediately after the Kazakhstan IChO appearances support the identity; Galaxy's official staff page supplies the stronger current Academic Principal title but no source explicitly joins the Olympiad and career records.
kaz-12d9dc922ba8,Bogdan Zagribelnyy,Bogdan Zagribelnyy,IChO,2013,2013,2013,Bronze,career,confirmed,1.0,verified,https://linkedin.com/in/bogdanzagribelnyy,https://linkedin.com/in/bogdanzagribelnyy,Insilico Medicine,Senior Researcher in Medicinal Chemistry and CADD,employment,Industry,Research & Academia,latest_employment,One reviewed latest employment or organizational role is used as the destination.,,,,https://academy.edufo.ru/%D0%B7%D0%B0%D0%B3%D1%80%D0%B8%D0%B1%D0%B5%D0%BB%D1%8C%D0%BD%D1%8B%D0%B9-%D0%B1-%D0%B0/;https://github.com/sumrexromanus;https://linkedin.com/in/bogdanzagribelnyy;https://orcid.org/0000-0003-3799-2720,4,github;orcid;verified,The rare exact-name public profile corroborates the Insilico Medicine medicinal-chemistry role already connected to Kazakhstan's 2013 IChO contestant through a published olympiad biography
kaz-2fe78cfd647b,Dinmukhammed Nurbek,Dinmukhammed Nurbek,IPhO,2013;2014,2013,2014,Bronze Medal;Silver Medal,career,confirmed,1.0,verified,https://linkedin.com/in/dinmukhammed-nurbek,https://linkedin.com/in/dinmukhammed-nurbek,EPAM Systems,Senior Data Engineer,employment,Industry,Engineering,latest_employment,One reviewed latest employment or organizational role is used as the destination.,2022,,,https://ast.repetitors.info/repetitor/olimpiady-po-fizike/;https://linkedin.com/in/dinmukhammed-nurbek,2,verified,"A public tutor profile explicitly identifies Dinmukhammed Sabyrzhanuly Nurbek as a Taraz Kazakh-Turkish Lyceum alumnus, the 2013 IPhO bronze and 2014 IPhO silver medalist, and a Nazarbayev University physics student; the rare exact-name Astana LinkedIn profile continues that same physics timeline into EPAM data engineering"
kaz-2d9952af7ca2,Khafiz Zhumadil,Khafiz Zhumadil,IBO,2013;2014,2013,2014,Bronze;Diploma,career,confirmed,1.0,verified,https://linkedin.com/in/khafiz-zhumadil-8130571a6,https://linkedin.com/in/khafiz-zhumadil-8130571a6,Abbott,Ambassador Core Diagnostics,employment,Industry,Other,latest_employment,One reviewed latest employment or organizational role is used as the destination.,2025,,,https://linkedin.com/in/khafiz-zhumadil-8130571a6;https://orcid.org/0000-0002-2900-2830;https://scoreboard.bc-pf.org/en/results/biology/international_biology_olympiad/2014,3,orcid;verified,The exact-name public profile links his Kazakhstan lyceum and medical education to IBO scientific-committee work and lists his current Abbott Core Diagnostics role; the official IBO result independently confirms his 2014 bronze medal
kaz-42799b8826c4,Meirambek Omyrzak,Meirambek Omyrzak,IOI,2013;2015,2013,2015,Silver,career,confirmed,1.0,verified,https://linkedin.com/in/meirambek77,https://linkedin.com/in/meirambek77,Google,Software Engineer,employment,Industry,Software & AI,latest_employment,One reviewed latest employment or organizational role is used as the destination.,2019,,,https://codeforces.com/profile/Meirambek;https://cphof.org/profile/topcoder:meirambek;https://linkedin.com/in/meirambek77,3,codeforces;cphof;verified,The exact-name public profile explicitly lists his Kazakhstan IOI record and current Google software-engineering role; the official IOI registry independently confirms the 2013 and 2015 appearances
kaz-2732f0e135fa,Nurislam Tursynbek,Nurislam Tursynbek,IPhO,2013;2014,2013,2014,Gold Medal;Silver Medal,career,confirmed,1.0,verified,https://cseweb.ucsd.edu/~mniethammer/author/nurislam-tursynbek/,https://linkedin.com/in/nurislam-tursynbek-0a8620ab,University of North Carolina at Chapel Hill,Graduate Student in Computer Science,education,Education,Student,current_education,The latest reviewed destination is an active student affiliation.,2022,,,https://cseweb.ucsd.edu/~mniethammer/author/nurislam-tursynbek/;https://ipho-unofficial.org/countries/KAZ/individual;https://linkedin.com/in/nurislam-tursynbek-0a8620ab,3,verified,"The rare exact-name LinkedIn profile matches the Kazakhstan IPhO medalist's Nazarbayev University and Skoltech path; the current BIAG biography independently lists the same two degrees and identifies him as a UNC Chapel Hill graduate student in computer science, while the 2026 TeDiO paper corroborates the UNC affiliation."
kaz-88a74ae3e050,Nurlan Zhussipov,Nurlan Zhussipov,IOI,2013;2014,2013,2014,Bronze,career,confirmed,1.0,cphof,https://cphof.org/profile/topcoder:NurlashKO_TC,,,,,Unknown,Other,history_only,An undated academic organization without a student or staff role is retained only in history.,,,,https://codeforces.com/profile/NurlashKO;https://cphof.org/profile/topcoder:NurlashKO_TC,2,cphof,profile=topcoder:NurlashKO_TC; country=Kazakhstan; contest=IOI; codeforces=NurlashKO; universities=Kazakh-British Technical University; organization=KBTU
kaz-eda797e5a5c1,Roman Kogay,Roman Kogay,IBO,2013;2014,2013,2014,Bronze;Diploma,career,confirmed,1.0,verified,https://graduate.dartmouth.edu/eees/people/alumni,,National Center for Biotechnology Information (NCBI),Postdoctoral Fellow in Evolutionary Genomics,employment,Industry,Research & Academia,latest_employment,One reviewed latest employment or organizational role is used as the destination.,2023,,,https://graduate.dartmouth.edu/eees/people/alumni;https://orcid.org/0000-0002-8999-7710;https://scoreboard.bc-pf.org/en/results/biology/international_biology_olympiad/2014,3,orcid;verified,Nazarbayev University's official faculty archive connects his undergraduate genetics thesis to a Dartmouth PhD and Dartmouth's alumni directory identifies him as a 2023 graduate and NCBI evolutionary-genomics postdoctoral fellow; his ORCID and NCBI publications preserve the same research identity
kaz-28588384ab57,Yerzhan Imanmalik,Yerzhan Imanmalik,IMO,2013;2014,2013,2014,Bronze medal;Honourable mention,career,confirmed,1.0,verified,https://nfactorialai.com/,https://kz.linkedin.com/in/yerzhan-imanmalik,EPAM Systems,Senior Data Scientist,employment,Industry,Research & Academia,latest_employment,One reviewed latest employment or organizational role is used as the destination.,,,,https://codeforces.com/profile/MonSteRRR;https://github.com/imanmal1k;https://github.com/yerzhan-ryte;https://github.com/yerzhanimanmalik;https://kz.linkedin.com/in/yerzhan-imanmalik;https://nfactorialai.com/;https://orcid.org/0000-0002-3215-3154,7,codeforces;github;orcid;verified,His self-authored profile explicitly lists the 2014 IMO bronze medal and EPAM Systems as his current employer while its Skoltech machine-learning timeline matches the official 2013 and 2014 Kazakhstan results; nFactorial's current faculty directory supplies the Senior Data Scientist title
kaz-9aa80e862003,Zhanadil Nurtoleuov,Zhanadil Nurtoleuov,IOI,2013,2013,2013,,career,confirmed,1.0,verified,https://linkedin.com/in/zhanadil,https://linkedin.com/in/zhanadil,Google,Software Engineer,employment,Industry,Software & AI,latest_employment,One reviewed latest employment or organizational role is used as the destination.,2023,,,https://codeforces.com/profile/Zhanadil;https://cphof.org/profile/topcoder:Zhanadil;https://github.com/Zhanadil;https://linkedin.com/in/zhanadil,4,codeforces;cphof;github;verified,The exact-name public profile explicitly lists his 2013 IOI appearance and current Google software-engineering role; the official IOI registry independently confirms the Kazakhstan participation
kaz-47792c0edb59,Adil Kabylda,Adil Kabilda;Adil Kabylda,IChO,2014;2015,2014,2015,Gold;Silver,career,confirmed,1.0,verified,https://linkedin.com/in/kabylda,https://linkedin.com/in/kabylda,University of Luxembourg,"PhD Researcher, Theoretical Chemical Physics Group",employment,Academia,Research & Academia,latest_employment,One reviewed latest employment or organizational role is used as the destination.,2021,,,https://github.com/kabylda;https://linkedin.com/in/kabylda;https://orcid.org/0000-0002-8620-6135,3,github;orcid;verified,His claimed ORCID and exact-name public profile explicitly list the 2014 and 2015 IChO medals; the profile records his University of Luxembourg theoretical chemical physics doctorate and a 2026 post-PhD transition
kaz-d3e9cb1dd495,Akhan Ismailov,Akhan Ismailov,IMO,2014;2015,2014,2015,Gold medal,career,confirmed,1.0,verified,https://kz.linkedin.com/in/404akhan,https://kz.linkedin.com/in/404akhan,Squarepoint Capital,Quantitative Researcher,employment,Industry,Economics & Finance,latest_employment,One reviewed latest employment or organizational role is used as the destination.,,,,https://codeforces.com/profile/akhan42;https://codeforces.com/profile/pink_roses;https://kz.linkedin.com/in/404akhan;https://www.imo-official.org/participant_r.aspx?id=25096,4,codeforces;verified,His public profile explicitly states that he won IMO gold medals in 2014 and 2015 and identifies his current quantitative-research role at Squarepoint alongside a Nazarbayev University computer-science degree
kaz-caf5fa5b20bf,Anton Khvan,Anton Khvan,IBO,2014;2015,2014,2015,Bronze,career,probable,1.0,verified,https://pubmed.ncbi.nlm.nih.gov/41742061/,,University of Rostock,Cardiology Researcher,employment,Academia,Research & Academia,latest_employment,One reviewed latest employment or organizational role is used as the destination.,2026,,,https://pubmed.ncbi.nlm.nih.gov/41742061/;https://scoreboard.bc-pf.org/en/results/biology/international_biology_olympiad/2014;https://www.wikidata.org/wiki/Q123244419,3,verified;wikidata,The exact name appears in TÜBİTAK's 2015 foreign-undergraduate scholarship roster under a program restricted to international science-Olympiad medalists immediately after his two IBO appearances; a 2026 University of Rostock cardiology publication is a rare-name and field-consistent continuation but no source explicitly joins the two stages
kaz-61a74e788b9b,Askarbek Orakov,Askarbek Orakov,IBO,2014,2014,2014,Silver,career,confirmed,1.0,verified,https://hsph.harvard.edu/profile/askarbek-orakov/,https://www.linkedin.com/in/askarbek-orakov,Harvard University,Postdoctoral Research Fellow,employment,Academia,Research & Academia,latest_employment,One reviewed latest employment or organizational role is used as the destination.,2025,,,https://github.com/Askarbek-orakov;https://hsph.harvard.edu/profile/askarbek-orakov/;https://orcid.org/0000-0001-6823-5269;https://www.linkedin.com/in/askarbek-orakov;https://www.wikidata.org/wiki/Q117277775;https://yessenovfoundation.org/en/askarbek-orakov/,6,github;orcid;verified;wikidata,Foundation biography states IBO silver and Harvard has an official current staff profile
kaz-d29c3c1d1239,Danat Issa,Danat Issa,IPhO,2014,2014,2014,Gold Medal,career,confirmed,1.0,verified,https://www.space.mit.edu/people/danat-issa/,https://www.linkedin.com/in/danat-issa-045685218,Massachusetts Institute of Technology (MIT),Postdoctoral Associate,employment,Academia,Research & Academia,latest_employment,One reviewed latest employment or organizational role is used as the destination.,2025,,,https://orcid.org/0009-0005-2478-7631;https://scoreboard.bc-pf.org/en/results/physics/international-physics-olympiad/2014;https://www.linkedin.com/in/danat-issa-045685218;https://www.space.mit.edu/people/danat-issa/,4,orcid;verified,The rare exact-name Kazakhstan IPhO record aligns with Nazarbayev and Northwestern education while MIT's official directory confirms the current postdoctoral appointment.
kaz-5f556ca182f6,Daniyar Kamal,Daniyar Kamal,IMO,2014,2014,2014,Bronze medal,career,confirmed,1.0,verified,https://silkwaytv.kz/en/kazakh-startup-weglobal-ai-enters-foreign-markets_63472,https://kz.linkedin.com/in/daniyar-kamal-91b041118,WeGlobal.ai,Chief Implementation Officer,employment,Industry,Other,latest_employment,One reviewed latest employment or organizational role is used as the destination.,,,,https://kz.linkedin.com/in/daniyar-kamal-91b041118;https://silkwaytv.kz/en/kazakh-startup-weglobal-ai-enters-foreign-markets_63472,2,verified,His self-authored profile explicitly lists the 2014 IMO bronze medal and WeGlobal.ai as his current employer after UNIST; Silk Way's current startup profile identifies him as WeGlobal.ai's Chief Implementation Officer
kaz-7e3271c82f49,Daniyar Maminov,Daniyar Maminov,IOI,2014;2015,2014,2015,Bronze,career,confirmed,1.0,cphof,https://cphof.org/profile/topcoder:Daniyar7,,,,,Unknown,Other,history_only,An undated academic organization without a student or staff role is retained only in history.,,,,https://codeforces.com/profile/LeMieux;https://cphof.org/profile/topcoder:Daniyar7;https://github.com/LeMieuxCF-zz,3,codeforces;cphof;github,profile=topcoder:Daniyar7; country=Kazakhstan; contest=IOI; codeforces=LeMieux; organization=Almaty KTL
kaz-7f81bf383084,Daulet Kurmantayev,Daulet Kurmantayev,IPhO,2014;2015,2014,2015,Gold Medal;Silver Medal,career,confirmed,1.0,verified,https://kz.linkedin.com/in/daulet-kurmantayev-41912a176,https://kz.linkedin.com/in/daulet-kurmantayev-41912a176,Tele2 Kazakhstan,Junior Data Scientist,employment,Industry,Research & Academia,latest_employment,One reviewed latest employment or organizational role is used as the destination.,2023,,,https://ipho-unofficial.org/countries/KAZ/individual;https://kz.linkedin.com/in/daulet-kurmantayev-41912a176;https://wmnl.unist.ac.kr/alumni/,3,verified,The rare exact-name IPhO record aligns with UNIST study dates while the university's official alumni page lists Tele2 Kazakhstan as his current position; Destination review: The accepted profile lists Junior Data Scientist at Tele2 Kazakhstan as current from May 2023.
kaz-5a5848e42390,Kuandyk Altynkhanov,Kuandyk Altynkhanov,IMO,2014,2014,2014,Bronze medal,career,confirmed,1.0,verified,https://linkedin.com/in/kuandyk-altynkhanov-9b591ba9,https://linkedin.com/in/kuandyk-altynkhanov-9b591ba9,,,,Unknown,Other,history_only,"Completed or undated education is retained as alma-mater/history evidence, not as a destination.",,,,https://linkedin.com/in/kuandyk-altynkhanov-9b591ba9,1,verified,His self-authored profile explicitly lists the June 2014 International Mathematical Olympiad bronze medal and a 2014-2018 UNIST education; the official Kazakhstan IMO record independently confirms the exact name year and medal
kaz-a8612d505db7,Miras Myrzakerey,Miras Myrzakerey,IOI,2014,2014,2014,Silver,career,confirmed,1.0,verified,https://linkedin.com/in/miras-myrzakerey-b37529101,https://linkedin.com/in/miras-myrzakerey-b37529101,Bloomberg,Senior Software Engineer,employment,Industry,Software & AI,latest_employment,One reviewed latest employment or organizational role is used as the destination.,2025,,,https://codeforces.com/profile/Miras321;https://cphof.org/profile/codeforces:Miras321;https://github.com/myrzakereyms;https://linkedin.com/in/miras-myrzakerey-b37529101,4,codeforces;cphof;github;verified,The rare exact-name profile repeats the 2014-2018 Nazarbayev University timeline linked to the Kazakhstan Codeforces and CPHOF identity and lists a current Bloomberg senior software-engineering role
kaz-b82a97fb3f53,Bauyrzhan Sainov,Sayinov Bauyrzhan,IChO,2014,2014,2014,,career,confirmed,1.0,verified,https://www.signalhire.com/profiles/bauyrzhan-sainov/240078956,https://kz.linkedin.com/in/bauyrzhan-sainov-792a32100,Tengizchevroil,Process Engineer,employment,Industry,Engineering,latest_employment,One reviewed latest employment or organizational role is used as the destination.,2021,,,https://kz.linkedin.com/in/bauyrzhan-sainov-792a32100;https://www.signalhire.com/profiles/bauyrzhan-sainov/240078956,2,verified,His self-authored LinkedIn profile explicitly lists Kazakhstan's 2014 IChO team and a 2015-2019 UNIST chemical-engineering education; the current public employment profile lists a Process Engineer role at Tengizchevroil from July 2021.
kaz-08fb4ba7d2f0,Serikzhan Yermekov,Serikzhan Yermekov,IChO,2014,2014,2014,Bronze,career,confirmed,1.0,verified,https://events.crugroup.com/middleeastsulphur/speakers-2022,,Tengizchevroil,Process Engineer,employment,Industry,Engineering,latest_employment,One reviewed latest employment or organizational role is used as the destination.,2021,,,https://events.crugroup.com/middleeastsulphur/speakers-2022;https://www.unist.ac.kr/unist/center/news.do?articleNo=243509&mode=view,2,verified,UNIST explicitly identifies Serikzhan Yermekov as Kazakhstan's 2014 IChO bronze medalist and later graduate; the 2026 Middle East Sulphur speaker biography links that UNIST degree to his current Process Engineer role at Tengizchevroil.
kaz-f394810a66fa,Ulugbek Adilbekov,Ulugbek Adilbekov,IOI,2014,2014,2014,Silver,career,confirmed,1.0,verified,https://linkedin.com/in/ulugbek-adilbekov,https://linkedin.com/in/ulugbek-adilbekov,Two Sigma,Software Engineer,employment,Industry,Software & AI,latest_employment,One reviewed latest employment or organizational role is used as the destination.,2021,,,https://codeforces.com/profile/Algiz;https://cphof.org/profile/topcoder:Algiz;https://github.com/lgzy;https://linkedin.com/in/ulugbek-adilbekov;https://stats.ioinformatics.org/people/5127,5,codeforces;cphof;github;verified,The accepted exact-name profile explicitly lists the 2014 IOI silver medal and a current Two Sigma software-engineering role in London beginning in June 2021; the official IOI record independently confirms the Kazakhstan result.
kaz-6ff2bc2176bd,Alen Abdrakhmanov,Alen Abdrakhmanov,IMO,2015,2015,2015,Bronze medal,career,confirmed,1.0,verified,https://kz.linkedin.com/in/alen-abdrakhmanov,https://kz.linkedin.com/in/alen-abdrakhmanov,Huawei,Research and Development Engineer,employment,Industry,Research & Academia,latest_employment,One reviewed latest employment or organizational role is used as the destination.,,,,https://kz.linkedin.com/in/alen-abdrakhmanov,1,verified,His self-authored profile explicitly lists the 2015 IMO bronze medal and identifies Huawei R&D engineering as a current role; the official Kazakhstan IMO record independently confirms the exact name year and medal
kaz-0260225556fe,Alexandr Shakiyev,Alexandr Shakiyev,IMO,2015,2015,2015,Bronze medal,career,confirmed,1.0,verified,https://kz.linkedin.com/in/supertorex,https://kz.linkedin.com/in/supertorex,Armeta,R&D and ML Engineer,employment,Industry,Engineering,latest_employment,One reviewed latest employment or organizational role is used as the destination.,2025,,,https://kz.linkedin.com/in/supertorex,1,verified,His self-authored profile explicitly labels him an IMO medalist in July 2015 and identifies his current Armeta R&D and machine-learning role beginning in October 2025; the official Kazakhstan IMO record confirms the exact name year and medal
kaz-e0511f92fe0d,Almas Serikov,Almas Serikov,IBO,2015,2015,2015,Diploma,career,confirmed,1.0,verified,https://www.jkimlab.com/people,,Korea Institute of Science and Technology,Research Intern,employment,Academia,Research & Academia,latest_employment,One reviewed latest employment or organizational role is used as the destination.,2024,,,https://orcid.org/0000-0001-8631-3515;https://orcid.org/0000-0002-3893-2618;https://orcid.org/0000-0002-4686-8978;https://scoreboard.bc-pf.org/en/results/biology/international_biology_olympiad/2015;https://www.jkimlab.com/people,5,orcid;verified,"UNIST's official pre-IBO article identifies the Kazakhstan competitor and his fall 2015 admission while the matching self-asserted ORCID lists UNIST life sciences from 2015 to 2020 followed by KIST brain science; Destination review: The current Neural Circuitry of Action laboratory roster at KIST identifies Almas Serikov and dates his research internship from March 2024; its education history independently matches the accepted UNIST and KIST neuroscience trajectory, so this ongoing research role supersedes the completed master's degree as the displayed destination."
kaz-e8eb1ebde919,Anton Sedletskiy,Anton Sedletskiy,IPhO,2015;2016,2015,2016,Honourable Mention;Silver Medal,career,unmatched,,,,,,,,Unknown,Other,none,No reviewed destination is available.,,,,,0,,
kaz-8bfc979cedef,Arnur Makenov,Arnur Makenov,IChO,2015;2016,2015,2016,Bronze;Silver,career,confirmed,1.0,verified,https://ch.linkedin.com/in/makenov,https://ch.linkedin.com/in/makenov,Meta,Software Engineer,employment,Industry,Software & AI,latest_employment,One reviewed latest employment or organizational role is used as the destination.,2025,,,https://ch.linkedin.com/in/makenov;https://www.icho-official.org/results/country_info.php?country=Kazakhstan,2,verified,The public profile explicitly lists his 2015 and 2016 International Chemistry Olympiad medals and current Meta employment in Switzerland; Destination review: The accepted profile lists Software Engineer at Meta as current from September 2025.
kaz-19cbd524a6c0,Ayan Segizbay,Ayan Segizbay,IPhO,2015,2015,2015,Bronze Medal,career,probable,1.0,verified,https://linkedin.com/in/ayansegizbay,https://linkedin.com/in/ayansegizbay,Self-employed,Crypto Analyst,employment,Industry,Other,latest_employment,One reviewed latest employment or organizational role is used as the destination.,2023,,,https://codeforces.com/profile/changefor;https://ipho2015.hbcse.tifr.res.in/results/;https://linkedin.com/in/ayansegizbay,3,codeforces;verified,"The rare exact-name Almaty profile matches the Kazakhstan Codeforces identity, continues through KBTU study after the official 2015 IPhO bronze medal, and documents current analytical work in digital assets; no source explicitly identifies the professional as the IPhO contestant"
kaz-590a5fc8e66b,Azamat Amzebek,Azamat Amzebek,IChO,2015,2015,2015,Silver,career,probable,1.0,verified,https://linkedin.com/in/azamat-amzebek,https://linkedin.com/in/azamat-amzebek,Nazarbayev University,Research Assistant,employment,Academia,Research & Academia,latest_employment,One reviewed latest employment or organizational role is used as the destination.,2018,,,https://linkedin.com/in/azamat-amzebek;https://scoreboard.bc-pf.org/en/results/chemistry/international-chemistry-olympiad/2015,2,verified,The rare exact name links the Taraz chemistry competitor in the 2014 Mendeleev record and 2015 IChO result to a profile that starts Nazarbayev University that year and lists a current NU research-assistant role; no source explicitly states that the professional is the IChO entrant
kaz-ae7bbfa79815,Azamat Smagulov,Azamat Smagulov,IChO,2015;2016,2015,2016,Silver,career,confirmed,1.0,verified,https://linkedin.com/in/azamatsmagulov,https://linkedin.com/in/azamatsmagulov,Prog.AI,Software Engineer,employment,Industry,Software & AI,latest_employment,One reviewed latest employment or organizational role is used as the destination.,2023,,,https://linkedin.com/in/azamatsmagulov;https://orcid.org/0009-0001-6905-2322;https://scoreboard.bc-pf.org/en/results/chemistry/international-chemistry-olympiad/2016,3,orcid;verified,The exact-name public profile explicitly lists his 2015 and 2016 IChO silver medals and current Prog.AI software-engineering role; the official result independently confirms the Kazakhstan awards
kaz-674fe7c75a81,Bekzhan Bekbolatuly,Bekzhan Bekbolatuly,IOI,2015,2015,2015,Silver,career,confirmed,1.0,verified,https://linkedin.com/in/bekzhan29,https://linkedin.com/in/bekzhan29,Google,Android Software Engineer AI Core App,employment,Industry,Software & AI,latest_employment,One reviewed latest employment or organizational role is used as the destination.,2022,,,https://codeforces.com/profile/Ownz;https://codeforces.com/profile/bekzhan29;https://codeforces.com/profile/bekzhan97;https://codeforces.com/profile/jasik29;https://cphof.org/profile/codeforces:bekzhan29;https://linkedin.com/in/bekzhan29,6,codeforces;cphof;verified,The exact-name public profile explicitly lists his 2015 IOI silver medal and current Google Android AI Core engineering role; the official IOI record independently confirms the Kazakhstan award
kaz-f8f0e6bb7675,Daniyar Abesbek,Daniyar Abesbek,IMO,2015;2016,2015,2016,Bronze medal;Honourable mention,career,confirmed,1.0,verified,https://linkedin.com/in/dohchuk,https://linkedin.com/in/dohchuk,Leap Tools,Software Developer,employment,Industry,Software & AI,latest_employment,One reviewed latest employment or organizational role is used as the destination.,2023,,,https://codeforces.com/profile/dohchuk;https://github.com/dohchuk;https://linkedin.com/in/dohchuk,3,codeforces;github;verified,His self-authored profile explicitly lists the 2015 IMO honourable mention and 2016 IMO bronze medal and identifies Leap Tools as his current employer; Kazakhstan's official IMO record independently confirms the exact name years and awards
kaz-f20d8c3abb87,Daniyar Otarbayev,Daniyar Otarbayev,IBO,2015;2016,2015,2016,Bronze;Diploma,career,confirmed,1.0,verified,https://www.ibo-info.org/files/downloads/results-reports/final-reports/IBO-2024%20Report.pdf,,Ulsan National Institute of Science and Technology (UNIST),PhD Student in Biomedical Engineering,education,Education,Student,current_education,The latest reviewed destination is an active student affiliation.,,,,https://scoreboard.bc-pf.org/en/results/biology/international_biology_olympiad/2016;https://www.ibo-info.org/files/downloads/results-reports/final-reports/IBO-2024%20Report.pdf,2,verified,The official IBO report identifies the Kazakhstan 2015 participant and 2016 bronze medalist as a UNIST PhD student in biomedical engineering
kaz-5ead16bef384,Khalykbek Yelshibekov,Khalykbek Yelshibekov,IPhO,2015,2015,2015,Honourable Mention,career,probable,1.0,verified,https://ised-isde.canada.ca/cc/lgcy/fdrlCrpDtls.html?corpId=14857577&crpNm=grapheneos&p=0,,GrapheneOS Foundation,Director,employment,Industry,Leadership,latest_employment,One reviewed latest employment or organizational role is used as the destination.,2023,,,https://ipho-unofficial.org/countries/KAZ/individual;https://ised-isde.canada.ca/cc/lgcy/fdrlCrpDtls.html?corpId=14857577&crpNm=grapheneos&p=0,2,verified,Canada's official corporate registry lists the active GrapheneOS Foundation and Khalykbek Yelshibekov as a Toronto director with 2026 annual filings; the Yessenov Foundation independently identifies the rare exact-name Almaty physicist and Nazarbayev University student but no source explicitly joins the director to the IPhO contestant
kaz-ce2eeb5d3d04,Nazarbek Altybay,Nazarbek Altybay,IOI,2015;2016,2015,2016,Silver,career,confirmed,1.0,verified,https://uk.linkedin.com/in/nazarbek,https://uk.linkedin.com/in/nazarbek,Qube Research & Technologies,Quantitative Technologist,employment,Industry,Economics & Finance,latest_employment,One reviewed latest employment or organizational role is used as the destination.,,,,https://codeforces.com/profile/Na2a;https://codeforces.com/profile/na2a;https://cphof.org/profile/topcoder:nazarbek;https://github.com/Na2a;https://uk.linkedin.com/in/nazarbek,5,codeforces;cphof;github;verified,The exact-name public profile explicitly lists his 2015 and 2016 IOI participation and current quantitative technologist role at Qube Research & Technologies; the official IOI registry independently confirms the Kazakhstan appearances
kaz-633cb9726092,Nurlybek Sulaimanov,Nurlybek Sulaimanov,IBO,2015,2015,2015,Diploma,career,confirmed,1.0,verified,https://linkedin.com/in/nurlybek-sulaimanov-387201245,https://linkedin.com/in/nurlybek-sulaimanov-387201245,AlliedYoung FBC,Full Stack Engineer,employment,Industry,Engineering,latest_employment,One reviewed latest employment or organizational role is used as the destination.,2024,,,https://buki-kz.com/user-49146/;https://github.com/NurlybekSulaimanov;https://linkedin.com/in/nurlybek-sulaimanov-387201245,3,github;verified,The rare exact-name profile repeats the KAIST biology education and personal biology writing linked to the verified IBO identity and lists a current full-stack engineering role at AlliedYoung FBC
kaz-208576016cfd,Olzhas Kadyrakunov,Olzhas Kadyrakunov,IMO,2015,2015,2015,Silver medal,career,probable,1.0,verified,https://www.researchgate.net/profile/Olzhas-Kadyrakunov,,,,,Unknown,Other,history_only,"Completed or undated education is retained as alma-mater/history evidence, not as a destination.",,,,https://www.imo-official.org/participant_r.aspx?id=26021;https://www.researchgate.net/profile/Olzhas-Kadyrakunov,2,verified,"The official IMO record identifies Kazakhstan's rare exact-name 2015 silver medalist. The exact-name ResearchGate profile currently affiliates Olzhas Kadyrakunov with KTH's Department of Media Technology and Interaction Design in Stockholm, and an exact-name GitHub project from 2017 supports an age-compatible software trajectory. No source explicitly joins the research profile to the IMO or establishes whether he is a student or staff member, so the identity remains probable and KTH is retained as affiliation history rather than a destination role."
kaz-dcb24ecb815a,Temirlan Amangeldinov,Temirlan Amangeldin;Temirlan Amangeldinov,IMO;IPhO,2015;2016;2017,2015,2017,Bronze medal;Honourable mention;Silver Medal,career,confirmed,1.0,verified,https://linkedin.com/in/temirlan-amangeldinov,https://linkedin.com/in/temirlan-amangeldinov,Seoul Robotics,Research Engineer,employment,Industry,Research & Academia,latest_employment,One reviewed latest employment or organizational role is used as the destination.,,,,https://codeforces.com/profile/teamskiy;https://github.com/teamskiy;https://linkedin.com/in/temirlan-amangeldinov;https://www.imo-official.org/team_r.aspx?code=KAZ&year=2015,4,codeforces;github;verified,The rare-name profile repeats the UNIST education tied to the teamskiy Kazakhstan competitive-programming identity and lists a Seoul Robotics research-engineering role; official IMO and IPhO records independently confirm the Amangeldin and Amangeldinov surname variants
kaz-07461cbee89d,Adilet Uvaliyev,Adilet Uvaliyev,IPhO,2016;2017,2016,2017,Silver Medal,career,confirmed,1.0,verified,https://www.myprivatetutor.hk/teacher/29733/adilet-u-experienced-physics-tutor-with-a-bsc-from-hku,https://www.linkedin.com/in/adilet-uvaliyev,Self-employed,Physics Tutor,employment,Industry,Other,latest_employment,One reviewed latest employment or organizational role is used as the destination.,,,,https://github.com/Adilet33709;https://ipho-unofficial.org/countries/KAZ/individual;https://www.linkedin.com/in/adilet-uvaliyev;https://www.myprivatetutor.hk/teacher/29733/adilet-u-experienced-physics-tutor-with-a-bsc-from-hku,4,github;verified,"His self-authored tutoring profile states that he won two IPhO silver medals and earned a physics degree from HKU while the rare exact name and dates match the Kazakhstan record; Destination review: Adilet's active Hong Kong tutoring profile explicitly advertises his physics teaching, states his HKU physics degree, and identifies his two IPhO silver medals. Self-employed is used because the listing names no separate employer."
kaz-cfbf52394abd,Adilkhan Sarsen,Adilkhan Sarsen,IPhO,2016,2016,2016,Bronze Medal,career,confirmed,1.0,verified,https://github.com/AdilkhanSarsen,https://www.linkedin.com/in/adilkhan-sarsen-b62749140/,Higgsfield AI,Head of Applied ML,employment,Industry,Software & AI,latest_employment,One reviewed latest employment or organizational role is used as the destination.,,,,https://github.com/AdilkhanSarsen;https://github.com/adolkhan;https://www.linkedin.com/in/adilkhan-sarsen-b62749140/;https://www.nauka.kz/page.php?lang=3&new=&news_id=7255&page_id=792,4,github;verified,National science portal confirms IPhO bronze and public GitHub profile states current role and links LinkedIn
kaz-f3a805a1727a,Aivar Abrashuly,Aivar Abrashuly,IPhO,2016,2016,2016,Silver Medal,career,confirmed,1.0,verified,https://www.linkedin.com/in/aivar-abrashuly-754163156,https://www.linkedin.com/in/aivar-abrashuly-754163156,Ayar Labs,"Intern, Photonics Design",employment,Industry,Other,latest_employment,One reviewed latest employment or organizational role is used as the destination.,,,,https://ipho-unofficial.org/countries/KAZ/individual;https://orcid.org/0000-0002-0306-8866;https://www.linkedin.com/in/aivar-abrashuly-754163156,3,orcid;verified,The exact-name public profile explicitly identifies him as an IPhO silver medalist and Stanford electrical-engineering PhD candidate and lists his current photonics-design internship at Ayar Labs; the official country result independently confirms the Kazakhstan award
kaz-6c98b70e785e,Alisher Nazarbekov,Alisher Nazarbekov,IBO,2016;2017,2016,2017,Bronze,career,confirmed,1.0,verified,https://www.ibo-info.org/en/contest/past-ibos.html?file=files%2Fdownloads%2Fresults-reports%2Ffinal-reports%2FIBO-2024+Report.pdf,,Korea Advanced Institute of Science and Technology (KAIST),PhD Candidate in Chemical and Biomolecular Engineering,education,Education,Student,current_education,The latest reviewed destination is an active student affiliation.,,,,https://orcid.org/0009-0002-1233-0632;https://scoreboard.bc-pf.org/en/results/biology/national-olympiad/2017;https://www.ibo-info.org/en/contest/past-ibos.html?file=files%2Fdownloads%2Fresults-reports%2Ffinal-reports%2FIBO-2024+Report.pdf,3,orcid;verified,The IBO report identifies the rare exact-name former Kazakhstan biology olympian as a KAIST PhD candidate and his 2026 publication confirms the active affiliation
kaz-67db791fca33,Amir Mokhammed-Ali,Amir Mokhammed-Ali,IMO,2016;2017,2016,2017,Gold medal,career,confirmed,1.0,verified,https://kz.linkedin.com/in/amir-mokhammed-ali-4a4218151,https://kz.linkedin.com/in/amir-mokhammed-ali-4a4218151,Perplexity,Software Engineer,employment,Industry,Software & AI,latest_employment,One reviewed latest employment or organizational role is used as the destination.,2026,,,https://codeforces.com/profile/Aglaya;https://kz.linkedin.com/in/amir-mokhammed-ali-4a4218151,2,codeforces;verified,His self-authored profile explicitly identifies him as the 2016 and 2017 IMO gold medalist and lists a current Software Engineer role at Perplexity beginning in 2026; the official IMO record independently confirms the exact name years and awards
kaz-515339b8d721,Anel Orazgaliyeva,Anel Orazgaliyeva,IBO,2016,2016,2016,Silver,career,confirmed,1.0,verified,https://de.linkedin.com/in/anel-orazgaliyeva,https://de.linkedin.com/in/anel-orazgaliyeva,Amazon,Software Development Engineer II,employment,Industry,Software & AI,latest_employment,One reviewed latest employment or organizational role is used as the destination.,2022,,,https://de.linkedin.com/in/anel-orazgaliyeva;https://github.com/ao1385;https://www.nis.edu.kz/storage/files/01JSKCF66NTSVQAB3HC9QDMGEP.pdf,3,github;verified,An official NIS report explicitly joins her 2016 IBO silver medal to admission at NYU Abu Dhabi and her current public profile documents her progression to SDE II at AWS
kaz-a55fa73a7d5f,Anna Zavalishina,Anna Zavalishina,IBO,2016,2016,2016,Bronze,career,probable,1.0,verified,https://osme.org/wp-content/uploads/2023/07/Raptor-inventory-of-the-Karatau-State-Nature-Reserve-southern-Kazakhstan.pdf,,Association for the Conservation of Biodiversity of Kazakhstan,Conservation Research Contributor,employment,Industry,Research & Academia,latest_employment,One reviewed latest employment or organizational role is used as the destination.,2023,2023,,https://orcid.org/0009-0007-7163-4771;https://osme.org/wp-content/uploads/2023/07/Raptor-inventory-of-the-Karatau-State-Nature-Reserve-southern-Kazakhstan.pdf;https://qazinform.com/news/pavlodar-school-student-won-bronze-medal-at-ibo-in-vietnam_a2929085/,3,orcid;verified,"Qazinform identifies the rare exact-name Pavlodar student as Kazakhstan's 2016 IBO bronze medalist; OSME's 2018 account identifies Anna Zavalishina as a Pavlodar undergraduate ornithology volunteer, and its 2023 raptor paper affiliates her with ACBK, but no source explicitly joins the later researcher to the IBO contestant"
kaz-310c08212560,Anton Morgunov,Anton Morgunov,IChO,2016;2017,2016,2017,Gold;Silver,career,confirmed,1.0,verified,https://chem.yale.edu/posts/2026-07-01-chemistry-phd-graduate-profiles,https://www.linkedin.com/in/anmorgunov,Genesis Molecular AI,Machine learning for drug discovery,employment,Industry,Software & AI,latest_employment,One reviewed latest employment or organizational role is used as the destination.,2026,,,https://chem.yale.edu/posts/2026-07-01-chemistry-phd-graduate-profiles;https://github.com/AntonMorgunov;https://github.com/amgenesis;https://github.com/anmorgunov;https://ischemist.com/cv;https://orcid.org/0000-0002-7784-8961;https://orcid.org/0000-0003-1697-8858;https://orcid.org/0009-0004-6245-0354;https://www.linkedin.com/in/anmorgunov,9,github;orcid;verified,Personal CV lists his 2017 IChO gold medal; Yale's July 2026 graduate profile states the Genesis Molecular AI destination; an active employer-specific GitHub profile under his exact name lists @genesistherapeutics and corroborates that the move began
kaz-32bc606217ec,Aruzhan Amanbayeva,Aruzhan Amanbayeva,IMO,2016;2017;2018,2016,2018,Bronze medal;Silver medal,career,confirmed,1.0,verified,https://linkedin.com/in/aaruzhan,https://linkedin.com/in/aaruzhan,EPFL,PhD Student,education,Education,Student,current_education,The latest reviewed destination is an active student affiliation.,,,,https://linkedin.com/in/aaruzhan;https://orcid.org/0009-0005-2174-9816;https://orcid.org/0009-0009-3827-8634,3,orcid;verified,Her self-authored profile explicitly lists IMO bronze medals in 2016 and 2017 and silver in 2018 and identifies her as a current EPFL PhD student after MIT; the official IMO record independently confirms the exact name years and awards
kaz-e252a91b0399,Ayat Tassanov,Ayat Tassanov,IChO,2016,2016,2016,Bronze,career,confirmed,1.0,verified,https://science.psu.edu/chem/people/akt5745,https://linkedin.com/in/ayattasanov,Pennsylvania State University,Chemistry PhD Student,education,Education,Student,current_education,The latest reviewed destination is an active student affiliation.,2021,,,https://linkedin.com/in/ayattasanov;https://orcid.org/0009-0007-7624-3104;https://science.psu.edu/chem/people/akt5745,3,orcid;verified,His exact-name public profile explicitly lists the 2016 IChO and Mendeleev Olympiad record and describes his Penn State chemistry research; Penn State's directory independently confirms his graduate-student affiliation
kaz-efdb0d38601b,Nurbakyt Madibek,Nurbakyt Madibek,IOI,2016;2017;2018,2016,2018,Bronze;Silver,career,confirmed,1.0,verified,https://github.com/jmadibekov,https://www.linkedin.com/in/jmadibekov,Nethermind,Developer,employment,Industry,Software & AI,latest_employment,One reviewed latest employment or organizational role is used as the destination.,,,,https://codeforces.com/profile/MadNick;https://cphof.org/profile/topcoder:Nurbakhyt;https://github.com/jmadibekov;https://stats.ioinformatics.org/people/5942;https://www.linkedin.com/in/jmadibekov,5,codeforces;cphof;github;verified,Official IOI profile and public GitHub profile agree on the rare exact name
kaz-a242fdf22bda,Nursultan Pangsat,Nursultan Pangsat,IPhO,2016,2016,2016,Bronze Medal,career,confirmed,1.0,verified,https://linkedin.com/in/nursultan-pansat-6b0559210,https://linkedin.com/in/nursultan-pansat-6b0559210,,,,Unknown,Other,history_only,"Completed or undated education is retained as alma-mater/history evidence, not as a destination.",,,,https://linkedin.com/in/nursultan-pansat-6b0559210,1,verified,The self-authored Nursultan Pansat profile explicitly lists a 2016 International Physics Olympiad bronze medal and a 2018-2023 KAIST computer-science degree; the uncommon name timeline and medal match the official Nursultan Pangsat record despite the one-letter transliteration difference
kaz-3bb636937f0d,Raiymbek Akshulakov,Raiymbek Akshulakov,IMO,2016,2016,2016,Honourable mention,career,confirmed,1.0,verified,https://www.armeta.ai/company/team/,https://linkedin.com/in/raiymbek-akshulakov,Armeta,ML Engineer,employment,Industry,Engineering,latest_employment,One reviewed latest employment or organizational role is used as the destination.,,,,https://linkedin.com/in/raiymbek-akshulakov;https://www.armeta.ai/company/team/;https://www.imo-official.org/results/contestant/26684/,3,verified,Armeta's current team page names Raiymbek Akshulakov as an ML Engineer and explicitly identifies his UC Berkeley BSc and MSc and International Mathematical Olympiad background; his self-authored LinkedIn profile independently lists the 2016 IMO honorable mention and the same Berkeley education
kaz-0869880ec7a7,Sanzhar Bidaibek,Sanzhar Bidaibek,IOI,2016;2017;2018,2016,2018,Bronze;Silver,career,confirmed,1.0,cphof,https://cphof.org/profile/topcoder:sanchoman,,,,,Unknown,Other,history_only,An undated academic organization without a student or staff role is retained only in history.,,,,https://codeforces.com/profile/sancho;https://cphof.org/profile/topcoder:sanchoman;https://github.com/SBidaibek,3,codeforces;cphof;github,profile=topcoder:sanchoman; country=Kazakhstan; contest=IOI; codeforces=sancho; organization=HKUST
kaz-663572d0d26e,Shaikhitdin Nezametdinov,Shaikhitdin Nezametdinov,IOI,2016,2016,2016,Bronze,career,confirmed,1.0,verified,https://www.linkedin.com/in/shaikhitdin,https://www.linkedin.com/in/shaikhitdin,Google,Software Engineer,employment,Industry,Software & AI,latest_employment,One reviewed latest employment or organizational role is used as the destination.,,,,https://codeforces.com/profile/nezametdinov;https://cphof.org/profile/topcoder:shaihitdin;https://stats.ioinformatics.org/results/KAZ;https://www.linkedin.com/in/shaikhitdin,4,codeforces;cphof;verified,Official IOI result and public professional profile agree on exact name and current employer
kaz-aec3847e43a0,Temirkhan Zimanov,Temirkhan Zimanov,IMO,2016;2017,2016,2017,Silver medal,career,confirmed,1.0,verified,https://linkedin.com/in/hcps42,https://linkedin.com/in/hcps42,,,,Unknown,Other,history_only,"Completed or undated education is retained as alma-mater/history evidence, not as a destination.",,,,https://codeforces.com/profile/HCPS42;https://github.com/HCPS42;https://linkedin.com/in/hcps42,3,codeforces;github;verified,His self-authored profile explicitly lists silver medals at the 2016 and 2017 IMOs and a 2020-2025 education at HSE; Kazakhstan's official IMO record independently confirms the exact name years and awards
kaz-e2c1785c3b0f,Alexey Tsekhovoy,Alexey Tsekhovoy,IMO,2017;2018,2017,2018,Silver medal,career,confirmed,1.0,verified,https://www.hse.ru/news/edu/223610496.html,https://de.linkedin.com/in/alexey-tsekhovoy-7a75b4257,,,,Unknown,Other,history_only,"Completed or undated education is retained as alma-mater/history evidence, not as a destination.",,,,https://de.linkedin.com/in/alexey-tsekhovoy-7a75b4257;https://orcid.org/0000-0001-9605-2523;https://www.hse.ru/news/edu/223610496.html;https://www.imo-official.org/results/contestant/27302/,4,orcid;verified,HSE's official article explicitly identifies its first-year computer-science student as Kazakhstan's 2018 IMO silver medalist and his public education profile documents completion of the HSE degree in 2023
kaz-477ae2fd5dbc,Alikhan Kudaibergenov,Alikhan Kudaibergenov,IMO,2017;2018,2017,2018,Silver medal,career,confirmed,1.0,verified,https://linkedin.com/in/alikhan-kudaibergenov-27726a154,https://linkedin.com/in/alikhan-kudaibergenov-27726a154,,,,Unknown,Other,history_only,"Completed or undated education is retained as alma-mater/history evidence, not as a destination.",,,,https://codeforces.com/profile/alihotnik;https://github.com/alihuuuntr;https://linkedin.com/in/alikhan-kudaibergenov-27726a154,3,codeforces;github;verified,His self-authored exact-name profile explicitly identifies him as an IMO medalist and documents a 2020-2026 University of Waterloo education; Kazakhstan's official IMO record independently confirms the 2017 and 2018 appearances and medals
kaz-5c429c277917,Askhat Zhalgasov,Askhat Zhalgasov,IOI,2017,2017,2017,Bronze,career,probable,1.0,verified,https://www.signalhire.com/profiles/askhat-zhalgasov/249914809,,Tower Research Capital,Quantitative Developer,employment,Industry,Software & AI,latest_employment,One reviewed latest employment or organizational role is used as the destination.,2025,,,https://codeforces.com/profile/SmallBoy;https://cphof.org/profile/codeforces:SmallBoy;https://github.com/AskhatZhalgasov;https://stats.ioinformatics.org/people/6269;https://www.signalhire.com/profiles/askhat-zhalgasov/249914809,5,codeforces;cphof;github;verified,"The rare exact-name current professional record places Askhat at Tower Research Capital in Hong Kong from January 2025 and lists the same University of Hong Kong and Chinese University of Hong Kong education trajectory documented by HKU; the exact name, age-compatible timeline, quantitative field, and Hong Kong continuity strongly match the 2017 Kazakhstan IOI medalist, but no reviewed source explicitly joins the career record to the Olympiad result."
kaz-53073a123482,Assem Zhunis,Assem Zhunis,IChO,2017,2017,2017,Bronze,career,confirmed,1.0,verified,https://cse.hkust.edu.hk/~mxj/students.html,https://hk.linkedin.com/in/assemzhunis,Hong Kong University of Science and Technology (HKUST),PhD Student,education,Education,Student,current_education,The latest reviewed destination is an active student affiliation.,2024,,,https://cse.hkust.edu.hk/~mxj/students.html;https://github.com/assemzh;https://hk.linkedin.com/in/assemzhunis;https://orcid.org/0000-0003-0640-2425;https://scoreboard.bc-pf.org/en/results/chemistry/international-chemistry-olympiad/2017,5,github;orcid;verified,Her public profile explicitly lists the 2017 IChO bronze medal while the current HKUST research-group page lists her as an HKPFS PhD student since fall 2024
kaz-bb588a7913e2,Daulet Toibazar,Daulet Toibazar,IBO,2017,2017,2017,Diploma,career,probable,1.0,verified,https://linkedin.com/in/daulet-toibazar-54118b174,https://linkedin.com/in/daulet-toibazar-54118b174,HUMAIN,Senior AI Engineer,employment,Industry,Software & AI,latest_employment,One reviewed latest employment or organizational role is used as the destination.,2025,,,https://github.com/daulettoibazar;https://linkedin.com/in/daulet-toibazar-54118b174;https://orcid.org/0009-0002-4978-4400;https://orcid.org/0009-0008-1492-995X;https://scoreboard.bc-pf.org/en/results/biology/international_biology_olympiad/2017,5,github;orcid;verified,"The rare exact-name profile begins a Nazarbayev University biology degree in the 2017 IBO year, continues through KAUST bioinformatics and machine learning corroborated by official university records, and identifies a current HUMAIN AI role; no source explicitly joins the professional to the IBO contestant"
kaz-f0f8ae850677,Kairat Albakov,Kairat Albakov,IBO,2017;2018,2017,2018,Bronze;Silver,career,confirmed,1.0,verified,https://kr.linkedin.com/in/allbackoff,https://kr.linkedin.com/in/allbackoff,Adriel,Engineer,employment,Industry,Engineering,latest_employment,One reviewed latest employment or organizational role is used as the destination.,,,,https://codeforces.com/profile/allbackoff;https://github.com/allbackoff;https://kr.linkedin.com/in/allbackoff,3,codeforces;github;verified,Public profile lists the 2018 IBO silver medal and current Adriel employment
kaz-a875a18e20f1,Kazhymurat Aknazar,Kazhymurat Aknazar,IPhO,2017,2017,2017,Gold Medal,career,confirmed,1.0,verified,https://www.thecrimson.com/article/2021/11/30/aknazar-remembered-as-kind-and-brilliant/,https://kz.linkedin.com/in/aknazar-kazhymurat-258101126,,,,Unknown,Other,history_only,"Completed or undated education is retained as alma-mater/history evidence, not as a destination.",,,,https://ipho-unofficial.org/countries/KAZ/individual;https://kz.linkedin.com/in/aknazar-kazhymurat-258101126;https://www.thecrimson.com/article/2021/11/30/aknazar-remembered-as-kind-and-brilliant/,3,verified,The reversed full name and Kazakhstan school history bridge the IPhO record to Harvard's account of his undergraduate studies which ended with his death in 2021
kaz-c792c9bfcef4,Madi Baltagulov,Madi Baltagulov,IBO,2017,2017,2017,Bronze,career,confirmed,1.0,verified,https://www.linkedin.com/posts/madi-baltagulov-509bbb18b_entrepreneurship-publichealth-digitalhealth-activity-7383501897166385153-8i4q,https://www.linkedin.com/in/madi-baltagulov-509bbb18b,NutraLens,Co-founder,employment,Industry,Leadership,latest_employment,One reviewed latest employment or organizational role is used as the destination.,2025,,,https://github.com/MadiBal;https://orcid.org/0009-0007-2163-524X;https://scoreboard.bc-pf.org/en/results/biology/international_biology_olympiad/2017;https://weproject.media/articles/detail/madi-baltagulov-ob-uchebe-v-yale-kak-kazakhstanets-postupil-v-magistraturu-ligi-plyushcha-po-obshche/;https://www.linkedin.com/in/madi-baltagulov-509bbb18b;https://www.linkedin.com/posts/madi-baltagulov-509bbb18b_entrepreneurship-publichealth-digitalhealth-activity-7383501897166385153-8i4q,6,github;orcid;verified,A direct 2026 interview identifies him as the Kazakhstan international biology-team bronze medalist and a Yale epidemiology master's student after Vanderbilt molecular biology; Destination review: Madi Baltagulov's self-authored post says he is founding NutraLens with two co-founders; his public profile lists NutraLens as his current experience after completing his Yale MPH.
kaz-999af747a5a2,Nurassyl Serik,Nurassyl Serik,IChO,2017,2017,2017,Bronze,career,probable,1.0,verified,https://kz.linkedin.com/in/nurassyl-serik-2a257918a,https://kz.linkedin.com/in/nurassyl-serik-2a257918a,North Caspian Operating Company (NCOC),Process Engineer,employment,Industry,Engineering,latest_employment,One reviewed latest employment or organizational role is used as the destination.,,,,https://kz.linkedin.com/in/nurassyl-serik-2a257918a;https://scoreboard.bc-pf.org/en/results/chemistry/international-chemistry-olympiad/2017,2,verified,The rare exact name links the 2017 Kazakhstan IChO bronze medalist to a profile that begins chemical and materials engineering at Nazarbayev University that year and later lists chemistry-Olympiad jury work and NCOC process engineering; no source explicitly states that the professional is the IChO entrant
kaz-7bc4b3d48a29,Nurdaulet Kemel,Kemel Nurdaulet,IPhO,2017;2018,2017,2018,Bronze Medal,career,confirmed,1.0,verified,https://hk.linkedin.com/in/nurdauletkemel,https://hk.linkedin.com/in/nurdauletkemel,Undisclosed prop trading firm,Quantitative Researcher,employment,Industry,Economics & Finance,latest_employment,One reviewed latest employment or organizational role is used as the destination.,2024,,,https://hk.linkedin.com/in/nurdauletkemel;https://static.s123-cdn-static-d.com/uploads/4477293/secure/normal_656f04a4ec83d.pdf,2,verified,His CV explicitly joins the exact name to bronze medals at IPhO 2017 and 2018 and to a University of Hong Kong statistics degree and trading internships; his current profile continues the same Hong Kong chronology to an undisclosed proprietary-trading employer; Destination review: The accepted profile lists Quantitative Researcher at an undisclosed proprietary trading firm as current from April 2024.
kaz-569883c06e81,Nurlykhan Kairly,Nurlykhan Kairly,IOI,2017;2018,2017,2018,Bronze,career,confirmed,1.0,verified,https://kz.linkedin.com/in/nurlykhan,https://kz.linkedin.com/in/nurlykhan,Listly,Software Engineer,employment,Industry,Software & AI,latest_employment,One reviewed latest employment or organizational role is used as the destination.,,,,https://codeforces.com/profile/Nurlykhan;https://codeforces.com/profile/nurlykhan;https://cphof.org/profile/codeforces:nurlykhan;https://github.com/NurlykhanKairly;https://kz.linkedin.com/in/nurlykhan,5,codeforces;cphof;github;verified,The exact-name public profile explicitly lists his 2017 and 2018 IOI record and current Listly software-engineering role; the official IOI registry independently confirms the Kazakhstan appearances
kaz-e894ef915410,Shyngys Aitkazinov,Shyngys Aitkazinov,IPhO,2017,2017,2017,Silver Medal,career,confirmed,1.0,verified,https://ch.linkedin.com/in/shyngys-aitkazinov-00496b193,https://ch.linkedin.com/in/shyngys-aitkazinov-00496b193,Citadel Securities,Quantitative Researcher Intern,employment,Industry,Economics & Finance,latest_employment,One reviewed latest employment or organizational role is used as the destination.,2026,,,https://ch.linkedin.com/in/shyngys-aitkazinov-00496b193;https://github.com/shyngys-aitkazinov;https://ipho2017.id/,3,github;verified,The public profile explicitly lists his 2017 IPhO silver medal and current Citadel Securities employment in Zurich; Destination review: The accepted profile lists a Quantitative Researcher internship at Citadel Securities from July 2026.
kaz-84b6c6673e87,Shyngys Bilyalov,Shyngys Bilyalov,IMO,2017;2018;2019,2017,2019,Honourable mention;Silver medal,career,confirmed,1.0,verified,https://sg.linkedin.com/in/shyngys-bilyalov-23b6b819b,https://sg.linkedin.com/in/shyngys-bilyalov-23b6b819b,Graviton Research Capital,Quantitative Researcher,employment,Industry,Economics & Finance,latest_employment,One reviewed latest employment or organizational role is used as the destination.,,,,https://github.com/persolok;https://sg.linkedin.com/in/shyngys-bilyalov-23b6b819b;https://www.imo-official.org/results/contestant/27303/,3,github;verified,His public profile explicitly lists all three IMO results and current Graviton employment while current staff directories identify his quantitative-research role
kaz-926301b5ef4a,Temirlan Rakhimov,Temirlan Rakhimov,IChO,2017,2017,2017,Bronze,career,probable,1.0,verified,https://rs.linkedin.com/in/temirlan-rakhimov,https://rs.linkedin.com/in/temirlan-rakhimov,Allegro,AI Engineer,employment,Industry,Software & AI,latest_employment,One reviewed latest employment or organizational role is used as the destination.,,,,https://github.com/Freezeboy700;https://rs.linkedin.com/in/temirlan-rakhimov;https://scoreboard.bc-pf.org/en/results/chemistry/international-chemistry-olympiad/2017,3,github;verified,The exact-name age-compatible Kazakhstan profile documents IITU study immediately after the 2017 Olympiad period and a current Allegro AI Engineer role in Poland. No reviewed source explicitly joins the career profile to the IChO result.; Destination review: The accepted probable profile identifies AI Engineer at Allegro as Temirlan's current role in Poland; the Serbia profile header is not used as the role location.
kaz-1f5957f35c2c,Adilet Turtemir,Adilet Turtemir;Adlet Turtemir;Turtemir Adilet,IBO,2018;2019,2018,2019,Bronze,career,confirmed,1.0,verified,https://www.linkedin.com/in/adilet-turtemir-891b911b0/,https://www.linkedin.com/in/adilet-turtemir-891b911b0/,University of Pittsburgh School of Medicine,PhD Student in Molecular Pharmacology,education,Education,Student,current_education,The latest reviewed destination is an active student affiliation.,2025,,,https://www.ibo-info.org/files/downloads/results-reports/final-reports/IBO-2024%20Report.pdf;https://www.linkedin.com/in/adilet-turtemir-891b911b0/,2,verified,"The official IBO 2024 report identifies Kazakhstan's 2018 and 2019 bronze medalist at UNIST; the rare exact-name profile continues the same 2019-2023 UNIST biomedical-engineering path, explicitly lists Kazakhstan IBO jury and scientific-committee work, and shows a current University of Pittsburgh School of Medicine graduate role and molecular-pharmacology PhD beginning in August 2025."
kaz-fcb382e0caae,Alikhan Zimanov,Alikhan Zimanov,IMO,2018;2019,2018,2019,Bronze medal,career,probable,0.72,codeforces,https://codeforces.com/profile/sstrong,,,,,Unknown,Other,none,No reviewed destination is available.,,,,https://codeforces.com/profile/sstrong;https://github.com/dxtvzw,2,codeforces;github,handle=sstrong; country=Kazakhstan; city=Almaty
kaz-ceec4f816e2c,Alina Gaukhartas,Alina Gaukhartas,IPhO,2018,2018,2018,Bronze Medal,career,confirmed,1.0,verified,https://linkedin.com/in/gaukhar-alina,https://linkedin.com/in/gaukhar-alina,Google,Software Engineer,employment,Industry,Software & AI,latest_employment,One reviewed latest employment or organizational role is used as the destination.,2024,,,https://linkedin.com/in/gaukhar-alina;https://sundong.kim/members/,2,verified,Sundong Kim's alumni page names Gaukhartas Alina and links directly to the reversed-name Gaukhar Alina profile; that self-authored profile lists a current Google DeepMind software-engineering role and 2018-2022 KAIST degree while the official IPhO registry confirms Alina Gaukhartas's Kazakhstan bronze medal
kaz-95803b7b2c5f,Amanzhol Kuantay,Amanzhol Kuantay,IBO,2018;2019,2018,2019,Bronze;Silver,career,confirmed,1.0,verified,https://hk.linkedin.com/in/amanzholkuantay,https://hk.linkedin.com/in/amanzholkuantay,UBS,Software Engineer,employment,Industry,Software & AI,latest_employment,One reviewed latest employment or organizational role is used as the destination.,2026,,,https://hk.linkedin.com/in/amanzholkuantay;https://www.ibo-info.org/files/downloads/results-reports/results/IBO2019-IBO-Ranking_web.pdf,2,verified,The rare exact-name IBO record connects through an official HKUST student feature to the current Hong Kong profile listing UBS; Destination review: The accepted profile lists Software Engineer at UBS as current from June 2026.
kaz-f85457929c5d,Amirkhan Bailin,Amirkhan Bailin,IPhO,2018;2019,2018,2019,Bronze Medal;Honourable Mention,career,confirmed,1.0,verified,https://hk.linkedin.com/in/amirkhan-bailin,https://hk.linkedin.com/in/amirkhan-bailin,Pulsar,Trading Analyst,employment,Industry,Other,latest_employment,One reviewed latest employment or organizational role is used as the destination.,,,,https://hk.linkedin.com/in/amirkhan-bailin,1,verified,His self-authored profile explicitly lists the 2018 IPhO honourable mention and 2019 IPhO bronze medal and identifies a current Trading Analyst role at Pulsar; the official country record independently confirms the same name years and results
kaz-c1c8ab962b25,Daniyar Zakarin,Daniyar Zakarin,IOI,2018;2019,2018,2019,Silver,career,confirmed,1.0,verified,https://linkedin.com/in/daniyarzt,https://linkedin.com/in/daniyarzt,Huawei,Computer Vision Research Intern,employment,Industry,Research & Academia,latest_employment,One reviewed latest employment or organizational role is used as the destination.,,,,https://codeforces.com/profile/YaKon4ick;https://cphof.org/profile/codeforces:YaKon4ick;https://github.com/daniyarzt;https://linkedin.com/in/daniyarzt,4,codeforces;cphof;github;verified,The exact-name public profile explicitly lists his 2018 and 2019 IOI silver medals and current Huawei Switzerland computer-vision research internship; the official IOI record independently confirms the Kazakhstan awards
kaz-49e2c68e6afb,Diyar Tulenov,Diyar Tulenov,IPhO,2018,2018,2018,Bronze Medal,career,confirmed,1.0,verified,https://de.linkedin.com/in/diyart,https://de.linkedin.com/in/diyart,Siemens Healthineers,Data Scientist,employment,Industry,Research & Academia,latest_employment,One reviewed latest employment or organizational role is used as the destination.,2025,,,https://de.linkedin.com/in/diyart;https://github.com/tdiyar;https://ipho-unofficial.org/countries/KAZ/individual,3,github;verified,His public profile explicitly lists the 2018 IPhO bronze medal and current Siemens Healthineers employment together with current graduate study at FAU Erlangen-Nurnberg; Destination review: The accepted profile lists Data Scientist at Siemens Healthineers as current from October 2025.
kaz-44c1e8dd8198,Galymzhan Moldagulov,Galymzhan Moldagulov,IChO,2018,2018,2018,Bronze,career,confirmed,1.0,verified,https://kr.linkedin.com/in/moldagulovg,https://kr.linkedin.com/in/moldagulovg,Institute for Basic Science (IBS),Graduate Student Researcher,employment,Academia,Student,latest_employment,One reviewed latest employment or organizational role is used as the destination.,2023,,,https://kr.linkedin.com/in/moldagulovg;https://orcid.org/0009-0006-5742-130X;https://scoreboard.bc-pf.org/en/results/chemistry/international-chemistry-olympiad/2018,3,orcid;verified,The exact-name public profile explicitly lists his 2018 IChO bronze medal and current graduate research at the Institute for Basic Science in Ulsan; the official result independently confirms the Kazakhstan award
kaz-6b2d94581317,Olzhas Nurpeisov,Olzhas Nurpeisov,IChO,2018;2019,2018,2019,Bronze,career,confirmed,1.0,verified,https://uk.linkedin.com/in/olzhas-nurpeisov,https://uk.linkedin.com/in/olzhas-nurpeisov,Laminar,Software Engineer,employment,Industry,Software & AI,latest_employment,One reviewed latest employment or organizational role is used as the destination.,2025,,,https://github.com/olzhik11;https://uk.linkedin.com/in/olzhas-nurpeisov;https://www.icho-official.org/results/country_info.php?country=Kazakhstan,3,github;verified,The rare exact-name 2018 and 2019 IChO records align with the KAIST profile and multiple recent Laminar team posts confirming active work there; Destination review: The accepted profile lists Software Engineer at Laminar as current from April 2025.
kaz-ccd5a4548c56,Rakhman Asmatullayev,Rakhman Asmatullayev,IMO,2018,2018,2018,Bronze medal,career,confirmed,1.0,verified,https://uk.linkedin.com/in/rainhunter13,https://uk.linkedin.com/in/rainhunter13,Laminar,Backend Engineer,employment,Industry,Engineering,latest_employment,One reviewed latest employment or organizational role is used as the destination.,,,,https://github.com/Rainhunter13;https://uk.linkedin.com/in/rainhunter13;https://www.imo-official.org/results/contestant/27859/,3,github;verified,His public profile explicitly lists the 2018 IMO bronze medal and current Laminar employment while his linked GitHub account identifies his backend role
kaz-01091dcfd107,Selimzhan Chalyshkan,Selimzhan Chalyshkan,IBO,2018,2018,2018,Bronze,career,confirmed,1.0,verified,https://www.nuin.northwestern.edu/current-students/student-profiles.html?page=3,,Northwestern University,PhD Student in Neuroscience,education,Education,Student,current_education,The latest reviewed destination is an active student affiliation.,2023,,,https://orcid.org/0009-0007-6708-1094;https://scoreboard.bc-pf.org/en/results/biology/international_biology_olympiad/2018;https://www.nuin.northwestern.edu/current-students/student-profiles.html?page=3,3,orcid;verified,The rare exact-name Kazakhstan 2018 IBO bronze medalist is linked through a Kazakhstan student profile and Harvard 2023 education to Northwestern's current neuroscience PhD directory and verified ORCID email domain
kaz-ba8a6f8bb8aa,Vladislav Cherdantsev,Vladislav Cherdantsev,IChO,2018;2019,2018,2019,Diploma;Silver,career,confirmed,1.0,verified,https://linkedin.com/in/vladcherd,https://linkedin.com/in/vladcherd,Mirendil,Member of Technical Staff,employment,Industry,Other,latest_employment,One reviewed latest employment or organizational role is used as the destination.,2026,,,https://github.com/vladislach;https://linkedin.com/in/vladcherd;https://scoreboard.bc-pf.org/en/profile/5fa68a8ad8bb1ad06363cce0,3,github;verified,The exact-name public profile explicitly lists his 2019 IChO silver medal and an April 2026 move to Mirendil as a member of technical staff; the official result independently confirms the Kazakhstan award
kaz-c9b6eb61477c,Zhamaliddin Kalzhan,Zhamaliddin Kalzhan,IPhO,2018,2018,2018,Bronze Medal,career,probable,1.0,verified,https://linkedin.com/in/zhamaliddin-kalzhan,https://linkedin.com/in/zhamaliddin-kalzhan,Samsung Electronics,Digital IP Design Engineer,employment,Industry,Engineering,latest_employment,One reviewed latest employment or organizational role is used as the destination.,2026,,,https://codeforces.com/profile/zhamaliddinkalzhan;https://ipho-unofficial.org/countries/KAZ/individual;https://linkedin.com/in/zhamaliddin-kalzhan;https://orcid.org/0009-0004-5307-9178,4,codeforces;orcid;verified,"The rare exact-name profile links a Shymkent Bilim-Innovation Lyceum diploma to KAIST electrical engineering beginning in the 2018 IPhO year and a current Samsung digital-IP role, while KAIST laboratory records independently corroborate the same student; no source explicitly states that the professional is the IPhO contestant"
kaz-c03aa47c2122,Zhanibek Bekkhozhin,Zhanibek Bekkhozhin,IChO,2018,2018,2018,Silver,career,confirmed,1.0,verified,https://chemistry.dartmouth.edu/graduate/current-graduate-students/class-2022,,Dartmouth College,PhD Student in Chemistry,education,Education,Student,current_education,The latest reviewed destination is an active student affiliation.,2022,,,https://almaty.fizmat.kz/news/rezultaty-50-oy-mezhdunarodnoy-khimiches/;https://chemistry.dartmouth.edu/graduate/current-graduate-students/class-2022;https://orcid.org/0000-0001-6181-572X,3,orcid;verified,His official school names him as Kazakhstan's 2018 IChO silver medalist and Dartmouth lists the same rare exact name as a current chemistry graduate student from Nazarbayev University
kaz-3b19b5bc5f6d,Alibek Orazalin,Alibek Orazalin,IMO,2019,2019,2019,Bronze medal,early_career_or_university,confirmed,1.0,verified,https://hk.linkedin.com/in/alibek-orazalin-3020011a9,https://hk.linkedin.com/in/alibek-orazalin-3020011a9,Qube Research & Technologies,Quantitative Research Analyst,employment,Industry,Economics & Finance,latest_employment,One reviewed latest employment or organizational role is used as the destination.,2025,,,https://hk.linkedin.com/in/alibek-orazalin-3020011a9;https://www.imo-official.org/results/contestant/29349/,2,verified,The rare exact-name profile lists a current Qube Research and Technologies quantitative-research role and 2019-2023 HKUST mathematics and computer-science degrees; HKUST's official Epsilon award profile independently matches that education timeline and the official IMO record confirms the Kazakhstan bronze medalist
kaz-da119ef48a6d,Batyr Sardarbekov,Batyr Sardarbekov,IOI,2019,2019,2019,Gold,early_career_or_university,confirmed,1.0,verified,https://linkedin.com/in/998batrr,https://linkedin.com/in/998batrr,Nethermind,Software Engineer,employment,Industry,Software & AI,latest_employment,One reviewed latest employment or organizational role is used as the destination.,,,,https://codeforces.com/profile/998batrr;https://codeforces.com/profile/998kover;https://cphof.org/profile/codeforces:998kover;https://linkedin.com/in/998batrr,4,codeforces;cphof;verified,The professional profile URL uses the same 998batrr handle as the Kazakhstan Codeforces identity linked to CPHOF and lists a current Nethermind software-engineering role
kaz-d3e4616882fd,Danat Duisenbekov,Danat Duisenbekov,IMO,2019;2020;2021,2019,2021,Bronze medal;Silver medal,early_career_or_university,probable,1.0,verified,https://statistics.berkeley.edu/people/danat-duisenbekov,,"University of California, Berkeley",Statistics PhD Student,education,Education,Student,current_education,The latest reviewed destination is an active student affiliation.,2025,,,https://statistics.berkeley.edu/people/danat-duisenbekov;https://www.imo-official.org/results/contestant/29352/,2,verified,UC Berkeley Statistics lists the rare exact-name Danat Duisenbekov as a Statistics PhD student who entered in 2025; the age-compatible official IMO record identifies Kazakhstan's 2019-2021 medalist but no source explicitly joins the two records
kaz-8a1e18c44a89,Daniil Melnichenko,Daniil Melnichenko,IChO,2019,2019,2019,Bronze,early_career_or_university,confirmed,1.0,verified,https://linkedin.com/in/daniilmel,https://linkedin.com/in/daniilmel,HITS,AI Researcher,employment,Academia,Software & AI,latest_employment,One reviewed latest employment or organizational role is used as the destination.,,,,https://github.com/daniil-melnichenko;https://github.com/daniilmelnichenko;https://linkedin.com/in/daniilmel;https://orcid.org/0009-0006-8939-5337;https://scoreboard.bc-pf.org/en/results/chemistry/international-chemistry-olympiad/2019,5,github;orcid;verified,The exact-name public profile explicitly lists his 2019 IChO bronze medal and current HITS AI research role; the official IChO result independently confirms the Kazakhstan award
kaz-ac8d11f139c6,David Li,David Li,IPhO,2019,2019,2019,Honourable Mention,early_career_or_university,probable,1.0,verified,https://ru.linkedin.com/in/david-li-ab07b332b,https://ru.linkedin.com/in/david-li-ab07b332b,Mohamed bin Zayed University of Artificial Intelligence (MBZUAI),PhD Student in Machine Learning,education,Education,Student,current_education,The latest reviewed destination is an active student affiliation.,2025,2029,,https://codeforces.com/profile/Daveeed;https://codeforces.com/profile/Watersphere;https://codeforces.com/profile/Wenze_Li;https://codeforces.com/profile/dumbstudent;https://github.com/davidli3100;https://github.com/dli;https://github.com/dli7319;https://github.com/lidavidm;https://github.com/taweili;https://ipho-unofficial.org/countries/KAZ/individual;https://openreview.net/profile?id=~David_Li1;https://orcid.org/0000-0001-5188-9143;https://orcid.org/0000-0001-5221-1334;https://orcid.org/0000-0001-6334-1441;https://orcid.org/0000-0001-6663-0310;https://orcid.org/0000-0001-6680-8764;https://orcid.org/0000-0001-6948-1154;https://orcid.org/0000-0001-7637-8649;https://orcid.org/0000-0001-9316-1951;https://orcid.org/0000-0002-0092-660X;https://orcid.org/0000-0002-1028-8445;https://orcid.org/0000-0002-1151-1354;https://orcid.org/0000-0002-2668-7184;https://orcid.org/0000-0002-3187-6190;https://orcid.org/0000-0002-4285-5598;https://orcid.org/0000-0002-4450-8776;https://orcid.org/0000-0002-4863-311X;https://orcid.org/0000-0002-5005-4643;https://orcid.org/0000-0002-5020-8534;https://orcid.org/0000-0002-5208-8732;https://orcid.org/0000-0002-5362-5675;https://orcid.org/0000-0002-6401-4263;https://orcid.org/0000-0002-6489-0191;https://orcid.org/0000-0002-6681-9161;https://orcid.org/0000-0002-6995-3454;https://orcid.org/0000-0002-7398-7630;https://orcid.org/0000-0002-7512-9672;https://orcid.org/0000-0002-7684-2023;https://orcid.org/0000-0002-8921-5168;https://orcid.org/0000-0002-9332-317X;https://orcid.org/0000-0003-1222-5189;https://orcid.org/0000-0003-1519-0575;https://orcid.org/0000-0003-2408-5638;https://orcid.org/0000-0003-2853-0743;https://orcid.org/0000-0003-3869-5154;https://orcid.org/0000-0003-4323-9321;https://orcid.org/0009-0000-2842-3257;https://orcid.org/0009-0000-4673-0955;https://orcid.org/0009-0000-4974-5132;https://orcid.org/0009-0000-6436-5218;https://orcid.org/0009-0000-7932-2499;https://orcid.org/0009-0002-8858-2852;https://orcid.org/0009-0003-0295-8597;https://orcid.org/0009-0003-1937-2752;https://orcid.org/0009-0003-4135-6118;https://orcid.org/0009-0003-5876-6930;https://orcid.org/0009-0003-8638-143X;https://orcid.org/0009-0004-2259-4388;https://orcid.org/0009-0005-5057-5181;https://orcid.org/0009-0005-6716-5541;https://orcid.org/0009-0005-6953-5104;https://orcid.org/0009-0005-7527-0632;https://orcid.org/0009-0006-1898-6834;https://orcid.org/0009-0006-6234-0096;https://orcid.org/0009-0006-6665-1967;https://orcid.org/0009-0006-7105-7671;https://orcid.org/0009-0007-7896-9929;https://orcid.org/0009-0008-5119-2360;https://orcid.org/0009-0008-6616-9817;https://orcid.org/0009-0008-7453-6998;https://orcid.org/0009-0009-3241-7808;https://ru.linkedin.com/in/david-li-ab07b332b;https://www.wikidata.org/wiki/Q102165512;https://www.wikidata.org/wiki/Q105523474;https://www.wikidata.org/wiki/Q107277515;https://www.wikidata.org/wiki/Q119728393;https://www.wikidata.org/wiki/Q125906193;https://www.wikidata.org/wiki/Q5236579;https://www.wikidata.org/wiki/Q5236581;https://www.wikidata.org/wiki/Q88064254;https://www.wikidata.org/wiki/Q88184480;https://www.wikidata.org/wiki/Q91946334;https://www.wikidata.org/wiki/Q99675851,83,codeforces;github;orcid;verified;wikidata,The profile alias Li David and its MIPT applied-physics degree beginning immediately after his 2019 RFMS graduation and IPhO appearance form a highly specific timeline through Skoltech and Huawei; the common name and absence of an explicit Olympiad statement prevent a confirmed match; Destination review: The accepted profile dates the Huawei deep-learning research role through August 2025 and lists the 2025-2029 MBZUAI machine-learning PhD as the ongoing affiliation in Abu Dhabi.
kaz-492c4144387e,Kassym Mukhanbetiyar,Kassym Mukhanbetiyar,IMO,2019,2019,2019,Bronze medal,early_career_or_university,confirmed,1.0,verified,https://www.linkedin.com/in/kassymm/,https://www.linkedin.com/in/kassymm/,Huawei,"Research Intern, Spatial AI",employment,Industry,Software & AI,latest_employment,One reviewed latest employment or organizational role is used as the destination.,2025,,,https://github.com/kassymm;https://it.linkedin.com/in/kassymm;https://www.imo-official.org/results/contestant/29351/;https://www.linkedin.com/in/kassymm/,4,github;verified,His public profile explicitly lists the 2019 IMO bronze medal and current Huawei employment and describes his work on spatial AI while Bocconi independently lists him as a research assistant; Destination review: The accepted profile identifies the current Huawei position as a Research Intern role and describes the work as spatial AI.
kaz-2523ce5463b9,Meiirbek Baimuratov,Meiirbek Baimuratov,IBO,2019,2019,2019,Bronze,early_career_or_university,confirmed,1.0,verified,https://www.linkedin.com/in/meiirbek-baimuratov/,https://www.linkedin.com/in/meiirbek-baimuratov/,University of Padua,Master's Student in Computer Science,education,Education,Student,current_education,The latest reviewed destination is an active student affiliation.,2024,,,https://github.com/mbaimuratov;https://it.linkedin.com/in/meiirbek-baimuratov;https://scoreboard.bc-pf.org/en/results/biology/international_biology_olympiad/2019;https://www.linkedin.com/in/meiirbek-baimuratov/,4,github;verified,The exact IBO name appears in Nazarbayev University's 2019 biological-sciences dean's list and the same rare profile documents a software-engineering path through Meta and Google internships to Bloomberg; Destination review: His February 2026 post says the Bloomberg placement finished while the accepted profile lists an ongoing Computer Science master's at Padua.
kaz-d9616cfe0fb5,Nurlykhan Kopenov,Nurlykhan Kopenov,IChO,2019,2019,2019,Bronze,early_career_or_university,confirmed,1.0,verified,https://kr.linkedin.com/in/nurlykhan-kopenov,https://kr.linkedin.com/in/nurlykhan-kopenov,CoBALT,,employment,Industry,Other,latest_employment,One reviewed latest employment or organizational role is used as the destination.,,,,https://github.com/IamNoPro;https://kr.linkedin.com/in/nurlykhan-kopenov;https://scoreboard.bc-pf.org/en/results/chemistry/international-chemistry-olympiad/2019,3,github;verified,Olympiad problem-setting records identify the same rare exact name as a KAIST student immediately after his 2019 IChO medal and his current profile preserves that KAIST timeline while listing CoBALT
kaz-49fee0c7373b,Nurtas Shyntas,Nurtas Shyntas,IMO,2019;2020,2019,2020,Bronze medal;Silver medal,early_career_or_university,confirmed,1.0,verified,https://kz.linkedin.com/in/nurtas-shyntas-54b850199,https://kz.linkedin.com/in/nurtas-shyntas-54b850199,New York University,Student,education,Education,Student,current_education,The latest reviewed destination is an active student affiliation.,2022,2026,,https://kz.linkedin.com/in/nurtas-shyntas-54b850199,1,verified,His self-authored profile explicitly lists the 2019 IMO bronze and 2020 IMO silver medals and a 2022-2026 NYU Abu Dhabi education; the official Kazakhstan IMO record independently confirms the exact name years and awards
kaz-a7e23606a27b,Rassul Magauin,Rassul Magauin,IPhO,2019,2019,2019,Bronze Medal,early_career_or_university,confirmed,1.0,verified,https://kz.linkedin.com/in/rassul-magauin,https://kz.linkedin.com/in/rassul-magauin,Mohamed bin Zayed University of Artificial Intelligence (MBZUAI),Master's Student in Computer Science,education,Education,Student,current_education,The latest reviewed destination is an active student affiliation.,,,,https://kz.linkedin.com/in/rassul-magauin,1,verified,"His self-authored exact-name Kazakhstan profile explicitly identifies him as an IPhO medalist and documents computer-science study at Nazarbayev University followed by MBZUAI; the official country record independently confirms his 2019 IPhO participation, while its bronze result differs from the profile's silver label and is preserved as the authoritative medal record"
kaz-4f8a3959755f,Sanzhar Otey,Sanzhar Otey,IBO,2019,2019,2019,,early_career_or_university,probable,1.0,verified,https://niac.kz/221140009084,,Big Apple Esentai,Director,employment,Industry,Leadership,latest_employment,One reviewed latest employment or organizational role is used as the destination.,,,,https://niac.kz/221140009084;https://scoreboard.bc-pf.org/en/results/biology/international_biology_olympiad/2019,2,verified,"The IBO result identifies Kazakhstan's rare exact-name 2019 entrant. Independent 2022 endurance-event records identify exact-name Sanzhar Otey as a 19-year-old or M18-24 Kazakhstan competitor based in Almaty. Kazakhstan company records now name full-patronymic Sanzhar Ermekqaliuly Otey as the director of Almaty restaurant operator Big Apple Esentai, registered in November 2022. The rare exact name, age-compatible chronology, and repeated Almaty location make the chain strong, but no reviewed source explicitly joins the Olympiad entrant to the full-patronymic director, so it remains probable.; Destination review: The current Kazakhstan company record names full-patronymic Sanzhar Ermekqaliuly Otey as director of Big Apple Esentai, an Almaty restaurant operator registered in November 2022. Director is used as a direct translation of the registry's head-of-entity field."
kaz-c6c074aef2cf,Temirlan Baibolov,Temirlan Baibolov,IOI,2019;2020,2019,2020,Bronze;Silver,early_career_or_university,confirmed,1.0,verified,https://linkedin.com/in/bthero,https://linkedin.com/in/bthero,Harbour.Space University,Frontend Lead Developer,employment,Academia,Software & AI,latest_employment,One reviewed latest employment or organizational role is used as the destination.,,,,https://codeforces.com/profile/bthero;https://cphof.org/profile/codeforces:bthero;https://github.com/BThero;https://linkedin.com/in/bthero,4,codeforces;cphof;github;verified,The exact-name public profile states that he represented Kazakhstan at the 2019 and 2020 IOIs and lists a Frontend Lead Developer role at HARBOUR.SPACE; the official IOI registry independently confirms both appearances
kaz-c91345744362,Temirlan Ismagulov,Temirlan Ismagulov,IPhO,2019,2019,2019,Honourable Mention,early_career_or_university,probable,1.0,verified,https://nur.nu.edu.kz/items/86a10e4c-8685-4d44-b3d3-7d8c00c39682,https://kz.linkedin.com/in/temirlan-ismagulov-766740206,,,,Unknown,Other,history_only,"Completed or undated education is retained as alma-mater/history evidence, not as a destination.",,,,https://github.com/Temirlan;https://ipho-unofficial.org/countries/KAZ/individual;https://kz.linkedin.com/in/temirlan-ismagulov-766740206;https://nur.nu.edu.kz/items/86a10e4c-8685-4d44-b3d3-7d8c00c39682,4,github;verified,The rare exact name and physics continuity connect the 2019 IPhO contestant to Nazarbayev University's official 2025 acoustic-metamaterials bachelor's thesis and a matching public education profile but neither career source explicitly mentions IPhO
kaz-7b9356cf00a8,Zhan Kurbanbayev,Zhan Kurbanbayev,IOI,2019,2019,2019,Bronze,early_career_or_university,confirmed,1.0,verified,https://uk.linkedin.com/in/zhan-kurbanbayev,https://uk.linkedin.com/in/zhan-kurbanbayev,Stealth Startup,Software Engineer,employment,Industry,Software & AI,latest_employment,One reviewed latest employment or organizational role is used as the destination.,2026,,,https://codeforces.com/profile/RockyB;https://cphof.org/profile/codeforces:RockyB;https://github.com/ironjaaan;https://github.com/kzh7;https://uk.linkedin.com/in/zhan-kurbanbayev,5,codeforces;cphof;github;verified,Public profile lists both the 2019 IOI bronze medal and current startup affiliation; Destination review: The accepted profile lists Software Engineer at a stealth startup as current from February 2026.
kaz-d8dac02b5a92,Abilmansur Muzhubayev,Abilmansur Muzhubayev,IChO,2020,2020,2020,Bronze,early_career_or_university,confirmed,1.0,verified,https://linkedin.com/in/abilmuzhubayev,https://linkedin.com/in/abilmuzhubayev,Google,Software Engineer,employment,Industry,Software & AI,latest_employment,One reviewed latest employment or organizational role is used as the destination.,2024,,,https://github.com/Abilmuzhubayev;https://linkedin.com/in/abilmuzhubayev;https://scoreboard.bc-pf.org/en/results/chemistry/international-chemistry-olympiad/2020,3,github;verified,The exact-name public profile explicitly lists the 2020 IChO bronze medal and current Google software-engineering role after Nazarbayev University; the official result independently confirms the Kazakhstan award
kaz-bd7725315da3,Adam Taimanov,Adam Taimanov,IBO,2020,2020,2020,Bronze,early_career_or_university,confirmed,1.0,verified,https://profi.kz/profile/TaymanovAY/,,Self-employed,Biology Tutor,employment,Industry,Other,latest_employment,One reviewed latest employment or organizational role is used as the destination.,2022,,,https://profi.kz/profile/TaymanovAY/;https://scoreboard.bc-pf.org/en/results/biology/international_biology_olympiad/2020,2,verified,"Adam Taimanov's exact-name tutor profile explicitly states his 2020 International Biology Olympiad bronze, documents his biology teaching offer, and lists service activity from August 2022; the audited IBO scoreboard independently confirms the same exact-name result. This is retained as his latest reviewed public role, not proof of more recent platform activity."
kaz-070fb0fd555d,Arman Bissembayev,Arman Bissembayev,IBO,2020,2020,2020,Diploma,early_career_or_university,probable,1.0,verified,https://linkedin.com/in/skeeu,https://linkedin.com/in/skeeu,re:Kassa,Full Stack Engineer,employment,Industry,Engineering,latest_employment,One reviewed latest employment or organizational role is used as the destination.,2024,,,https://daryn.kz/blog/2020/09/04/%D1%8F%D0%BF%D0%BE%D0%BD%D0%B8%D1%8F-%D0%BF%D1%80%D0%BE%D0%B2%D0%B5%D0%B4%D0%B5%D1%82-%D0%B5%D0%B6%D0%B5%D0%B3%D0%BE%D0%B4%D0%BD%D1%83%D1%8E-%D0%BC%D0%B5%D0%B6%D0%B4%D1%83%D0%BD%D0%B0%D1%80%D0%BE/;https://linkedin.com/in/skeeu,2,verified,Daryn's official 2020 Kazakhstan IBO team announcement identifies Arman Bissembayev of Atyrau BIL while the age-compatible public profile uses the Bisembaev spelling and begins Astana IT University study in 2022 before the current re:Kassa role; no source explicitly joins the profile to the IBO record.
kaz-e592924f7a04,Bakdaulet Seisenkul,Bakdaulet Seysenkul,IChO,2020,2020,2020,Bronze,early_career_or_university,probable,1.0,verified,https://jeetain.wixsite.com/mittal-lab/news,https://linkedin.com/in/bakdaulet-seisenkul-8ab00b230,Texas A&M University,Chemical Engineering PhD Student,education,Education,Student,current_education,The latest reviewed destination is an active student affiliation.,2025,,,https://jeetain.wixsite.com/mittal-lab/news;https://linkedin.com/in/bakdaulet-seisenkul-8ab00b230;https://www.icho-official.org/results/country_info.php?country=Kazakhstan,3,verified,The official IChO record and Kazakhstan national chemistry results resolve the Seysenkul and Seisenkul spellings; the rare exact-name LinkedIn profile documents a 2021-2025 Nazarbayev University chemistry degree and a College Station location while the Mittal Lab records his December 2025 arrival as a Texas A&M chemical-engineering PhD student.
kaz-087d239f6acf,Fetullakh Sam,Fetullakh Sam,IMO,2020;2021;2022,2020,2022,Honourable mention;Silver medal,early_career_or_university,confirmed,1.0,verified,https://linkedin.com/in/fetullakh-sam-108a08225,https://linkedin.com/in/fetullakh-sam-108a08225,Hong Kong University of Science and Technology (HKUST),Computer Science Student,education,Education,Student,current_education,The latest reviewed destination is an active student affiliation.,2022,2026,,https://linkedin.com/in/fetullakh-sam-108a08225,1,verified,"His self-authored profile identifies him as a two-time IMO silver medalist, lists an earlier honourable mention, and documents a 2022-2026 HKUST computer-science education; Kazakhstan's official IMO record independently confirms the exact name and 2020-2022 results"
kaz-9dc89c027c6a,Khaidar Kairbek,Khaidar Kairbek,IChO,2020;2021,2020,2021,Bronze;Silver,early_career_or_university,confirmed,1.0,verified,https://www.linkedin.com/in/khaidar-kairbek,https://www.linkedin.com/in/khaidar-kairbek,Dartmouth College,"Bachelor of Engineering Student, Electrical Engineering",education,Education,Student,current_education,The latest reviewed destination is an active student affiliation.,2023,2026,,https://github.com/khaidarkairbek;https://scoreboard.bc-pf.org/en/results/chemistry/international-chemistry-olympiad/2021;https://www.linkedin.com/in/khaidar-kairbek,3,github;verified,His public profile explicitly lists Kazakhstan IChO medals from 2020 and 2021 together with current Marble employment and Dartmouth education; Destination review: The exact profile dates Marble employment to June through September 2025 and instead shows the Dartmouth engineering degree through 2026.
kaz-8d1b7be09dcf,Kibriyanur Abdugafarova,Kibriyanur Abdugafarova,IChO,2020,2020,2020,Bronze,early_career_or_university,confirmed,1.0,verified,https://kr.linkedin.com/in/kibriyanur-abdugafarova,https://kr.linkedin.com/in/kibriyanur-abdugafarova,Korea Advanced Institute of Science and Technology (KAIST),Undergraduate Student,education,Education,Student,current_education,The latest reviewed destination is an active student affiliation.,2021,2026,,https://kr.linkedin.com/in/kibriyanur-abdugafarova;https://orcid.org/0009-0005-4171-6923;https://scoreboard.bc-pf.org/en/results/chemistry/international-chemistry-olympiad/2020,3,orcid;verified,Her public profile explicitly lists the 2020 IChO bronze medal and triple Kazakhstan national chemistry gold alongside KAIST education from 2021 to 2026
kaz-f1194a0f246c,Parassat Kyzyrkanov,Parassat Kyzyrkanov,IOI,2020,2020,2020,,early_career_or_university,confirmed,1.0,verified,https://linkedin.com/in/pkyzyrkanov,https://linkedin.com/in/pkyzyrkanov,Undisclosed employer,ML Researcher,employment,Industry,Research & Academia,latest_employment,One reviewed latest employment or organizational role is used as the destination.,,,,https://codeforces.com/profile/Fortitude;https://cphof.org/profile/codeforces:Fortitude;https://github.com/Fortitude42;https://linkedin.com/in/pkyzyrkanov,4,codeforces;cphof;github;verified,The exact-name public profile explicitly lists his 2020 IOI bronze medal and a current machine-learning research role under NDA; the official IOI registry independently confirms the Kazakhstan award
kaz-11ab68f6f611,Tair Satubaldin,Tair Satubaldin,IMO,2020;2021;2022,2020,2022,Silver medal,early_career_or_university,confirmed,1.0,verified,https://fondation.ens.psl.eu/en/pi-day-olympic-scholarships-2025/,,École normale supérieure (ENS),Mathematics Student,education,Education,Student,current_education,The latest reviewed destination is an active student affiliation.,2024,,,https://fondation.ens.psl.eu/en/pi-day-olympic-scholarships-2025/,1,verified,The ENS Foundation explicitly identifies Tair Satubaldin as the three-time Kazakhstan IMO silver medalist who joined the École normale supérieure mathematics department in September 2024
kaz-135e810b92e0,Tamirlan Bektemissov,Tamirlan Bektemissov,IMO,2020,2020,2020,Silver medal,early_career_or_university,confirmed,1.0,verified,https://de.linkedin.com/in/tbeka,https://de.linkedin.com/in/tbeka,Karlsruhe Institute of Technology (KIT),Student Research Assistant,employment,Academia,Student,latest_employment,One reviewed latest employment or organizational role is used as the destination.,2026,,,https://de.linkedin.com/in/tbeka;https://github.com/tbeka;https://www.imo-official.org/results/contestant/30321/,3,github;verified,His public profile explicitly lists the 2020 IMO silver medal and current KIT research-assistant work alongside his 2024 to 2027 degree
kaz-56660a53cf0d,Timur Ratnikov,Timur Ratnikov,IOI,2020,2020,2020,,early_career_or_university,confirmed,1.0,verified,https://www.linkedin.com/in/timur-ratnikov-a3201524a/,https://www.linkedin.com/in/timur-ratnikov-a3201524a/,,,,Unknown,Other,history_only,"Completed or undated education is retained as alma-mater/history evidence, not as a destination.",,,,https://codeforces.com/profile/Thanos234;https://cphof.org/profile/codeforces:Thanos234;https://github.com/easternn;https://stats.ioinformatics.org/people/7159;https://www.linkedin.com/in/timur-ratnikov-a3201524a/,5,codeforces;cphof;github;verified,The user-supplied exact-name profile documents Timur's 2021-2025 HSE education in Moscow; its age-compatible timeline and location agree with the Moscow GitHub account linked from his accepted Kazakhstan competitive-programming identity.
kaz-279f8d67af01,Yerassyl Muratov,Yerassyl Muratov,IBO,2020,2020,2020,Diploma,early_career_or_university,confirmed,1.0,verified,https://hu.linkedin.com/in/yerassyl-muratov-21a223214,https://hu.linkedin.com/in/yerassyl-muratov-21a223214,University of Debrecen,Medical Student,education,Education,Student,current_education,The latest reviewed destination is an active student affiliation.,2020,2026,,https://hu.linkedin.com/in/yerassyl-muratov-21a223214;https://www.ibo-info.org/files/downloads/results-reports/final-reports/IBO-2024%20Report.pdf,2,verified,The official IBO 2024 report explicitly identifies Yerasyl Muratov as a University of Debrecen medical student and 2020 IBO participant; his exact-name LinkedIn profile independently lists the same university and medical program in Hungary
kaz-8d648f29d1e0,Yuriy Ten,Yuriy Ten,IMO,2020;2022,2020,2022,Bronze medal,early_career_or_university,probable,1.0,verified,https://www.registrar.iastate.edu/media/932/file/Spring%202025%20Dean%27s%20List,https://www.linkedin.com/in/yuriy-ten-169535355,Iowa State University,Undergraduate Mechanical Engineering Student,education,Education,Student,current_education,The latest reviewed destination is an active student affiliation.,2022,,,https://kaz.inform.kz/news/halykaralyk-pan-olimpiadalarynyn-tarbielik-mani-zor-maman_a3969819/;https://www.linkedin.com/in/yuriy-ten-169535355;https://www.registrar.iastate.edu/media/932/file/Spring%202025%20Dean%27s%20List,3,verified,Kazinform identifies IMO bronze medalist Yuriy Ten as an Almaty student entering a US university in 2022; Iowa State's official Spring 2025 Dean's List names Yuriy Ten of Almaty as a mechanical-engineering undergraduate; and the current exact-name public profile independently lists Iowa State study from 2022 to present in Ames.
kaz-0f47bbbea1f0,Zhambyl Maksotov,Zhambyl Maksotov,IOI,2020;2021;2022,2020,2022,Bronze;Silver,early_career_or_university,confirmed,1.0,verified,https://www.linkedin.com/in/zhambyl-maksotov/,https://www.linkedin.com/in/zhambyl-maksotov/,Huawei,Intern,employment,Industry,Other,latest_employment,One reviewed latest employment or organizational role is used as the destination.,,,,https://codeforces.com/profile/seduneon;https://cphof.org/profile/codeforces:seduneon;https://github.com/seduneon;https://www.linkedin.com/in/zhambyl-maksotov/,4,codeforces;cphof;github;verified,"The user-reviewed current LinkedIn profile identifies Huawei as Zhambyl's destination; the same exact-name profile links the seduneon GitHub handle used by his Kazakhstan CPHOF and Codeforces records. The public Exa cache still exposes his concurrent 2022-2027 Nazarbayev University education but omits the newer experience section, so the role is conservatively recorded as Intern.; Destination review: The user-reviewed current profile identifies Huawei as Zhambyl's destination. Exa's cached public copy still omits the newer experience section, so Intern is retained as the narrowest role label and his concurrent 2022-2027 Nazarbayev University degree remains in education history."
kaz-af55ed678a4e,Aibek Myrzatay,Aibek Myrzatay,IMO,2021,2021,2021,Gold medal,early_career_or_university,confirmed,1.0,verified,https://www.linkedin.com/in/eyebaek/,https://www.linkedin.com/in/eyebaek/,,,,Unknown,Other,history_only,"Completed or undated education is retained as alma-mater/history evidence, not as a destination.",,,,https://codeforces.com/profile/AibekMI;https://github.com/AibekMI;https://www.imo-official.org/results/contestant/30786/;https://www.linkedin.com/in/eyebaek/,4,codeforces;github;verified,The exact-name profile explicitly lists the 2021 International Mathematical Olympiad gold medal and the HSE applied mathematics and computer science degree; its eyebaek GitHub link independently matches the profile slug
kaz-1b79632fc187,Aigerim Turuspekova,Aigerim Turuspekova,IChO,2021,2021,2021,Bronze,early_career_or_university,confirmed,1.0,verified,https://it.linkedin.com/in/aigerim-turuspekova,https://it.linkedin.com/in/aigerim-turuspekova,,,,Unknown,Other,history_only,"Completed or undated education is retained as alma-mater/history evidence, not as a destination.",,,,https://it.linkedin.com/in/aigerim-turuspekova,1,verified,Her self-authored LinkedIn profile explicitly lists the 2021 International Chemistry Olympiad bronze medal and a November 2025 Bocconi BSc graduation while exposing Milan as her location; no current employer is publicly stated
kaz-e97b6a989458,Altair Ashurov,Altair Ashurov,IOI,2021,2021,2021,Bronze,early_career_or_university,confirmed,1.0,verified,https://linkedin.com/in/fracta1l,https://linkedin.com/in/fracta1l,Squarepoint Capital,Quantitative Research Intern,employment,Industry,Economics & Finance,latest_employment,One reviewed latest employment or organizational role is used as the destination.,,,,https://codeforces.com/profile/fractal;https://cphof.org/profile/codeforces:fractal;https://linkedin.com/in/fracta1l,3,codeforces;cphof;verified,The exact-name public profile explicitly identifies him as Kazakhstan's 2021 IOI bronze medalist and links the official IOI person record while listing his current quantitative research internship at Squarepoint
kaz-b76707715f6b,Anton Draganchuk,Anton Draganchuk,IPhO,2021,2021,2021,Silver Medal,early_career_or_university,confirmed,1.0,verified,https://stemolympiads.kz/en/team/anton-draganchuk-2/,,STEM Olympiads,Physics Tutor,employment,Industry,Other,latest_employment,One reviewed latest employment or organizational role is used as the destination.,,,,https://stemolympiads.kz/en/team/anton-draganchuk-2/,1,verified,STEM Olympiads' official team page identifies Anton Draganchuk as a physics tutor and MIPT alumnus and explicitly lists his silver medals at IPhO 2020 and IPhO 2021.
kaz-8c6b4dfb5df9,Assylbek Olzhabayev,Assylbek Olzhabayev,IMO,2021,2021,2021,Bronze medal,early_career_or_university,confirmed,1.0,verified,https://at.linkedin.com/in/assylbek-olzhabayev-b8b94a190,https://at.linkedin.com/in/assylbek-olzhabayev-b8b94a190,Institute of Science and Technology Austria,Mathematics Researcher,employment,Academia,Research & Academia,latest_employment,"A university staff role is treated as employment, not education.",2024,,,https://at.linkedin.com/in/assylbek-olzhabayev-b8b94a190;https://github.com/assylbekolzhabayev;https://www.nis.edu.kz/storage/files/01JSKD3FB0SVR0VQAXEE8BCGCY.pdf,3,github;verified,An official NIS report directly identifies his 2021 IMO bronze medal and his public profile repeats that award while documenting current mathematics study and research at ISTA and the Hausdorff Center
kaz-8309d6e00897,Bakdaulet Yernazarov,Bakdaulet Ernazarov;Bakdaulet Yernazarov,IBO,2021;2022;2023,2021,2023,Bronze;Silver,early_career_or_university,probable,1.0,verified,https://kz.linkedin.com/in/bakdaulet-yernazarov-308431353,https://kz.linkedin.com/in/bakdaulet-yernazarov-308431353,Korea Advanced Institute of Science and Technology (KAIST),Undergraduate Student,education,Education,Student,current_education,The latest reviewed destination is an active student affiliation.,2025,2029,,https://kz.linkedin.com/in/bakdaulet-yernazarov-308431353;https://www.ibo-info.org/files/downloads/results-reports/results/IBO2023.pdf,2,verified,The rare exact-name profile lists a 2025-2029 KAIST education after the official IBO record identifies Kazakhstan's 2021-2023 competitor; no source explicitly states that the profile belongs to the IBO medalist.
kaz-319ba97c86aa,Dinmukhamed Rakhimzhanov,Dinmukhamed Rakhimzhanov,IPhO,2021;2022,2021,2022,Silver Medal,early_career_or_university,confirmed,1.0,verified,https://uk.linkedin.com/in/dinmukhamed-rakhimzhanov-93a2b8302,https://uk.linkedin.com/in/dinmukhamed-rakhimzhanov-93a2b8302,University of Cambridge,Undergraduate Student,education,Education,Student,current_education,The latest reviewed destination is an active student affiliation.,2024,2027,,https://uk.linkedin.com/in/dinmukhamed-rakhimzhanov-93a2b8302,1,verified,His self-authored LinkedIn profile explicitly lists the 2021 International Physics Olympiad silver medal and a 2024-2027 University of Cambridge education.
kaz-4c524655befe,Guldana Abduali,Guldana Abduali,IBO,2021,2021,2021,Diploma,early_career_or_university,probable,1.0,verified,https://cs.kaist.ac.kr/people/ugstudents?gubun=&gubun_lang=ko&keyword=&page=1,https://kr.linkedin.com/in/guldana-abduali,Korea Advanced Institute of Science and Technology (KAIST),Undergraduate Student in Computer Science,education,Education,Student,current_education,The latest reviewed destination is an active student affiliation.,2022,,,https://cs.kaist.ac.kr/people/ugstudents?gubun=&gubun_lang=ko&keyword=&page=1;https://kr.linkedin.com/in/guldana-abduali;https://scoreboard.bc-pf.org/en/results/biology/international_biology_olympiad/2021,3,verified,"The rare exact-name Kazakhstan profile describes five years of intensive biology before a transition into AI, while KAIST's official roster lists her 2022 computer-science enrollment immediately after the 2021 IBO diploma; no source explicitly states that the KAIST student is the IBO entrant"
kaz-ccd2ad3a4c7d,Madiyar Kassymaly,Madiyar Kassymaly,IChO,2021;2022,2021,2022,Gold;Silver,early_career_or_university,confirmed,1.0,verified,https://scoreboard.bc-pf.org/en/profile/6153ac1ad7af56e7d9894be8,,Nazarbayev University,Student and Olympiad Volunteer,education,Education,Student,current_education,The latest reviewed destination is an active student affiliation.,,,,https://github.com/mmadsoul;https://scoreboard.bc-pf.org/en/profile/6153ac1ad7af56e7d9894be8,2,github;verified,His Scoreboard profile directly joins his 2021 and 2022 IChO medals to current Nazarbayev University study and volunteer work with Beyond Curriculum PF
kaz-776ae509d19e,Mansur Mukimbekov,Mansur Mukimbekov,IOI,2021,2021,2021,Bronze,early_career_or_university,confirmed,1.0,verified,https://linkedin.com/in/mansurmukimbekov,https://linkedin.com/in/mansurmukimbekov,Axiom,ZK Software Engineering Intern,employment,Industry,Software & AI,latest_employment,One reviewed latest employment or organizational role is used as the destination.,,,,https://codeforces.com/profile/Mansur;https://cphof.org/profile/codeforces:Mansur;https://github.com/mansur20478;https://linkedin.com/in/mansurmukimbekov,4,codeforces;cphof;github;verified,The exact-name public profile explicitly lists his 2021 IOI medal and current zero-knowledge software-engineering internship at Axiom; the official IOI registry independently confirms the Kazakhstan result
kaz-69f40396a2e9,Mukhammadarif Sakhmoldin,Mukhammadarif Sakhmoldin,IOI,2021;2022,2021,2022,Bronze;Silver,early_career_or_university,confirmed,1.0,verified,https://hk.linkedin.com/in/mukhammadarifsakhmoldin,https://hk.linkedin.com/in/mukhammadarifsakhmoldin,Optiver,Software Engineer Intern,employment,Industry,Software & AI,latest_employment,One reviewed latest employment or organizational role is used as the destination.,,,,https://codeforces.com/profile/CPEdu;https://codeforces.com/profile/I_Love_Trott;https://cphof.org/profile/codeforces:I_Love_Trott;https://hk.linkedin.com/in/mukhammadarifsakhmoldin,4,codeforces;cphof;verified,The exact-name public profile explicitly lists his 2021 and 2022 IOI medals and current Optiver software-engineering internship; the official IOI registry independently confirms the Kazakhstan results
kaz-07372798186f,Rakhim Baimurzin,Rakhim Baimurzin,IMO,2021,2021,2021,Bronze medal,early_career_or_university,confirmed,1.0,verified,https://kz.linkedin.com/in/baimurzzin,https://kz.linkedin.com/in/baimurzzin,Desargues AI,,employment,Industry,Software & AI,latest_employment,One reviewed latest employment or organizational role is used as the destination.,,,,https://kz.linkedin.com/in/baimurzzin,1,verified,"His self-authored profile labels him an IMO medalist, lists the July 2021 bronze medal, and identifies Desargues AI in his current headline after a Nazarbayev University mathematics and computer-science degree; the official IMO record independently confirms the exact name year and medal"
kaz-2d3646888fa9,Rauan Kaldybayev,Rauan Kaldybayev,IPhO,2021,2021,2021,Silver Medal,early_career_or_university,probable,1.0,verified,https://www.math.ucdavis.edu/people/grads,https://www.linkedin.com/in/rkaldybayev,"University of California, Davis",Mathematics PhD Student,education,Education,Student,current_education,The latest reviewed destination is an active student affiliation.,2025,,,https://qazinform.com/news/kazakhstani-schoolchildren-haul-5-medals-at-ipho-2020_a3730612/;https://www.linkedin.com/in/rkaldybayev;https://www.math.ucdavis.edu/people/grads,3,verified,"Qazinform identifies the rare exact name as Kazakhstan's 2020 IPhO silver medalist; the profile's 2018-2021 FIZMAT education and subsequent Williams physics and UC Davis mathematics path are highly specific, but no source explicitly joins the current profile to the Olympiad entrant"
kaz-f7400a612d63,Rizabek Alpamys,Rizabek Alpamys,IPhO,2021;2022,2021,2022,Silver Medal,early_career_or_university,probable,0.75,codeforces,https://codeforces.com/profile/rrizabek,,,,,Unknown,Other,history_only,An undated academic organization without a student or staff role is retained only in history.,,,,https://codeforces.com/profile/rrizabek,1,codeforces,handle=rrizabek; country=Kazakhstan; city=Atyrau; organization=UNIST
kaz-f7a361eeb22e,Sanzhar Bissenali,Bissenali Sanzhar;Sanzhar Bissenali,IChO,2021;2022;2023,2021,2023,Gold;Silver,early_career_or_university,confirmed,1.0,verified,https://kz.linkedin.com/in/sanzhar-bissenali-323103260,https://kz.linkedin.com/in/sanzhar-bissenali-323103260,California Institute of Technology (Caltech),Undergraduate Student,education,Education,Student,current_education,The latest reviewed destination is an active student affiliation.,2023,2027,,https://kz.linkedin.com/in/sanzhar-bissenali-323103260;https://orcid.org/0009-0009-2568-393X;https://scoreboard.bc-pf.org/en/results/chemistry/international-chemistry-olympiad/2023,3,orcid;verified,His public profile explicitly lists Kazakhstan medals at IChO 2021 through 2023 and current Caltech education from 2023 to 2027 while his personal site independently confirms the Caltech timeline
kaz-a07bb87cf2c6,Yerassyl Temirbekov,Yerassyl Temirbekov,IBO,2021;2022,2021,2022,Silver,early_career_or_university,confirmed,1.0,verified,https://www.ibo-info.org/files/downloads/results-reports/final-reports/IBO-2024%20Report.pdf,,Hong Kong University of Science and Technology (HKUST),Undergraduate Student,education,Education,Student,current_education,The latest reviewed destination is an active student affiliation.,2022,2026,,https://www.ibo-info.org/files/downloads/results-reports/final-reports/IBO-2024%20Report.pdf,1,verified,The official IBO 2024 report explicitly identifies Yerasyl Temirbekov as an HKUST undergraduate and Kazakhstan's 2022 IBO silver medalist; HKUST's 2024-25 exchange scholarship roster independently lists Yerassyl Temirbekov in the School of Science
kaz-77d19cd54c33,Yernar Batyrzhanov,Yernar Batyrzhanov,IBO,2021,2021,2021,Bronze,early_career_or_university,confirmed,1.0,verified,https://informburo.kz/amp/novosti/100-medalnyj-zachyot-pokazali-kazahstanskie-shkolniki-na-domashnej-olimpiade-ibo-2024,https://linkedin.com/in/yernar-batyrzhanov-166028228,Ulsan National Institute of Science and Technology (UNIST),Biomedical Engineering Student,education,Education,Student,current_education,The latest reviewed destination is an active student affiliation.,,,,https://daryn.kz/blog/2021/07/23/%D0%BF%D1%80%D0%B5%D1%81%D1%81-%D1%80%D0%B5%D0%BB%D0%B8%D0%B7-%D0%BE%D0%B1-%D1%83%D1%87%D0%B0%D1%81%D1%82%D0%B8%D0%B8-%D1%81%D0%B1%D0%BE%D1%80%D0%BD%D0%BE%D0%B9-%D0%BA%D0%BE%D0%BC%D0%B0%D0%BD%D0%B4-3/;https://informburo.kz/amp/novosti/100-medalnyj-zachyot-pokazali-kazahstanskie-shkolniki-na-domashnej-olimpiade-ibo-2024;https://linkedin.com/in/yernar-batyrzhanov-166028228,3,verified,"Daryn and the official IBO result identify the exact-name 2021 Kazakhstan bronze medalist; current education reporting names that same international biology winner as a UNIST student, and his profile independently documents biomedical engineering study and later Kazakhstan-team mentoring"
kaz-1725a7f689f9,Yersultan Pitebay,Yersultan Pitebay,IPhO,2021;2022;2023,2021,2023,Silver Medal,early_career_or_university,confirmed,1.0,verified,https://linkedin.com/in/yersultan-pitebay-81bb9a2bb,https://linkedin.com/in/yersultan-pitebay-81bb9a2bb,Massachusetts Institute of Technology (MIT),Physics Student,education,Education,Student,current_education,The latest reviewed destination is an active student affiliation.,2023,2027,,https://linkedin.com/in/yersultan-pitebay-81bb9a2bb,1,verified,His self-authored profile explicitly lists the 2023 IPhO silver medal and a 2023-2027 MIT physics degree; the official country record independently confirms the exact name and Kazakhstan IPhO results
kaz-236abc470fa7,Adilet Abu,Adilet Abu,IMO,2022,2022,2022,Bronze medal,early_career_or_university,confirmed,1.0,verified,https://kz.linkedin.com/in/adilet-abu-974647260,https://kz.linkedin.com/in/adilet-abu-974647260,Ulsan National Institute of Science and Technology (UNIST),Bachelor's Student in Mathematics and Computer Science,education,Education,Student,current_education,The latest reviewed destination is an active student affiliation.,2023,2027,,https://codeforces.com/profile/youradilet;https://kz.linkedin.com/in/adilet-abu-974647260;https://orcid.org/0009-0000-5216-6430,3,codeforces;orcid;verified,His self-authored profile explicitly lists the 2022 IMO bronze medal and a Huawei deep-learning research role alongside a mathematics and computer-science degree at UNIST; the official IMO record independently confirms the exact name year and medal; Destination review: The accepted profile dates the Huawei research internship from August through October 2025 and shows the 2023-2027 UNIST mathematics and computer science degree as the ongoing affiliation.
kaz-59a056858c02,Adilet Zauytkhan,Adilet Zauytkhan,IMO,2022,2022,2022,Bronze medal,early_career_or_university,confirmed,1.0,verified,https://linkedin.com/in/adilet-zauytkhan-37a94221b,https://linkedin.com/in/adilet-zauytkhan-37a94221b,Ulsan National Institute of Science and Technology (UNIST),Computer Science Student,education,Education,Student,current_education,The latest reviewed destination is an active student affiliation.,,,,https://codeforces.com/profile/zauytkhan;https://github.com/AdiletNZ;https://linkedin.com/in/adilet-zauytkhan-37a94221b,3,codeforces;github;verified,His self-authored profile explicitly lists the 2022 IMO bronze medal and identifies him as a computer-science student at UNIST; Kazakhstan's official IMO record independently confirms the exact name year and medal
kaz-61c6139b5eb9,Alikhan Zhumagaleyev,Alikhan Zhumagaleyev,IBO,2022,2022,2022,Silver,early_career_or_university,confirmed,1.0,verified,https://hk.linkedin.com/in/alikhan-zhumagaleyev,https://hk.linkedin.com/in/alikhan-zhumagaleyev,The Chinese University of Hong Kong (CUHK),Biomedical Sciences Student,education,Education,Student,current_education,The latest reviewed destination is an active student affiliation.,2022,2026,,https://hk.linkedin.com/in/alikhan-zhumagaleyev;https://www.ibo-info.org/files/downloads/results-reports/final-reports/IBO-2024%20Report.pdf,2,verified,The official IBO 2024 report explicitly identifies Alikhan Zhumagaleyev as a CUHK undergraduate and Kazakhstan's 2022 IBO silver medalist; his self-authored LinkedIn profile independently identifies him as a Biomedical Sciences student at CUHK
kaz-6b502ce47b9f,Almira Nurlanova,Almira Nurlanova;Nurlanova Almira,IChO,2022;2023,2022,2023,Silver,early_career_or_university,confirmed,1.0,verified,https://www.linkedin.com/in/almira-nurlanova-a6777727a,https://www.linkedin.com/in/almira-nurlanova-a6777727a,Massachusetts Institute of Technology (MIT),Undergraduate Student,education,Education,Student,current_education,The latest reviewed destination is an active student affiliation.,2023,2027,,https://www.linkedin.com/in/almira-nurlanova-a6777727a,1,verified,Her self-authored LinkedIn profile explicitly lists Kazakhstan's 2022 and 2023 International Chemistry Olympiad silver medals and a 2023-2027 MIT education while identifying her as an MIT junior.
kaz-3be79cb80aa3,Daniil Shatokhin,Daniil Shatokhin,IPhO,2022,2022,2022,Gold Medal,early_career_or_university,confirmed,1.0,verified,https://www.linkedin.com/in/daniil-shatokhin-9a69b7297,https://www.linkedin.com/in/daniil-shatokhin-9a69b7297,Kashgari Dictionary,Lead Software Engineer,employment,Industry,Software & AI,latest_employment,One reviewed latest employment or organizational role is used as the destination.,2023,,,https://github.com/Dalbick;https://ipho-unofficial.org/countries/KAZ/individual;https://orcid.org/0000-0001-7711-9622;https://www.linkedin.com/in/daniil-shatokhin-9a69b7297,4,github;orcid;verified,His public profile directly lists the June 2022 IPhO gold medal and joins it to Vanderbilt study from 2022 to 2026 and current software work at Kashgari Dictionary
kaz-bdb3a76b4430,Dinmukhammed Omar,Dinmukhammed Omar;Omar Dinmukhammed,IBO,2022;2023,2022,2023,Silver,early_career_or_university,confirmed,1.0,verified,https://linkedin.com/in/dinmukhammedomar,https://linkedin.com/in/dinmukhammedomar,synapse.kz,Chief Executive Officer,employment,Industry,Other,latest_employment,One reviewed latest employment or organizational role is used as the destination.,2025,,,https://linkedin.com/in/dinmukhammedomar;https://synapse.kz/,2,verified,The official synapse.kz biography identifies Dinmukhammed Omar as Kazakhstan's 2022 and 2023 IBO silver medalist and an NTU student; his self-authored exact-name profile lists the same medals and the current synapse.kz CEO role.
kaz-69bda00903cf,Miron Yurkevich,Miron Yurkevich,IMO,2022;2023;2024;2025,2022,2025,Silver medal,early_career_or_university,confirmed,1.0,verified,https://www.globtalent.org/gtf-big-talent-scholars-bios/miron-yurkevich,,University of Cambridge,Mathematics Student,education,Education,Student,current_education,The latest reviewed destination is an active student affiliation.,2025,,,https://www.globtalent.org/gtf-big-talent-scholars-bios/miron-yurkevich,1,verified,The Global Talent Fund biography explicitly identifies Miron Yurkevich as Kazakhstan's four-time IMO silver medalist and a mathematics student at Trinity College at the University of Cambridge.
kaz-2c30c8a4a543,Sanzhar Nurgaliyev,Sanzhar Nurgaliyev,IChO,2022,2022,2022,Silver,early_career_or_university,confirmed,1.0,verified,https://linkedin.com/in/sanzhar-nurgaliyev-b277762b8,https://linkedin.com/in/sanzhar-nurgaliyev-b277762b8,Nazarbayev University,Chemistry Student,education,Education,Student,current_education,The latest reviewed destination is an active student affiliation.,2022,2027,,https://linkedin.com/in/sanzhar-nurgaliyev-b277762b8,1,verified,His self-authored profile explicitly lists the 2022 International Chemistry Olympiad silver medal and a 2022-2027 Nazarbayev University chemistry degree; the official Kazakhstan result independently confirms the exact name year and award
kaz-bda0b6a1ab68,Taimas Korganbayev,Taimas Korganbayev,IOI,2022;2023,2022,2023,Bronze;Silver,early_career_or_university,confirmed,1.0,verified,https://linkedin.com/in/taimas-korganbayev-a19b75211,https://linkedin.com/in/taimas-korganbayev-a19b75211,Jump Trading,Software Engineer Intern,employment,Industry,Software & AI,latest_employment,One reviewed latest employment or organizational role is used as the destination.,,,,https://codeforces.com/profile/Tekor;https://cphof.org/profile/codeforces:Tekor;https://linkedin.com/in/taimas-korganbayev-a19b75211,3,codeforces;cphof;verified,The exact-name public profile explicitly lists his 2022 and 2023 IOI medals and current Jump Trading software-engineering internship; the official IOI registry independently confirms the Kazakhstan results
kaz-36f5d4e0f896,Van Li,Van Li,IOI,2022;2023,2022,2023,Bronze;Honourable Mention,early_career_or_university,confirmed,1.0,verified,https://linkedin.com/in/van-li-972a8a2b8,https://linkedin.com/in/van-li-972a8a2b8,Huawei,Intern,employment,Industry,Other,latest_employment,One reviewed latest employment or organizational role is used as the destination.,,,,https://codeforces.com/profile/Lokeo;https://cphof.org/profile/codeforces:Lokeo;https://github.com/lovingkirsi;https://github.com/weinadium;https://linkedin.com/in/van-li-972a8a2b8;https://orcid.org/0000-0001-7978-9558,6,cphof;github;orcid;verified,The exact-name public profile explicitly lists his 2022 IOI bronze medal and 2023 honourable mention and a current Huawei internship; the official IOI registry independently confirms the Kazakhstan results
kaz-9208d8d1b297,Vladimir Lim,Vladimir Lim,IPhO,2022,2022,2022,Silver Medal,early_career_or_university,probable,1.0,verified,https://orcid.org/0009-0001-6746-8084,,Moscow Institute of Physics and Technology (MIPT),Researcher,employment,Academia,Research & Academia,latest_employment,One reviewed latest employment or organizational role is used as the destination.,,,,https://izho.kz/contest/results-izho-2022/;https://orcid.org/0000-0001-7134-5370;https://orcid.org/0009-0001-6746-8084;https://www.wikidata.org/wiki/Q97072273,4,orcid;verified;wikidata,"The official 2022 Zhautykov record identifies Vladimir Lim as a Pavlodar School-Lyceum No. 8 physics gold medalist before his Kazakhstan IPhO silver; his claimed and verified ORCID identifies MIPT and 2025-2026 nanocrystal research, but the common name and absence of an explicit Olympiad statement prevent confirmation"
kaz-1877dd6f71f9,Alisher Yerkebayev,Alisher Yerkebayev,IPhO,2023,2023,2023,Silver Medal,recent_competitor,probable,1.0,verified,https://www.ens.psl.eu/sites/default/files/admis-et-lc-bo2026_signe.pdf,,École normale supérieure (ENS),Incoming Physics Student,education,Education,Student,current_education,The latest reviewed destination is an active student affiliation.,2026,,,https://www.ens.psl.eu/sites/default/files/admis-et-lc-bo2026_signe.pdf;https://www.linkedin.com/posts/nazarbayev-intellectual-schools_ipho-2026-nis-students-win-two-gold-activity-7482049655892258816-8AwT,2,verified,"Nazarbayev Intellectual Schools identifies Alisher Yerkebayev as Kazakhstan's 2023 IPhO silver medalist and a current national-team coach; ENS's official 2026 Olympic Scholarship admission list separately names Alisher Yerkebayev in physics, but no source explicitly joins the two records."
kaz-cb653a13b10b,Batyrkhan Sakenov,Batyrkhan Sakenov,IMO,2023,2023,2023,Bronze medal,recent_competitor,probable,1.0,verified,https://www.math.hkust.edu.hk/ug/chern_class/,,Hong Kong University of Science and Technology (HKUST),Mathematics Student,education,Education,Student,current_education,The latest reviewed destination is an active student affiliation.,,,,https://www.imo-official.org/participant_r.aspx?id=33252;https://www.math.hkust.edu.hk/ug/chern_class/,2,verified,HKUST's current Chern Class roster lists the rare exact-name Batyrkhan Sakenov as a mathematics student; official IMO records identify Kazakhstan's 2023 bronze medalist but no source explicitly joins the two records.
kaz-4a80af9daaab,Dair Nurtayev,Dair Nurtaev;Dair Nurtayev,IPhO,2023,2023,2023,Bronze Medal,recent_competitor,probable,1.0,verified,https://lab.globaluni.ru/upload/%D0%9A%D0%B0%D1%84%D0%B5%D0%B4%D1%80%D0%B0%20%D0%BE%D0%B1%D1%89%D0%B5%D0%B9%20%D1%84%D0%B8%D0%B7%D0%B8%D0%BA%D0%B8/%D0%9E%D0%BB%D0%B8%D0%BC%D0%BF%D0%B8%D0%B0%D0%B4%D0%B0/%D0%A1%D0%A2%D0%9E_2024.pdf,,Moscow Institute of Physics and Technology (MIPT),Undergraduate Student,education,Education,Student,current_education,The latest reviewed destination is an active student affiliation.,2023,,,https://ipho-unofficial.org/countries/KAZ/individual;https://lab.globaluni.ru/upload/%D0%9A%D0%B0%D1%84%D0%B5%D0%B4%D1%80%D0%B0%20%D0%BE%D0%B1%D1%89%D0%B5%D0%B9%20%D1%84%D0%B8%D0%B7%D0%B8%D0%BA%D0%B8/%D0%9E%D0%BB%D0%B8%D0%BC%D0%BF%D0%B8%D0%B0%D0%B4%D0%B0/%D0%A1%D0%A2%D0%9E_2024.pdf,2,verified,"The official IPhO registry records Kazakhstan's 2023 bronze medalist Dair Nurtayev, and Ministry-sourced reporting identifies him as a Pavlodar grade-11 student that year. MIPT's April 2024 student physics-Olympiad roster lists the exact Russian name Нуртаев Даир as a first-year MIPT student in group Б05-308, giving a contiguous school-to-university chronology. No reviewed source explicitly states that the MIPT student is the IPhO entrant, so the match remains probable."
kaz-9ad9420e5768,Doszhan Bissimbi,Bissimbi Doszhan;Doszhan Bissimbi,IPhO,2023;2024,2023,2024,Silver Medal,recent_competitor,confirmed,1.0,verified,https://hk.linkedin.com/in/doszhan-bissimbi-a15621291,https://hk.linkedin.com/in/doszhan-bissimbi-a15621291,Hong Kong University of Science and Technology (HKUST),Undergraduate Student,education,Education,Student,current_education,The latest reviewed destination is an active student affiliation.,2024,2028,,https://hk.linkedin.com/in/doszhan-bissimbi-a15621291,1,verified,His self-authored LinkedIn profile explicitly states that he represented Kazakhstan and won a 2023 IPhO silver medal and lists a 2024-2028 HKUST education.
kaz-213b92028ecf,Galymzhan Baktybai,Baktybai Galymzhan;Galymzhan Baktybai;Galymzhan Baktybay,IBO,2023;2024,2023,2024,Bronze,recent_competitor,confirmed,1.0,verified,https://kr.linkedin.com/in/galymzhnb,https://kr.linkedin.com/in/galymzhnb,Korea Advanced Institute of Science and Technology (KAIST),Chemical and Biomolecular Engineering Student,education,Education,Student,current_education,The latest reviewed destination is an active student affiliation.,2025,2029,,https://kr.linkedin.com/in/galymzhnb,1,verified,His self-authored LinkedIn profile identifies him as a two-time International Biology Olympiad bronze medalist and a 2025-2029 KAIST undergraduate planning to major in chemical and biomolecular engineering.
kaz-be04ddfb5a42,Islam Amangeldi,Islam Amangeldi,IBO,2023,2023,2023,Bronze,recent_competitor,probable,1.0,verified,https://kz.linkedin.com/in/islam-amangeldi-10932336b,https://kz.linkedin.com/in/islam-amangeldi-10932336b,Turan University,University Student,education,Education,Student,current_education,The latest reviewed destination is an active student affiliation.,2024,,,https://kz.linkedin.com/in/islam-amangeldi-10932336b;https://www.ibo-info.org/files/downloads/results-reports/results/IBO2023.pdf,2,verified,"The exact-name profile lists current Turan University education beginning in 2024, immediately after reports identifying Kazakhstan's 2023 IBO bronze medalist Islam Amangeldi as a Galaxy grade-12 student and the 2024 national biology scoreboard records the same reversed name. The chronology and rare exact name support the match, but the profile does not explicitly mention the Olympiad."
kaz-861bd0bfc9f2,Bekbolat Mamyrbekov,Mamyrbekov Bekbolat,IChO,2023,2023,2023,Bronze,recent_competitor,probable,1.0,verified,https://cmcm.ibs.re.kr/cmcm/?MM=02&SM=01,,Ulsan National Institute of Science and Technology (UNIST),Undergraduate Student,education,Education,Student,current_education,The latest reviewed destination is an active student affiliation.,,,,https://cmcm.ibs.re.kr/cmcm/?MM=02&SM=01;https://www.icho-official.org/results/country_info.php?country=Kazakhstan,2,verified,The Institute for Basic Science's current UNIST roster lists the rare exact-name Bekbolat Mamyrbekov as an undergraduate student and a 2026 materials paper independently gives him a UNIST affiliation; no source explicitly joins those records to the official 2023 IChO entrant.
kaz-ec0591e8ac95,Mansur Mamadakhunov,Mansur Mamadakhunov,IOI,2023;2025,2023,2025,Honourable Mention;Silver,recent_competitor,confirmed,1.0,verified,https://kbtu.edu.kz/en/events/5144-kbtu-open-spring-2026-eng,,Bilim-Innovation Lyceums (BIL),High School Student,education,Education,Student,current_education,The latest reviewed destination is an active student affiliation.,,,,https://kbtu.edu.kz/en/events/5144-kbtu-open-spring-2026-eng;https://stats.ioinformatics.org/people/8082,2,verified,"The official IOI registry identifies Mansur Mamadakhunov as Kazakhstan's 2023 and 2025 contestant and a 2026 team member; KBTU's 2026 programming-championship report independently identifies the exact-name student on a BIL team, while his active Codeforces profile names Qyzylorda Bilim-Innovation."
kaz-c8b296e6cadb,Margulan Sharel,Margulan Sharel,IMO,2023;2024;2025;2026,2023,2026,Bronze medal;Silver medal,recent_competitor,probable,1.0,verified,https://www.linkedin.com/posts/spectrum-international-school_huge-congratulations-to-our-student-margulan-activity-7445314253726830592-wCy6,,Imperial College London,Incoming Undergraduate Student,education,Education,Student,current_education,The latest reviewed destination is an active student affiliation.,2026,,,https://www.imo-official.org/results/contestant/34044/;https://www.linkedin.com/posts/spectrum-international-school_huge-congratulations-to-our-student-margulan-activity-7445314253726830592-wCy6,2,verified,Spectrum International School states that its rare exact-name mathematics student secured a place at Imperial College London; official IMO records identify Kazakhstan's 2023-2026 medalist but no single source explicitly joins the admission to the IMO record.
kaz-8ba9adfc1870,Nazar Serazitdinov,Nazar Serazitdinov,IOI,2023;2024,2023,2024,Bronze;Silver,recent_competitor,confirmed,1.0,verified,https://www.globtalent.org/gtf-big-talent-scholars-bios/nazar-serazitdinov,https://kz.linkedin.com/in/nazar-serazitdinov-2030a229b,University of Oxford,Computer Science Student,education,Education,Student,current_education,The latest reviewed destination is an active student affiliation.,2025,2029,,https://kz.linkedin.com/in/nazar-serazitdinov-2030a229b;https://www.globtalent.org/gtf-big-talent-scholars-bios/nazar-serazitdinov,2,verified,The Global Talent Fund biography explicitly joins his 2023 IOI bronze and 2024 IOI silver medals to Haileybury Almaty and computer science at Oxford; the official IOI record and exact-name profile independently corroborate the same path
kaz-7461ed3854c5,Nursagatov Margulan,Margulan Nursagatov;Nursagatov Margulan,IPhO,2023;2024,2023,2024,Silver Medal,recent_competitor,confirmed,1.0,verified,https://baq.kz/qazaqstanda-daryndy-oqushylarga-55-mln-tenge-beriletin-boldy-200000514/,,Moscow Institute of Physics and Technology (MIPT),Undergraduate Student,education,Education,Student,current_education,The latest reviewed destination is an active student affiliation.,2024,,,https://baq.kz/qazaqstanda-daryndy-oqushylarga-55-mln-tenge-beriletin-boldy-200000514/;https://ipho-unofficial.org/countries/KAZ/individual,2,verified,"The official IPhO registry records Kazakhstan's 2023 and 2024 silver medalist. A November 2024 education-ministry roster names Margulan Nursagatov as that IPhO medalist and explicitly identifies him as a first-year MIPT student, directly joining the Olympiad and university records."
kaz-8db1b6d8afd7,Raiymbek Baishuak,Raiymbek Baishuak,IMO,2023,2023,2023,Silver medal,recent_competitor,confirmed,1.0,verified,https://linkedin.com/in/raiymbek-baishuak-6a1892245,https://linkedin.com/in/raiymbek-baishuak-6a1892245,Hong Kong University of Science and Technology (HKUST),Computer Science Student,education,Education,Student,current_education,The latest reviewed destination is an active student affiliation.,2023,,,https://linkedin.com/in/raiymbek-baishuak-6a1892245,1,verified,His self-authored profile explicitly lists the July 2023 IMO silver medal and a computer-science degree at HKUST beginning that year; Kazakhstan's official IMO record independently confirms the exact name year and medal
kaz-166b996bb739,Rinat Ilyussizov,Rinat Ilyussizov,IChO,2023;2024,2023,2024,Gold;Silver,recent_competitor,confirmed,1.0,verified,https://linkedin.com/in/rinat-ilyussizov-4b1b9b290,https://linkedin.com/in/rinat-ilyussizov-4b1b9b290,Purdue University,Undergraduate Research Fellow,employment,Academia,Research & Academia,latest_employment,One reviewed latest employment or organizational role is used as the destination.,,,,https://linkedin.com/in/rinat-ilyussizov-4b1b9b290,1,verified,His self-authored profile explicitly lists the 2023 IChO silver and 2024 IChO gold medals and identifies a current undergraduate research fellowship at Purdue; the official Kazakhstan results independently confirm the exact name years and awards
kaz-e684e28ea593,Vladimir Rogovskiy,Vladimir Rogovskiy,IMO,2023;2024,2023,2024,Bronze medal,recent_competitor,confirmed,1.0,verified,https://www.globtalent.org/gtf-big-talent-scholars-bios/vladimir-rogovskiy,,École Polytechnique,Mathematics Student,education,Education,Student,current_education,The latest reviewed destination is an active student affiliation.,2025,,,https://www.globtalent.org/gtf-big-talent-scholars-bios/vladimir-rogovskiy,1,verified,The Global Talent Fund biography explicitly identifies Vladimir Rogovskiy as Kazakhstan's 2023 and 2024 IMO bronze medalist and a mathematics student at École Polytechnique.
kaz-9bdeb2eedd97,Zhan Dautov,Zhan Dautov,IMO,2023;2024,2023,2024,Bronze medal,recent_competitor,confirmed,1.0,verified,https://www.linkedin.com/in/zhan-dautov-799921295,https://www.linkedin.com/in/zhan-dautov-799921295,Korea Advanced Institute of Science and Technology (KAIST),Undergraduate Student,education,Education,Student,current_education,The latest reviewed destination is an active student affiliation.,2024,2028,,https://www.imo-official.org/results/individual/country/KAZ/;https://www.linkedin.com/in/zhan-dautov-799921295,2,verified,"Zhan Dautov's exact-name public profile explicitly lists his 2023 and 2024 IMO bronze medals and a 2024-2028 KAIST education; the official IMO country record independently confirms the same name, years, and awards."
kaz-00a1687b2b23,Abylay Kabdulkhadyr,Abylay Kabdulkhadyr,IChO,2024;2025,2024,2025,Gold;Silver,recent_competitor,confirmed,1.0,verified,https://www.linkedin.com/in/lonelylull/,https://www.linkedin.com/in/lonelylull/,Korea Advanced Institute of Science and Technology (KAIST),"Undergraduate Student, Chemistry",education,Education,Student,current_education,The latest reviewed destination is an active student affiliation.,2025,,,https://www.icho-official.org/results/country_info.php?country=Kazakhstan;https://www.linkedin.com/in/lonelylull/,2,verified,His self-authored LinkedIn profile explicitly lists the 2024 IChO silver and 2025 IChO gold medals together with an ongoing KAIST undergraduate chemistry program beginning in August 2025; the official IChO record independently confirms the awards.; Destination review: The accepted profile lists an ongoing undergraduate chemistry program at KAIST beginning in August 2025.
kaz-275559ab7cdd,Akhmet Issa,Akhmet Issa,IOI,2024,2024,2024,Bronze,recent_competitor,confirmed,1.0,verified,https://www.cs.cmu.edu/~yangp/icpc/20260202ECFinal.pdf,https://hk.linkedin.com/in/akhmetissa7,University of Hong Kong,Undergraduate Student,education,Education,Student,current_education,The latest reviewed destination is an active student affiliation.,,,,https://hk.linkedin.com/in/akhmetissa7;https://www.cs.cmu.edu/~yangp/icpc/20260202ECFinal.pdf,2,verified,His self-authored LinkedIn profile explicitly states that he represented Kazakhstan and won an IOI bronze medal; 2026 collegiate programming results independently list Akhmet Issa on a University of Hong Kong team.
kaz-449a09030208,Amina Tynarbay,Amina Tynarbay,IBO,2024,2024,2024,Bronze,recent_competitor,probable,1.0,verified,https://www.researchgate.net/institution/Nazarbayev-University/members/77,,Nazarbayev University,Biology Student,education,Education,Student,current_education,The latest reviewed destination is an active student affiliation.,,,,https://synapse.kz/;https://www.researchgate.net/institution/Nazarbayev-University/members/77,2,verified,Synapse explicitly identifies Amina Tynarbay as Kazakhstan's 2024 IBO bronze medalist while Nazarbayev University's ResearchGate member index lists the same rare exact name in biology; no source explicitly joins the two records.
kaz-6bd1daf828d9,Amir Pshenbayev,Amir Pshenbayev;Pshenvayev Amir,IPhO,2024;2025,2024,2025,Bronze Medal;Silver Medal,recent_competitor,confirmed,1.0,verified,https://www.globtalent.org/gtf-big-talent-scholars-bios/amir-pshenbayev,https://kz.linkedin.com/in/amir-pshenbayev-6a412b206,Imperial College London,Physics Student,education,Education,Student,current_education,The latest reviewed destination is an active student affiliation.,2025,,,https://kz.linkedin.com/in/amir-pshenbayev-6a412b206;https://www.globtalent.org/gtf-big-talent-scholars-bios/amir-pshenbayev,2,verified,The Global Talent Fund biography explicitly identifies Amir Pshenbayev as Kazakhstan's 2024 and 2025 IPhO medalist and a physics student at Imperial College London.
kaz-1a21d28a2426,Amirlan Amanzholov,Amirlan Amanzholov,IMO,2024;2025;2026,2024,2026,Bronze medal;Silver medal,recent_competitor,confirmed,1.0,verified,https://kz.linkedin.com/in/amirlan-amanzholov-482536305,https://kz.linkedin.com/in/amirlan-amanzholov-482536305,Beyond Curriculum PF,Project Manager,employment,Academia,Leadership,latest_employment,One reviewed latest employment or organizational role is used as the destination.,2026,,,https://kz.linkedin.com/in/amirlan-amanzholov-482536305,1,verified,"His self-authored Kazakhstan profile explicitly labels him an IMO medalist, lists the 2025 silver medal, and identifies his current Beyond Curriculum project-management role; the official IMO record independently confirms the exact name and Kazakhstan appearances"
kaz-4fe09b624ebf,Artur Kim,Artur Kim;Kim Artur,IPhO,2024;2025,2024,2025,Bronze Medal;Silver Medal,recent_competitor,confirmed,1.0,verified,https://linkedin.com/in/artur-kim-983558282,https://linkedin.com/in/artur-kim-983558282,Nanyang Technological University (NTU),Computer Science Student,education,Education,Student,current_education,The latest reviewed destination is an active student affiliation.,2025,2029,,https://linkedin.com/in/artur-kim-983558282,1,verified,His self-authored profile explicitly lists the 2024 IPhO silver and 2025 IPhO bronze medals and a 2025-2029 NTU computer-science degree; the official Kazakhstan record independently confirms the exact name years and awards
kaz-c5f47f6f2526,Dias Suleimenov,Dias Suleimenov,IBO,2024,2024,2024,Bronze,recent_competitor,confirmed,1.0,verified,https://linkedin.com/in/dias-suleimenov-23888828b,https://linkedin.com/in/dias-suleimenov-23888828b,Hong Kong University of Science and Technology (HKUST),Mathematics Student,education,Education,Student,current_education,The latest reviewed destination is an active student affiliation.,2024,2028,,https://linkedin.com/in/dias-suleimenov-23888828b,1,verified,His self-authored profile explicitly lists the 2024 International Biology Olympiad bronze medal and a 2024-2028 mathematics degree at HKUST; the official Kazakhstan IBO record independently confirms the exact name year and award
kaz-8263929a366c,Dinmukhamed Yegeubayev,Dinmukhamed Yegeubayev,IMO,2024,2024,2024,Honourable mention,recent_competitor,probable,1.0,verified,https://www.math.aau.at/OeMO/Ergebnisse/GWF/west/2026,,St. Gilgen International School,High School Student,education,Education,Student,current_education,The latest reviewed destination is an active student affiliation.,,,,https://www.imo-official.org/participant_r.aspx?id=35504;https://www.math.aau.at/OeMO/Ergebnisse/GWF/west/2026,2,verified,Austria's official 2026 Mathematics Olympiad results list the rare exact-name Dinmukhamed Yegeubayev as a grade-12 St. Gilgen student after the official IMO record identifies Kazakhstan's 2024 contestant; no source explicitly joins the records.
kaz-33b90013745b,Iliyas Kazymbek,Iliyas Kazymbek;Ilyas Kazymbek;Kazymbek Iliyas,IPhO,2024;2026,2024,2026,Bronze Medal;Gold Medal,recent_competitor,confirmed,1.0,verified,https://kz.linkedin.com/in/iliyas-kazymbek-77237a286,https://kz.linkedin.com/in/iliyas-kazymbek-77237a286,Spectrum International School,High School Student,education,Education,Student,current_education,The latest reviewed destination is an active student affiliation.,2025,2027,,https://ipho-unofficial.org/countries/KAZ/individual;https://kz.linkedin.com/in/iliyas-kazymbek-77237a286,2,verified,His exact-name self-authored profile identifies him as a high-school student and explicitly lists his IPhO bronze medal together with 2025-2027 Spectrum International School education; the official IPhO registry independently confirms his 2024 bronze and 2026 gold medals for Kazakhstan.
kaz-79f187c010c6,Kirill Kim,Kim Kirill;Kirill Kim,IChO,2024;2025,2024,2025,Gold,recent_competitor,confirmed,1.0,verified,https://linkedin.com/in/kirill-kim-4bb3a8346,https://linkedin.com/in/kirill-kim-4bb3a8346,Massachusetts Institute of Technology (MIT),Undergraduate Student,education,Education,Student,current_education,The latest reviewed destination is an active student affiliation.,2025,2029,,https://linkedin.com/in/kirill-kim-4bb3a8346,1,verified,His self-authored profile explicitly lists gold medals at the 2024 and 2025 International Chemistry Olympiads and a 2025-2029 MIT education; the official Kazakhstan results independently confirm the exact name years and awards
kaz-b32bd2df1cfe,Mansur Taimas,Mansur Taimas,IOI,2024,2024,2024,Silver,recent_competitor,confirmed,1.0,verified,https://linkedin.com/in/mansur-taimas,https://linkedin.com/in/mansur-taimas,Korea Advanced Institute of Science and Technology (KAIST),Computer Science and Mathematics Student,education,Education,Student,current_education,The latest reviewed destination is an active student affiliation.,2024,2028,,https://linkedin.com/in/mansur-taimas,1,verified,His self-authored profile explicitly lists the 2024 IOI silver medal and a 2024-2028 KAIST computer-science and mathematics degree; the official IOI record independently confirms the exact name year and award
kaz-618279226751,Maxim Tsoy,Maksim Tsoy;Maxim Tsoy,IOI,2024;2025,2024,2025,Silver,recent_competitor,unmatched,,,,,,,,Unknown,Other,none,No reviewed destination is available.,,,,,0,,
kaz-a93521357d27,Adilzhan Moldagul,Moldagul Adilzhan,IChO,2024,2024,2024,Bronze,recent_competitor,probable,1.0,verified,https://www.linkedin.com/company/gettoijso,,Ulsan National Institute of Science and Technology (UNIST),Student,education,Education,Student,current_education,The latest reviewed destination is an active student affiliation.,,,,https://www.icho-official.org/results/country_info.php?country=Kazakhstan;https://www.linkedin.com/company/gettoijso,2,verified,The GETTOIJSO coaching-team post names Adilzhan Moldagul with a current UNIST affiliation while official chemistry records establish that Adilzhan Moldagul and Moldagul Adilzhan are the same Kazakhstan competitor; no personal profile explicitly joins the two records.
kaz-578a8517b344,Nurtore Torekhanuly,Nurtore Torekhanuly,IBO,2024,2024,2024,Bronze,recent_competitor,confirmed,1.0,verified,https://synapse.kz/,,Asfendiyarov Kazakh National Medical University,Medical Student,education,Education,Student,current_education,The latest reviewed destination is an active student affiliation.,2024,,,https://scoreboard.bc-pf.org/en/results/biology/international_biology_olympiad/2024;https://synapse.kz/,2,verified,"Synapse's current team page identifies Nurtore Torekhanuly as both an IBO 2024 bronze medalist and a KazNMU student, directly joining the exact-name Olympiad and current education records; the audited IBO scoreboard independently confirms his result."
kaz-dd3a643dd7b7,Aiganym Baltashova,Aiganym Baltashova,IBO,2025,2025,2025,Bronze,recent_competitor,confirmed,1.0,verified,https://linkedin.com/in/aiganym-baltashova,https://linkedin.com/in/aiganym-baltashova,Massachusetts Institute of Technology (MIT),Incoming Transfer Student,education,Education,Student,current_education,The latest reviewed destination is an active student affiliation.,,,,https://linkedin.com/in/aiganym-baltashova,1,verified,Her self-authored profile explicitly lists the July 2025 International Biology Olympiad bronze medal and identifies her as an incoming MIT transfer; the official Kazakhstan IBO record independently confirms the exact name year and award
kaz-822bb4ee42e0,Akezhan Askar,Akezhan Askar;Akzhan Askar,IOI,2025,2025,2025,Silver,recent_competitor,unmatched,,,,,,,,Unknown,Other,none,No reviewed destination is available.,,,,,0,,
kaz-a916225fee26,Alikhan Ashirkhanov,Alikhan Ashirkhanov,IBO,2025;2026,2025,2026,Bronze;Silver,recent_competitor,confirmed,1.0,verified,https://qazinform.com/news/kazakhstans-young-biologists-win-4-medals-at-ibo-2026-df82a7,,Bilim-Innovation Lyceums (BIL),High School Student,education,Education,Student,current_education,The latest reviewed destination is an active student affiliation.,,2028,,https://qazinform.com/news/kazakhstans-young-biologists-win-4-medals-at-ibo-2026-df82a7;https://www.ibo-info.org/files/downloads/results-reports/results/IBO_2026_Individual_Results_Final.pdf,2,verified,Qazinform's Ministry of Education report identifies Alikhan Ashirkhanov as a ninth-grade Almaty Bilim-Innovation boarding-lyceum student on Kazakhstan's medal-winning 2026 IBO team; the official IBO result independently confirms his silver medal.
kaz-64e130a742d3,Amir Sakhipov,Amir Sakhipov,IMO,2025,2025,2025,Silver medal,recent_competitor,confirmed,1.0,verified,https://hk.linkedin.com/in/amir-sakhipov-91a8893a2,https://hk.linkedin.com/in/amir-sakhipov-91a8893a2,Hong Kong University of Science and Technology (HKUST),Undergraduate Student,education,Education,Student,current_education,The latest reviewed destination is an active student affiliation.,2025,2029,,https://hk.linkedin.com/in/amir-sakhipov-91a8893a2,1,verified,His self-authored LinkedIn profile explicitly lists the 2025 IMO silver medal and a 2025-2029 HKUST education.
kaz-b695dee1b41c,Amirbek Azatbekov,Amirbek Azatbekov,IPhO,2025;2026,2025,2026,Gold Medal;Silver Medal,recent_competitor,confirmed,1.0,verified,https://www.linkedin.com/in/amirbek-azatbekov-34b313386/,https://www.linkedin.com/in/amirbek-azatbekov-34b313386/,California Institute of Technology (Caltech),"Undergraduate Student, Mathematics",education,Education,Student,current_education,The latest reviewed destination is an active student affiliation.,2026,2030,,https://ipho-unofficial.org/countries/KAZ/individual;https://www.linkedin.com/in/amirbek-azatbekov-34b313386/,2,verified,His self-authored exact-name profile lists a 2026-2030 Caltech Bachelor of Science in Mathematics together with the 2025 IPhO silver and 2026 IPhO gold medals; the official country record independently confirms both Kazakhstan IPhO results.; Destination review: The accepted profile lists a 2026-2030 Bachelor of Science in Mathematics at Caltech and identifies Amirbek as Math at Caltech '30.
kaz-7dd0181a5ee2,Ansar Zhaksylykov,Ansar Zhaksylykov,IChO,2025;2026,2025,2026,Silver;Silver medal,recent_competitor,confirmed,1.0,verified,https://www.gov.kz/memleket/entities/edu/press/news/details/1260137,,Spectrum International School,High School Student,education,Education,Student,current_education,The latest reviewed destination is an active student affiliation.,,2026,,https://www.gov.kz/memleket/entities/edu/press/news/details/1260137;https://www.icho-official.org/results/country_info.php?country=Kazakhstan,2,verified,The Kazakhstan Ministry of Education identifies Ansar Zhaksylykov as an 11th-grade Spectrum International School student in Astana and a 2026 IChO silver medalist; the official IChO registry independently confirms his 2025 and 2026 silver medals.
kaz-a4eaedad760e,Batyr Yerzhanuly,Batyr Yerzhanuly,IBO,2025,2025,2025,Bronze,recent_competitor,unmatched,,,,,,,,Unknown,Other,none,No reviewed destination is available.,,,,,0,,
kaz-d2813a8e7e70,Bekassyl Yelubay,Bekassyl Yelubay,IPhO,2025,2025,2025,Silver Medal,recent_competitor,confirmed,1.0,verified,https://nu.edu.kz/news-kk/memleket-basshysy-nu-dyng-toert-stwdentin-zhetistikterimen-quttyqtady-2/,,Nazarbayev University,"Undergraduate Student, School of Sciences and Humanities",education,Education,Student,current_education,The latest reviewed destination is an active student affiliation.,2025,,,https://ipho-unofficial.org/countries/KAZ/individual;https://nu.edu.kz/news-kk/memleket-basshysy-nu-dyng-toert-stwdentin-zhetistikterimen-quttyqtady-2/,2,verified,The IPhO registry and NIS identify Bekassyl Yelubay as Kazakhstan's 2025 silver medalist; Nazarbayev University's official August 2025 report identifies the same exact-name medalist as one of its students beginning study in the School of Sciences and Humanities.
kaz-2d51fec0f8cd,Dauzhan Beketov,Dauzhan Beketov,IOI,2025,2025,2025,Bronze,recent_competitor,confirmed,1.0,verified,https://tengrinews.kz/kazakhstan_news/kaspikz-podderjivaet-sbornuyu-kazahstana-ii-gotovyat-604440/,,Specialized Lyceum No. 165,High School Student,education,Education,Student,current_education,The latest reviewed destination is an active student affiliation.,,,,https://stats.ioinformatics.org/people/8685;https://tengrinews.kz/kazakhstan_news/kaspikz-podderjivaet-sbornuyu-kazahstana-ii-gotovyat-604440/,2,verified,A current 2026 national-team report names Dauzhan Beketov among the schoolchildren in selection and identifies him with Almaty's 165 Gymnasium; the official IOI registry independently confirms his exact-name 2025 bronze medal for Kazakhstan.
kaz-92adb8a08f0e,Nurgul Yegenbergenova,Nurgul Yegenbergenova,IPhO,2025;2026,2025,2026,Bronze Medal;Gold Medal,recent_competitor,confirmed,1.0,verified,https://nurorda.edu.kz/en/about/media/news/slug-6ew3h0Z5g6YuO57YLLcEMjVYpFxgCABj,https://linkedin.com/in/nurgul-yegenbergenova-395548347,Massachusetts Institute of Technology (MIT),Incoming Undergraduate Student,education,Education,Student,current_education,The latest reviewed destination is an active student affiliation.,2026,2030,,https://ipho-unofficial.org/countries/KAZ/individual;https://linkedin.com/in/nurgul-yegenbergenova-395548347;https://nurorda.edu.kz/en/about/media/news/slug-6ew3h0Z5g6YuO57YLLcEMjVYpFxgCABj,3,verified,"NURORDA's official news identifies its exact-name physics achiever as admitted to MIT, while the official IPhO record supplies her 2025 bronze and historic 2026 gold medals and her profile independently states MIT 2030 and NURORDA 2026"
kaz-eebfbe6a6de9,Yenlik Bakytbekova,Enlik Bakytbekova;Yenlik Bakytbekova,IChO,2025,2025,2025,Silver,recent_competitor,confirmed,1.0,verified,https://schools.nis.edu.kz/ru/school/nzm-almaty-nauryzbay/news/1899,,University of Cambridge,Incoming Undergraduate Student,education,Education,Student,current_education,The latest reviewed destination is an active student affiliation.,2026,,,https://schools.nis.edu.kz/ru/school/nzm-almaty-nauryzbay/news/1899;https://www.icho-official.org/results/country_info.php?country=Kazakhstan,2,verified,The official IChO registry records Yenlik Bakytbekova as Kazakhstan's 2025 silver medalist and NIS Almaty-Nauryzbay identifies the same graduate as the recipient of a full University of Cambridge undergraduate scholarship.
kaz-f63c5a4ed4de,Yerassyl Altynbek,Yerassyl Altynbek,IMO,2025;2026,2025,2026,Bronze medal,recent_competitor,confirmed,1.0,verified,https://www.gov.kz/memleket/entities/edu/press/news/details/1210415,,Nurorda School-Lyceum,High School Student,education,Education,Student,current_education,The latest reviewed destination is an active student affiliation.,,2026,,https://www.gov.kz/memleket/entities/edu/press/news/details/1210415;https://www.imo-official.org/results/contestant/35205/,2,verified,The Kazakhstan Ministry of Education identifies Yerassyl Altynbek as an 11th-grade Nurorda student in Almaty in April 2026; the official IMO contestant record independently confirms his exact-name 2025 and 2026 bronze medals for Kazakhstan.
kaz-ce04be5e3d55,Yerkanat Kengshilik,Yerkanat Kengshilik,IMO,2025,2025,2025,Bronze medal,recent_competitor,confirmed,1.0,verified,https://ssh.nu.edu.kz/news/tpost/ysjink6u01-republican-mathematical-olympiad-2026-he,,Nazarbayev University,University Student,education,Education,Student,current_education,The latest reviewed destination is an active student affiliation.,,,,https://ssh.nu.edu.kz/news/tpost/ysjink6u01-republican-mathematical-olympiad-2026-he;https://www.imo-official.org/results/contestant/35206/,2,verified,Nazarbayev University's April 2026 report names Yerkanat Kengshilik among its students in the university mathematics olympiad results; the official IMO contestant record independently confirms his exact-name 2025 bronze medal for Kazakhstan.
kaz-532ae28f1d07,Yersultan Kairken,Yersultan Kairken;Yersultan Kaiyrken,IBO,2025;2026,2025,2026,Bronze;Silver,recent_competitor,confirmed,1.0,verified,https://qazinform.com/news/kazakhstans-young-biologists-win-4-medals-at-ibo-2026-df82a7,,Bilim-Innovation Lyceums (BIL),High School Student,education,Education,Student,current_education,The latest reviewed destination is an active student affiliation.,,2026,,https://qazinform.com/news/kazakhstans-young-biologists-win-4-medals-at-ibo-2026-df82a7;https://www.ibo-info.org/files/downloads/results-reports/results/IBO_2026_Individual_Results_Final.pdf,2,verified,Qazinform's Ministry of Education report identifies Yersultan Kaiyrken as an 11th-grade Pavlodar-region Bilim-Innovation boarding-lyceum student on Kazakhstan's medal-winning 2026 IBO team; the official IBO result confirms the Kairken spelling and silver medal.
kaz-0a21069b5b5d,Abilmansur Kali,Abilmansur Kali,IChO,2026,2026,2026,Silver medal,recent_competitor,confirmed,1.0,verified,https://www.gov.kz/memleket/entities/edu/press/news/details/1260137,,Nazarbayev Intellectual Schools (NIS),High School Student,education,Education,Student,current_education,The latest reviewed destination is an active student affiliation.,,2026,,https://www.gov.kz/memleket/entities/edu/press/news/details/1260137;https://www.icho-official.org/results/country_info.php?country=Kazakhstan,2,verified,The Kazakhstan Ministry of Education identifies Abilmansur Kali as an 11th-grade NIS Astana-Nura student and a 2026 IChO silver medalist; the official IChO registry independently confirms the exact-name Kazakhstan award.
kaz-d0f8031edfa1,Aizere Zhengiskhanova,Aizere Zhengiskhanova;Aizere Zheniskhanova,IChO,2026,2026,2026,Gold medal,recent_competitor,confirmed,1.0,verified,https://www.nis.edu.kz/ru/news/icho-2026-nis-oqusylary-altyn-zane-kumis-medal-ensiledi,,Nazarbayev Intellectual Schools (NIS),High School Student,education,Education,Student,current_education,The latest reviewed destination is an active student affiliation.,,,,https://www.icho-official.org/results/country_info.php?country=Kazakhstan;https://www.nis.edu.kz/ru/news/icho-2026-nis-oqusylary-altyn-zane-kumis-medal-ensiledi,2,verified,The official NIS article identifies Aizere Zhengiskhanova as its Ust-Kamenogorsk student and Kazakhstan's 2026 IChO gold medalist; the official IChO registry independently confirms the exact-name award.
kaz-796f13ed0022,Ali Yerkebulanuly,Ali Yerkebulanuly,IMO,2026,2026,2026,Silver medal,recent_competitor,confirmed,1.0,verified,https://www.gov.kz/memleket/entities/edu/press/news/details/1261409,,Nurorda School-Lyceum,High School Student,education,Education,Student,current_education,The latest reviewed destination is an active student affiliation.,,2026,,https://www.gov.kz/memleket/entities/edu/press/news/details/1261409;https://www.imo-official.org/results/contestant/36187/,2,verified,The Kazakhstan Ministry of Education identifies Ali Yerkebulanuly as an 11th-grade Nurorda School-Lyceum student in Almaty and a 2026 IMO silver medalist; the official IMO contestant record independently confirms the exact-name Kazakhstan award.
kaz-81ce5fa84827,Batyrkhan Beiganov,Batyrkhan Beiganov,IMO,2026,2026,2026,Silver medal,recent_competitor,confirmed,1.0,verified,https://www.gov.kz/memleket/entities/edu/press/news/details/1261409,,Republican Physics and Mathematics School (RFMS),High School Student,education,Education,Student,current_education,The latest reviewed destination is an active student affiliation.,,2027,,https://www.gov.kz/memleket/entities/edu/press/news/details/1261409;https://www.imo-official.org/results/contestant/36189/,2,verified,The Kazakhstan Ministry of Education identifies Batyrkhan Beiganov as a tenth-grade RFMS student and a 2026 IMO silver medalist; the official IMO contestant record independently confirms the exact-name Kazakhstan award.
kaz-e9cd35b41255,Damir Kurman,Damir Kurman;Damir Kurmanov,IPhO,2026,2026,2026,Gold Medal,recent_competitor,confirmed,1.0,verified,https://trz.nis.edu.kz/en/school/nzm-astana-nura/news/2406,https://kz.linkedin.com/in/damir-kurman-7570372ab,Nazarbayev Intellectual Schools (NIS),High School Student,education,Education,Student,current_education,The latest reviewed destination is an active student affiliation.,2021,2026,,https://ipho-unofficial.org/countries/KAZ/individual;https://kz.linkedin.com/in/damir-kurman-7570372ab;https://trz.nis.edu.kz/en/school/nzm-astana-nura/news/2406,3,verified,NIS Astana-Nura identifies Damir Kurman as its grade-11 student and a 2026 IPhO gold medalist; his exact-name self-authored profile independently lists 2021-2026 NIS education and the official IPhO registry confirms the Kazakhstan award.
kaz-8e557ae5dc19,Danil Poletayev,Danil Poletayev,IChO,2026,2026,2026,Silver medal,recent_competitor,confirmed,1.0,verified,https://www.gov.kz/memleket/entities/edu/press/news/details/1260137,,Lyceum No. 134,High School Student,education,Education,Student,current_education,The latest reviewed destination is an active student affiliation.,,2026,,https://www.gov.kz/memleket/entities/edu/press/news/details/1260137;https://www.icho-official.org/results/country_info.php?country=Kazakhstan,2,verified,The Kazakhstan Ministry of Education identifies Danil Poletayev as an 11th-grade Lyceum No. 134 student in Almaty and a 2026 IChO silver medalist; the official IChO registry independently confirms the exact-name Kazakhstan award.
kaz-5529282c441f,Roman Cheremnov,Roman Cheremnov,IPhO,2026,2026,2026,Gold Medal,recent_competitor,confirmed,1.0,verified,https://kz.linkedin.com/in/roman-cheremnov-a02b8a341,https://kz.linkedin.com/in/roman-cheremnov-a02b8a341,Astana/Almaty Physics Battles Tournament,Head of Department,employment,Academia,Leadership,latest_employment,One reviewed latest employment or organizational role is used as the destination.,2025,,,https://kz.linkedin.com/in/roman-cheremnov-a02b8a341;https://sdu.edu.kz/en/sdu-university-professor-led-kazakhstans-historic-victory-at-the-international-physics-olympiad/,2,verified,"SDU's official report names Roman Cheremnov among Kazakhstan's 2026 IPhO gold medalists; his exact-name Miras profile documents Kazakhstan national and international physics awards and a current Physics Battles leadership role, forming a specific identity bridge"
kaz-330d52d38c3b,Sofya Zheltova,Sofya Zheltova,IBO,2026,2026,2026,Silver,recent_competitor,confirmed,1.0,verified,https://qazinform.com/news/kazakhstans-young-biologists-win-4-medals-at-ibo-2026-df82a7,,Nazarbayev Intellectual Schools (NIS),High School Student,education,Education,Student,current_education,The latest reviewed destination is an active student affiliation.,,2026,,https://qazinform.com/news/kazakhstans-young-biologists-win-4-medals-at-ibo-2026-df82a7;https://www.ibo-info.org/files/downloads/results-reports/results/IBO_2026_Individual_Results_Final.pdf,2,verified,Qazinform's Ministry of Education report identifies Sofya Zheltova as an 11th-grade NIS Almaty-Medeu student on Kazakhstan's medal-winning 2026 IBO team; the official IBO result independently confirms her silver medal.
kaz-cc4a2f7877ce,Timur Murat,Timur Murat,IMO,2026,2026,2026,Silver medal,recent_competitor,confirmed,1.0,verified,https://kz.linkedin.com/in/timur-murat-2a1735333,https://kz.linkedin.com/in/timur-murat-2a1735333,,,,Unknown,Other,history_only,"Completed or undated education is retained as alma-mater/history evidence, not as a destination.",,,,https://kz.linkedin.com/in/timur-murat-2a1735333;https://qazinform.com/news/kazakhstan-wins-6-medals-at-imo-330ec7,2,verified,"Qazinform explicitly identifies Haileybury Almaty's Timur Murat as a 2026 IMO silver medalist, while his exact-name profile documents the same 2024-2026 school and a continuous series of international mathematics awards"
kaz-e54a79a0c1b7,Yevgeniya Mezhenina,Yevgeniya Mezhenina,IBO,2026,2026,2026,Bronze,recent_competitor,confirmed,1.0,verified,https://www.nis.edu.kz/ru/news/ibo-2026-nis-oqusylary-alemnin-uzdik-zas-biologtary-qatarynan-korindi,,Nazarbayev Intellectual Schools (NIS),High School Student,education,Education,Student,current_education,The latest reviewed destination is an active student affiliation.,,2027,,https://www.ibo-info.org/files/downloads/results-reports/results/IBO_2026_Individual_Results_Final.pdf;https://www.nis.edu.kz/ru/news/ibo-2026-nis-oqusylary-alemnin-uzdik-zas-biologtary-qatarynan-korindi,2,verified,NIS identifies Yevgeniya Mezhenina as its Karaganda student and Kazakhstan's 2026 IBO bronze medalist; the official IBO result independently confirms the exact-name award.
