participation_id,evidence_id,person_id,canonical_name,recorded_name,olympiad,country,country_code,year,award,rank,score,person_url,source_url,source_type
part-a9b651c5f51aac51,ev-14c77551caec3064,kaz-a916225fee26,Alikhan Ashirkhanov,Alikhan Ashirkhanov,IBO,Kazakhstan,KAZ,2026,Silver,,,,https://www.ibo-info.org/files/downloads/results-reports/results/IBO_2026_Individual_Results_Final.pdf,pdf
part-98b66f40961b1978,ev-226709812be64bed,kaz-330d52d38c3b,Sofya Zheltova,Sofya Zheltova,IBO,Kazakhstan,KAZ,2026,Silver,,,,https://www.ibo-info.org/files/downloads/results-reports/results/IBO_2026_Individual_Results_Final.pdf,pdf
part-06128e87302fe122,ev-4aa39060e4c9e27b,kaz-532ae28f1d07,Yersultan Kairken,Yersultan Kairken,IBO,Kazakhstan,KAZ,2026,Silver,,,,https://www.ibo-info.org/files/downloads/results-reports/results/IBO_2026_Individual_Results_Final.pdf,pdf
part-e6029eca28f9d461,ev-1c949f4c8a149103,kaz-e54a79a0c1b7,Yevgeniya Mezhenina,Yevgeniya Mezhenina,IBO,Kazakhstan,KAZ,2026,Bronze,,,,https://www.ibo-info.org/files/downloads/results-reports/results/IBO_2026_Individual_Results_Final.pdf,pdf
part-f25dc6cb9cf69ac2,ev-20f722addaca96ba,kaz-dd3a643dd7b7,Aiganym Baltashova,Aiganym Baltashova,IBO,Kazakhstan,KAZ,2025,Bronze,105,,,https://www.ibo-info.org/files/downloads/results-reports/results/IBO2025%20Ranking.pdf,pdf
part-4592f6b2741dfbde,ev-50bf919e4b7b9d51,kaz-a916225fee26,Alikhan Ashirkhanov,Alikhan Ashirkhanov,IBO,Kazakhstan,KAZ,2025,Bronze,92,,,https://www.ibo-info.org/files/downloads/results-reports/results/IBO2025%20Ranking.pdf,pdf
part-ce2853725686186b,ev-bca85d6847c687f8,kaz-a4eaedad760e,Batyr Yerzhanuly,Batyr Yerzhanuly,IBO,Kazakhstan,KAZ,2025,Bronze,109,,,https://www.ibo-info.org/files/downloads/results-reports/results/IBO2025%20Ranking.pdf,pdf
part-933464fe9a00434f,ev-81d93e736b2726e8,kaz-532ae28f1d07,Yersultan Kairken,Yersultan Kairken,IBO,Kazakhstan,KAZ,2025,Bronze,100,,,https://www.ibo-info.org/files/downloads/results-reports/results/IBO2025%20Ranking.pdf,pdf
part-d6e698cbe1053e89,ev-499d48824df20b17,kaz-449a09030208,Amina Tynarbay,Amina Tynarbay,IBO,Kazakhstan,KAZ,2024,Bronze,125,104.3,,https://scoreboard.bc-pf.org/en/results/biology/international_biology_olympiad/2024,scoreboard
part-9c942ed7f0177190,ev-daad5c3856f22e48,kaz-213b92028ecf,Galymzhan Baktybai,Baktybai Galymzhan,IBO,Kazakhstan,KAZ,2024,Bronze,90,110.869,,https://scoreboard.bc-pf.org/en/results/biology/international_biology_olympiad/2024,scoreboard
part-6e0b5241c1bf6651,ev-88bc806cd6fadcff,kaz-c5f47f6f2526,Dias Suleimenov,Dias Suleimenov,IBO,Kazakhstan,KAZ,2024,Bronze,97,109.417,,https://scoreboard.bc-pf.org/en/results/biology/international_biology_olympiad/2024,scoreboard
part-8de66ac0922b0998,ev-ae611547bb2932a0,kaz-578a8517b344,Nurtore Torekhanuly,Nurtore Torekhanuly,IBO,Kazakhstan,KAZ,2024,Bronze,122,105.151,,https://scoreboard.bc-pf.org/en/results/biology/international_biology_olympiad/2024,scoreboard
part-b47a46d8050e6619,ev-cf0fd46f1960f3ae,kaz-8309d6e00897,Bakdaulet Yernazarov,Bakdaulet Yernazarov,IBO,Kazakhstan,KAZ,2023,Silver,88,111.207,,https://scoreboard.bc-pf.org/en/results/biology/international_biology_olympiad/2023,scoreboard
part-8663e77571ac6634,ev-e30b5ae25094335e,kaz-213b92028ecf,Galymzhan Baktybai,Galymzhan Baktybay,IBO,Kazakhstan,KAZ,2023,Bronze,176,96.816,,https://scoreboard.bc-pf.org/en/results/biology/international_biology_olympiad/2023,scoreboard
part-7fdd83a209985576,ev-47e373ef14d79659,kaz-be04ddfb5a42,Islam Amangeldi,Islam Amangeldi,IBO,Kazakhstan,KAZ,2023,Bronze,143,101.753,,https://scoreboard.bc-pf.org/en/results/biology/international_biology_olympiad/2023,scoreboard
part-59aaf66d34b4a79a,ev-9430748727b25994,kaz-bdb3a76b4430,Dinmukhammed Omar,Omar Dinmukhammed,IBO,Kazakhstan,KAZ,2023,Silver,55,118.13,,https://scoreboard.bc-pf.org/en/results/biology/international_biology_olympiad/2023,scoreboard
part-5904023b5671e6df,ev-6460cff8564089da,kaz-61c6139b5eb9,Alikhan Zhumagaleyev,Alikhan Zhumagaleyev,IBO,Kazakhstan,KAZ,2022,Silver,48,66.368,,https://scoreboard.bc-pf.org/en/results/biology/international_biology_olympiad/2022,scoreboard
part-5272f8093b065a11,ev-64614dea0c8bdd6d,kaz-8309d6e00897,Bakdaulet Yernazarov,Bakdaulet Yernazarov,IBO,Kazakhstan,KAZ,2022,Bronze,129,48.539,,https://scoreboard.bc-pf.org/en/results/biology/international_biology_olympiad/2022,scoreboard
part-573f81f3136317e4,ev-cce48293c5ef49f3,kaz-bdb3a76b4430,Dinmukhammed Omar,Dinmukhammed Omar,IBO,Kazakhstan,KAZ,2022,Silver,72,60.124,,https://scoreboard.bc-pf.org/en/results/biology/international_biology_olympiad/2022,scoreboard
part-1a8d799e05fdab2e,ev-bf983c0237635b7b,kaz-a07bb87cf2c6,Yerassyl Temirbekov,Yerassyl Temirbekov,IBO,Kazakhstan,KAZ,2022,Silver,45,67.482,,https://scoreboard.bc-pf.org/en/results/biology/international_biology_olympiad/2022,scoreboard
part-10c05b8799c8ec5b,ev-ffab8d6aa24df936,kaz-8309d6e00897,Bakdaulet Yernazarov,Bakdaulet Ernazarov,IBO,Kazakhstan,KAZ,2021,Bronze,91,0,,https://scoreboard.bc-pf.org/en/results/biology/international_biology_olympiad/2021,scoreboard
part-1be6f9a13b1cbbe2,ev-de0d559b32dca202,kaz-4c524655befe,Guldana Abduali,Guldana Abduali,IBO,Kazakhstan,KAZ,2021,Diploma,197,0,,https://scoreboard.bc-pf.org/en/results/biology/international_biology_olympiad/2021,scoreboard
part-16b3334ef902d581,ev-0c76036bb320a0ab,kaz-a07bb87cf2c6,Yerassyl Temirbekov,Yerassyl Temirbekov,IBO,Kazakhstan,KAZ,2021,Silver,81,0,,https://scoreboard.bc-pf.org/en/results/biology/international_biology_olympiad/2021,scoreboard
part-092f8629fd144ed6,ev-5d2c36580364e222,kaz-77d19cd54c33,Yernar Batyrzhanov,Yernar Batyrzhanov,IBO,Kazakhstan,KAZ,2021,Bronze,141,0,,https://scoreboard.bc-pf.org/en/results/biology/international_biology_olympiad/2021,scoreboard
part-bcd7fae5c293b4c2,ev-da7da98b63eec545,kaz-bd7725315da3,Adam Taimanov,Adam Taimanov,IBO,Kazakhstan,KAZ,2020,Bronze,111,0,,https://scoreboard.bc-pf.org/en/results/biology/international_biology_olympiad/2020,scoreboard
part-69531625df20a672,ev-c64de75213ef1d09,kaz-070fb0fd555d,Arman Bissembayev,Arman Bissembayev,IBO,Kazakhstan,KAZ,2020,Diploma,122,0,,https://scoreboard.bc-pf.org/en/results/biology/international_biology_olympiad/2020,scoreboard
part-801ac296c9ca30b3,ev-23ec63cf8a97687a,kaz-279f8d67af01,Yerassyl Muratov,Yerassyl Muratov,IBO,Kazakhstan,KAZ,2020,Diploma,126,0,,https://scoreboard.bc-pf.org/en/results/biology/international_biology_olympiad/2020,scoreboard
part-0f3be3e20e20bf15,ev-df1305fb26d3c6a3,kaz-1f5957f35c2c,Adilet Turtemir,Adlet Turtemir,IBO,Kazakhstan,KAZ,2019,Bronze,105,106.44,,https://scoreboard.bc-pf.org/en/results/biology/international_biology_olympiad/2019,scoreboard
part-ab6c8361380770cf,ev-70e5984510126acf,kaz-95803b7b2c5f,Amanzhol Kuantay,Amanzhol Kuantay,IBO,Kazakhstan,KAZ,2019,Bronze,108,106.37,,https://scoreboard.bc-pf.org/en/results/biology/international_biology_olympiad/2019,scoreboard
part-f980a6f42f47ab0f,ev-b3a693d83623e5f4,kaz-2523ce5463b9,Meiirbek Baimuratov,Meiirbek Baimuratov,IBO,Kazakhstan,KAZ,2019,Bronze,165,96.54,,https://scoreboard.bc-pf.org/en/results/biology/international_biology_olympiad/2019,scoreboard
part-d2539ffe4319645f,ev-a619e543b0daf9e5,kaz-4f8a3959755f,Sanzhar Otey,Sanzhar Otey,IBO,Kazakhstan,KAZ,2019,,212,87.98,,https://scoreboard.bc-pf.org/en/results/biology/international_biology_olympiad/2019,scoreboard
part-c7657771497ff5be,ev-5dfdc05efc7f23a8,kaz-95803b7b2c5f,Amanzhol Kuantay,Amanzhol Kuantay,IBO,Kazakhstan,KAZ,2018,Silver,65,63.61,,https://scoreboard.bc-pf.org/en/results/biology/international_biology_olympiad/2018,scoreboard
part-9fbee5d125fff893,ev-f3f4e7a007ac501a,kaz-f0f8ae850677,Kairat Albakov,Kairat Albakov,IBO,Kazakhstan,KAZ,2018,Silver,69,62.23,,https://scoreboard.bc-pf.org/en/results/biology/international_biology_olympiad/2018,scoreboard
part-7ac41ca425b3debe,ev-4445a7c25f1ac2b7,kaz-01091dcfd107,Selimzhan Chalyshkan,Selimzhan Chalyshkan,IBO,Kazakhstan,KAZ,2018,Bronze,126,51.05,,https://scoreboard.bc-pf.org/en/results/biology/international_biology_olympiad/2018,scoreboard
part-836fab7cc56b1689,ev-d468677fd8ebc334,kaz-1f5957f35c2c,Adilet Turtemir,Turtemir Adilet,IBO,Kazakhstan,KAZ,2018,Bronze,146,45.74,,https://scoreboard.bc-pf.org/en/results/biology/international_biology_olympiad/2018,scoreboard
part-0fb4e2fae85d8b2c,ev-42d37af6593b9e29,kaz-6c98b70e785e,Alisher Nazarbekov,Alisher Nazarbekov,IBO,Kazakhstan,KAZ,2017,Bronze,144,46.65,,https://scoreboard.bc-pf.org/en/results/biology/international_biology_olympiad/2017,scoreboard
part-efb2a7d035539470,ev-c815d9492a813b62,kaz-bb588a7913e2,Daulet Toibazar,Daulet Toibazar,IBO,Kazakhstan,KAZ,2017,Diploma,156,43.28,,https://scoreboard.bc-pf.org/en/results/biology/international_biology_olympiad/2017,scoreboard
part-707daa3ff11e4d8d,ev-be736f1475c354e3,kaz-f0f8ae850677,Kairat Albakov,Kairat Albakov,IBO,Kazakhstan,KAZ,2017,Bronze,130,50.63,,https://scoreboard.bc-pf.org/en/results/biology/international_biology_olympiad/2017,scoreboard
part-15f8222717822e10,ev-3ddf7d85cc5aa164,kaz-c792c9bfcef4,Madi Baltagulov,Madi Baltagulov,IBO,Kazakhstan,KAZ,2017,Bronze,100,56.28,,https://scoreboard.bc-pf.org/en/results/biology/international_biology_olympiad/2017,scoreboard
part-7dfdc0339a63a079,ev-a09399ce835ca8fc,kaz-6c98b70e785e,Alisher Nazarbekov,Alisher Nazarbekov,IBO,Kazakhstan,KAZ,2016,Bronze,102,53.38,,https://scoreboard.bc-pf.org/en/results/biology/international_biology_olympiad/2016,scoreboard
part-34b40b8fbedf14a7,ev-173b5edf3b62cf09,kaz-515339b8d721,Anel Orazgaliyeva,Anel Orazgaliyeva,IBO,Kazakhstan,KAZ,2016,Silver,71,60.55,,https://scoreboard.bc-pf.org/en/results/biology/international_biology_olympiad/2016,scoreboard
part-6593ab8cbfa45c24,ev-eef3bd5faf50dc24,kaz-a55fa73a7d5f,Anna Zavalishina,Anna Zavalishina,IBO,Kazakhstan,KAZ,2016,Bronze,113,51.87,,https://scoreboard.bc-pf.org/en/results/biology/international_biology_olympiad/2016,scoreboard
part-58e0ff423df52ecb,ev-724e4f5d07fd8a79,kaz-f20d8c3abb87,Daniyar Otarbayev,Daniyar Otarbayev,IBO,Kazakhstan,KAZ,2016,Bronze,83,57.03,,https://scoreboard.bc-pf.org/en/results/biology/international_biology_olympiad/2016,scoreboard
part-8c4de26fcb0a8c3c,ev-56a2468092ca51d9,kaz-e0511f92fe0d,Almas Serikov,Almas Serikov,IBO,Kazakhstan,KAZ,2015,Diploma,153,234.57,,https://scoreboard.bc-pf.org/en/results/biology/international_biology_olympiad/2015,scoreboard
part-ff898d6d65953cce,ev-3b92b1e799c2bfd4,kaz-caf5fa5b20bf,Anton Khvan,Anton Khvan,IBO,Kazakhstan,KAZ,2015,Bronze,121,252.73,,https://scoreboard.bc-pf.org/en/results/biology/international_biology_olympiad/2015,scoreboard
part-423318465af3c118,ev-bf3624b23bdb5649,kaz-f20d8c3abb87,Daniyar Otarbayev,Daniyar Otarbayev,IBO,Kazakhstan,KAZ,2015,Diploma,165,227.99,,https://scoreboard.bc-pf.org/en/results/biology/international_biology_olympiad/2015,scoreboard
part-1135c4325a4516c9,ev-2781bb3da09df7af,kaz-633cb9726092,Nurlybek Sulaimanov,Nurlybek Sulaimanov,IBO,Kazakhstan,KAZ,2015,Diploma,160,232.08,,https://scoreboard.bc-pf.org/en/results/biology/international_biology_olympiad/2015,scoreboard
part-bfaee6e66db351a5,ev-d1abda62270551b1,kaz-caf5fa5b20bf,Anton Khvan,Anton Khvan,IBO,Kazakhstan,KAZ,2014,Bronze,134,49.7,,https://scoreboard.bc-pf.org/en/results/biology/international_biology_olympiad/2014,scoreboard
part-853afab3c490a2b0,ev-df881e04acb72362,kaz-61a74e788b9b,Askarbek Orakov,Askarbek Orakov,IBO,Kazakhstan,KAZ,2014,Silver,61,51.3,,https://scoreboard.bc-pf.org/en/results/biology/international_biology_olympiad/2014,scoreboard
part-6060c497d52bad22,ev-9c48168a783508db,kaz-2d9952af7ca2,Khafiz Zhumadil,Khafiz Zhumadil,IBO,Kazakhstan,KAZ,2014,Bronze,117,50.03,,https://scoreboard.bc-pf.org/en/results/biology/international_biology_olympiad/2014,scoreboard
part-9f0ed458c33ce960,ev-59932d06234984ad,kaz-eda797e5a5c1,Roman Kogay,Roman Kogay,IBO,Kazakhstan,KAZ,2014,Bronze,108,50.23,,https://scoreboard.bc-pf.org/en/results/biology/international_biology_olympiad/2014,scoreboard
part-f407a3445057c42f,ev-6f80e96f8f0f0c76,kaz-c056b8e8822d,Aslan Kuan,Aslan Kuan,IBO,Kazakhstan,KAZ,2013,Bronze,110,0.336,,https://scoreboard.bc-pf.org/en/results/biology/international_biology_olympiad/2013,scoreboard
part-6a57db68ac3e027d,ev-5dfef6071896f2d4,kaz-2d9952af7ca2,Khafiz Zhumadil,Khafiz Zhumadil,IBO,Kazakhstan,KAZ,2013,Diploma,164,-0.585,,https://scoreboard.bc-pf.org/en/results/biology/international_biology_olympiad/2013,scoreboard
part-de606f9114049ef8,ev-071ea996f0a58e7a,kaz-6d8ff9e71d31,Nurislam Yeshenkulov,Nurislam Yeshenkulov,IBO,Kazakhstan,KAZ,2013,Silver,35,1.996,,https://scoreboard.bc-pf.org/en/results/biology/international_biology_olympiad/2013,scoreboard
part-842dcf379aef400c,ev-a798776700844d12,kaz-eda797e5a5c1,Roman Kogay,Roman Kogay,IBO,Kazakhstan,KAZ,2013,Diploma,156,-0.351,,https://scoreboard.bc-pf.org/en/results/biology/international_biology_olympiad/2013,scoreboard
part-5f75667cb8d3867d,ev-e9f12fb3bb8fd3b4,kaz-66f479eb4560,Aidos Kuatov,Aidos Kuatov,IBO,Kazakhstan,KAZ,2012,Bronze,132,100.07,,https://scoreboard.bc-pf.org/en/results/biology/international_biology_olympiad/2012,scoreboard
part-1e9cc5d893b03bec,ev-75d9d13cdafce842,kaz-e310964136d0,Azamat Aidanov,Azamat Aidanov,IBO,Kazakhstan,KAZ,2012,Bronze,105,105.03,,https://scoreboard.bc-pf.org/en/results/biology/international_biology_olympiad/2012,scoreboard
part-c96052c4fe8f1776,ev-35061b3a66d155e6,kaz-c056b8e8822d,Aslan Kuan,Kuan Aslan,IBO,Kazakhstan,KAZ,2012,Diploma,160,94.13,,https://scoreboard.bc-pf.org/en/results/biology/international_biology_olympiad/2012,scoreboard
part-39738e0461aef6e1,ev-9114eed5eeda098c,kaz-6d8ff9e71d31,Nurislam Yeshenkulov,Nurislam Yeshenkulov,IBO,Kazakhstan,KAZ,2012,Silver,60,112.68,,https://scoreboard.bc-pf.org/en/results/biology/international_biology_olympiad/2012,scoreboard
part-d6dd1937ed82e833,ev-7003d821a6a40fe1,kaz-bd1a5011816e,Altynay Narmanova,Altynay Narmanova,IBO,Kazakhstan,KAZ,2011,Bronze,125,100.11,,https://scoreboard.bc-pf.org/en/results/biology/international_biology_olympiad/2011,scoreboard
part-70ebede06369b49c,ev-1cea73d0a8ab6ef8,kaz-ce11e3134fa1,Baizak Kudaibergenov,Baizak Kudaibergenov,IBO,Kazakhstan,KAZ,2011,,171,89.34,,https://scoreboard.bc-pf.org/en/results/biology/international_biology_olympiad/2011,scoreboard
part-1a5dddf6d25fab9f,ev-75b40a9e74319c9f,kaz-17b78d6e8c0f,Yernar Tursynbay,Yernar Tursynbay,IBO,Kazakhstan,KAZ,2011,Bronze,99,103.93,,https://scoreboard.bc-pf.org/en/results/biology/international_biology_olympiad/2011,scoreboard
part-1e36ab316c6317ce,ev-ad501e79e2bc1197,kaz-0e1075c1b53e,Zhassulan Shaikhygali,Zhassulan Shaikhygali,IBO,Kazakhstan,KAZ,2011,Silver,65,110.51,,https://scoreboard.bc-pf.org/en/results/biology/international_biology_olympiad/2011,scoreboard
part-e16ab461c2fbaa32,ev-ac6c92f7a23d822a,kaz-3437e4fc5bbd,Nursultan Erkinovich Tompiyev,Nursultan Erkinovich Tompiyev,IBO,Kazakhstan,KAZ,2010,,167,44.6,,https://scoreboard.bc-pf.org/en/results/biology/international_biology_olympiad/2010,scoreboard
part-a044dd53b9167091,ev-fdd7e07e64f4fe88,kaz-21741893c5a2,Talap Kossybakov,Talap Kossybakov,IBO,Kazakhstan,KAZ,2010,Bronze,90,53.51,,https://scoreboard.bc-pf.org/en/results/biology/international_biology_olympiad/2010,scoreboard
part-3842a3d3f1c53547,ev-2b229b30da705206,kaz-17b78d6e8c0f,Yernar Tursynbay,Yernar Tursynbay,IBO,Kazakhstan,KAZ,2010,,160,45.15,,https://scoreboard.bc-pf.org/en/results/biology/international_biology_olympiad/2010,scoreboard
part-bbc7022cb43fe629,ev-017f48dd96a83ecb,kaz-0e1075c1b53e,Zhassulan Shaikhygali,Zhassulan Shaikhygali,IBO,Kazakhstan,KAZ,2010,,174,43.39,,https://scoreboard.bc-pf.org/en/results/biology/international_biology_olympiad/2010,scoreboard
part-ea32da8362dfa4a8,ev-fb2b33f9eee9af46,kaz-80e9320bcf5e,Nazym Nurlanovna Bashkenova,Nazym Nurlanovna Bashkenova,IBO,Kazakhstan,KAZ,2009,,,,,https://www.ibo-info.org/files/downloads/results-reports/results/IBO2009.pdf,pdf_audited
part-f9b4d5f266111d47,ev-47b4983e91621c0d,kaz-0cc4d473da7f,Roman Langolf,Roman Langolf,IBO,Kazakhstan,KAZ,2009,,,,,https://www.ibo-info.org/files/downloads/results-reports/results/IBO2009.pdf,pdf_audited
part-d65863b2e3eb08fe,ev-84c4ee7380650881,kaz-81bc0e8f5f5c,Ruslan Vladimirovich Kalizhan,Ruslan Vladimirovich Kalizhan,IBO,Kazakhstan,KAZ,2009,,,,,https://www.ibo-info.org/files/downloads/results-reports/results/IBO2009.pdf,pdf_audited
part-e64f91327343def8,ev-b26a9dd6c52a1ca2,kaz-21741893c5a2,Talap Kossybakov,Talap Kossybakov,IBO,Kazakhstan,KAZ,2009,,,,,https://www.ibo-info.org/files/downloads/results-reports/results/IBO2009.pdf,pdf_audited
part-bd460b204a341e72,ev-11dde6de3fbace9b,kaz-2b2d1a08a130,Arnat Balabiyev,Arnat Balabiyev,IBO,Kazakhstan,KAZ,2008,Bronze,129,,,https://www.ibo-info.org/files/downloads/results-reports/results/IBO2008.pdf,pdf
part-e0ba6846ca80eb6f,ev-115b225f8567bf36,kaz-9b2fecb414ca,Bakhytbek Zhalmagambetov,Bakhytbek Zhalmagambetov,IBO,Kazakhstan,KAZ,2008,,167,,,https://www.ibo-info.org/files/downloads/results-reports/results/IBO2008.pdf,pdf
part-8e8d4b80c10cc3b8,ev-31aff066fa5df823,kaz-81bc0e8f5f5c,Ruslan Vladimirovich Kalizhan,Ruslan Kalizhan,IBO,Kazakhstan,KAZ,2008,,176,,,https://www.ibo-info.org/files/downloads/results-reports/results/IBO2008.pdf,pdf
part-c1de4a9d7db4fe09,ev-8548777c3f073936,kaz-52d80f40e62d,Zhanat Koshenov,Zhanat Koshenov,IBO,Kazakhstan,KAZ,2008,Bronze,127,,,https://www.ibo-info.org/files/downloads/results-reports/results/IBO2008.pdf,pdf
part-387c30204f7da2d6,ev-750084f73e9173b2,kaz-2b2d1a08a130,Arnat Balabiyev,Arnat Balabiyer,IBO,Kazakhstan,KAZ,2007,,,,,https://www.ibo-info.org/files/downloads/results-reports/results/IBO2007.pdf,pdf
part-3d5dff406b2c495f,ev-be2395cf711e2419,kaz-add07caaba9e,Baurzhan Smailov,Baurzhan Smailov,IBO,Kazakhstan,KAZ,2007,Bronze,,,,https://www.ibo-info.org/files/downloads/results-reports/results/IBO2007.pdf,pdf
part-e8a206270265d20a,ev-0c15ffa9e0047c1a,kaz-32cf54f8673f,Oleg Obukhov,Oleg Obukhov,IBO,Kazakhstan,KAZ,2007,,,,,https://www.ibo-info.org/files/downloads/results-reports/results/IBO2007.pdf,pdf
part-9fccf5e89f3d1aa8,ev-d6e7656f1324414c,kaz-52d80f40e62d,Zhanat Koshenov,Zhanat Koshenov,IBO,Kazakhstan,KAZ,2007,Bronze,,,,https://www.ibo-info.org/files/downloads/results-reports/results/IBO2007.pdf,pdf
part-56eb667e3a598156,ev-5862e5b8a9542da8,kaz-2c17c88cc511,Maxim Mukashev,Mukashev Maxim,IBO,Kazakhstan,KAZ,2006,Silver,342,,,https://www.ibo-info.org/files/downloads/results-reports/results/IBO2006.pdf,pdf
part-953e867845b76b7c,ev-20b6f48f704446b7,kaz-32cf54f8673f,Oleg Obukhov,Obukhov Oleg,IBO,Kazakhstan,KAZ,2006,Bronze,344,,,https://www.ibo-info.org/files/downloads/results-reports/results/IBO2006.pdf,pdf
part-c193e83e6fa257b4,ev-4e268c8bbb7c680d,kaz-7b9ddf320af6,Talgat Sailov,Sailov Talgat,IBO,Kazakhstan,KAZ,2006,Bronze,341,,,https://www.ibo-info.org/files/downloads/results-reports/results/IBO2006.pdf,pdf
part-dbb8e5f1acb0dd37,ev-fa4d9de6d008733a,kaz-845e316f4e10,Aibek Umbetalin,Umbetalin Aibek,IBO,Kazakhstan,KAZ,2006,Bronze,343,,,https://www.ibo-info.org/files/downloads/results-reports/results/IBO2006.pdf,pdf
part-8ec9164a5270b64c,ev-06b66a4f388bdb84,kaz-3e91bdc28e40,Alexey Dudnik,Alexey Dudnik,IBO,Kazakhstan,KAZ,2005,,43,,,https://www.ibo-info.org/files/downloads/results-reports/results/IBO2005.pdf,pdf
part-c7994dc822dfb6ab,ev-bd68002ebf06fefb,kaz-4e3828c7955c,Diyar Mailepessov,Diyar Mailepessov,IBO,Kazakhstan,KAZ,2005,,67,,,https://www.ibo-info.org/files/downloads/results-reports/results/IBO2005.pdf,pdf
part-f3df81c905f0c91f,ev-781865ac1717e6f8,kaz-a125f99f4940,Marat Shotanov,Marat Shotanov,IBO,Kazakhstan,KAZ,2005,,97,,,https://www.ibo-info.org/files/downloads/results-reports/results/IBO2005.pdf,pdf
part-a4029c5d1a00fe03,ev-680b15c5a9dff2df,kaz-0f8fdc911846,Abil Zhanar,Abil Zhanar,IBO,Kazakhstan,KAZ,2003,,98,,,https://www.ibo-info.org/files/downloads/results-reports/results/IBO2003.pdf,pdf
part-da1db4c2557ce748,ev-c4988dce5288f427,kaz-3e91bdc28e40,Alexey Dudnik,Dudnik Alexey,IBO,Kazakhstan,KAZ,2003,,79,,,https://www.ibo-info.org/files/downloads/results-reports/results/IBO2003.pdf,pdf
part-8d9eecceec696608,ev-167b59444f46a9e6,kaz-7923131239ad,Demeu Shakhanov,Shakhanov Demeu,IBO,Kazakhstan,KAZ,2003,,118,,,https://www.ibo-info.org/files/downloads/results-reports/results/IBO2003.pdf,pdf
part-7ea55483ab45d71d,ev-320b5b3a910f7809,kaz-c444a5fa2a99,Arman Shaninov,Shaninov Arman,IBO,Kazakhstan,KAZ,2003,,132,,,https://www.ibo-info.org/files/downloads/results-reports/results/IBO2003.pdf,pdf
part-ba0cdd6a9c06c57c,ev-3117d7fd401279e5,kaz-bb70c982f38a,Aituov Baurzhan,Aituov Baurzhan,IBO,Kazakhstan,KAZ,2002,,109,,,https://www.ibo-info.org/files/downloads/results-reports/results/IBO2002.pdf,pdf
part-2f52e461674abfc5,ev-bb5569b550d96526,kaz-6fa4b627983f,Bekakhmetov Gabit,Bekakhmetov Gabit,IBO,Kazakhstan,KAZ,2002,Silver,42,,,https://www.ibo-info.org/files/downloads/results-reports/results/IBO2002.pdf,pdf
part-70b57931a9498b15,ev-564dd857815eba0f,kaz-f4f08ec984b8,Berezhnoy Nikolay,Berezhnoy Nikolay,IBO,Kazakhstan,KAZ,2002,Bronze,51,,,https://www.ibo-info.org/files/downloads/results-reports/results/IBO2002.pdf,pdf
part-9007ec666419bbe9,ev-5225e5fededaf378,kaz-8b03ffcc0625,Yerkebulan Kambarov,Kambarov Yerkebulan,IBO,Kazakhstan,KAZ,2002,Bronze,76,,,https://www.ibo-info.org/files/downloads/results-reports/results/IBO2002.pdf,pdf
part-8086fb673bf73927,ev-d12c6c6f361b87a4,kaz-6fa4b627983f,Bekakhmetov Gabit,Bekakhmetov Gabit,IBO,Kazakhstan,KAZ,2001,,85,,,https://www.ibo-info.org/files/downloads/results-reports/results/IBO2001.pdf,pdf
part-1c6158ddbb73adcd,ev-ea27ff49d82d798f,kaz-f4f08ec984b8,Berezhnoy Nikolay,Berezhnoi Nikolay,IBO,Kazakhstan,KAZ,2001,,32,,,https://www.ibo-info.org/files/downloads/results-reports/results/IBO2001.pdf,pdf
part-03c9382f66274219,ev-4fe4275396394702,kaz-8b03ffcc0625,Yerkebulan Kambarov,Kambarov Yerkebulan,IBO,Kazakhstan,KAZ,2001,,120,,,https://www.ibo-info.org/files/downloads/results-reports/results/IBO2001.pdf,pdf
part-ecfc503cde1e87eb,ev-be700e8b7cc02cb7,kaz-cae8a8caf16a,Yerokhin Maxim,Yerokhin Maxim,IBO,Kazakhstan,KAZ,2001,,70,,,https://www.ibo-info.org/files/downloads/results-reports/results/IBO2001.pdf,pdf
part-239c486a71da5d92,ev-cd6707a259e7c4c2,kaz-326e69980428,Anton Nesveldin,Anton Nesveldin,IBO,Kazakhstan,KAZ,2000,Bronze,,,,https://www.ibo-info.org/files/downloads/results-reports/results/IBO2000.pdf,pdf
part-f9c964bc43867abe,ev-c132591e1ab20aaa,kaz-573a15d54faa,Kuanysh Yergalivey,Kuanysh Yergalivey,IBO,Kazakhstan,KAZ,2000,Bronze,,,,https://www.ibo-info.org/files/downloads/results-reports/results/IBO2000.pdf,pdf
part-8a995eb423b34835,ev-b583d91bd1b04c20,kaz-84154f378216,Yerbol Kurmangaliyev,Yerbol Kurmangaliyev,IBO,Kazakhstan,KAZ,2000,Silver,,,,https://www.ibo-info.org/files/downloads/results-reports/results/IBO2000.pdf,pdf
part-57f4194a09d307c6,ev-565811d1b02bd242,kaz-cae8a8caf16a,Yerokhin Maxim,Yerokhin Maxim,IBO,Kazakhstan,KAZ,2000,Bronze,,,,https://www.ibo-info.org/files/downloads/results-reports/results/IBO2000.pdf,pdf
part-bf59d9eeb14114b0,ev-8d0905dbd71d428f,kaz-326e69980428,Anton Nesveldin,Anton Nesveldin,IBO,Kazakhstan,KAZ,1999,Bronze,,,,https://www.ibo-info.org/files/downloads/results-reports/results/IBO1999.pdf,pdf_audited
part-2bb6ab25f1ce49c0,ev-22a3f03eece9d0d7,kaz-573a15d54faa,Kuanysh Yergalivey,Kuanysh Yergaliyev,IBO,Kazakhstan,KAZ,1999,,,,,https://www.ibo-info.org/files/downloads/results-reports/results/IBO1999.pdf,pdf_audited
part-35c8dc216b4337ec,ev-810f7e98ce566fe9,kaz-0647e630efc7,Nurbol Kisembaev,Nurbol Kisembaev,IBO,Kazakhstan,KAZ,1999,Bronze,,,,https://www.ibo-info.org/files/downloads/results-reports/results/IBO1999.pdf,pdf_audited
part-338283ea2eca42ed,ev-5502c8de1f45b451,kaz-253b9dc2b33d,Nurlan Algashev,Nurlan Algashev,IBO,Kazakhstan,KAZ,1999,,,,,https://www.ibo-info.org/files/downloads/results-reports/results/IBO1999.pdf,pdf_audited
part-a4212c4478a9ec28,ev-822112322bbdf073,kaz-438a79d3a6d5,Abzal Daribaev,Abzal Daribaev,IBO,Kazakhstan,KAZ,1998,Bronze,,,,https://www.ibo-info.org/files/downloads/results-reports/results/IBO1998.pdf,pdf_audited
part-1616d37742483a1e,ev-98b2b5a11eae7d8b,kaz-9bcf8f03ca96,Andrey Jigalov,Andrey Jigalov,IBO,Kazakhstan,KAZ,1998,Bronze,,,,https://www.ibo-info.org/files/downloads/results-reports/results/IBO1998.pdf,pdf_audited
part-7cf64e9577d3defa,ev-3f7facbc0e26eb23,kaz-8c7f0b059859,Mirat Sadikov,Mirat Sadikov,IBO,Kazakhstan,KAZ,1998,Bronze,,,,https://www.ibo-info.org/files/downloads/results-reports/results/IBO1998.pdf,pdf_audited
part-0736d0badf67b82d,ev-ddf83cf1f0decf37,kaz-253b9dc2b33d,Nurlan Algashev,Nurlan Algashev,IBO,Kazakhstan,KAZ,1998,,,,,https://www.ibo-info.org/files/downloads/results-reports/results/IBO1998.pdf,pdf_audited
part-03bf6a50efea025c,ev-c2625ff157df03b7,kaz-438a79d3a6d5,Abzal Daribaev,Abzal Daribaev,IBO,Kazakhstan,KAZ,1997,,,,,https://www.ibo-info.org/files/downloads/results-reports/results/IBO1997.pdf,pdf
part-e1d827804c85593a,ev-81201c30d73d6f93,kaz-9bcf8f03ca96,Andrey Jigalov,Andrey Jigalov,IBO,Kazakhstan,KAZ,1997,,,,,https://www.ibo-info.org/files/downloads/results-reports/results/IBO1997.pdf,pdf
part-a7565fcc56a2575c,ev-2df151a66f12d902,kaz-952a451859f7,Guljanar Kalmaganbetova,Guljanar Kalmaganbetova,IBO,Kazakhstan,KAZ,1997,,,,,https://www.ibo-info.org/files/downloads/results-reports/results/IBO1997.pdf,pdf
part-e096561f51857d09,ev-ba5c796839018e87,kaz-8c7f0b059859,Mirat Sadikov,Mirat Sadikov,IBO,Kazakhstan,KAZ,1997,,,,,https://www.ibo-info.org/files/downloads/results-reports/results/IBO1997.pdf,pdf
part-3f27e6001f11b374,ev-b69fa3e884736284,kaz-8fe9da4c845a,Azamat Abilkhanov,Azamat Abilkhanov,IBO,Kazakhstan,KAZ,1996,Bronze,,,,https://www.ibo-info.org/files/downloads/results-reports/results/IBO1996.pdf,pdf_audited
part-b3396deac9f381cd,ev-934f4ffc1c070d61,kaz-dbcaf30d53de,Nurbol Sihimbayev,Nurbol Sihimbayev,IBO,Kazakhstan,KAZ,1996,Gold,,,,https://www.ibo-info.org/files/downloads/results-reports/results/IBO1996.pdf,pdf_audited
part-229235f666f7e250,ev-1c8426a3df354d9d,kaz-09d9fdb93af5,Saken Serhanov,Saken Serhanov,IBO,Kazakhstan,KAZ,1996,Gold,,,,https://www.ibo-info.org/files/downloads/results-reports/results/IBO1996.pdf,pdf_audited
part-af19f486840b788f,ev-f07c8e3e24471dac,kaz-2be498890319,Bakitkan Bahautdinov,Bakitkan Bahautdinov,IBO,Kazakhstan,KAZ,1995,,,,,https://www.ibo-info.org/files/downloads/results-reports/results/IBO1995.pdf,pdf_audited
part-70528eec4909125a,ev-c589b809e0290797,kaz-1e83de167408,Ekrem Mahmudov,Ekrem Mahmudov,IBO,Kazakhstan,KAZ,1995,,,,,https://www.ibo-info.org/files/downloads/results-reports/results/IBO1995.pdf,pdf_audited
part-1d90245f1a00fcec,ev-fa8e67a2fac2dd12,kaz-dbcaf30d53de,Nurbol Sihimbayev,Nurbol Sihimbayev,IBO,Kazakhstan,KAZ,1995,Bronze,,,,https://www.ibo-info.org/files/downloads/results-reports/results/IBO1995.pdf,pdf_audited
part-1b0fc6eeacc03436,ev-1676fb3d263ad77d,kaz-09d9fdb93af5,Saken Serhanov,Saken Sherhanov,IBO,Kazakhstan,KAZ,1995,Bronze,,,,https://www.ibo-info.org/files/downloads/results-reports/results/IBO1995.pdf,pdf_audited
part-d799814ec294b9c3,ev-e5a12b508a1aa45a,kaz-1e83de167408,Ekrem Mahmudov,Akram Mahmudov,IBO,Kazakhstan,KAZ,1994,,,,,https://www.ibo-info.org/files/downloads/results-reports/results/IBO1994.pdf,pdf_audited
part-7e47d4ee33b967db,ev-245d85f90083e9bf,kaz-2be498890319,Bakitkan Bahautdinov,Bakhytjan Bakhaotdinov,IBO,Kazakhstan,KAZ,1994,,,,,https://www.ibo-info.org/files/downloads/results-reports/results/IBO1994.pdf,pdf_audited
part-2d22fd26b25510d3,ev-15e7429e8149bc4e,kaz-dbcaf30d53de,Nurbol Sihimbayev,Nourbol Silliedev,IBO,Kazakhstan,KAZ,1994,,,,,https://www.ibo-info.org/files/downloads/results-reports/results/IBO1994.pdf,pdf_audited
part-3cf3c6531db616a7,ev-b5ee45825139d06c,kaz-09d9fdb93af5,Saken Serhanov,Saken Sherhandy,IBO,Kazakhstan,KAZ,1994,,,,,https://www.ibo-info.org/files/downloads/results-reports/results/IBO1994.pdf,pdf_audited
part-e5b6865545e9025a,ev-673bf1089759d73c,kaz-0a21069b5b5d,Abilmansur Kali,Abilmansur Kali,IChO,Kazakhstan,KAZ,2026,Silver medal,103,,,https://www.icho-official.org/results/country_info.php?country=Kazakhstan,html
part-0eb856ec32242d36,ev-541f2a09831d3c0d,kaz-d0f8031edfa1,Aizere Zhengiskhanova,Aizere Zhengiskhanova,IChO,Kazakhstan,KAZ,2026,Gold medal,30,,,https://www.icho-official.org/results/country_info.php?country=Kazakhstan,html
part-2fa7a53d59e6dab5,ev-95d8101798823378,kaz-7dd0181a5ee2,Ansar Zhaksylykov,Ansar Zhaksylykov,IChO,Kazakhstan,KAZ,2026,Silver medal,54,,,https://www.icho-official.org/results/country_info.php?country=Kazakhstan,html
part-0c96bbc185ad838e,ev-3c4702820e01f9ac,kaz-8e557ae5dc19,Danil Poletayev,Danil Poletayev,IChO,Kazakhstan,KAZ,2026,Silver medal,89,,,https://www.icho-official.org/results/country_info.php?country=Kazakhstan,html
part-8c3a3ead9c026a84,ev-03888216f87a9fc8,kaz-00a1687b2b23,Abylay Kabdulkhadyr,Abylay Kabdulkhadyr,IChO,Kazakhstan,KAZ,2025,Gold,39,71.27,https://scoreboard.bc-pf.org/en/profile/67629656130184921f102629,https://scoreboard.bc-pf.org/en/results/chemistry/international-chemistry-olympiad/2025,scoreboard
part-5ed9f3a6c811b177,ev-80b484a0e31d500e,kaz-7dd0181a5ee2,Ansar Zhaksylykov,Ansar Zhaksylykov,IChO,Kazakhstan,KAZ,2025,Silver,101,59.57,,https://scoreboard.bc-pf.org/en/results/chemistry/international-chemistry-olympiad/2025,scoreboard
part-bf54b25cd51f4f07,ev-e98e4a890683a3b4,kaz-79f187c010c6,Kirill Kim,Kirill Kim,IChO,Kazakhstan,KAZ,2025,Gold,31,72.92,,https://scoreboard.bc-pf.org/en/results/chemistry/international-chemistry-olympiad/2025,scoreboard
part-17db29d5a65eedb1,ev-86a3e68fb0ee9c2c,kaz-eebfbe6a6de9,Yenlik Bakytbekova,Yenlik Bakytbekova,IChO,Kazakhstan,KAZ,2025,Silver,81,62.77,,https://scoreboard.bc-pf.org/en/results/chemistry/international-chemistry-olympiad/2025,scoreboard
part-ea8db04d3fa990e7,ev-42b7c6537f07327c,kaz-00a1687b2b23,Abylay Kabdulkhadyr,Abylay Kabdulkhadyr,IChO,Kazakhstan,KAZ,2024,Silver,74,61.031,https://scoreboard.bc-pf.org/en/profile/67629656130184921f102629,https://scoreboard.bc-pf.org/en/results/chemistry/international-chemistry-olympiad/2024,scoreboard
part-57ef196785907112,ev-a4932e0f73e1b6b0,kaz-79f187c010c6,Kirill Kim,Kim Kirill,IChO,Kazakhstan,KAZ,2024,Gold,32,73.438,,https://scoreboard.bc-pf.org/en/results/chemistry/international-chemistry-olympiad/2024,scoreboard
part-3c33cd37a5d1da0d,ev-75970123febaa898,kaz-a93521357d27,Moldagul Adilzhan,Moldagul Adilzhan,IChO,Kazakhstan,KAZ,2024,Bronze,125,54.022,,https://scoreboard.bc-pf.org/en/results/chemistry/international-chemistry-olympiad/2024,scoreboard
part-573060071ff5b495,ev-0316b79cf178f2a8,kaz-166b996bb739,Rinat Ilyussizov,Rinat Ilyussizov,IChO,Kazakhstan,KAZ,2024,Gold,29,73.766,https://scoreboard.bc-pf.org/en/profile/675dce62130184921f0f9cfb,https://scoreboard.bc-pf.org/en/results/chemistry/international-chemistry-olympiad/2024,scoreboard
part-870ae1a112ffd0f4,ev-40aa37a3e89852a2,kaz-f7a361eeb22e,Sanzhar Bissenali,Bissenali Sanzhar,IChO,Kazakhstan,KAZ,2023,Gold,38,72.42,,https://scoreboard.bc-pf.org/en/results/chemistry/international-chemistry-olympiad/2023,scoreboard
part-a8ccf5d99e648124,ev-d617d0304cfc046a,kaz-861bd0bfc9f2,Mamyrbekov Bekbolat,Mamyrbekov Bekbolat,IChO,Kazakhstan,KAZ,2023,Bronze,134,55.46,,https://scoreboard.bc-pf.org/en/results/chemistry/international-chemistry-olympiad/2023,scoreboard
part-dcd89ce8d57a269a,ev-44aa54c4fe10fa43,kaz-6b502ce47b9f,Almira Nurlanova,Nurlanova Almira,IChO,Kazakhstan,KAZ,2023,Silver,107,60.37,,https://scoreboard.bc-pf.org/en/results/chemistry/international-chemistry-olympiad/2023,scoreboard
part-19265f9dc6cfc435,ev-5829bb2f5120554e,kaz-166b996bb739,Rinat Ilyussizov,Rinat Ilyussizov,IChO,Kazakhstan,KAZ,2023,Silver,60,69.01,https://scoreboard.bc-pf.org/en/profile/675dce62130184921f0f9cfb,https://scoreboard.bc-pf.org/en/results/chemistry/international-chemistry-olympiad/2023,scoreboard
part-2ebcc968217fb208,ev-f2d560bdba16bc4e,kaz-6b502ce47b9f,Almira Nurlanova,Almira Nurlanova,IChO,Kazakhstan,KAZ,2022,Silver,99,76.74,,https://scoreboard.bc-pf.org/en/results/chemistry/international-chemistry-olympiad/2022,scoreboard
part-4873f2970b845654,ev-81c8c3956f285a96,kaz-ccd2ad3a4c7d,Madiyar Kassymaly,Madiyar Kassymaly,IChO,Kazakhstan,KAZ,2022,Gold,25,91.94,https://scoreboard.bc-pf.org/en/profile/6153ac1ad7af56e7d9894be8,https://scoreboard.bc-pf.org/en/results/chemistry/international-chemistry-olympiad/2022,scoreboard
part-50786333535923ef,ev-d8b42e1bacf9dc1b,kaz-f7a361eeb22e,Sanzhar Bissenali,Sanzhar Bissenali,IChO,Kazakhstan,KAZ,2022,Silver,57,86.08,,https://scoreboard.bc-pf.org/en/results/chemistry/international-chemistry-olympiad/2022,scoreboard
part-b534fd6ceb4f5756,ev-fd262726e3a1ffec,kaz-2c30c8a4a543,Sanzhar Nurgaliyev,Sanzhar Nurgaliyev,IChO,Kazakhstan,KAZ,2022,Silver,107,74.54,,https://scoreboard.bc-pf.org/en/results/chemistry/international-chemistry-olympiad/2022,scoreboard
part-7e23063b7ae55492,ev-38231c1684b51928,kaz-1b79632fc187,Aigerim Turuspekova,Aigerim Turuspekova,IChO,Kazakhstan,KAZ,2021,Bronze,125,49.45,,https://scoreboard.bc-pf.org/en/results/chemistry/international-chemistry-olympiad/2021,scoreboard
part-55db552ffa3096fa,ev-bb3393337e4ece69,kaz-9dc89c027c6a,Khaidar Kairbek,Khaidar Kairbek,IChO,Kazakhstan,KAZ,2021,Silver,65,65.2,https://scoreboard.bc-pf.org/en/profile/6252f681c61d1199169630fc,https://scoreboard.bc-pf.org/en/results/chemistry/international-chemistry-olympiad/2021,scoreboard
part-d2c09d1d321a80ee,ev-8b587176ea36410e,kaz-ccd2ad3a4c7d,Madiyar Kassymaly,Madiyar Kassymaly,IChO,Kazakhstan,KAZ,2021,Silver,95,55.62,https://scoreboard.bc-pf.org/en/profile/6153ac1ad7af56e7d9894be8,https://scoreboard.bc-pf.org/en/results/chemistry/international-chemistry-olympiad/2021,scoreboard
part-f6a985caf243c679,ev-939eddb92cd4ce22,kaz-f7a361eeb22e,Sanzhar Bissenali,Sanzhar Bissenali,IChO,Kazakhstan,KAZ,2021,Silver,89,57.17,,https://scoreboard.bc-pf.org/en/results/chemistry/international-chemistry-olympiad/2021,scoreboard
part-58486acfcf5930b1,ev-9c0c0d48a71061a4,kaz-d8dac02b5a92,Abilmansur Muzhubayev,Abilmansur Muzhubayev,IChO,Kazakhstan,KAZ,2020,Bronze,94,69.68,,https://scoreboard.bc-pf.org/en/results/chemistry/international-chemistry-olympiad/2020,scoreboard
part-e3c55b58f4ed8649,ev-c0dfcd295d7c1dae,kaz-e592924f7a04,Bakdaulet Seysenkul,Bakdaulet Seysenkul,IChO,Kazakhstan,KAZ,2020,Bronze,108,65.67,,https://scoreboard.bc-pf.org/en/results/chemistry/international-chemistry-olympiad/2020,scoreboard
part-a3fcc01ca04f26ec,ev-26f3150347ad33b7,kaz-9dc89c027c6a,Khaidar Kairbek,Khaidar Kairbek,IChO,Kazakhstan,KAZ,2020,Bronze,84,73.38,https://scoreboard.bc-pf.org/en/profile/6252f681c61d1199169630fc,https://scoreboard.bc-pf.org/en/results/chemistry/international-chemistry-olympiad/2020,scoreboard
part-7a1d5f9457fe6ade,ev-e5dcc09923220c9a,kaz-8d1b7be09dcf,Kibriyanur Abdugafarova,Kibriyanur Abdugafarova,IChO,Kazakhstan,KAZ,2020,Bronze,121,61.18,,https://scoreboard.bc-pf.org/en/results/chemistry/international-chemistry-olympiad/2020,scoreboard
part-4b475591b2ba0fd3,ev-cef2e9d385638752,kaz-8a1e18c44a89,Daniil Melnichenko,Daniil Melnichenko,IChO,Kazakhstan,KAZ,2019,Bronze,140,70.14,,https://scoreboard.bc-pf.org/en/results/chemistry/international-chemistry-olympiad/2019,scoreboard
part-57e918e7684c961c,ev-80214d903e4bffdb,kaz-d9616cfe0fb5,Nurlykhan Kopenov,Nurlykhan Kopenov,IChO,Kazakhstan,KAZ,2019,Bronze,154,68.82,,https://scoreboard.bc-pf.org/en/results/chemistry/international-chemistry-olympiad/2019,scoreboard
part-ac8871b9a9386a06,ev-4a394dca3975693d,kaz-6b2d94581317,Olzhas Nurpeisov,Olzhas Nurpeisov,IChO,Kazakhstan,KAZ,2019,Bronze,134,71.31,,https://scoreboard.bc-pf.org/en/results/chemistry/international-chemistry-olympiad/2019,scoreboard
part-30beaa7f8c1109aa,ev-d3b1b69ccdd7035e,kaz-ba8a6f8bb8aa,Vladislav Cherdantsev,Vladislav Cherdantsev,IChO,Kazakhstan,KAZ,2019,Silver,100,77.07,https://scoreboard.bc-pf.org/en/profile/5fa68a8ad8bb1ad06363cce0,https://scoreboard.bc-pf.org/en/results/chemistry/international-chemistry-olympiad/2019,scoreboard
part-220dccfdfd454362,ev-4ee3a12021efc730,kaz-44c1e8dd8198,Galymzhan Moldagulov,Galymzhan Moldagulov,IChO,Kazakhstan,KAZ,2018,Bronze,152,56.49,https://scoreboard.bc-pf.org/en/profile/5fead8b4c234849fce8ab05a,https://scoreboard.bc-pf.org/en/results/chemistry/international-chemistry-olympiad/2018,scoreboard
part-288bc201a0b99e37,ev-b6e21d821db0d791,kaz-6b2d94581317,Olzhas Nurpeisov,Olzhas Nurpeisov,IChO,Kazakhstan,KAZ,2018,Bronze,146,57.15,,https://scoreboard.bc-pf.org/en/results/chemistry/international-chemistry-olympiad/2018,scoreboard
part-45732cf13f0a39dc,ev-ba7be117d7b20c14,kaz-ba8a6f8bb8aa,Vladislav Cherdantsev,Vladislav Cherdantsev,IChO,Kazakhstan,KAZ,2018,Diploma,198,47.28,https://scoreboard.bc-pf.org/en/profile/5fa68a8ad8bb1ad06363cce0,https://scoreboard.bc-pf.org/en/results/chemistry/international-chemistry-olympiad/2018,scoreboard
part-f5e49977c63cdfa2,ev-6ce899051e641bef,kaz-c03aa47c2122,Zhanibek Bekkhozhin,Zhanibek Bekkhozhin,IChO,Kazakhstan,KAZ,2018,Silver,73,70.58,,https://scoreboard.bc-pf.org/en/results/chemistry/international-chemistry-olympiad/2018,scoreboard
part-0f0a178f8ec095a2,ev-a3caa82764bc1980,kaz-310c08212560,Anton Morgunov,Anton Morgunov,IChO,Kazakhstan,KAZ,2017,Gold,10,92.05,https://scoreboard.bc-pf.org/en/profile/60517fdfd561aa0f5b708d96,https://scoreboard.bc-pf.org/en/results/chemistry/international-chemistry-olympiad/2017,scoreboard
part-704f4763f6e8a97c,ev-df1eaac5bc172178,kaz-53073a123482,Assem Zhunis,Assem Zhunis,IChO,Kazakhstan,KAZ,2017,Bronze,146,63.6,,https://scoreboard.bc-pf.org/en/results/chemistry/international-chemistry-olympiad/2017,scoreboard
part-151feb3c2f7b9290,ev-efc7387542c2df26,kaz-999af747a5a2,Nurassyl Serik,Nurassyl Serik,IChO,Kazakhstan,KAZ,2017,Bronze,123,69.48,,https://scoreboard.bc-pf.org/en/results/chemistry/international-chemistry-olympiad/2017,scoreboard
part-e849e706af00eb8b,ev-ec8c4faf3ec626f9,kaz-926301b5ef4a,Temirlan Rakhimov,Temirlan Rakhimov,IChO,Kazakhstan,KAZ,2017,Bronze,190,55.88,,https://scoreboard.bc-pf.org/en/results/chemistry/international-chemistry-olympiad/2017,scoreboard
part-b2e7b65e127c8493,ev-583cfe9343268a47,kaz-310c08212560,Anton Morgunov,Anton Morgunov,IChO,Kazakhstan,KAZ,2016,Silver,36,79.86,https://scoreboard.bc-pf.org/en/profile/60517fdfd561aa0f5b708d96,https://scoreboard.bc-pf.org/en/results/chemistry/international-chemistry-olympiad/2016,scoreboard
part-8f823af8888cf425,ev-8e63b36c5edb1dff,kaz-8bfc979cedef,Arnur Makenov,Arnur Makenov,IChO,Kazakhstan,KAZ,2016,Silver,74,70.4,,https://scoreboard.bc-pf.org/en/results/chemistry/international-chemistry-olympiad/2016,scoreboard
part-3af7ff54e663eb2a,ev-e940157563125333,kaz-e252a91b0399,Ayat Tassanov,Ayat Tassanov,IChO,Kazakhstan,KAZ,2016,Bronze,94,64.92,,https://scoreboard.bc-pf.org/en/results/chemistry/international-chemistry-olympiad/2016,scoreboard
part-5e21665916c2dfe4,ev-5cbff13e8a4da342,kaz-ae7bbfa79815,Azamat Smagulov,Azamat Smagulov,IChO,Kazakhstan,KAZ,2016,Silver,37,79.39,,https://scoreboard.bc-pf.org/en/results/chemistry/international-chemistry-olympiad/2016,scoreboard
part-a4b6468a3b74dc0b,ev-4729494fa7adf910,kaz-47792c0edb59,Adil Kabylda,Adil Kabylda,IChO,Kazakhstan,KAZ,2015,Gold,14,72.19,,https://scoreboard.bc-pf.org/en/results/chemistry/international-chemistry-olympiad/2015,scoreboard
part-3f56edd6409ef9ac,ev-418b5e7154c0b590,kaz-8bfc979cedef,Arnur Makenov,Arnur Makenov,IChO,Kazakhstan,KAZ,2015,Bronze,160,37.4,,https://scoreboard.bc-pf.org/en/results/chemistry/international-chemistry-olympiad/2015,scoreboard
part-6fc5478f443641cc,ev-f463d0237647f011,kaz-590a5fc8e66b,Azamat Amzebek,Azamat Amzebek,IChO,Kazakhstan,KAZ,2015,Silver,44,60.455,,https://scoreboard.bc-pf.org/en/results/chemistry/international-chemistry-olympiad/2015,scoreboard
part-1016e4c85b5d3ac8,ev-4e5c2bfedb5d1bdd,kaz-ae7bbfa79815,Azamat Smagulov,Azamat Smagulov,IChO,Kazakhstan,KAZ,2015,Silver,78,52.824,,https://scoreboard.bc-pf.org/en/results/chemistry/international-chemistry-olympiad/2015,scoreboard
part-96866d7c839fe4cc,ev-92bc5e0384056d11,kaz-47792c0edb59,Adil Kabylda,Adil Kabilda,IChO,Kazakhstan,KAZ,2014,Silver,32,68.79,,https://scoreboard.bc-pf.org/en/results/chemistry/international-chemistry-olympiad/2014,scoreboard
part-36aadfe2d1ce1448,ev-fca4667058991152,kaz-ef33110ee8b0,Zhassulan Binazar,Binazar Zhassulan,IChO,Kazakhstan,KAZ,2014,Bronze,136,46.58,,https://scoreboard.bc-pf.org/en/results/chemistry/international-chemistry-olympiad/2014,scoreboard
part-e0362b0cbe681793,ev-3a0a40f22fe82a89,kaz-b82a97fb3f53,Sayinov Bauyrzhan,Sayinov Bauyrzhan,IChO,Kazakhstan,KAZ,2014,,232,31.12,,https://scoreboard.bc-pf.org/en/results/chemistry/international-chemistry-olympiad/2014,scoreboard
part-e19b1a5d52daa7ef,ev-81db999c7ba78d0e,kaz-08fb4ba7d2f0,Serikzhan Yermekov,Serikzhan Yermekov,IChO,Kazakhstan,KAZ,2014,Bronze,162,42.44,,https://scoreboard.bc-pf.org/en/results/chemistry/international-chemistry-olympiad/2014,scoreboard
part-bbaaf31c93309d8c,ev-b3bfcf98bd562ed4,kaz-6fd6f0f7d5f7,Azim Amanzholov,Azim Amanzholov,IChO,Kazakhstan,KAZ,2013,Gold,28,67.8,,https://scoreboard.bc-pf.org/en/results/chemistry/international-chemistry-olympiad/2013,scoreboard
part-55c439f9f0d7b969,ev-e9b6dc3985a5665f,kaz-12d9dc922ba8,Bogdan Zagribelnyy,Bogdan Zagribelnyy,IChO,Kazakhstan,KAZ,2013,Bronze,126,49.06,,https://scoreboard.bc-pf.org/en/results/chemistry/international-chemistry-olympiad/2013,scoreboard
part-997a784bc545973b,ev-4210c2085b11609f,kaz-ecb44be83ff0,Kairat Ashim,Kairat Ashim,IChO,Kazakhstan,KAZ,2013,Gold,13,71.61,,https://scoreboard.bc-pf.org/en/results/chemistry/international-chemistry-olympiad/2013,scoreboard
part-8dde247bf449deee,ev-6bbc34a35a0430f6,kaz-ef33110ee8b0,Zhassulan Binazar,Zhassulan Binazar,IChO,Kazakhstan,KAZ,2013,Bronze,119,50.17,,https://scoreboard.bc-pf.org/en/results/chemistry/international-chemistry-olympiad/2013,scoreboard
part-bbccc44f96da25d1,ev-50bca09fc95eb369,kaz-6fd6f0f7d5f7,Azim Amanzholov,Azim Amanzholov,IChO,Kazakhstan,KAZ,2012,Silver,71,0,,https://scoreboard.bc-pf.org/en/results/chemistry/international-chemistry-olympiad/2012,scoreboard
part-63145f223342b01d,ev-9fd6800da74d9f23,kaz-ecb44be83ff0,Kairat Ashim,Kairat Ashim,IChO,Kazakhstan,KAZ,2012,Gold,19,0,,https://scoreboard.bc-pf.org/en/results/chemistry/international-chemistry-olympiad/2012,scoreboard
part-552565f8a7c5d885,ev-92306d28fdde6254,kaz-de970224e20f,Vladimir Dolzhnikov,Vladimir Dolzhnikov,IChO,Kazakhstan,KAZ,2012,Silver,53,0,,https://scoreboard.bc-pf.org/en/results/chemistry/international-chemistry-olympiad/2012,scoreboard
part-2757d6bb1f740bb6,ev-2f42e2a9b563e266,kaz-03a266067148,Vladislav Kamysbayev,Vladislav Kamysbayev,IChO,Kazakhstan,KAZ,2012,Bronze,169,0,,https://scoreboard.bc-pf.org/en/results/chemistry/international-chemistry-olympiad/2012,scoreboard
part-486eedc5aa4e7bd2,ev-691f75ec8bb25f3f,kaz-01654d909e91,Abylay Shakhizadayev,Abylay Shakhizadayev,IChO,Kazakhstan,KAZ,2011,Gold,33,0,,https://scoreboard.bc-pf.org/en/results/chemistry/international-chemistry-olympiad/2011,scoreboard
part-c665e65ec074f6bc,ev-41bb74cbf925e62b,kaz-abf1bb1c0e02,Miras Bekbergenov,Miras Bekbergenov,IChO,Kazakhstan,KAZ,2011,Silver,60,0,,https://scoreboard.bc-pf.org/en/results/chemistry/international-chemistry-olympiad/2011,scoreboard
part-30350fc525c32410,ev-fa9216446d9eabe2,kaz-de970224e20f,Vladimir Dolzhnikov,Vladimir Dolzhnikov,IChO,Kazakhstan,KAZ,2011,Bronze,117,0,,https://scoreboard.bc-pf.org/en/results/chemistry/international-chemistry-olympiad/2011,scoreboard
part-a274f65247deebcf,ev-603b4ae869e1b673,kaz-03a266067148,Vladislav Kamysbayev,Vladislav Kamysbayev,IChO,Kazakhstan,KAZ,2011,Bronze,97,0,,https://scoreboard.bc-pf.org/en/results/chemistry/international-chemistry-olympiad/2011,scoreboard
part-424fedce2d3a5550,ev-893ac0a06f87d014,kaz-01654d909e91,Abylay Shakhizadayev,Abylay Shakhizadayev,IChO,Kazakhstan,KAZ,2010,Bronze,103,74.762,,https://scoreboard.bc-pf.org/en/results/chemistry/international-chemistry-olympiad/2010,scoreboard
part-1825664ad029ef24,ev-a10022b5c5d85d3d,kaz-9dadae71693b,Ilya Skripin,Ilya Skripin,IChO,Kazakhstan,KAZ,2010,Bronze,105,74.466,,https://scoreboard.bc-pf.org/en/results/chemistry/international-chemistry-olympiad/2010,scoreboard
part-5e97bfbcb7cc2bfa,ev-951e2c43ee30584a,kaz-abf1bb1c0e02,Miras Bekbergenov,Miras Bekbergenov,IChO,Kazakhstan,KAZ,2010,Bronze,157,61.685,,https://scoreboard.bc-pf.org/en/results/chemistry/international-chemistry-olympiad/2010,scoreboard
part-961d5a8108e07f69,ev-e44ea7b50784bffd,kaz-73232d09a9cf,Zhalgas Serimbetov,Zhalgas Serimbetov,IChO,Kazakhstan,KAZ,2010,Bronze,122,70.418,,https://scoreboard.bc-pf.org/en/results/chemistry/international-chemistry-olympiad/2010,scoreboard
part-6a2dd10c634af338,ev-fc69fe944056c3a7,kaz-4cad451e9620,Aigerim Shamshidin,Aigerim Shamshidin,IChO,Kazakhstan,KAZ,2009,Bronze,163,45.6,,https://scoreboard.bc-pf.org/en/results/chemistry/international-chemistry-olympiad/2009,scoreboard
part-ca289191767c4232,ev-b109e3593b422e07,kaz-6ea5dd0e4291,Furkat Mukhtarov,Furkat Mukhtarov,IChO,Kazakhstan,KAZ,2009,Bronze,111,58.7,,https://scoreboard.bc-pf.org/en/results/chemistry/international-chemistry-olympiad/2009,scoreboard
part-186a6f81f12aa973,ev-784e35eaffa8f957,kaz-9dadae71693b,Ilya Skripin,Ilya Skripin,IChO,Kazakhstan,KAZ,2009,Bronze,134,52,,https://scoreboard.bc-pf.org/en/results/chemistry/international-chemistry-olympiad/2009,scoreboard
part-7a5685ed65792334,ev-c0c4a7ce3b7351b5,kaz-73232d09a9cf,Zhalgas Serimbetov,Zhalgas Serimbetov,IChO,Kazakhstan,KAZ,2009,Bronze,100,61.5,,https://scoreboard.bc-pf.org/en/results/chemistry/international-chemistry-olympiad/2009,scoreboard
part-c9a1704f5de42587,ev-2ebe98d856bb3883,kaz-62d816e1ec2d,Sanzhar Karatayev,Sanzhar Karatayev,IChO,Kazakhstan,KAZ,2008,Silver,39,64.81,,https://scoreboard.bc-pf.org/en/results/chemistry/international-chemistry-olympiad/2008,scoreboard
part-756a0370edc0ed1c,ev-8e064ebbcc526569,kaz-2a649bf1de05,Sultan Aitekenov,Sultan Aitekenov,IChO,Kazakhstan,KAZ,2008,Silver,60,59.49,,https://scoreboard.bc-pf.org/en/results/chemistry/international-chemistry-olympiad/2008,scoreboard
part-f77998db14ee2c79,ev-d99a894797e28663,kaz-8ad6d5a1915d,Yerbolat Ablemetov,Yerbolat Ablemetov,IChO,Kazakhstan,KAZ,2008,Silver,69,58.245,,https://scoreboard.bc-pf.org/en/results/chemistry/international-chemistry-olympiad/2008,scoreboard
part-702de887b69d3e70,ev-7f027b176d89d041,kaz-273cfae90c97,Zhanbolat Zholgeldiev,Zhanbolat Zholgeldiev,IChO,Kazakhstan,KAZ,2008,Silver,51,61.896,,https://scoreboard.bc-pf.org/en/results/chemistry/international-chemistry-olympiad/2008,scoreboard
part-43ca082c7896e8df,ev-f3c316b656ff5945,kaz-954c1033020d,Ayana Badrakova,Ayana Badrakova,IChO,Kazakhstan,KAZ,2007,Bronze,93,44.172,,https://scoreboard.bc-pf.org/en/results/chemistry/international-chemistry-olympiad/2007,scoreboard
part-add9521022920b38,ev-0d24c1fde16ba039,kaz-28f11085b34d,Dauren Kaliyev,Dauren Kaliyev,IChO,Kazakhstan,KAZ,2007,Bronze,112,42.031,,https://scoreboard.bc-pf.org/en/results/chemistry/international-chemistry-olympiad/2007,scoreboard
part-4ebb616fd0dfd188,ev-ed9a1233f9245a95,kaz-a93118601e76,Yerdos Ordabayev,Yerdos Ordabayev,IChO,Kazakhstan,KAZ,2007,Silver,52,52.493,,https://scoreboard.bc-pf.org/en/results/chemistry/international-chemistry-olympiad/2007,scoreboard
part-ac01b2e1869bdbb7,ev-ded8a9d0f5ef91c0,kaz-273cfae90c97,Zhanbolat Zholgeldiev,Zhanbolat Zholgeldiyev,IChO,Kazakhstan,KAZ,2007,Bronze,115,41.225,,https://scoreboard.bc-pf.org/en/results/chemistry/international-chemistry-olympiad/2007,scoreboard
part-12df5c48d17d1b94,ev-caca68501f5a05bf,kaz-408aa9ea598e,Abylay Maranuly Samatov,Abylay Maranuly Samatov,IChO,Kazakhstan,KAZ,2006,Bronze medal,156,,,https://www.icho-official.org/results/country_info.php?country=Kazakhstan,html
part-36f254ac8c119579,ev-7c816854c18b821a,kaz-61d67d74eb6d,Almas Yerkinovich Ordabayev,Almas Yerkinovich Ordabayev,IChO,Kazakhstan,KAZ,2006,Bronze medal,98,,,https://www.icho-official.org/results/country_info.php?country=Kazakhstan,html
part-b2c238b9680d1fa6,ev-89ed2fce19da2eac,kaz-7faf2594f89e,Kuat Mukambetkazievich Usseingazin,Kuat Mukambetkazievich Usseingazin,IChO,Kazakhstan,KAZ,2006,Bronze medal,122,,,https://www.icho-official.org/results/country_info.php?country=Kazakhstan,html
part-a1beb10a058666d1,ev-6ec90d8453def981,kaz-b2785ae44f62,Murat Zhaksylykovich Shagirov,Murat Zhaksylykovich Shagirov,IChO,Kazakhstan,KAZ,2006,Bronze medal,115,,,https://www.icho-official.org/results/country_info.php?country=Kazakhstan,html
part-565cc7d089baf447,ev-d7074c784a06a92f,kaz-61d67d74eb6d,Almas Yerkinovich Ordabayev,Almas Ordabayev,IChO,Kazakhstan,KAZ,2005,Participant,,,,https://www.icho-official.org/results/country_info.php?country=Kazakhstan,html
part-9e5adfda5da22011,ev-0196ae0dc017d5dd,kaz-5354c12725ae,Dulat Azhibek,Dulat Azhibek,IChO,Kazakhstan,KAZ,2005,Silver medal,54,,,https://www.icho-official.org/results/country_info.php?country=Kazakhstan,html
part-e758b801aa541a9f,ev-566ddba241767daf,kaz-7faf2594f89e,Kuat Mukambetkazievich Usseingazin,Kuat Usseingazin,IChO,Kazakhstan,KAZ,2005,Bronze medal,119,,,https://www.icho-official.org/results/country_info.php?country=Kazakhstan,html
part-2ac739097dc6534f,ev-3550c6f884a99446,kaz-cffe6b9ed25e,Nurzhan Abdrakhmanov,Nurzhan Abdrakhmanov,IChO,Kazakhstan,KAZ,2005,Bronze medal,124,,,https://www.icho-official.org/results/country_info.php?country=Kazakhstan,html
part-06d1907ea85ae206,ev-67ba3eed60f3ed92,kaz-d272c7de9446,Timur Zhiyentayev,Timur Zhiyentayev,IChO,Kazakhstan,KAZ,2004,Silver medal,31,,,https://www.icho-official.org/results/country_info.php?country=Kazakhstan,html
part-069fd24cc432f592,ev-233216e418df0b09,kaz-1deffa0c0a86,Vadim Murzin,Vadim Murzin,IChO,Kazakhstan,KAZ,2004,Silver medal,57,,,https://www.icho-official.org/results/country_info.php?country=Kazakhstan,html
part-56b6e73d01a1146f,ev-fc50b51c09c58033,kaz-5af905ca2550,Yerulan Sabyrgali,Yerulan Sabyrgali,IChO,Kazakhstan,KAZ,2004,Participant,,,,https://www.icho-official.org/results/country_info.php?country=Kazakhstan,html
part-5650c85170e8bf16,ev-24c9f7d55c5e07f6,kaz-29109acd6898,Yeskendr Bissenov,Yeskendr Bissenov,IChO,Kazakhstan,KAZ,2004,Silver medal,63,,,https://www.icho-official.org/results/country_info.php?country=Kazakhstan,html
part-a4d5c259b8b9cd0a,ev-6ce899ab2df596ac,kaz-c9401ed42eb0,Anuar Nurtazin,Anuar Nurtazin,IChO,Kazakhstan,KAZ,2003,Silver medal,36,,,https://www.icho-official.org/results/country_info.php?country=Kazakhstan,html
part-f4e019a95c5fcc71,ev-6f0d00f569874b3f,kaz-fc88fa90b799,Aset Iskakov,Aset Iskakov,IChO,Kazakhstan,KAZ,2003,Silver medal,59,,,https://www.icho-official.org/results/country_info.php?country=Kazakhstan,html
part-6b24da50c4dd6f1f,ev-0608b9e54eacb3cb,kaz-3f389fc299cf,Dmitriy Dolzhnikov,Dmitriy Dolzhnikov,IChO,Kazakhstan,KAZ,2003,Silver medal,68,,,https://www.icho-official.org/results/country_info.php?country=Kazakhstan,html
part-ae21968d44b8d732,ev-2b1a60b4a82fced6,kaz-11782cb39ded,Kanat Tyutenov,Kanat Tyutenov,IChO,Kazakhstan,KAZ,2003,Bronze medal,139,,,https://www.icho-official.org/results/country_info.php?country=Kazakhstan,html
part-a2fd143bf20c56b7,ev-5f6462ac08be952c,kaz-c9401ed42eb0,Anuar Nurtazin,Anuar Nurtazin,IChO,Kazakhstan,KAZ,2002,Silver medal,61,,,https://www.icho-official.org/results/country_info.php?country=Kazakhstan,html
part-7ba9ff98f9c22a38,ev-ee2059b730cc2e21,kaz-fc88fa90b799,Aset Iskakov,Aset Iskakov,IChO,Kazakhstan,KAZ,2002,Silver medal,58,,,https://www.icho-official.org/results/country_info.php?country=Kazakhstan,html
part-a4b01da2f694c669,ev-5bfa9a67d744f2a4,kaz-6617107a61a9,Asylbek Nurgabdeshov,Asylbek Nurgabdeshov,IChO,Kazakhstan,KAZ,2002,Honorable mention,158,,,https://www.icho-official.org/results/country_info.php?country=Kazakhstan,html
part-63fd357a1cc9235d,ev-d479280e0c840cf3,kaz-209930256d24,Yerzhigit Tolebekov,Yerzhigit Tolebekov,IChO,Kazakhstan,KAZ,2002,Honorable mention,159,,,https://www.icho-official.org/results/country_info.php?country=Kazakhstan,html
part-73531e070a53ad08,ev-df9cf419cbf14fd1,kaz-c9401ed42eb0,Anuar Nurtazin,Anuar Nurtazin,IChO,Kazakhstan,KAZ,2001,Participant,,,,https://www.icho-official.org/results/country_info.php?country=Kazakhstan,html
part-dad0f741bba31756,ev-49233498fcf7a98c,kaz-00408ca19291,Rashid Amirov,Rashid Amirov,IChO,Kazakhstan,KAZ,2001,Honorable mention,188,,,https://www.icho-official.org/results/country_info.php?country=Kazakhstan,html
part-b3f6ca86f493ab42,ev-ac459a4fd315f8ec,kaz-ff5c7ff39c9d,Taskyn Shokanbay,Taskyn Shokanbay,IChO,Kazakhstan,KAZ,2001,Bronze medal,126,,,https://www.icho-official.org/results/country_info.php?country=Kazakhstan,html
part-cadcb0c7125016d9,ev-c3fb23b493ef40f9,kaz-36fb8d2c335b,Zeinul-Gabiden Kazhkenov,Zeinul-Gabiden Kazhkenov,IChO,Kazakhstan,KAZ,2001,Bronze medal,80,,,https://www.icho-official.org/results/country_info.php?country=Kazakhstan,html
part-dc8dc51691bb8148,ev-a7111fb905bb8c45,kaz-c81d0e9f9556,Adil Zhugralin,Adil Zhugralin,IChO,Kazakhstan,KAZ,2000,Silver medal,54,,,https://www.icho-official.org/results/country_info.php?country=Kazakhstan,html
part-7f1fd6fb78aba9b1,ev-728feaa2c7375048,kaz-60a5906be728,Sergey Gussak,Sergey Gussak,IChO,Kazakhstan,KAZ,2000,Bronze medal,134,,,https://www.icho-official.org/results/country_info.php?country=Kazakhstan,html
part-31c572faff0fc93a,ev-45e89b1a566c05d6,kaz-197ec90e92c1,Yuriy Kudryavtsev,Yuriy Kudryavtsev,IChO,Kazakhstan,KAZ,2000,Participant,,,,https://www.icho-official.org/results/country_info.php?country=Kazakhstan,html
part-07e7b80ec90d60f8,ev-900d17a250fbe099,kaz-36fb8d2c335b,Zeinul-Gabiden Kazhkenov,Zeinul-Gabiden Kazhkenov,IChO,Kazakhstan,KAZ,2000,Participant,,,,https://www.icho-official.org/results/country_info.php?country=Kazakhstan,html
part-b59fcf1df81ca495,ev-e9b7c40e16f11e9a,kaz-c898d5674745,Adil Baiguzhin,Adil Baiguzhin,IChO,Kazakhstan,KAZ,1999,Participant,,,,https://www.icho-official.org/results/country_info.php?country=Kazakhstan,html
part-953f5fa0ad450519,ev-ae1f93f5d95a523b,kaz-c81d0e9f9556,Adil Zhugralin,Adil Zhugralin,IChO,Kazakhstan,KAZ,1999,Bronze medal,99,,,https://www.icho-official.org/results/country_info.php?country=Kazakhstan,html
part-64dfdf14895082fc,ev-f0d47b1b02255e2d,kaz-f29c25aa7066,Kirill Mayerle,Kirill Mayerle,IChO,Kazakhstan,KAZ,1999,Bronze medal,118,,,https://www.icho-official.org/results/country_info.php?country=Kazakhstan,html
part-ff802dc2ff7b3148,ev-0c0faecb5c72e658,kaz-64365e0c312d,Nurzhan Nagashbekov,Nurzhan Nagashbekov,IChO,Kazakhstan,KAZ,1999,Participant,,,,https://www.icho-official.org/results/country_info.php?country=Kazakhstan,html
part-c7bc7cb133dd2c1a,ev-497d3026f3efdcc8,kaz-c81d0e9f9556,Adil Zhugralin,Adil Zhugralin,IChO,Kazakhstan,KAZ,1998,Participant,,,,https://www.icho-official.org/results/country_info.php?country=Kazakhstan,html
part-6a5266302653708d,ev-0e1ed71664151a17,kaz-7774ad796e6c,Askerbek Zhaxylykov,Askerbek Zhaxylykov,IChO,Kazakhstan,KAZ,1998,Bronze medal,118,,,https://www.icho-official.org/results/country_info.php?country=Kazakhstan,html
part-3eb8c709290916c2,ev-3df4d6de104be378,kaz-679b5f1e598a,Bulat Biizhanov,Bulat Biizhanov,IChO,Kazakhstan,KAZ,1998,Participant,,,,https://www.icho-official.org/results/country_info.php?country=Kazakhstan,html
part-df02b954a4e3555e,ev-e20de9ae3aa23db9,kaz-f2b0c2f36f45,Nurzhan Ustemirov,Nurzhan Ustemirov,IChO,Kazakhstan,KAZ,1998,Participant,,,,https://www.icho-official.org/results/country_info.php?country=Kazakhstan,html
part-1ebec8634664548c,ev-ff61444b8c550c7f,kaz-796f13ed0022,Ali Yerkebulanuly,Ali Yerkebulanuly,IMO,Kazakhstan,KAZ,2026,Silver medal,135,23,https://www.imo-official.org/results/contestant/36187/,https://www.imo-official.org/results/individual/country/KAZ/,html
part-c0a17171b18d0070,ev-83f5e0c7d05f3537,kaz-1a21d28a2426,Amirlan Amanzholov,Amirlan Amanzholov,IMO,Kazakhstan,KAZ,2026,Bronze medal,161,22,https://www.imo-official.org/results/contestant/34441/,https://www.imo-official.org/results/individual/country/KAZ/,html
part-9bbde51c87e78de4,ev-e357506535dc734f,kaz-81ce5fa84827,Batyrkhan Beiganov,Batyrkhan Beiganov,IMO,Kazakhstan,KAZ,2026,Silver medal,56,28,https://www.imo-official.org/results/contestant/36189/,https://www.imo-official.org/results/individual/country/KAZ/,html
part-12d944aeedc3adfe,ev-638c003443998442,kaz-c8b296e6cadb,Margulan Sharel,Margulan Sharel,IMO,Kazakhstan,KAZ,2026,Bronze medal,205,21,https://www.imo-official.org/results/contestant/33250/,https://www.imo-official.org/results/individual/country/KAZ/,html
part-796edda257c90478,ev-17d22cce1135f9c6,kaz-cc4a2f7877ce,Timur Murat,Timur Murat,IMO,Kazakhstan,KAZ,2026,Silver medal,105,25,https://www.imo-official.org/results/contestant/36186/,https://www.imo-official.org/results/individual/country/KAZ/,html
part-63f888bb7b005e53,ev-aa1ed54e91ef174c,kaz-f63c5a4ed4de,Yerassyl Altynbek,Yerassyl Altynbek,IMO,Kazakhstan,KAZ,2026,Bronze medal,161,22,https://www.imo-official.org/results/contestant/35205/,https://www.imo-official.org/results/individual/country/KAZ/,html
part-75180f6a8f61b36c,ev-2ccd56412b2eb60f,kaz-64e130a742d3,Amir Sakhipov,Amir Sakhipov,IMO,Kazakhstan,KAZ,2025,Silver medal,91,31,https://www.imo-official.org/results/contestant/35207/,https://www.imo-official.org/results/individual/country/KAZ/,html
part-ab1e1ac18497df4d,ev-1f52281e9f738f3c,kaz-1a21d28a2426,Amirlan Amanzholov,Amirlan Amanzholov,IMO,Kazakhstan,KAZ,2025,Silver medal,88,32,https://www.imo-official.org/results/contestant/34441/,https://www.imo-official.org/results/individual/country/KAZ/,html
part-387f39a24a3dc340,ev-e2f7d23427d87035,kaz-c8b296e6cadb,Margulan Sharel,Margulan Sharel,IMO,Kazakhstan,KAZ,2025,Silver medal,91,31,https://www.imo-official.org/results/contestant/33250/,https://www.imo-official.org/results/individual/country/KAZ/,html
part-001f2329765a3ea0,ev-7037527b40ae370f,kaz-69bda00903cf,Miron Yurkevich,Miron Yurkevich,IMO,Kazakhstan,KAZ,2025,Silver medal,73,34,https://www.imo-official.org/results/contestant/32026/,https://www.imo-official.org/results/individual/country/KAZ/,html
part-6ef6cf4a7ae01b58,ev-8d33b1cbd817d2a5,kaz-f63c5a4ed4de,Yerassyl Altynbek,Yerassyl Altynbek,IMO,Kazakhstan,KAZ,2025,Bronze medal,243,22,https://www.imo-official.org/results/contestant/35205/,https://www.imo-official.org/results/individual/country/KAZ/,html
part-e4347406f6eb5cb6,ev-064b346ade427b64,kaz-ce04be5e3d55,Yerkanat Kengshilik,Yerkanat Kengshilik,IMO,Kazakhstan,KAZ,2025,Bronze medal,203,25,https://www.imo-official.org/results/contestant/35206/,https://www.imo-official.org/results/individual/country/KAZ/,html
part-e626d4ab80f4c265,ev-f3da968af0edf9f5,kaz-1a21d28a2426,Amirlan Amanzholov,Amirlan Amanzholov,IMO,Kazakhstan,KAZ,2024,Silver medal,59,28,https://www.imo-official.org/results/contestant/34441/,https://www.imo-official.org/results/individual/country/KAZ/,html
part-1e9ade80c61363fc,ev-bc4c2824ded64d40,kaz-8263929a366c,Dinmukhamed Yegeubayev,Dinmukhamed Yegeubayev,IMO,Kazakhstan,KAZ,2024,Honourable mention,457,9,https://www.imo-official.org/results/contestant/34443/,https://www.imo-official.org/results/individual/country/KAZ/,html
part-9d02746570995c35,ev-e9c2169c54e8b32d,kaz-c8b296e6cadb,Margulan Sharel,Margulan Sharel,IMO,Kazakhstan,KAZ,2024,Silver medal,59,28,https://www.imo-official.org/results/contestant/33250/,https://www.imo-official.org/results/individual/country/KAZ/,html
part-cb97cc40effa544f,ev-bcf34d23e108910f,kaz-69bda00903cf,Miron Yurkevich,Miron Yurkevich,IMO,Kazakhstan,KAZ,2024,Silver medal,147,22,https://www.imo-official.org/results/contestant/32026/,https://www.imo-official.org/results/individual/country/KAZ/,html
part-53c38512000f1753,ev-76959f573664ee98,kaz-e684e28ea593,Vladimir Rogovskiy,Vladimir Rogovskiy,IMO,Kazakhstan,KAZ,2024,Bronze medal,216,20,https://www.imo-official.org/results/contestant/33248/,https://www.imo-official.org/results/individual/country/KAZ/,html
part-f8af9185801a2548,ev-f08e9e111ec2b907,kaz-9bdeb2eedd97,Zhan Dautov,Zhan Dautov,IMO,Kazakhstan,KAZ,2024,Bronze medal,216,20,https://www.imo-official.org/results/contestant/33249/,https://www.imo-official.org/results/individual/country/KAZ/,html
part-0c199000c3958bd3,ev-891bedd9f7d39560,kaz-cb653a13b10b,Batyrkhan Sakenov,Batyrkhan Sakenov,IMO,Kazakhstan,KAZ,2023,Bronze medal,145,24,https://www.imo-official.org/results/contestant/33252/,https://www.imo-official.org/results/individual/country/KAZ/,html
part-959bcadaa977e259,ev-aa2a1b1fb13b8320,kaz-c8b296e6cadb,Margulan Sharel,Margulan Sharel,IMO,Kazakhstan,KAZ,2023,Bronze medal,183,23,https://www.imo-official.org/results/contestant/33250/,https://www.imo-official.org/results/individual/country/KAZ/,html
part-40c64fe841a2dafe,ev-1291cbae021ccb39,kaz-69bda00903cf,Miron Yurkevich,Miron Yurkevich,IMO,Kazakhstan,KAZ,2023,Silver medal,55,31,https://www.imo-official.org/results/contestant/32026/,https://www.imo-official.org/results/individual/country/KAZ/,html
part-3ea7a076cde90d43,ev-8e1e45befbab9c2d,kaz-8db1b6d8afd7,Raiymbek Baishuak,Raiymbek Baishuak,IMO,Kazakhstan,KAZ,2023,Silver medal,104,28,https://www.imo-official.org/results/contestant/33247/,https://www.imo-official.org/results/individual/country/KAZ/,html
part-58c1a992f96c716b,ev-6ea783dcd850d71b,kaz-e684e28ea593,Vladimir Rogovskiy,Vladimir Rogovskiy,IMO,Kazakhstan,KAZ,2023,Bronze medal,145,24,https://www.imo-official.org/results/contestant/33248/,https://www.imo-official.org/results/individual/country/KAZ/,html
part-6c24bebf261a4983,ev-3d9b9d3dee21f8b2,kaz-9bdeb2eedd97,Zhan Dautov,Zhan Dautov,IMO,Kazakhstan,KAZ,2023,Bronze medal,145,24,https://www.imo-official.org/results/contestant/33249/,https://www.imo-official.org/results/individual/country/KAZ/,html
part-92e34e7ce5ae6e04,ev-33ab5c916af482cc,kaz-236abc470fa7,Adilet Abu,Adilet Abu,IMO,Kazakhstan,KAZ,2022,Bronze medal,146,28,https://www.imo-official.org/results/contestant/32030/,https://www.imo-official.org/results/individual/country/KAZ/,html
part-d4187cf934e0ca37,ev-3ed030dfc20d6411,kaz-59a056858c02,Adilet Zauytkhan,Adilet Zauytkhan,IMO,Kazakhstan,KAZ,2022,Bronze medal,146,28,https://www.imo-official.org/results/contestant/32009/,https://www.imo-official.org/results/individual/country/KAZ/,html
part-74cf981ecc0a3dde,ev-d46ff37c2e84f480,kaz-087d239f6acf,Fetullakh Sam,Fetullakh Sam,IMO,Kazakhstan,KAZ,2022,Silver medal,61,32,https://www.imo-official.org/results/contestant/30314/,https://www.imo-official.org/results/individual/country/KAZ/,html
part-3ae1b4979b3647bb,ev-0f96bc148fd54536,kaz-69bda00903cf,Miron Yurkevich,Miron Yurkevich,IMO,Kazakhstan,KAZ,2022,Silver medal,112,29,https://www.imo-official.org/results/contestant/32026/,https://www.imo-official.org/results/individual/country/KAZ/,html
part-25b28d387828a556,ev-d7d13486c9ae2060,kaz-11ab68f6f611,Tair Satubaldin,Tair Satubaldin,IMO,Kazakhstan,KAZ,2022,Silver medal,84,30,https://www.imo-official.org/results/contestant/30322/,https://www.imo-official.org/results/individual/country/KAZ/,html
part-69283c7874ec0b22,ev-6522d4fc577a4cb0,kaz-8d648f29d1e0,Yuriy Ten,Yuriy Ten,IMO,Kazakhstan,KAZ,2022,Bronze medal,187,27,https://www.imo-official.org/results/contestant/32031/,https://www.imo-official.org/results/individual/country/KAZ/,html
part-684953572494d68a,ev-cf527dc40c12149f,kaz-af55ed678a4e,Aibek Myrzatay,Aibek Myrzatay,IMO,Kazakhstan,KAZ,2021,Gold medal,48,24,https://www.imo-official.org/results/contestant/30786/,https://www.imo-official.org/results/individual/country/KAZ/,html
part-dfc456ce40e37d1f,ev-f9a436b1c98ecbbf,kaz-8c6b4dfb5df9,Assylbek Olzhabayev,Assylbek Olzhabayev,IMO,Kazakhstan,KAZ,2021,Bronze medal,268,13,https://www.imo-official.org/results/contestant/30769/,https://www.imo-official.org/results/individual/country/KAZ/,html
part-46b50ee974539fe6,ev-45e76a1c2c91d17d,kaz-d3e4616882fd,Danat Duisenbekov,Danat Duisenbekov,IMO,Kazakhstan,KAZ,2021,Silver medal,105,21,https://www.imo-official.org/results/contestant/29352/,https://www.imo-official.org/results/individual/country/KAZ/,html
part-ebb5d1d0e7201004,ev-30cb0e285696d4e6,kaz-087d239f6acf,Fetullakh Sam,Fetullakh Sam,IMO,Kazakhstan,KAZ,2021,Silver medal,63,22,https://www.imo-official.org/results/contestant/30314/,https://www.imo-official.org/results/individual/country/KAZ/,html
part-bed081adda71fcc6,ev-2dc20b6f881fad8e,kaz-07372798186f,Rakhim Baimurzin,Rakhim Baimurzin,IMO,Kazakhstan,KAZ,2021,Bronze medal,164,17,https://www.imo-official.org/results/contestant/30789/,https://www.imo-official.org/results/individual/country/KAZ/,html
part-00e5588fafb6364f,ev-644f3a5851cb6ce6,kaz-11ab68f6f611,Tair Satubaldin,Tair Satubaldin,IMO,Kazakhstan,KAZ,2021,Silver medal,143,20,https://www.imo-official.org/results/contestant/30322/,https://www.imo-official.org/results/individual/country/KAZ/,html
part-a2e3d864e51b70fa,ev-0c435ef67f43569d,kaz-d3e4616882fd,Danat Duisenbekov,Danat Duisenbekov,IMO,Kazakhstan,KAZ,2020,Bronze medal,206,21,https://www.imo-official.org/results/contestant/29352/,https://www.imo-official.org/results/individual/country/KAZ/,html
part-59619cc47f4cf0df,ev-18a3a33b66f8c2de,kaz-087d239f6acf,Fetullakh Sam,Fetullakh Sam,IMO,Kazakhstan,KAZ,2020,Honourable mention,317,14,https://www.imo-official.org/results/contestant/30314/,https://www.imo-official.org/results/individual/country/KAZ/,html
part-670fe35738575611,ev-035e0ca246fb9297,kaz-49fee0c7373b,Nurtas Shyntas,Nurtas Shyntas,IMO,Kazakhstan,KAZ,2020,Silver medal,86,28,https://www.imo-official.org/results/contestant/29353/,https://www.imo-official.org/results/individual/country/KAZ/,html
part-2edb38120a129598,ev-33f2aff53712a056,kaz-11ab68f6f611,Tair Satubaldin,Tair Satubaldin,IMO,Kazakhstan,KAZ,2020,Silver medal,50,30,https://www.imo-official.org/results/contestant/30322/,https://www.imo-official.org/results/individual/country/KAZ/,html
part-bf6de53ad5e558d3,ev-0df7d29d8f169946,kaz-135e810b92e0,Tamirlan Bektemissov,Tamirlan Bektemissov,IMO,Kazakhstan,KAZ,2020,Silver medal,50,30,https://www.imo-official.org/results/contestant/30321/,https://www.imo-official.org/results/individual/country/KAZ/,html
part-de436c7a9a7f65a4,ev-dd0036601236aa40,kaz-8d648f29d1e0,Yuriy Ten,Yuriy Ten,IMO,Kazakhstan,KAZ,2020,Bronze medal,162,23,https://www.imo-official.org/results/contestant/30316/,https://www.imo-official.org/results/individual/country/KAZ/,html
part-cba7dbbdbb5f724b,ev-a45fad89d5f87bce,kaz-3b19b5bc5f6d,Alibek Orazalin,Alibek Orazalin,IMO,Kazakhstan,KAZ,2019,Bronze medal,147,23,https://www.imo-official.org/results/contestant/29349/,https://www.imo-official.org/results/individual/country/KAZ/,html
part-c658c9c3b54d857f,ev-577a504c2c3f4b04,kaz-fcb382e0caae,Alikhan Zimanov,Alikhan Zimanov,IMO,Kazakhstan,KAZ,2019,Bronze medal,168,22,https://www.imo-official.org/results/contestant/28163/,https://www.imo-official.org/results/individual/country/KAZ/,html
part-8df9358004b1ae4a,ev-d9aa0b2348edda29,kaz-d3e4616882fd,Danat Duisenbekov,Danat Duisenbekov,IMO,Kazakhstan,KAZ,2019,Silver medal,65,28,https://www.imo-official.org/results/contestant/29352/,https://www.imo-official.org/results/individual/country/KAZ/,html
part-51fe19beeef33525,ev-70404b05a65a01a4,kaz-492c4144387e,Kassym Mukhanbetiyar,Kassym Mukhanbetiyar,IMO,Kazakhstan,KAZ,2019,Bronze medal,168,22,https://www.imo-official.org/results/contestant/29351/,https://www.imo-official.org/results/individual/country/KAZ/,html
part-f6c4e05befc78a41,ev-85d16b865c0448a4,kaz-49fee0c7373b,Nurtas Shyntas,Nurtas Shyntas,IMO,Kazakhstan,KAZ,2019,Bronze medal,147,23,https://www.imo-official.org/results/contestant/29353/,https://www.imo-official.org/results/individual/country/KAZ/,html
part-10e1699362906065,ev-0e10dcdccf6d478c,kaz-84b6c6673e87,Shyngys Bilyalov,Shyngys Bilyalov,IMO,Kazakhstan,KAZ,2019,Silver medal,65,28,https://www.imo-official.org/results/contestant/27303/,https://www.imo-official.org/results/individual/country/KAZ/,html
part-107ad9343bb94c9e,ev-1b43d3639ca50756,kaz-e2c1785c3b0f,Alexey Tsekhovoy,Alexey Tsekhovoy,IMO,Kazakhstan,KAZ,2018,Silver medal,87,28,https://www.imo-official.org/results/contestant/27302/,https://www.imo-official.org/results/individual/country/KAZ/,html
part-d1b92c693258e108,ev-66f9d50cb24fffcc,kaz-477ae2fd5dbc,Alikhan Kudaibergenov,Alikhan Kudaibergenov,IMO,Kazakhstan,KAZ,2018,Silver medal,87,28,https://www.imo-official.org/results/contestant/27301/,https://www.imo-official.org/results/individual/country/KAZ/,html
part-9a648573ab7f23fb,ev-b0e95d152f8b0c19,kaz-fcb382e0caae,Alikhan Zimanov,Alikhan Zimanov,IMO,Kazakhstan,KAZ,2018,Bronze medal,204,20,https://www.imo-official.org/results/contestant/28163/,https://www.imo-official.org/results/individual/country/KAZ/,html
part-1d2e50333889c322,ev-568675b8ff79f17c,kaz-32bc606217ec,Aruzhan Amanbayeva,Aruzhan Amanbayeva,IMO,Kazakhstan,KAZ,2018,Silver medal,61,29,https://www.imo-official.org/results/contestant/26645/,https://www.imo-official.org/results/individual/country/KAZ/,html
part-bd3fa4de5b7c87ce,ev-d15f4aceafa071ed,kaz-ccd5a4548c56,Rakhman Asmatullayev,Rakhman Asmatullayev,IMO,Kazakhstan,KAZ,2018,Bronze medal,193,21,https://www.imo-official.org/results/contestant/27859/,https://www.imo-official.org/results/individual/country/KAZ/,html
part-6108ec8d46faf040,ev-4d9478029e45dbff,kaz-84b6c6673e87,Shyngys Bilyalov,Shyngys Bilyalov,IMO,Kazakhstan,KAZ,2018,Silver medal,131,25,https://www.imo-official.org/results/contestant/27303/,https://www.imo-official.org/results/individual/country/KAZ/,html
part-ff2a92341764d069,ev-68bb77875ddbb1eb,kaz-e2c1785c3b0f,Alexey Tsekhovoy,Alexey Tsekhovoy,IMO,Kazakhstan,KAZ,2017,,416,12,https://www.imo-official.org/results/contestant/27302/,https://www.imo-official.org/results/individual/country/KAZ/,html
part-690a8bc71a6c5fd5,ev-362824fbfa6f154e,kaz-477ae2fd5dbc,Alikhan Kudaibergenov,Alikhan Kudaibergenov,IMO,Kazakhstan,KAZ,2017,Silver medal,49,24,https://www.imo-official.org/results/contestant/27301/,https://www.imo-official.org/results/individual/country/KAZ/,html
part-a1217e709b97c392,ev-a227784a0de31284,kaz-67db791fca33,Amir Mokhammed-Ali,Amir Mokhammed-Ali,IMO,Kazakhstan,KAZ,2017,Gold medal,30,26,https://www.imo-official.org/results/contestant/26565/,https://www.imo-official.org/results/individual/country/KAZ/,html
part-f31d74f7b7e22eeb,ev-b6999d32fbef7d0a,kaz-32bc606217ec,Aruzhan Amanbayeva,Aruzhan Amanbayeva,IMO,Kazakhstan,KAZ,2017,Bronze medal,139,18,https://www.imo-official.org/results/contestant/26645/,https://www.imo-official.org/results/individual/country/KAZ/,html
part-4169044072f5ce06,ev-47c5e817616b8f93,kaz-84b6c6673e87,Shyngys Bilyalov,Shyngys Bilyalov,IMO,Kazakhstan,KAZ,2017,Honourable mention,416,12,https://www.imo-official.org/results/contestant/27303/,https://www.imo-official.org/results/individual/country/KAZ/,html
part-269234bd8fc55cc3,ev-b1a40345366c817f,kaz-aec3847e43a0,Temirkhan Zimanov,Temirkhan Zimanov,IMO,Kazakhstan,KAZ,2017,Silver medal,82,21,https://www.imo-official.org/results/contestant/26720/,https://www.imo-official.org/results/individual/country/KAZ/,html
part-db194c8d4f3a00db,ev-bc72255e2dd3cafd,kaz-67db791fca33,Amir Mokhammed-Ali,Amir Mokhammed-Ali,IMO,Kazakhstan,KAZ,2016,Gold medal,35,30,https://www.imo-official.org/results/contestant/26565/,https://www.imo-official.org/results/individual/country/KAZ/,html
part-ac735f6b5ba8c7d4,ev-b753db4dadd2f5ec,kaz-32bc606217ec,Aruzhan Amanbayeva,Aruzhan Amanbayeva,IMO,Kazakhstan,KAZ,2016,Bronze medal,224,17,https://www.imo-official.org/results/contestant/26645/,https://www.imo-official.org/results/individual/country/KAZ/,html
part-847cc32f750fa12e,ev-872c5a794e1590f3,kaz-f8f0e6bb7675,Daniyar Abesbek,Daniyar Abesbek,IMO,Kazakhstan,KAZ,2016,Bronze medal,253,16,https://www.imo-official.org/results/contestant/25478/,https://www.imo-official.org/results/individual/country/KAZ/,html
part-80069eb0b2fbe17b,ev-88dd6aa0c14089ea,kaz-3bb636937f0d,Raiymbek Akshulakov,Raiymbek Akshulakov,IMO,Kazakhstan,KAZ,2016,Honourable mention,312,14,https://www.imo-official.org/results/contestant/26684/,https://www.imo-official.org/results/individual/country/KAZ/,html
part-295de029db817e02,ev-956ce160babc8d5b,kaz-aec3847e43a0,Temirkhan Zimanov,Temirkhan Zimanov,IMO,Kazakhstan,KAZ,2016,Silver medal,78,25,https://www.imo-official.org/results/contestant/26720/,https://www.imo-official.org/results/individual/country/KAZ/,html
part-16f8946f895566c6,ev-6e364802df295bfa,kaz-dcb24ecb815a,Temirlan Amangeldinov,Temirlan Amangeldin,IMO,Kazakhstan,KAZ,2016,Bronze medal,169,20,https://www.imo-official.org/results/contestant/26025/,https://www.imo-official.org/results/individual/country/KAZ/,html
part-6a72d466bc0b7644,ev-3cf7bac8872f3f77,kaz-d3e9cb1dd495,Akhan Ismailov,Akhan Ismailov,IMO,Kazakhstan,KAZ,2015,Gold medal,19,29,https://www.imo-official.org/results/contestant/25096/,https://www.imo-official.org/results/individual/country/KAZ/,html
part-7d1a6e2ff48fb247,ev-91c4a8e685847a69,kaz-6ff2bc2176bd,Alen Abdrakhmanov,Alen Abdrakhmanov,IMO,Kazakhstan,KAZ,2015,Bronze medal,160,17,https://www.imo-official.org/results/contestant/26024/,https://www.imo-official.org/results/individual/country/KAZ/,html
part-c1c0e96d4969d4af,ev-1f6d2002a4ab775f,kaz-0260225556fe,Alexandr Shakiyev,Alexandr Shakiyev,IMO,Kazakhstan,KAZ,2015,Bronze medal,217,15,https://www.imo-official.org/results/contestant/26022/,https://www.imo-official.org/results/individual/country/KAZ/,html
part-e9e8f6b810fc1d4d,ev-a5ae026e77eef64e,kaz-f8f0e6bb7675,Daniyar Abesbek,Daniyar Abesbek,IMO,Kazakhstan,KAZ,2015,Honourable mention,307,12,https://www.imo-official.org/results/contestant/25478/,https://www.imo-official.org/results/individual/country/KAZ/,html
part-b92eb112c23be863,ev-d259d0e5ca96c8e8,kaz-208576016cfd,Olzhas Kadyrakunov,Olzhas Kadyrakunov,IMO,Kazakhstan,KAZ,2015,Silver medal,118,19,https://www.imo-official.org/results/contestant/26021/,https://www.imo-official.org/results/individual/country/KAZ/,html
part-24a86e8cd3a97b14,ev-47188db7e1309326,kaz-dcb24ecb815a,Temirlan Amangeldinov,Temirlan Amangeldin,IMO,Kazakhstan,KAZ,2015,Honourable mention,283,13,https://www.imo-official.org/results/contestant/26025/,https://www.imo-official.org/results/individual/country/KAZ/,html
part-9d9d80f09a44d514,ev-7a4073b324dc5d6e,kaz-d3e9cb1dd495,Akhan Ismailov,Akhan Ismailov,IMO,Kazakhstan,KAZ,2014,Gold medal,40,29,https://www.imo-official.org/results/contestant/25096/,https://www.imo-official.org/results/individual/country/KAZ/,html
part-de0b31234262575e,ev-22a9ad5768b3f99e,kaz-1e71a64a8ebb,Alisher Tortay,Alisher Tortay,IMO,Kazakhstan,KAZ,2014,Bronze medal,163,21,https://www.imo-official.org/results/contestant/23507/,https://www.imo-official.org/results/individual/country/KAZ/,html
part-dcdd7af51582c736,ev-099f9f5a6c2e1edd,kaz-5f556ca182f6,Daniyar Kamal,Daniyar Kamal,IMO,Kazakhstan,KAZ,2014,Bronze medal,163,21,https://www.imo-official.org/results/contestant/25012/,https://www.imo-official.org/results/individual/country/KAZ/,html
part-c2a5ca703fbcfb96,ev-e0fda89f06f72f48,kaz-5a5848e42390,Kuandyk Altynkhanov,Kuandyk Altynkhanov,IMO,Kazakhstan,KAZ,2014,Bronze medal,267,16,https://www.imo-official.org/results/contestant/25100/,https://www.imo-official.org/results/individual/country/KAZ/,html
part-c32a24f2650e780b,ev-4d8040a83824fde6,kaz-32373fc425de,Sergazy Kalmurzayev,Sergazy Kalmurzayev,IMO,Kazakhstan,KAZ,2014,Silver medal,124,22,https://www.imo-official.org/results/contestant/21527/,https://www.imo-official.org/results/individual/country/KAZ/,html
part-192d7fa678c3ac0b,ev-045300f097b9b473,kaz-28588384ab57,Yerzhan Imanmalik,Yerzhan Imanmalik,IMO,Kazakhstan,KAZ,2014,Bronze medal,200,20,https://www.imo-official.org/results/contestant/23506/,https://www.imo-official.org/results/individual/country/KAZ/,html
part-ac92d212313a8149,ev-aba21f09c0df72b6,kaz-15c5ca0ee628,Alibek Sailanbayev,Alibek Sailanbayev,IMO,Kazakhstan,KAZ,2013,Silver medal,131,24,https://www.imo-official.org/results/contestant/21524/,https://www.imo-official.org/results/individual/country/KAZ/,html
part-fdbbc67be8417254,ev-e7f7d3926b44ccf5,kaz-1e71a64a8ebb,Alisher Tortay,Alisher Tortay,IMO,Kazakhstan,KAZ,2013,Bronze medal,180,20,https://www.imo-official.org/results/contestant/23507/,https://www.imo-official.org/results/individual/country/KAZ/,html
part-24753bacdfae84dc,ev-41ab36dc106d7eaa,kaz-4357b3307079,Batyrkhan Orynkul,Batyrkhan Orynkul,IMO,Kazakhstan,KAZ,2013,Bronze medal,180,20,https://www.imo-official.org/results/contestant/23505/,https://www.imo-official.org/results/individual/country/KAZ/,html
part-17e19ff811f89709,ev-626adc8b4bb423fd,kaz-32373fc425de,Sergazy Kalmurzayev,Sergazy Kalmurzayev,IMO,Kazakhstan,KAZ,2013,Bronze medal,151,22,https://www.imo-official.org/results/contestant/21527/,https://www.imo-official.org/results/individual/country/KAZ/,html
part-a577d9ba1307a50f,ev-fb8f355bec28b569,kaz-518d651456c7,Yerniyaz Nurgabylov,Yerniyaz Nurgabylov,IMO,Kazakhstan,KAZ,2013,Bronze medal,151,22,https://www.imo-official.org/results/contestant/21497/,https://www.imo-official.org/results/individual/country/KAZ/,html
part-95b5d7aa08565543,ev-d9239c98a1c29252,kaz-28588384ab57,Yerzhan Imanmalik,Yerzhan Imanmalik,IMO,Kazakhstan,KAZ,2013,Honourable mention,355,8,https://www.imo-official.org/results/contestant/23506/,https://www.imo-official.org/results/individual/country/KAZ/,html
part-6ee5cd760e6fff0e,ev-18ca2cf5e624dbab,kaz-ec80d9fc8daf,Akezhan Amankeldi,Akezhan Amankeldi,IMO,Kazakhstan,KAZ,2012,Bronze medal,163,18,https://www.imo-official.org/results/contestant/21523/,https://www.imo-official.org/results/individual/country/KAZ/,html
part-113c29533b0e3cee,ev-c3eb8e7c45462763,kaz-15c5ca0ee628,Alibek Sailanbayev,Alibek Sailanbayev,IMO,Kazakhstan,KAZ,2012,Bronze medal,182,17,https://www.imo-official.org/results/contestant/21524/,https://www.imo-official.org/results/individual/country/KAZ/,html
part-822def9a5fa78a61,ev-715a42e30456f910,kaz-329a330cca14,Saken Dushayev,Saken Dushayev,IMO,Kazakhstan,KAZ,2012,Bronze medal,204,16,https://www.imo-official.org/results/contestant/21522/,https://www.imo-official.org/results/individual/country/KAZ/,html
part-23564ab0282da03a,ev-483893c14418dfe5,kaz-32373fc425de,Sergazy Kalmurzayev,Sergazy Kalmurzayev,IMO,Kazakhstan,KAZ,2012,Bronze medal,151,19,https://www.imo-official.org/results/contestant/21527/,https://www.imo-official.org/results/individual/country/KAZ/,html
part-63aa40ecfb39553e,ev-6404e87857376e91,kaz-d19956e64f90,Temirlan Izmailov,Temirlan Izmailov,IMO,Kazakhstan,KAZ,2012,Honourable mention,350,10,https://www.imo-official.org/results/contestant/21528/,https://www.imo-official.org/results/individual/country/KAZ/,html
part-573f44c7283e40b9,ev-bfe36594e57750a4,kaz-518d651456c7,Yerniyaz Nurgabylov,Yerniyaz Nurgabylov,IMO,Kazakhstan,KAZ,2012,Silver medal,112,21,https://www.imo-official.org/results/contestant/21497/,https://www.imo-official.org/results/individual/country/KAZ/,html
part-8ff5e69f01482315,ev-282dc90f86ea8757,kaz-ec80d9fc8daf,Akezhan Amankeldi,Akezhan Amankeldi,IMO,Kazakhstan,KAZ,2011,Bronze medal,186,19,https://www.imo-official.org/results/contestant/20771/,https://www.imo-official.org/results/individual/country/KAZ/,html
part-529650d71eb18c50,ev-80e6519ac7e040b0,kaz-b8e3ad83d883,Andrey Drobakh,Andrey Drobakh,IMO,Kazakhstan,KAZ,2011,Bronze medal,253,16,https://www.imo-official.org/results/contestant/20770/,https://www.imo-official.org/results/individual/country/KAZ/,html
part-a11c7e3426fab48a,ev-b889854d88f7c85b,kaz-c97c1b9e1718,Medet Zhanbulatuly,Medet Zhanbulatuly,IMO,Kazakhstan,KAZ,2011,Silver medal,113,22,https://www.imo-official.org/results/contestant/19414/,https://www.imo-official.org/results/individual/country/KAZ/,html
part-fd5238b4acad63c9,ev-7f6e23d7bd018675,kaz-264dfb257029,Rauan Rakhmet,Rauan Rakhmet,IMO,Kazakhstan,KAZ,2011,Bronze medal,145,21,https://www.imo-official.org/results/contestant/19457/,https://www.imo-official.org/results/individual/country/KAZ/,html
part-12c0c93685abd1b1,ev-a89fff5bba631e30,kaz-329a330cca14,Saken Dushayev,Saken Dushayev,IMO,Kazakhstan,KAZ,2011,Honourable mention,282,15,https://www.imo-official.org/results/contestant/20773/,https://www.imo-official.org/results/individual/country/KAZ/,html
part-0af4ded2aedd34ef,ev-fa95415f9986bfca,kaz-b893faccd3fc,Temirulan Mussayev,Temirulan Mussayev,IMO,Kazakhstan,KAZ,2011,Honourable mention,320,12,https://www.imo-official.org/results/contestant/20772/,https://www.imo-official.org/results/individual/country/KAZ/,html
part-a9f4f81e0dec4bb2,ev-757053094184831d,kaz-790df21958f8,Azamat Duysenbaev,Azamat Duysenbaev,IMO,Kazakhstan,KAZ,2010,Honourable mention,266,14,https://www.imo-official.org/results/contestant/19385/,https://www.imo-official.org/results/individual/country/KAZ/,html
part-786afa7a17cf25e1,ev-d713913051a0a372,kaz-462ea4363511,Denis Ovchinnikov,Denis Ovchinnikov,IMO,Kazakhstan,KAZ,2010,Gold medal,13,31,https://www.imo-official.org/results/contestant/19458/,https://www.imo-official.org/results/individual/country/KAZ/,html
part-f34731ff0f3f38d5,ev-fffacdc9d394d7da,kaz-b60a544a248a,Kanat Satylkhanov,Kanat Satylkhanov,IMO,Kazakhstan,KAZ,2010,Gold medal,27,28,https://www.imo-official.org/results/contestant/18587/,https://www.imo-official.org/results/individual/country/KAZ/,html
part-b936d58ef99b5e66,ev-303323f5e224a762,kaz-c97c1b9e1718,Medet Zhanbulatuly,Medet Zhanbulatuly,IMO,Kazakhstan,KAZ,2010,Silver medal,106,21,https://www.imo-official.org/results/contestant/19414/,https://www.imo-official.org/results/individual/country/KAZ/,html
part-69832a234a1482b5,ev-1f3d4e10eaf5a88d,kaz-016e33a136a1,Nursultan Khadjimuratov,Nursultan Khadjimuratov,IMO,Kazakhstan,KAZ,2010,Gold medal,11,32,https://www.imo-official.org/results/contestant/17823/,https://www.imo-official.org/results/individual/country/KAZ/,html
part-5da443da44983403,ev-c50db29262cbe676,kaz-264dfb257029,Rauan Rakhmet,Rauan Rakhmet,IMO,Kazakhstan,KAZ,2010,Silver medal,76,22,https://www.imo-official.org/results/contestant/19457/,https://www.imo-official.org/results/individual/country/KAZ/,html
part-c53438e65c8da685,ev-82f57b569bb2b909,kaz-ebbffad91290,Birzhan Muldagaliyev,Birzhan Muldagaliyev,IMO,Kazakhstan,KAZ,2009,Bronze medal,220,17,https://www.imo-official.org/results/contestant/18610/,https://www.imo-official.org/results/individual/country/KAZ/,html
part-8ea4ebf3478952dc,ev-513b0124b279a30f,kaz-b60a544a248a,Kanat Satylkhanov,Kanat Satylkhanov,IMO,Kazakhstan,KAZ,2009,Silver medal,83,28,https://www.imo-official.org/results/contestant/18587/,https://www.imo-official.org/results/individual/country/KAZ/,html
part-33f945c53413005c,ev-0c476f8a0fac01a5,kaz-016e33a136a1,Nursultan Khadjimuratov,Nursultan Khadjimuratov,IMO,Kazakhstan,KAZ,2009,Silver medal,130,24,https://www.imo-official.org/results/contestant/17823/,https://www.imo-official.org/results/individual/country/KAZ/,html
part-f239c2132852b3ce,ev-1be8919db5e61415,kaz-860c6f9abbfa,Sanzhar Orazbayev,Sanzhar Orazbayev,IMO,Kazakhstan,KAZ,2009,Bronze medal,208,18,https://www.imo-official.org/results/contestant/17824/,https://www.imo-official.org/results/individual/country/KAZ/,html
part-fb4120229a361c25,ev-140448cf9d872c75,kaz-47297d0b8770,Tolebi Sailauov,Tolebi Sailauov,IMO,Kazakhstan,KAZ,2009,Bronze medal,148,23,https://www.imo-official.org/results/contestant/18611/,https://www.imo-official.org/results/individual/country/KAZ/,html
part-5f74892636de8aab,ev-e7dcfed99ec0debf,kaz-41f531ed3520,Yegor Klochkov,Yegor Klochkov,IMO,Kazakhstan,KAZ,2009,Silver medal,110,26,https://www.imo-official.org/results/contestant/17820/,https://www.imo-official.org/results/individual/country/KAZ/,html
part-1daa9cf5a918e31d,ev-4a39e3d81a79086a,kaz-40e246e1831e,Asset Daliyev,Asset Daliyev,IMO,Kazakhstan,KAZ,2008,Bronze medal,212,16,https://www.imo-official.org/results/contestant/15614/,https://www.imo-official.org/results/individual/country/KAZ/,html
part-22d21f0ec5f6e6db,ev-0f1c5c4f7ff96a78,kaz-016e33a136a1,Nursultan Khadjimuratov,Nursultan Khadjimuratov,IMO,Kazakhstan,KAZ,2008,Silver medal,116,23,https://www.imo-official.org/results/contestant/17823/,https://www.imo-official.org/results/individual/country/KAZ/,html
part-7c6ad54b66da5c55,ev-64789e0a477cd396,kaz-860c6f9abbfa,Sanzhar Orazbayev,Sanzhar Orazbayev,IMO,Kazakhstan,KAZ,2008,Bronze medal,159,20,https://www.imo-official.org/results/contestant/17824/,https://www.imo-official.org/results/individual/country/KAZ/,html
part-1cc9fba063089dde,ev-7027987d65979e02,kaz-5eaeaf0aebf3,Tussupbekov Yerkin,Tussupbekov Yerkin,IMO,Kazakhstan,KAZ,2008,Silver medal,127,22,https://www.imo-official.org/results/contestant/17822/,https://www.imo-official.org/results/individual/country/KAZ/,html
part-200b005b97209107,ev-e944ec9abbed37a3,kaz-41f531ed3520,Yegor Klochkov,Yegor Klochkov,IMO,Kazakhstan,KAZ,2008,Gold medal,35,32,https://www.imo-official.org/results/contestant/17820/,https://www.imo-official.org/results/individual/country/KAZ/,html
part-5cfbf4ee75e4eb9c,ev-e8ebb7a8ff9db4d9,kaz-3fc7579c7a89,Yeskendir Kassenov,Yeskendir Kassenov,IMO,Kazakhstan,KAZ,2008,Bronze medal,238,15,https://www.imo-official.org/results/contestant/17825/,https://www.imo-official.org/results/individual/country/KAZ/,html
part-1d3cb285f7b917ed,ev-3a29e1095e7e50db,kaz-96fed62edd90,Adilzhan Ismailov,Adilzhan Ismailov,IMO,Kazakhstan,KAZ,2007,Honourable mention,293,11,https://www.imo-official.org/results/contestant/15618/,https://www.imo-official.org/results/individual/country/KAZ/,html
part-592de635d095d020,ev-1f773626cbe0572e,kaz-b045af74dc39,Alen Bayev,Alen Bayev,IMO,Kazakhstan,KAZ,2007,Bronze medal,145,18,https://www.imo-official.org/results/contestant/15615/,https://www.imo-official.org/results/individual/country/KAZ/,html
part-28e723cf726d6651,ev-eb6a87826d8b1452,kaz-a1eb0da72f42,Arman Diyarov,Arman Diyarov,IMO,Kazakhstan,KAZ,2007,Honourable mention,293,11,https://www.imo-official.org/results/contestant/15619/,https://www.imo-official.org/results/individual/country/KAZ/,html
part-0060aecbd0a2044d,ev-68c8989e20b46412,kaz-40e246e1831e,Asset Daliyev,Asset Daliyev,IMO,Kazakhstan,KAZ,2007,Bronze medal,145,18,https://www.imo-official.org/results/contestant/15614/,https://www.imo-official.org/results/individual/country/KAZ/,html
part-e517fabaad822c05,ev-9432049dc7a44939,kaz-c0f06a275839,Asset Mussagaliyev,Asset Mussagaliyev,IMO,Kazakhstan,KAZ,2007,Bronze medal,171,16,https://www.imo-official.org/results/contestant/9040/,https://www.imo-official.org/results/individual/country/KAZ/,html
part-0e44b090afc039a9,ev-0587f6b7f92596d4,kaz-3007575deed1,Igor Stassiy,Igor Stassiy,IMO,Kazakhstan,KAZ,2007,Silver medal,110,21,https://www.imo-official.org/results/contestant/15617/,https://www.imo-official.org/results/individual/country/KAZ/,html
part-e646d5f55daeaf03,ev-24d04d03ab3cf1e7,kaz-3c4d427574a2,Aizana Turmukhametova,Aizana Turmukhametova,IMO,Kazakhstan,KAZ,2006,Honourable mention,308,12,https://www.imo-official.org/results/contestant/9132/,https://www.imo-official.org/results/individual/country/KAZ/,html
part-8839fd54bd34a7e3,ev-f68abe1f54046cce,kaz-5b00b5124ff5,Andrey Kim,Andrey Kim,IMO,Kazakhstan,KAZ,2006,Bronze medal,150,17,https://www.imo-official.org/results/contestant/7857/,https://www.imo-official.org/results/individual/country/KAZ/,html
part-7afb17c730e22a4a,ev-7da3d79237a3b77c,kaz-c0f06a275839,Asset Mussagaliyev,Asset Mussagaliyev,IMO,Kazakhstan,KAZ,2006,Bronze medal,189,15,https://www.imo-official.org/results/contestant/9040/,https://www.imo-official.org/results/individual/country/KAZ/,html
part-48a0a3c4cca2efd3,ev-dfeea0057f022683,kaz-afe18421e5b7,Daulet Zhanguzin,Daulet Zhanguzin,IMO,Kazakhstan,KAZ,2006,Bronze medal,150,17,https://www.imo-official.org/results/contestant/8972/,https://www.imo-official.org/results/individual/country/KAZ/,html
part-ddefbadcf260c7e6,ev-1c42f251650fbc03,kaz-1bea50762a08,Merlan Nagidulin,Merlan Nagidulin,IMO,Kazakhstan,KAZ,2006,Bronze medal,189,15,https://www.imo-official.org/results/contestant/9039/,https://www.imo-official.org/results/individual/country/KAZ/,html
part-0258e90138cd3bef,ev-af1db3de84ff6047,kaz-b35790c250cd,Nurbol Duisenbayev,Nurbol Duisenbayev,IMO,Kazakhstan,KAZ,2006,Silver medal,117,19,https://www.imo-official.org/results/contestant/8547/,https://www.imo-official.org/results/individual/country/KAZ/,html
part-4c196afafa11d532,ev-22881daf3603ae6f,kaz-5b00b5124ff5,Andrey Kim,Andrey Kim,IMO,Kazakhstan,KAZ,2005,Silver medal,57,30,https://www.imo-official.org/results/contestant/7857/,https://www.imo-official.org/results/individual/country/KAZ/,html
part-16288d15ddafe4a0,ev-414b5deb86c18272,kaz-c5022eefe384,Asan Zholdassov,Asan Zholdassov,IMO,Kazakhstan,KAZ,2005,Honourable mention,296,8,https://www.imo-official.org/results/contestant/8614/,https://www.imo-official.org/results/individual/country/KAZ/,html
part-8ad4bae515cad515,ev-95364d86b3dd721f,kaz-612c627fb60c,Daniyar Kelbetov,Daniyar Kelbetov,IMO,Kazakhstan,KAZ,2005,Silver medal,93,26,https://www.imo-official.org/results/contestant/7983/,https://www.imo-official.org/results/individual/country/KAZ/,html
part-c4f54797ec3606f1,ev-1e552895691417ef,kaz-bcd45c045c97,Kairat Zhubayev,Kairat Zhubayev,IMO,Kazakhstan,KAZ,2005,Bronze medal,144,19,https://www.imo-official.org/results/contestant/8458/,https://www.imo-official.org/results/individual/country/KAZ/,html
part-b41de80e14a8d3fb,ev-7b999f40bb2fcd52,kaz-b35790c250cd,Nurbol Duisenbayev,Nurbol Duisenbayev,IMO,Kazakhstan,KAZ,2005,Bronze medal,243,12,https://www.imo-official.org/results/contestant/8547/,https://www.imo-official.org/results/individual/country/KAZ/,html
part-41f33598deeb3acf,ev-76185672c1de22d8,kaz-b48f403765ac,Viktor Sossin,Sossin Viktor,IMO,Kazakhstan,KAZ,2005,Bronze medal,175,17,https://www.imo-official.org/results/contestant/8489/,https://www.imo-official.org/results/individual/country/KAZ/,html
part-99151d3c984635be,ev-2c4b523ec5213c5d,kaz-5b00b5124ff5,Andrey Kim,Andrey Kim,IMO,Kazakhstan,KAZ,2004,Gold medal,38,32,https://www.imo-official.org/results/contestant/7857/,https://www.imo-official.org/results/individual/country/KAZ/,html
part-536dcd7bad258574,ev-e72271274e4a824f,kaz-c11d384a01db,Azamat Ukpegaziyev,Azamat Ukpegaziyev,IMO,Kazakhstan,KAZ,2004,,281,12,https://www.imo-official.org/results/contestant/8105/,https://www.imo-official.org/results/individual/country/KAZ/,html
part-1f9614b47e040f6d,ev-266ef4297010eb85,kaz-45c2d7c0bad6,Damir Yeliussizov,Damir Yeliusizov,IMO,Kazakhstan,KAZ,2004,Bronze medal,124,23,https://www.imo-official.org/results/contestant/7951/,https://www.imo-official.org/results/individual/country/KAZ/,html
part-758a3083d62d6523,ev-2dba5613ad5b6711,kaz-612c627fb60c,Daniyar Kelbetov,Daniyar Kelbetov,IMO,Kazakhstan,KAZ,2004,Bronze medal,159,21,https://www.imo-official.org/results/contestant/7983/,https://www.imo-official.org/results/individual/country/KAZ/,html
part-2af72189f7514a65,ev-bf3b47bc9a0bbde0,kaz-6a1491f166e0,Kuat Yessenov,Kuat Yessenov,IMO,Kazakhstan,KAZ,2004,Gold medal,12,37,https://www.imo-official.org/results/contestant/6950/,https://www.imo-official.org/results/individual/country/KAZ/,html
part-e14720315d67839d,ev-a78ea84645a77ae4,kaz-f9d3ca151739,Nurzhas Makishev,Nurzhas Makishev,IMO,Kazakhstan,KAZ,2004,,366,7,https://www.imo-official.org/results/contestant/8190/,https://www.imo-official.org/results/individual/country/KAZ/,html
part-e2466969b149cee6,ev-7b32044da0bf4d93,kaz-bfdcf65f4a6e,Anton Vassilyev,Anton Vassilyev,IMO,Kazakhstan,KAZ,2003,Honourable mention,211,12,https://www.imo-official.org/results/contestant/7586/,https://www.imo-official.org/results/individual/country/KAZ/,html
part-35a2d392d9f743b1,ev-c319ed4a8820c4bf,kaz-fae12779c8ad,Baurzhan Bektemirov,Baurzhan Bektemirov,IMO,Kazakhstan,KAZ,2003,Silver medal,50,25,https://www.imo-official.org/results/contestant/6432/,https://www.imo-official.org/results/individual/country/KAZ/,html
part-7c17518fa340d868,ev-c299166d123488ca,kaz-694369c06874,Baurzhan Urgunshbayev,Baurzhan Urgunshbayev,IMO,Kazakhstan,KAZ,2003,Silver medal,69,22,https://www.imo-official.org/results/contestant/7089/,https://www.imo-official.org/results/individual/country/KAZ/,html
part-628d1ddeb960c8ef,ev-27d4208ff28dcd65,kaz-3769a5a94566,Dauren Auzhani,Dauren Auzhani,IMO,Kazakhstan,KAZ,2003,Bronze medal,163,15,https://www.imo-official.org/results/contestant/7530/,https://www.imo-official.org/results/individual/country/KAZ/,html
part-94d17377a96f9328,ev-eb5899aa72d4278a,kaz-6a1491f166e0,Kuat Yessenov,Kuat Yessenov,IMO,Kazakhstan,KAZ,2003,Gold medal,29,29,https://www.imo-official.org/results/contestant/6950/,https://www.imo-official.org/results/individual/country/KAZ/,html
part-3daf2fc0ab9aae48,ev-9f737a14d54b4b9b,kaz-8b4bb46b3041,Meiram Murzabulatov,Meiram Murzabulatov,IMO,Kazakhstan,KAZ,2003,Bronze medal,138,16,https://www.imo-official.org/results/contestant/7080/,https://www.imo-official.org/results/individual/country/KAZ/,html
part-a0aabc14a6ab0f0b,ev-5022342bb19ccfb4,kaz-f0c3ebfd6e9a,Aman Zhumekeshov,Aman Zhumekeshov,IMO,Kazakhstan,KAZ,2002,Bronze medal,145,20,https://www.imo-official.org/results/contestant/6433/,https://www.imo-official.org/results/individual/country/KAZ/,html
part-f475fea3ed837166,ev-3aea33813381a18c,kaz-fae12779c8ad,Baurzhan Bektemirov,Baurzhan Bektemirov,IMO,Kazakhstan,KAZ,2002,Silver medal,40,28,https://www.imo-official.org/results/contestant/6432/,https://www.imo-official.org/results/individual/country/KAZ/,html
part-ba19c3f4a05e0ac1,ev-caee1d76b64f76f3,kaz-694369c06874,Baurzhan Urgunshbayev,Baurzhan Urgunshbayev,IMO,Kazakhstan,KAZ,2002,Bronze medal,201,15,https://www.imo-official.org/results/contestant/7089/,https://www.imo-official.org/results/individual/country/KAZ/,html
part-8f3acf382582cd25,ev-f43a28ff06852228,kaz-afd3a80b5994,Igor Ganichev,Igor Ganichev,IMO,Kazakhstan,KAZ,2002,Silver medal,40,28,https://www.imo-official.org/results/contestant/6042/,https://www.imo-official.org/results/individual/country/KAZ/,html
part-d22d845f52056a6d,ev-49c5f4d153cf7e48,kaz-6a1491f166e0,Kuat Yessenov,Kuat Yessenov,IMO,Kazakhstan,KAZ,2002,Silver medal,64,26,https://www.imo-official.org/results/contestant/6950/,https://www.imo-official.org/results/individual/country/KAZ/,html
part-e6a7206fb53e075a,ev-c34ea91f0edf011a,kaz-8b4bb46b3041,Meiram Murzabulatov,Meiram Murzabulatov,IMO,Kazakhstan,KAZ,2002,Bronze medal,191,16,https://www.imo-official.org/results/contestant/7080/,https://www.imo-official.org/results/individual/country/KAZ/,html
part-8313824bb8f961e1,ev-9f06de2ac937cf5b,kaz-abe907ea7b16,Alibek Aldangarov,Alibek Aldangarov,IMO,Kazakhstan,KAZ,2001,Gold medal,28,32,https://www.imo-official.org/results/contestant/5935/,https://www.imo-official.org/results/individual/country/KAZ/,html
part-ed93e6f5006a80ff,ev-39acb963f90f9964,kaz-f0c3ebfd6e9a,Aman Zhumekeshov,Aman Zhumekeshov,IMO,Kazakhstan,KAZ,2001,Gold medal,21,33,https://www.imo-official.org/results/contestant/6433/,https://www.imo-official.org/results/individual/country/KAZ/,html
part-aa12288f147e40db,ev-cefd7a8b19207faf,kaz-fae12779c8ad,Baurzhan Bektemirov,Baurzhan Bektemirov,IMO,Kazakhstan,KAZ,2001,Gold medal,21,33,https://www.imo-official.org/results/contestant/6432/,https://www.imo-official.org/results/individual/country/KAZ/,html
part-0b8ae6bffd62d207,ev-a3a931931264da68,kaz-afd3a80b5994,Igor Ganichev,Igor Ganichev,IMO,Kazakhstan,KAZ,2001,Gold medal,33,31,https://www.imo-official.org/results/contestant/6042/,https://www.imo-official.org/results/individual/country/KAZ/,html
part-f5b90f0ac984029b,ev-01df770fc048f3f5,kaz-0f9baaef8ac0,Sergey Umentayev,Sergey Umentayev,IMO,Kazakhstan,KAZ,2001,Silver medal,40,29,https://www.imo-official.org/results/contestant/6450/,https://www.imo-official.org/results/individual/country/KAZ/,html
part-cda0ab512cc8f589,ev-4b4a85f4ceaff5f5,kaz-d1fb5b8f648d,Ulan Usserkulov,Ulan Usserkulov,IMO,Kazakhstan,KAZ,2001,Honourable mention,243,10,https://www.imo-official.org/results/contestant/6659/,https://www.imo-official.org/results/individual/country/KAZ/,html
part-93a22d0731567bde,ev-21e9c98af031534f,kaz-abe907ea7b16,Alibek Aldangarov,Alibek Aldangarov,IMO,Kazakhstan,KAZ,2000,Honourable mention,287,8,https://www.imo-official.org/results/contestant/5935/,https://www.imo-official.org/results/individual/country/KAZ/,html
part-27fe45d124780fcb,ev-9c19181cef2448b2,kaz-1c91927cfc70,Anuar Kaumbayev,Anuar Kaumbayev,IMO,Kazakhstan,KAZ,2000,Bronze medal,176,14,https://www.imo-official.org/results/contestant/6134/,https://www.imo-official.org/results/individual/country/KAZ/,html
part-25ef7b7ee59457b7,ev-4a198e96815b30a7,kaz-afd3a80b5994,Igor Ganichev,Igor Ganichev,IMO,Kazakhstan,KAZ,2000,Silver medal,89,22,https://www.imo-official.org/results/contestant/6042/,https://www.imo-official.org/results/individual/country/KAZ/,html
part-f32d543f3ce0dbbb,ev-9083ed8d115903d3,kaz-5da1ec7d4068,Rustem Takhanov,Rustem Takhanov,IMO,Kazakhstan,KAZ,2000,Bronze medal,176,14,https://www.imo-official.org/results/contestant/6133/,https://www.imo-official.org/results/individual/country/KAZ/,html
part-324ddecea340a508,ev-0d484ee2bb1d76ad,kaz-f3c66de0174f,Ulan Mukashev,Ulan Mukashev,IMO,Kazakhstan,KAZ,2000,Bronze medal,138,17,https://www.imo-official.org/results/contestant/5752/,https://www.imo-official.org/results/individual/country/KAZ/,html
part-942c7a8ec42a9ee3,ev-77fa954daeaeeba0,kaz-fc8646c120d2,Zhandos Yessenbayev,Zhandos Yessenbayev,IMO,Kazakhstan,KAZ,2000,Bronze medal,149,16,https://www.imo-official.org/results/contestant/5683/,https://www.imo-official.org/results/individual/country/KAZ/,html
part-d2249f1885ed6ff5,ev-61d938bcbfaca151,kaz-69e7f14df70f,Alexey Doktorovich,Alexey Doktorovich,IMO,Kazakhstan,KAZ,1999,Bronze medal,109,18,https://www.imo-official.org/results/contestant/5610/,https://www.imo-official.org/results/individual/country/KAZ/,html
part-08b4176781056318,ev-dd2342c25ff326bd,kaz-abe907ea7b16,Alibek Aldangarov,Alibek Aldangarov,IMO,Kazakhstan,KAZ,1999,,435,2,https://www.imo-official.org/results/contestant/5935/,https://www.imo-official.org/results/individual/country/KAZ/,html
part-c8c8382813cc5b1a,ev-4cb1dab1c0696a28,kaz-c41cd38943e8,Rustam Timirbekov,Rustam Timirbekov,IMO,Kazakhstan,KAZ,1999,Bronze medal,138,15,https://www.imo-official.org/results/contestant/5338/,https://www.imo-official.org/results/individual/country/KAZ/,html
part-50841b5246fe6634,ev-b02ae602ff6a0b4f,kaz-0606abc1583b,Shirali Kadyrov,Shirali Kadyrov,IMO,Kazakhstan,KAZ,1999,Bronze medal,159,14,https://www.imo-official.org/results/contestant/5666/,https://www.imo-official.org/results/individual/country/KAZ/,html
part-1873146a81bdde09,ev-26dc89845a9cd3aa,kaz-f3c66de0174f,Ulan Mukashev,Ulan Mukashev,IMO,Kazakhstan,KAZ,1999,Honourable mention,248,10,https://www.imo-official.org/results/contestant/5752/,https://www.imo-official.org/results/individual/country/KAZ/,html
part-cfcc74be52a5e694,ev-093dcb6c1ad5f2b8,kaz-fc8646c120d2,Zhandos Yessenbayev,Zhandos Yessenbayev,IMO,Kazakhstan,KAZ,1999,Bronze medal,178,13,https://www.imo-official.org/results/contestant/5683/,https://www.imo-official.org/results/individual/country/KAZ/,html
part-04b967c12400fd6e,ev-bb0f9fed7a398d4a,kaz-51f03f3fb603,Almas Sakhauyev,Almas Sakhavyev,IMO,Kazakhstan,KAZ,1998,Honourable mention,206,13,https://www.imo-official.org/results/contestant/5288/,https://www.imo-official.org/results/individual/country/KAZ/,html
part-f2b9c2117431903c,ev-40d3e9f3b98de36e,kaz-b41761cae333,Kirill Panov,Kirill Panov,IMO,Kazakhstan,KAZ,1998,,296,6,https://www.imo-official.org/results/contestant/5374/,https://www.imo-official.org/results/individual/country/KAZ/,html
part-c3737a0b1f46855f,ev-d1915243d20f8681,kaz-be34a221eedd,Mikhail Shakhmatov,Mikhail Shakhmatov,IMO,Kazakhstan,KAZ,1998,Bronze medal,104,23,https://www.imo-official.org/results/contestant/4800/,https://www.imo-official.org/results/individual/country/KAZ/,html
part-78899cea63735c9c,ev-760a02d972436169,kaz-a2011ec03297,Renat Bekbolatov,Renat Bekbolatov,IMO,Kazakhstan,KAZ,1998,Bronze medal,145,19,https://www.imo-official.org/results/contestant/4858/,https://www.imo-official.org/results/individual/country/KAZ/,html
part-d8bdbd7555a4f6c7,ev-114bb6e3d485f597,kaz-c41cd38943e8,Rustam Timirbekov,Rustam Timirbekov,IMO,Kazakhstan,KAZ,1998,Honourable mention,253,9,https://www.imo-official.org/results/contestant/5338/,https://www.imo-official.org/results/individual/country/KAZ/,html
part-b312222348e58b4a,ev-3872cfc81ea9ee10,kaz-68b763708761,Talap Akashev,Talap Akashev,IMO,Kazakhstan,KAZ,1998,Honourable mention,226,11,https://www.imo-official.org/results/contestant/4896/,https://www.imo-official.org/results/individual/country/KAZ/,html
part-3d223541bdd0c044,ev-f5ce004cd397b036,kaz-91962e6612b3,Iskander Karibzhanov,Iskander Karibzhanov,IMO,Kazakhstan,KAZ,1997,Honourable mention,299,9,https://www.imo-official.org/results/contestant/4924/,https://www.imo-official.org/results/individual/country/KAZ/,html
part-8a3fa290948b457c,ev-a3a403c365f4bc72,kaz-be34a221eedd,Mikhail Shakhmatov,Mikhail Shakhmatov,IMO,Kazakhstan,KAZ,1997,Bronze medal,177,18,https://www.imo-official.org/results/contestant/4800/,https://www.imo-official.org/results/individual/country/KAZ/,html
part-618af3bb65dd9e0a,ev-ad2f70bf29d48c6f,kaz-a2011ec03297,Renat Bekbolatov,Renat Bekbolatov,IMO,Kazakhstan,KAZ,1997,Honourable mention,232,14,https://www.imo-official.org/results/contestant/4858/,https://www.imo-official.org/results/individual/country/KAZ/,html
part-b77cb3d57fa32c03,ev-6b7ae7919495cbb6,kaz-68b763708761,Talap Akashev,Talap Akashev,IMO,Kazakhstan,KAZ,1997,Honourable mention,272,11,https://www.imo-official.org/results/contestant/4896/,https://www.imo-official.org/results/individual/country/KAZ/,html
part-dbb02af17cd7c60b,ev-f157d9c0cd3a0fc8,kaz-09e9190640e1,Vitaliy Tsvayer,Vitaliy Tsvayer,IMO,Kazakhstan,KAZ,1997,,340,7,https://www.imo-official.org/results/contestant/4962/,https://www.imo-official.org/results/individual/country/KAZ/,html
part-3eeed46b12710ba3,ev-6d658b13e0825664,kaz-514026a01ba3,Yerlan Jumabayev,Yerlan Jumabayev,IMO,Kazakhstan,KAZ,1997,Honourable mention,232,14,https://www.imo-official.org/results/contestant/4857/,https://www.imo-official.org/results/individual/country/KAZ/,html
part-90290afa43f1f411,ev-179e1aae5db46a02,kaz-6c47e89eeff1,Alexander Zaitsev,Alexander Zaitsev,IMO,Kazakhstan,KAZ,1996,,353,3,https://www.imo-official.org/results/contestant/4547/,https://www.imo-official.org/results/individual/country/KAZ/,html
part-bb905532039794f3,ev-8806db8774ac4ceb,kaz-5f05301e71f7,Arnur Tokhtabayev,Arnur Toktabayev,IMO,Kazakhstan,KAZ,1996,,353,3,https://www.imo-official.org/results/contestant/4548/,https://www.imo-official.org/results/individual/country/KAZ/,html
part-6ece90788523e778,ev-b3cac7cfe92a4cf7,kaz-6baf22bf0570,Dimitry Dzyabayev,Dimitry Dzyabayev,IMO,Kazakhstan,KAZ,1996,,392,1,https://www.imo-official.org/results/contestant/4590/,https://www.imo-official.org/results/individual/country/KAZ/,html
part-1fff29cc4b88e754,ev-0fd257fb33a1a809,kaz-7720cc1cbeae,Erke Nurkenov,Erke Nurkenov,IMO,Kazakhstan,KAZ,1996,,372,2,https://www.imo-official.org/results/contestant/4573/,https://www.imo-official.org/results/individual/country/KAZ/,html
part-b7d18d5cc3920cdd,ev-f8c31c83e684ef71,kaz-55cdb586d884,Nurzhan Kadzhiakbarov,Nurzhan Kajikabarov,IMO,Kazakhstan,KAZ,1996,,325,4,https://www.imo-official.org/results/contestant/4524/,https://www.imo-official.org/results/individual/country/KAZ/,html
part-b251bfa43c326850,ev-7acb56341eecebc5,kaz-a2011ec03297,Renat Bekbolatov,Renat Bekbolatov,IMO,Kazakhstan,KAZ,1996,,248,7,https://www.imo-official.org/results/contestant/4858/,https://www.imo-official.org/results/individual/country/KAZ/,html
part-8a633056a6293b4c,ev-afe8a9d0e7e46c2e,kaz-2dda7e7144cb,Almaz Kungozhin,Almaz Kungozhin,IMO,Kazakhstan,KAZ,1995,Honourable mention,263,13,https://www.imo-official.org/results/contestant/4050/,https://www.imo-official.org/results/individual/country/KAZ/,html
part-b86b952bbca3d11e,ev-8eaecb4ee9389ffa,kaz-76ccb7b42a10,Dauren Karabaev,Dauren Karabaev,IMO,Kazakhstan,KAZ,1995,,370,3,https://www.imo-official.org/results/contestant/4152/,https://www.imo-official.org/results/individual/country/KAZ/,html
part-9b7b50650ac92682,ev-8a377e298f88b360,kaz-39523361f70b,Eldos Samalov,Eldos Samalov,IMO,Kazakhstan,KAZ,1995,,370,3,https://www.imo-official.org/results/contestant/4151/,https://www.imo-official.org/results/individual/country/KAZ/,html
part-41944ef40abed224,ev-f71d05e1556b4e2d,kaz-8c9c1b2b81a6,Mikhail Okhin,Mikhail Okhin,IMO,Kazakhstan,KAZ,1995,Honourable mention,263,13,https://www.imo-official.org/results/contestant/4051/,https://www.imo-official.org/results/individual/country/KAZ/,html
part-02546e2d7e71b7ab,ev-1e57e6a9f10ccfd9,kaz-b788eb650e7a,Nurgali Arystanov,Nurgali Arystanov,IMO,Kazakhstan,KAZ,1995,Honourable mention,230,15,https://www.imo-official.org/results/contestant/4012/,https://www.imo-official.org/results/individual/country/KAZ/,html
part-bad91d5b776f7121,ev-ce4f593d64ace745,kaz-b22287fe1ff1,Zhaidarzhan Zataev,Zhaidarzhan Zataev,IMO,Kazakhstan,KAZ,1995,,329,7,https://www.imo-official.org/results/contestant/4109/,https://www.imo-official.org/results/individual/country/KAZ/,html
part-353708987e2cce4c,ev-c3e1d80a7b0b3269,kaz-674cd62ab22c,Aibatyr Zhumagulov,Aibatyr Zhumagulov,IMO,Kazakhstan,KAZ,1993,Bronze medal,151,14,https://www.imo-official.org/results/contestant/3302/,https://www.imo-official.org/results/individual/country/KAZ/,html
part-c3c03e4695a3253e,ev-f01ae1cdd7682f10,kaz-094a17bb49f6,Alexander Averjanov,Alexander Averjanov,IMO,Kazakhstan,KAZ,1993,Silver medal,83,21,https://www.imo-official.org/results/contestant/3452/,https://www.imo-official.org/results/individual/country/KAZ/,html
part-2c661aeab4649e0e,ev-5219f8b81554ebdb,kaz-1d6bad0a9a90,Daulet Turetayev,Daulet Turetaev,IMO,Kazakhstan,KAZ,1993,,339,3,https://www.imo-official.org/results/contestant/3714/,https://www.imo-official.org/results/individual/country/KAZ/,html
part-250cac371b12f6bd,ev-be42a4eafb77746a,kaz-fae1a82e7a9a,Gani Nazirov,Gani Nazirov,IMO,Kazakhstan,KAZ,1993,Bronze medal,111,18,https://www.imo-official.org/results/contestant/3154/,https://www.imo-official.org/results/individual/country/KAZ/,html
part-d158ba63e5d3d4ff,ev-e2763fcb23d66190,kaz-78ad0418eb0b,Roman Kriven,Roman Kriven,IMO,Kazakhstan,KAZ,1993,,284,5,https://www.imo-official.org/results/contestant/3658/,https://www.imo-official.org/results/individual/country/KAZ/,html
part-b2a8d3e9d007f323,ev-2dfcbe06bb981f69,kaz-dc581aaabaee,Zharas Bajdelʻdinov,Zharas Bajdelʻdinov,IMO,Kazakhstan,KAZ,1993,Bronze medal,102,19,https://www.imo-official.org/results/contestant/3471/,https://www.imo-official.org/results/individual/country/KAZ/,html
part-19da996592c9e3bb,ev-a3ee3df50a00d131,kaz-674cd62ab22c,Aibatyr Zhumagulov,Aibatyr Zhumagulov,IMO,Kazakhstan,KAZ,1992,,263,6,https://www.imo-official.org/results/contestant/3302/,https://www.imo-official.org/results/individual/country/KAZ/,html
part-88acaaf62724d0a3,ev-f9c8f79db8530435,kaz-8282f3ec5f44,Almas Rymov,Almas Rymov,IMO,Kazakhstan,KAZ,1992,Bronze medal,142,15,https://www.imo-official.org/results/contestant/3171/,https://www.imo-official.org/results/individual/country/KAZ/,html
part-2fc4f09f4b9f9c2d,ev-00c77e67a60e9044,kaz-e4459aeba14c,Azamat Sarsembaev,Azamat Sarsembaev,IMO,Kazakhstan,KAZ,1992,Bronze medal,130,16,https://www.imo-official.org/results/contestant/3155/,https://www.imo-official.org/results/individual/country/KAZ/,html
part-5e402d2399693652,ev-c73bb6567162a466,kaz-fae1a82e7a9a,Gani Nazirov,Gani Nazirov,IMO,Kazakhstan,KAZ,1992,Bronze medal,130,16,https://www.imo-official.org/results/contestant/3154/,https://www.imo-official.org/results/individual/country/KAZ/,html
part-e3d8707c0f638b64,ev-256fb1bc2be57e4f,kaz-8deb08a4e5fd,Yevgeni Poroshenko,Yevgeni Poroshenko,IMO,Kazakhstan,KAZ,1992,Honourable mention,186,12,https://www.imo-official.org/results/contestant/3210/,https://www.imo-official.org/results/individual/country/KAZ/,html
part-fb568e763d3f8f54,ev-8f35cf5cc1e58e2d,kaz-49f853356dc6,Yevgeni Yakovlev,Yevgeni Yakovlev,IMO,Kazakhstan,KAZ,1992,Bronze medal,142,15,https://www.imo-official.org/results/contestant/3170/,https://www.imo-official.org/results/individual/country/KAZ/,html
part-0c9678767774e759,ev-c9aa46d219150156,kaz-822bb4ee42e0,Akezhan Askar,Akezhan Askar,IOI,Kazakhstan,KAZ,2026,Silver,73/386,320.55,,https://stats.ioinformatics.org/results/KAZ,scoreboard
part-8168b589d05bb09c,ev-f7d02439e4feed29,kaz-175c23c0ca43,Aldiyar Seitbay,Aldiyar Seitbay,IOI,Kazakhstan,KAZ,2026,Silver,48/386,343.79,,https://stats.ioinformatics.org/results/KAZ,scoreboard
part-fbde822f1f3d0118,ev-0b21853ca5fd3901,kaz-ec0591e8ac95,Mansur Mamadakhunov,Mansur Mamadakhunov,IOI,Kazakhstan,KAZ,2026,Silver,54/386,339.91,,https://stats.ioinformatics.org/results/KAZ,scoreboard
part-017be7f1473dcf1f,ev-73ab161ecbe1550b,kaz-618279226751,Maxim Tsoy,Maxim Tsoy,IOI,Kazakhstan,KAZ,2026,Gold,5/386,452.33,,https://stats.ioinformatics.org/results/KAZ,scoreboard
part-21378557a53932c3,ev-90595e349ab156ac,kaz-822bb4ee42e0,Akezhan Askar,Akezhan Askar,IOI,Kazakhstan,KAZ,2025,Silver,72/330,352.49,https://stats.ioinformatics.org/people/8684,https://stats.ioinformatics.org/results/KAZ,html
part-ee4b5cedb4521760,ev-4ae0b9b25d6a0340,kaz-2d51fec0f8cd,Dauzhan Beketov,Dauzhan Beketov,IOI,Kazakhstan,KAZ,2025,Bronze,84/330,336.95,https://stats.ioinformatics.org/people/8685,https://stats.ioinformatics.org/results/KAZ,html
part-9f5cfedd3399dc9c,ev-df386428c450c94d,kaz-ec0591e8ac95,Mansur Mamadakhunov,Mansur Mamadakhunov,IOI,Kazakhstan,KAZ,2025,Silver,67/330,360.79,https://stats.ioinformatics.org/people/8082,https://stats.ioinformatics.org/results/KAZ,html
part-2c22fddfbf630016,ev-94b12c2ba36e355a,kaz-618279226751,Maxim Tsoy,Maxim Tsoy,IOI,Kazakhstan,KAZ,2025,Silver,29/330,436.72,https://stats.ioinformatics.org/people/8348,https://stats.ioinformatics.org/results/KAZ,html
part-fd0049a542570f89,ev-bd8b6b7b489ddf46,kaz-275559ab7cdd,Akhmet Issa,Akhmet Issa,IOI,Kazakhstan,KAZ,2024,Bronze,148/353,240.47,https://stats.ioinformatics.org/people/8346,https://stats.ioinformatics.org/results/KAZ,html
part-c6f19c691b7dcd98,ev-898846343b856a96,kaz-b32bd2df1cfe,Mansur Taimas,Mansur Taimas,IOI,Kazakhstan,KAZ,2024,Silver,73/353,307.19,https://stats.ioinformatics.org/people/8347,https://stats.ioinformatics.org/results/KAZ,html
part-b253a90918801e0b,ev-381dc29b7f2dfe60,kaz-618279226751,Maxim Tsoy,Maxim Tsoy,IOI,Kazakhstan,KAZ,2024,Silver,57/353,322.89,https://stats.ioinformatics.org/people/8348,https://stats.ioinformatics.org/results/KAZ,html
part-87bef23ca0006c38,ev-4f4592c5e269fd86,kaz-8ba9adfc1870,Nazar Serazitdinov,Nazar Serazitdinov,IOI,Kazakhstan,KAZ,2024,Silver,86/353,289.81,https://stats.ioinformatics.org/people/8083,https://stats.ioinformatics.org/results/KAZ,html
part-9783819a571d85a4,ev-22009eed798545cf,kaz-ec0591e8ac95,Mansur Mamadakhunov,Mansur Mamadakhunov,IOI,Kazakhstan,KAZ,2023,Honourable Mention,184/350,148.0,https://stats.ioinformatics.org/people/8082,https://stats.ioinformatics.org/results/KAZ,html
part-08ab1a466fec2efe,ev-8d204d12681f4f28,kaz-8ba9adfc1870,Nazar Serazitdinov,Nazar Serazitdinov,IOI,Kazakhstan,KAZ,2023,Bronze,175/350,153.0,https://stats.ioinformatics.org/people/8083,https://stats.ioinformatics.org/results/KAZ,html
part-d80d3da07af7bd4f,ev-4474f5c433b7a103,kaz-bda0b6a1ab68,Taimas Korganbayev,Taimas Korganbayev,IOI,Kazakhstan,KAZ,2023,Silver,70/350,247.0,https://stats.ioinformatics.org/people/7809,https://stats.ioinformatics.org/results/KAZ,html
part-ac6e9cb3845265c3,ev-12f22f96486ffc5f,kaz-36f5d4e0f896,Van Li,Van Li,IOI,Kazakhstan,KAZ,2023,Honourable Mention,199/350,141.0,https://stats.ioinformatics.org/people/7810,https://stats.ioinformatics.org/results/KAZ,html
part-b2555a6f552feacb,ev-801f92f5b6e1299e,kaz-69f40396a2e9,Mukhammadarif Sakhmoldin,Mukhammadarif Sakhmoldin,IOI,Kazakhstan,KAZ,2022,Silver,87/349,257.94,https://stats.ioinformatics.org/people/7499,https://stats.ioinformatics.org/results/KAZ,html
part-90955158522f71cf,ev-fdc04646ec48d5fc,kaz-bda0b6a1ab68,Taimas Korganbayev,Taimas Korganbayev,IOI,Kazakhstan,KAZ,2022,Bronze,100/349,239.00,https://stats.ioinformatics.org/people/7809,https://stats.ioinformatics.org/results/KAZ,html
part-dc177e3f37da0e77,ev-2a6b0e6c912225f9,kaz-36f5d4e0f896,Van Li,Van Li,IOI,Kazakhstan,KAZ,2022,Bronze,165/349,160.90,https://stats.ioinformatics.org/people/7810,https://stats.ioinformatics.org/results/KAZ,html
part-0514094d08fe41da,ev-af1afc035fb63771,kaz-0f47bbbea1f0,Zhambyl Maksotov,Zhambyl Maksotov,IOI,Kazakhstan,KAZ,2022,Silver,78/349,278.00,https://stats.ioinformatics.org/people/7160,https://stats.ioinformatics.org/results/KAZ,html
part-84fb0f522f3b90bc,ev-55d008108d4c6ce5,kaz-e97b6a989458,Altair Ashurov,Altair Ashurov,IOI,Kazakhstan,KAZ,2021,Bronze,114/351,252,https://stats.ioinformatics.org/people/7497,https://stats.ioinformatics.org/results/KAZ,html
part-6c524363c7604e0c,ev-c5d412c0d1e46e1d,kaz-776ae509d19e,Mansur Mukimbekov,Mansur Mukimbekov,IOI,Kazakhstan,KAZ,2021,Bronze,112/351,254,https://stats.ioinformatics.org/people/7498,https://stats.ioinformatics.org/results/KAZ,html
part-0b7ea604b5cd11c9,ev-e8719756017b0f70,kaz-69f40396a2e9,Mukhammadarif Sakhmoldin,Mukhammadarif Sakhmoldin,IOI,Kazakhstan,KAZ,2021,Bronze,140/351,225,https://stats.ioinformatics.org/people/7499,https://stats.ioinformatics.org/results/KAZ,html
part-8f7f0ac3eca5ecfb,ev-fb0ac6bc0c9ca569,kaz-0f47bbbea1f0,Zhambyl Maksotov,Zhambyl Maksotov,IOI,Kazakhstan,KAZ,2021,Bronze,102/351,268,https://stats.ioinformatics.org/people/7160,https://stats.ioinformatics.org/results/KAZ,html
part-04b136ac3abb80a9,ev-e3ec4b28fd36866e,kaz-f1194a0f246c,Parassat Kyzyrkanov,Parassat Kyzyrkanov,IOI,Kazakhstan,KAZ,2020,,194/343,210.46,https://stats.ioinformatics.org/people/7158,https://stats.ioinformatics.org/results/KAZ,html
part-ced2c1a066a0a128,ev-348193167ac4d054,kaz-c6c074aef2cf,Temirlan Baibolov,Temirlan Baibolov,IOI,Kazakhstan,KAZ,2020,Silver,53/343,403.62,https://stats.ioinformatics.org/people/6856,https://stats.ioinformatics.org/results/KAZ,html
part-5bf38f1a2f937905,ev-09448ef88038561c,kaz-56660a53cf0d,Timur Ratnikov,Timur Ratnikov,IOI,Kazakhstan,KAZ,2020,,187/343,219.93,https://stats.ioinformatics.org/people/7159,https://stats.ioinformatics.org/results/KAZ,html
part-fa81cd21ef210a63,ev-c061f07fa20c464b,kaz-0f47bbbea1f0,Zhambyl Maksotov,Zhambyl Maksotov,IOI,Kazakhstan,KAZ,2020,,176/343,230.32,https://stats.ioinformatics.org/people/7160,https://stats.ioinformatics.org/results/KAZ,html
part-fc56b55a86c9c829,ev-910ff3fdf7ceea0f,kaz-da119ef48a6d,Batyr Sardarbekov,Batyr Sardarbekov,IOI,Kazakhstan,KAZ,2019,Gold,23/327,422.81,https://stats.ioinformatics.org/people/6855,https://stats.ioinformatics.org/results/KAZ,html
part-a32a09d1a813b728,ev-4c29547f75a708c7,kaz-c1c8ab962b25,Daniyar Zakarin,Daniyar Zakarin,IOI,Kazakhstan,KAZ,2019,Silver,64/327,351.24,https://stats.ioinformatics.org/people/6567,https://stats.ioinformatics.org/results/KAZ,html
part-862c13adc6ad3c9f,ev-d2a96ab611cbd03b,kaz-c6c074aef2cf,Temirlan Baibolov,Temirlan Baibolov,IOI,Kazakhstan,KAZ,2019,Bronze,104/327,301.37,https://stats.ioinformatics.org/people/6856,https://stats.ioinformatics.org/results/KAZ,html
part-9ab5f8bb62e4cf72,ev-04f4828bbd557723,kaz-7b9356cf00a8,Zhan Kurbanbayev,Zhan Kurbanbayev,IOI,Kazakhstan,KAZ,2019,Bronze,152/327,262.67,https://stats.ioinformatics.org/people/6857,https://stats.ioinformatics.org/results/KAZ,html
part-d318c0bbc6ae9ab1,ev-b7e46e90995506c7,kaz-c1c8ab962b25,Daniyar Zakarin,Daniyar Zakarin,IOI,Kazakhstan,KAZ,2018,Silver,51/335,303,https://stats.ioinformatics.org/people/6567,https://stats.ioinformatics.org/results/KAZ,html
part-b589ded6ab52c6da,ev-edff32e426b4c6e7,kaz-efdb0d38601b,Nurbakyt Madibek,Nurbakyt Madibek,IOI,Kazakhstan,KAZ,2018,Bronze,93/335,262,https://stats.ioinformatics.org/people/5942,https://stats.ioinformatics.org/results/KAZ,html
part-5f9b496db6a9fc8c,ev-bdb6a5cff914eba0,kaz-569883c06e81,Nurlykhan Kairly,Nurlykhan Kairly,IOI,Kazakhstan,KAZ,2018,Bronze,166/335,189,https://stats.ioinformatics.org/people/6268,https://stats.ioinformatics.org/results/KAZ,html
part-f8cebe6553b84dd7,ev-914d271aadc8e57b,kaz-0869880ec7a7,Sanzhar Bidaibek,Sanzhar Bidaibek,IOI,Kazakhstan,KAZ,2018,Bronze,157/335,203,https://stats.ioinformatics.org/people/5941,https://stats.ioinformatics.org/results/KAZ,html
part-bc49e6731ae07be8,ev-7519c44d0708957a,kaz-5c429c277917,Askhat Zhalgasov,Askhat Zhalgasov,IOI,Kazakhstan,KAZ,2017,Bronze,108/304,201.32,https://stats.ioinformatics.org/people/6269,https://stats.ioinformatics.org/results/KAZ,html
part-d63eac8aabd8cd0e,ev-9b029b73d722b362,kaz-efdb0d38601b,Nurbakyt Madibek,Nurbakyt Madibek,IOI,Kazakhstan,KAZ,2017,Silver,58/304,278.04,https://stats.ioinformatics.org/people/5942,https://stats.ioinformatics.org/results/KAZ,html
part-b7abdeade5809d50,ev-4c57a12239952002,kaz-569883c06e81,Nurlykhan Kairly,Nurlykhan Kairly,IOI,Kazakhstan,KAZ,2017,Bronze,134/304,162.00,https://stats.ioinformatics.org/people/6268,https://stats.ioinformatics.org/results/KAZ,html
part-98bca6872f97403e,ev-37be3a1adbfb95f0,kaz-0869880ec7a7,Sanzhar Bidaibek,Sanzhar Bidaibek,IOI,Kazakhstan,KAZ,2017,Bronze,94/304,227.55,https://stats.ioinformatics.org/people/5941,https://stats.ioinformatics.org/results/KAZ,html
part-f8310ccce5e1f655,ev-556d89a112d963fd,kaz-ce2eeb5d3d04,Nazarbek Altybay,Nazarbek Altybay,IOI,Kazakhstan,KAZ,2016,Silver,74/308,328,https://stats.ioinformatics.org/people/5638,https://stats.ioinformatics.org/results/KAZ,html
part-196c48d885f92e01,ev-242c6ef74be49055,kaz-efdb0d38601b,Nurbakyt Madibek,Nurbakyt Madibek,IOI,Kazakhstan,KAZ,2016,Silver,29/308,411,https://stats.ioinformatics.org/people/5942,https://stats.ioinformatics.org/results/KAZ,html
part-a2931e14e6797e69,ev-650368c020e1b80d,kaz-0869880ec7a7,Sanzhar Bidaibek,Sanzhar Bidaibek,IOI,Kazakhstan,KAZ,2016,Silver,55/308,353,https://stats.ioinformatics.org/people/5941,https://stats.ioinformatics.org/results/KAZ,html
part-d4d383368306962a,ev-8755e4f06feb3c87,kaz-663572d0d26e,Shaikhitdin Nezametdinov,Shaikhitdin Nezametdinov,IOI,Kazakhstan,KAZ,2016,Bronze,118/308,272,https://stats.ioinformatics.org/people/5943,https://stats.ioinformatics.org/results/KAZ,html
part-2f0179806dfb6d4f,ev-89127b3c3b8cf5c5,kaz-674fe7c75a81,Bekzhan Bekbolatuly,Bekzhan Bekbolatuly,IOI,Kazakhstan,KAZ,2015,Silver,33/322,415.55,https://stats.ioinformatics.org/people/5639,https://stats.ioinformatics.org/results/KAZ,html
part-2e3dfaacad79868b,ev-762aa446616869e1,kaz-7e3271c82f49,Daniyar Maminov,Daniyar Maminov,IOI,Kazakhstan,KAZ,2015,Bronze,83/322,323.55,https://stats.ioinformatics.org/people/5126,https://stats.ioinformatics.org/results/KAZ,html
part-e9ef7c61e5cf0798,ev-f29fcdfda4745ef3,kaz-42799b8826c4,Meirambek Omyrzak,Meirambek Omyrzak,IOI,Kazakhstan,KAZ,2015,Silver,35/322,414.90,https://stats.ioinformatics.org/people/3114,https://stats.ioinformatics.org/results/KAZ,html
part-1a24f9870286e28b,ev-6bf484fb25b12c89,kaz-ce2eeb5d3d04,Nazarbek Altybay,Nazarbek Altybay,IOI,Kazakhstan,KAZ,2015,Silver,41/322,402.55,https://stats.ioinformatics.org/people/5638,https://stats.ioinformatics.org/results/KAZ,html
part-3d2c02936deb8ba9,ev-79a8ee2c1c4606de,kaz-7e3271c82f49,Daniyar Maminov,Daniyar Maminov,IOI,Kazakhstan,KAZ,2014,Bronze,90/311,319,https://stats.ioinformatics.org/people/5126,https://stats.ioinformatics.org/results/KAZ,html
part-10153aaf4efca652,ev-091cfa1b4b739dcc,kaz-a8612d505db7,Miras Myrzakerey,Miras Myrzakerey,IOI,Kazakhstan,KAZ,2014,Silver,66/311,364,https://stats.ioinformatics.org/people/5125,https://stats.ioinformatics.org/results/KAZ,html
part-c13ef555a95c5a18,ev-9ae4261e1f78f23a,kaz-88a74ae3e050,Nurlan Zhussipov,Nurlan Zhussipov,IOI,Kazakhstan,KAZ,2014,,162/311,210,https://stats.ioinformatics.org/people/3116,https://stats.ioinformatics.org/results/KAZ,html
part-80bf2bc199c058dd,ev-3dd4e3351024f75e,kaz-f394810a66fa,Ulugbek Adilbekov,Ulugbek Adilbekov,IOI,Kazakhstan,KAZ,2014,Silver,82/311,323,https://stats.ioinformatics.org/people/5127,https://stats.ioinformatics.org/results/KAZ,html
part-e50ab58c41e82ff1,ev-9270af08d9d3da33,kaz-6e64602de321,Aman Sariyev,Aman Sariyev,IOI,Kazakhstan,KAZ,2013,,165/299,200,https://stats.ioinformatics.org/people/2716,https://stats.ioinformatics.org/results/KAZ,html
part-06971140bf4b3083,ev-a2505a2b84b8094d,kaz-42799b8826c4,Meirambek Omyrzak,Meirambek Omyrzak,IOI,Kazakhstan,KAZ,2013,,190/299,155,https://stats.ioinformatics.org/people/3114,https://stats.ioinformatics.org/results/KAZ,html
part-13fe545f2fdaf96c,ev-fe8421266d9c18d5,kaz-88a74ae3e050,Nurlan Zhussipov,Nurlan Zhussipov,IOI,Kazakhstan,KAZ,2013,Bronze,120/299,270,https://stats.ioinformatics.org/people/3116,https://stats.ioinformatics.org/results/KAZ,html
part-2a6a58a797ed00d1,ev-07786811d75d7706,kaz-9aa80e862003,Zhanadil Nurtoleuov,Zhanadil Nurtoleuov,IOI,Kazakhstan,KAZ,2013,,164/299,201,https://stats.ioinformatics.org/people/3115,https://stats.ioinformatics.org/results/KAZ,html
part-10c4610445f502f1,ev-912663a9a942eea3,kaz-6e64602de321,Aman Sariyev,Aman Sariyev,IOI,Kazakhstan,KAZ,2012,Silver,69/310,247,https://stats.ioinformatics.org/people/2716,https://stats.ioinformatics.org/results/KAZ,html
part-7ad1330612f5ff42,ev-50b86594541605d0,kaz-dc3a6a35b589,Dauren Muratov,Dauren Muratov,IOI,Kazakhstan,KAZ,2012,,225/310,83,https://stats.ioinformatics.org/people/2821,https://stats.ioinformatics.org/results/KAZ,html
part-22a9ef37d449e36f,ev-c9c90a84aabc74c2,kaz-74fe1fe53ea1,Madi Khamitbekov,Madi Khamitbekov,IOI,Kazakhstan,KAZ,2012,Silver,74/310,243,https://stats.ioinformatics.org/people/1389,https://stats.ioinformatics.org/results/KAZ,html
part-c6334047fd903148,ev-2dfae063b01ebd72,kaz-444dd6943eb0,Vyacheslav Kim,Vyacheslav Kim,IOI,Kazakhstan,KAZ,2012,Silver,41/310,306,https://stats.ioinformatics.org/people/2474,https://stats.ioinformatics.org/results/KAZ,html
part-f2115365bb9bbe26,ev-6c921179728c62f9,kaz-0622dfe9a63f,Ali Dautalinov,Ali Dautalinov,IOI,Kazakhstan,KAZ,2011,Bronze,79/303,367,https://stats.ioinformatics.org/people/134,https://stats.ioinformatics.org/results/KAZ,html
part-64fe1886ea53394d,ev-a0f4380a81a3e4c3,kaz-f4ec7f952510,Ali-Amir Aldan,Ali-Amir Aldan,IOI,Kazakhstan,KAZ,2011,Silver,55/303,408,https://stats.ioinformatics.org/people/147,https://stats.ioinformatics.org/results/KAZ,html
part-40922540cb82395b,ev-18d17edc6df01f6a,kaz-74fe1fe53ea1,Madi Khamitbekov,Madi Khamitbekov,IOI,Kazakhstan,KAZ,2011,Bronze,108/303,334,https://stats.ioinformatics.org/people/1389,https://stats.ioinformatics.org/results/KAZ,html
part-8f870b80bed0294a,ev-7cbe54274e14b55b,kaz-444dd6943eb0,Vyacheslav Kim,Vyacheslav Kim,IOI,Kazakhstan,KAZ,2011,Bronze,117/303,316,https://stats.ioinformatics.org/people/2474,https://stats.ioinformatics.org/results/KAZ,html
part-aec05d7b4f7dc6fd,ev-7c3f388306a9f4e9,kaz-0622dfe9a63f,Ali Dautalinov,Ali Dautalinov,IOI,Kazakhstan,KAZ,2010,Bronze,149/297,538,https://stats.ioinformatics.org/people/134,https://stats.ioinformatics.org/results/KAZ,html
part-a3064e655480a243,ev-15b3d04bf285161c,kaz-f4ec7f952510,Ali-Amir Aldan,Ali-Amir Aldan,IOI,Kazakhstan,KAZ,2010,Bronze,123/297,567,https://stats.ioinformatics.org/people/147,https://stats.ioinformatics.org/results/KAZ,html
part-fce760698788ccbe,ev-cd87eef17891d75a,kaz-c1c692af0296,Azizkhan Almakhan,Azizkhan Almakhan,IOI,Kazakhstan,KAZ,2010,,191/297,458,https://stats.ioinformatics.org/people/309,https://stats.ioinformatics.org/results/KAZ,html
part-023424cacfb3609f,ev-6ab9ac98d3c516b8,kaz-0bab17661adc,Madiyar Aitbayev,Madiyar Aitbayev,IOI,Kazakhstan,KAZ,2010,Bronze,147/297,541,https://stats.ioinformatics.org/people/1390,https://stats.ioinformatics.org/results/KAZ,html
part-74dd28eedabc5eb8,ev-46fb8e684ee7aee2,kaz-0622dfe9a63f,Ali Dautalinov,Ali Dautalinov,IOI,Kazakhstan,KAZ,2009,,,,https://stats.ioinformatics.org/people/134,https://stats.ioinformatics.org/results/KAZ,html
part-fd985471a981e84f,ev-471b6fe79aaedddc,kaz-a2f029eab00c,Amir Tulegenov,Amir Tulegenov,IOI,Kazakhstan,KAZ,2009,Bronze,138/301,406,https://stats.ioinformatics.org/people/161,https://stats.ioinformatics.org/results/KAZ,html
part-3a7092df96c2c231,ev-e6d6cfed4fea1f50,kaz-f721e7240925,Darkhan Akzholov,Darkhan Akzholov,IOI,Kazakhstan,KAZ,2009,,,,https://stats.ioinformatics.org/people/2935,https://stats.ioinformatics.org/results/KAZ,html
part-e90c42b09021cfa9,ev-ebc7b4daf575ca15,kaz-0bab17661adc,Madiyar Aitbayev,Madiyar Aitbayev,IOI,Kazakhstan,KAZ,2009,Bronze,117/301,429,https://stats.ioinformatics.org/people/1390,https://stats.ioinformatics.org/results/KAZ,html
part-9002a14f7b2068e6,ev-9a7567bbdbcdfb09,kaz-863407f79649,Arman Yesenamanov,Arman Yesenamanov,IOI,Kazakhstan,KAZ,2008,,,,https://stats.ioinformatics.org/people/2936,https://stats.ioinformatics.org/results/KAZ,html
part-af9cb244acc52921,ev-882e6f58ad921563,kaz-42eef016184c,Bakhytzhan Baizhikenov,Bakhytzhan Baizhikenov,IOI,Kazakhstan,KAZ,2008,Silver,56/283,251,https://stats.ioinformatics.org/people/311,https://stats.ioinformatics.org/results/KAZ,html
part-94ae0c20ba1a1954,ev-def3f4f89e96b412,kaz-59b5ec3d2687,Yernaz Satybaldiyev,Yernaz Satybaldiyev,IOI,Kazakhstan,KAZ,2008,,,,https://stats.ioinformatics.org/people/4645,https://stats.ioinformatics.org/results/KAZ,html
part-9f881f87ef88d1f5,ev-aa2a08dab1c3e706,kaz-d5a9e6425d45,Zhomart Sadykov,Zhomart Sadykov,IOI,Kazakhstan,KAZ,2008,Silver,29/283,303,https://stats.ioinformatics.org/people/2621,https://stats.ioinformatics.org/results/KAZ,html
part-060258839daa57e1,ev-a686c58279d33889,kaz-42eef016184c,Bakhytzhan Baizhikenov,Bakhytzhan Baizhikenov,IOI,Kazakhstan,KAZ,2007,Gold,17/285,415,https://stats.ioinformatics.org/people/311,https://stats.ioinformatics.org/results/KAZ,html
part-ac192569bc28a03c,ev-9e5cfb58752fed7f,kaz-26535589e436,Timur Abishev,Timur Abishev,IOI,Kazakhstan,KAZ,2007,Silver,32/285,362,https://stats.ioinformatics.org/people/2304,https://stats.ioinformatics.org/results/KAZ,html
part-3a1ac076b7da43ee,ev-f777f2c6becf34a9,kaz-e7f80acbcb7b,Viktor Passichenko,Viktor Passichenko,IOI,Kazakhstan,KAZ,2007,Bronze,103/285,246,https://stats.ioinformatics.org/people/2430,https://stats.ioinformatics.org/results/KAZ,html
part-d0bd99adc093da74,ev-0a34c50bb2a5d6fb,kaz-d5a9e6425d45,Zhomart Sadykov,Zhomart Sadykov,IOI,Kazakhstan,KAZ,2007,Gold,15/285,420,https://stats.ioinformatics.org/people/2621,https://stats.ioinformatics.org/results/KAZ,html
part-d772d8c2ea2cc274,ev-b49212cf14d52ceb,kaz-42eef016184c,Bakhytzhan Baizhikenov,Bakhytzhan Baizhikenov,IOI,Kazakhstan,KAZ,2006,Bronze,123/282,242,https://stats.ioinformatics.org/people/311,https://stats.ioinformatics.org/results/KAZ,html
part-9655f6591984f697,ev-6a94834b3133794f,kaz-26535589e436,Timur Abishev,Timur Abishev,IOI,Kazakhstan,KAZ,2006,Bronze,84/282,300,https://stats.ioinformatics.org/people/2304,https://stats.ioinformatics.org/results/KAZ,html
part-9076c3f9eee8000a,ev-1915d44096c81848,kaz-0836a1c9d21b,Yerlan Bissenov,Yerlan Bissenov,IOI,Kazakhstan,KAZ,2006,Silver,27/282,378,https://stats.ioinformatics.org/people/2555,https://stats.ioinformatics.org/results/KAZ,html
part-fad3675690e3f62d,ev-92e9187a5ed83dc5,kaz-d5a9e6425d45,Zhomart Sadykov,Zhomart Sadykov,IOI,Kazakhstan,KAZ,2006,Bronze,88/282,293,https://stats.ioinformatics.org/people/2621,https://stats.ioinformatics.org/results/KAZ,html
part-26aceb6b16432a95,ev-e0273c084c834a1a,kaz-42eef016184c,Bakhytzhan Baizhikenov,Bakhytzhan Baizhikenov,IOI,Kazakhstan,KAZ,2005,Bronze,113/276,315,https://stats.ioinformatics.org/people/311,https://stats.ioinformatics.org/results/KAZ,html
part-d39a3dab093a24be,ev-0390f858ee0ee967,kaz-260600835e64,Ruslan Kudubayev,Ruslan Kudubayev,IOI,Kazakhstan,KAZ,2005,,,,https://stats.ioinformatics.org/people/4447,https://stats.ioinformatics.org/results/KAZ,html
part-d3dddde92a5afe7b,ev-796dbff1f52a1459,kaz-26535589e436,Timur Abishev,Timur Abishev,IOI,Kazakhstan,KAZ,2005,Bronze,97/276,338,https://stats.ioinformatics.org/people/2304,https://stats.ioinformatics.org/results/KAZ,html
part-4a40fb1d6e67c334,ev-05711e2421ca9de2,kaz-0836a1c9d21b,Yerlan Bissenov,Yerlan Bissenov,IOI,Kazakhstan,KAZ,2005,Bronze,88/276,359,https://stats.ioinformatics.org/people/2555,https://stats.ioinformatics.org/results/KAZ,html
part-5868f7ca84c6f574,ev-9acdf5828a689d69,kaz-2457951c5496,Almaz Rakhmetov,Almaz Rakhmetov,IOI,Kazakhstan,KAZ,2004,,,,https://stats.ioinformatics.org/people/150,https://stats.ioinformatics.org/results/KAZ,html
part-ba0961b55b5c3ed6,ev-d124c7f1b69a3acf,kaz-fc66298b9bbf,Salamat Nuraliyev,Salamat Nuraliyev,IOI,Kazakhstan,KAZ,2004,Bronze,134/291,275,https://stats.ioinformatics.org/people/2038,https://stats.ioinformatics.org/results/KAZ,html
part-32de18e6c2f6a6ce,ev-91cec2fe51ef47a7,kaz-40d2fa33ec3e,Syrymbet Iskakov,Syrymbet Iskakov,IOI,Kazakhstan,KAZ,2004,Bronze,76/291,360,https://stats.ioinformatics.org/people/2227,https://stats.ioinformatics.org/results/KAZ,html
part-713bbecdd92c9b39,ev-ed9ffabb5cdfd804,kaz-9b09f062bfeb,Zhanibek Datbayev,Zhanibek Datbayev,IOI,Kazakhstan,KAZ,2004,Silver,33/291,425,https://stats.ioinformatics.org/people/2616,https://stats.ioinformatics.org/results/KAZ,html
part-10741800ca115772,ev-9317a142109e8c5c,kaz-4a00a35c3f4a,Andrey Bogdanchikov,Andrey Bogdanchikov,IOI,Kazakhstan,KAZ,2003,,,,https://stats.ioinformatics.org/people/4087,https://stats.ioinformatics.org/results/KAZ,html
part-64551a6836156cf0,ev-4cdec1f03b49c620,kaz-49e795089f9c,Anton Nikolayev,Anton Nikolayev,IOI,Kazakhstan,KAZ,2003,Bronze,128/265,174.3,https://stats.ioinformatics.org/people/245,https://stats.ioinformatics.org/results/KAZ,html
part-6b60d45834bdfa93,ev-b66132888297bd44,kaz-c884dd65cdc8,Sultan Dalipov,Sultan Dalipov,IOI,Kazakhstan,KAZ,2003,,,,https://stats.ioinformatics.org/people/4086,https://stats.ioinformatics.org/results/KAZ,html
part-62845ba346a78cf1,ev-c9d8f59d07469af7,kaz-9b09f062bfeb,Zhanibek Datbayev,Zhanibek Datbayev,IOI,Kazakhstan,KAZ,2003,,,,https://stats.ioinformatics.org/people/2616,https://stats.ioinformatics.org/results/KAZ,html
part-e56f18421aa1c426,ev-1246031eecdb7d88,kaz-49e795089f9c,Anton Nikolayev,Anton Nikolayev,IOI,Kazakhstan,KAZ,2002,,,,https://stats.ioinformatics.org/people/245,https://stats.ioinformatics.org/results/KAZ,html
part-c4777595cdf7e0f8,ev-7880359cc0f54c30,kaz-22487c0da1b1,Khairosh Yerzhan,Khairosh Yerzhan,IOI,Kazakhstan,KAZ,2002,,,,https://stats.ioinformatics.org/people/4046,https://stats.ioinformatics.org/results/KAZ,html
part-63adc81c00840506,ev-17c29ea15af9c43b,kaz-d1a89ad778a3,Nurzhan Bakibayev,Nurzhan Bakibayev,IOI,Kazakhstan,KAZ,2002,,,,https://stats.ioinformatics.org/people/1717,https://stats.ioinformatics.org/results/KAZ,html
part-1222fd2282374dc5,ev-ca49f748c5f3508f,kaz-9b09f062bfeb,Zhanibek Datbayev,Zhanibek Datbayev,IOI,Kazakhstan,KAZ,2002,,,,https://stats.ioinformatics.org/people/2616,https://stats.ioinformatics.org/results/KAZ,html
part-74cad37fa15865a1,ev-a62c0a02e91f68d4,kaz-5e6bd77516c5,Askarbek Zadauly,Askarbek Zadauly,IOI,Kazakhstan,KAZ,2001,,,,https://stats.ioinformatics.org/people/4958,https://stats.ioinformatics.org/results/KAZ,html
part-a74808cf8605e554,ev-96ecc513ece69b40,kaz-58dea61d1101,Denis Ivanov,Denis Ivanov,IOI,Kazakhstan,KAZ,2001,,,,https://stats.ioinformatics.org/people/4957,https://stats.ioinformatics.org/results/KAZ,html
part-16bcc652d5c2f53a,ev-e5171ba7ec5962cd,kaz-d1a89ad778a3,Nurzhan Bakibayev,Nurzhan Bakibayev,IOI,Kazakhstan,KAZ,2001,Bronze,94/272,217,https://stats.ioinformatics.org/people/1717,https://stats.ioinformatics.org/results/KAZ,html
part-e575d3bd19781506,ev-b6e94b75052b7722,kaz-a9c48be9eff3,Semen Shkilevich,Semen Shkilevich,IOI,Kazakhstan,KAZ,2001,Bronze,106/272,188,https://stats.ioinformatics.org/people/2074,https://stats.ioinformatics.org/results/KAZ,html
part-7d3ae402c89b51dc,ev-7cc5c6cf0b6bb9d1,kaz-590493685dc4,Arman Prashev,Arman Prashev,IOI,Kazakhstan,KAZ,2000,,,,https://stats.ioinformatics.org/people/271,https://stats.ioinformatics.org/results/KAZ,html
part-7ea99dd9c8abd4bd,ev-241d11050581e333,kaz-bb641e236bb0,Danil Kravtsov,Danil Kravtsov,IOI,Kazakhstan,KAZ,2000,,,,https://stats.ioinformatics.org/people/4829,https://stats.ioinformatics.org/results/KAZ,html
part-0f19b1dbbbe1df5d,ev-de92bb58c24f7519,kaz-d1a89ad778a3,Nurzhan Bakibayev,Nurzhan Bakibayev,IOI,Kazakhstan,KAZ,2000,,,,https://stats.ioinformatics.org/people/1717,https://stats.ioinformatics.org/results/KAZ,html
part-9b49cac20f1eb6b7,ev-b1074e2575bc2a97,kaz-a9c48be9eff3,Semen Shkilevich,Semen Shkilevich,IOI,Kazakhstan,KAZ,2000,,,,https://stats.ioinformatics.org/people/2074,https://stats.ioinformatics.org/results/KAZ,html
part-23a5b0449bbb86d2,ev-381eedf6a6748ee9,kaz-590493685dc4,Arman Prashev,Arman Prashev,IOI,Kazakhstan,KAZ,1999,Bronze,115/253,157,https://stats.ioinformatics.org/people/271,https://stats.ioinformatics.org/results/KAZ,html
part-e4f470092972aa44,ev-f16e18cbd3be5d0b,kaz-bb641e236bb0,Danil Kravtsov,Danil Kravtsov,IOI,Kazakhstan,KAZ,1999,,,,https://stats.ioinformatics.org/people/4829,https://stats.ioinformatics.org/results/KAZ,html
part-0e29841fc535c4a8,ev-a6fbaa7205c20411,kaz-1d49feff22fe,Dmitriy Gorbachev,Dmitriy Gorbachev,IOI,Kazakhstan,KAZ,1999,,,,https://stats.ioinformatics.org/people/5480,https://stats.ioinformatics.org/results/KAZ,html
part-f5def8d9475e2157,ev-fe437dfc6d0a0a8b,kaz-ccdb407317c8,Yerkebulan Tulibergenov,Yerkebulan Tulibergenov,IOI,Kazakhstan,KAZ,1999,,,,https://stats.ioinformatics.org/people/5481,https://stats.ioinformatics.org/results/KAZ,html
part-6e2de482f6ece997,ev-1b8ad3b167d11a5a,kaz-590493685dc4,Arman Prashev,Arman Prashev,IOI,Kazakhstan,KAZ,1998,,222/241,0,https://stats.ioinformatics.org/people/271,https://stats.ioinformatics.org/results/KAZ,html
part-e79a278bf2114eb8,ev-ffc1652f919a38e3,kaz-d6415e08acc5,Beket Zhapbasbay,Beket Zhapbasbay,IOI,Kazakhstan,KAZ,1998,,169/241,140,https://stats.ioinformatics.org/people/331,https://stats.ioinformatics.org/results/KAZ,html
part-be2c5d1d6d5a8fb9,ev-fc255b690e428f21,kaz-3dd740673c5d,Maxat Aipanov,Maxat Aipanov,IOI,Kazakhstan,KAZ,1998,,217/241,20,https://stats.ioinformatics.org/people/1516,https://stats.ioinformatics.org/results/KAZ,html
part-77dc18b13473271b,ev-839cc8bfb4033cf9,kaz-07b1a7ba2159,Renat Shaimardanov,Renat Shaimardanov,IOI,Kazakhstan,KAZ,1998,,187/241,90,https://stats.ioinformatics.org/people/1953,https://stats.ioinformatics.org/results/KAZ,html
part-2f51e9b9e5b9a858,ev-bcb0c256ffa77e4d,kaz-b695dee1b41c,Amirbek Azatbekov,Amirbek Azatbekov,IPhO,Kazakhstan,KAZ,2026,Gold Medal,≥2,,,https://ipho-unofficial.org/countries/KAZ/individual,html
part-46057f5605703a86,ev-6d75456f213a2f8d,kaz-e9cd35b41255,Damir Kurman,Damir Kurman,IPhO,Kazakhstan,KAZ,2026,Gold Medal,≥2,,,https://ipho-unofficial.org/countries/KAZ/individual,html
part-08a93e8d95a9bc23,ev-2543c2e97bb62268,kaz-33b90013745b,Iliyas Kazymbek,Iliyas Kazymbek,IPhO,Kazakhstan,KAZ,2026,Gold Medal,≥2,,,https://ipho-unofficial.org/countries/KAZ/individual,html
part-10095009756caac7,ev-eed1ac7e7eaafc1b,kaz-92adb8a08f0e,Nurgul Yegenbergenova,Nurgul Yegenbergenova,IPhO,Kazakhstan,KAZ,2026,Gold Medal,≥2,,,https://ipho-unofficial.org/countries/KAZ/individual,html
part-9e7fe11fb53eadb4,ev-8dd1a48e36a0eaf9,kaz-5529282c441f,Roman Cheremnov,Roman Cheremnov,IPhO,Kazakhstan,KAZ,2026,Gold Medal,≥2,,,https://ipho-unofficial.org/countries/KAZ/individual,html
part-77e9174b13bdd893,ev-b75672dd58c696fc,kaz-6bd1daf828d9,Amir Pshenbayev,Amir Pshenbayev,IPhO,Kazakhstan,KAZ,2025,Bronze Medal,126,,,https://ipho-unofficial.org/countries/KAZ/individual,html
part-546d1d8e669f7c52,ev-3f4c3158c75861a0,kaz-b695dee1b41c,Amirbek Azatbekov,Amirbek Azatbekov,IPhO,Kazakhstan,KAZ,2025,Silver Medal,54,,,https://ipho-unofficial.org/countries/KAZ/individual,html
part-74755c7472d47916,ev-91e2d75368a2d0c4,kaz-4fe09b624ebf,Artur Kim,Artur Kim,IPhO,Kazakhstan,KAZ,2025,Bronze Medal,130,,,https://ipho-unofficial.org/countries/KAZ/individual,html
part-bb09f602c2e4f592,ev-38c22783406f704d,kaz-d2813a8e7e70,Bekassyl Yelubay,Bekassyl Yelubay,IPhO,Kazakhstan,KAZ,2025,Silver Medal,64,,,https://ipho-unofficial.org/countries/KAZ/individual,html
part-0fa1e6de7e6be727,ev-2e2e181673076f77,kaz-92adb8a08f0e,Nurgul Yegenbergenova,Nurgul Yegenbergenova,IPhO,Kazakhstan,KAZ,2025,Bronze Medal,122,,,https://ipho-unofficial.org/countries/KAZ/individual,html
part-f35a767542ec300e,ev-19f2fe3696d3f18c,kaz-9ad9420e5768,Doszhan Bissimbi,Bissimbi Doszhan,IPhO,Kazakhstan,KAZ,2024,Silver Medal,31,,,https://ipho-unofficial.org/countries/KAZ/individual,html
part-b4e66c7ce700d65e,ev-4c3ee1cb27bf432a,kaz-33b90013745b,Iliyas Kazymbek,Kazymbek Iliyas,IPhO,Kazakhstan,KAZ,2024,Bronze Medal,93,,,https://ipho-unofficial.org/countries/KAZ/individual,html
part-d80e75951e6c5852,ev-e01951c4e8d154b0,kaz-4fe09b624ebf,Artur Kim,Kim Artur,IPhO,Kazakhstan,KAZ,2024,Silver Medal,28,,,https://ipho-unofficial.org/countries/KAZ/individual,html
part-7fde2f9c7dcae3f7,ev-04802ac9dfe6f62b,kaz-7461ed3854c5,Nursagatov Margulan,Nursagatov Margulan,IPhO,Kazakhstan,KAZ,2024,Silver Medal,35,,,https://ipho-unofficial.org/countries/KAZ/individual,html
part-ec87947986ffb473,ev-2d281689a7ea9c83,kaz-6bd1daf828d9,Amir Pshenbayev,Pshenvayev Amir,IPhO,Kazakhstan,KAZ,2024,Silver Medal,36,,,https://ipho-unofficial.org/countries/KAZ/individual,html
part-a9757d1bf0c1da1b,ev-40d6b4efed3cdbc7,kaz-1877dd6f71f9,Alisher Yerkebayev,Alisher Yerkebayev,IPhO,Kazakhstan,KAZ,2023,Silver Medal,66,,,https://ipho-unofficial.org/countries/KAZ/individual,html
part-4397e8912a7eda85,ev-3551a81b16c11415,kaz-4a80af9daaab,Dair Nurtayev,Dair Nurtayev,IPhO,Kazakhstan,KAZ,2023,Bronze Medal,152,,,https://ipho-unofficial.org/countries/KAZ/individual,html
part-a8240be4dc62cf40,ev-9543819239bbbd20,kaz-9ad9420e5768,Doszhan Bissimbi,Doszhan Bissimbi,IPhO,Kazakhstan,KAZ,2023,Silver Medal,51,,,https://ipho-unofficial.org/countries/KAZ/individual,html
part-1709bdb3da2eb1c9,ev-998ab0465e718c49,kaz-7461ed3854c5,Nursagatov Margulan,Margulan Nursagatov,IPhO,Kazakhstan,KAZ,2023,Silver Medal,54,,,https://ipho-unofficial.org/countries/KAZ/individual,html
part-9060cb3271c12365,ev-fc5725b222b15012,kaz-1725a7f689f9,Yersultan Pitebay,Yersultan Pitebay,IPhO,Kazakhstan,KAZ,2023,Silver Medal,41,,,https://ipho-unofficial.org/countries/KAZ/individual,html
part-6596b5e305538c00,ev-7fa5864b377aadaf,kaz-3be79cb80aa3,Daniil Shatokhin,Daniil Shatokhin,IPhO,Kazakhstan,KAZ,2022,Gold Medal,30,,,https://ipho-unofficial.org/countries/KAZ/individual,html
part-94c5073b27400401,ev-326e8085154dc45c,kaz-319ba97c86aa,Dinmukhamed Rakhimzhanov,Dinmukhamed Rakhimzhanov,IPhO,Kazakhstan,KAZ,2022,Silver Medal,88,,,https://ipho-unofficial.org/countries/KAZ/individual,html
part-93aa24da5249025f,ev-bdf981f7cf9c40b0,kaz-f7400a612d63,Rizabek Alpamys,Rizabek Alpamys,IPhO,Kazakhstan,KAZ,2022,Silver Medal,48,,,https://ipho-unofficial.org/countries/KAZ/individual,html
part-34cbb3af4416c4b8,ev-a823846140578dff,kaz-9208d8d1b297,Vladimir Lim,Vladimir Lim,IPhO,Kazakhstan,KAZ,2022,Silver Medal,49,,,https://ipho-unofficial.org/countries/KAZ/individual,html
part-e585f235c741ad64,ev-d96437dc58f8a058,kaz-1725a7f689f9,Yersultan Pitebay,Yersultan Pitebay,IPhO,Kazakhstan,KAZ,2022,Silver Medal,60,,,https://ipho-unofficial.org/countries/KAZ/individual,html
part-fff44aef6d8c8d67,ev-1328f92d209dc942,kaz-b76707715f6b,Anton Draganchuk,Anton Draganchuk,IPhO,Kazakhstan,KAZ,2021,Silver Medal,48,,,https://ipho-unofficial.org/countries/KAZ/individual,html
part-c183a6a9d7b5db5f,ev-80ccbcdd7beea428,kaz-319ba97c86aa,Dinmukhamed Rakhimzhanov,Dinmukhamed Rakhimzhanov,IPhO,Kazakhstan,KAZ,2021,Silver Medal,49,,,https://ipho-unofficial.org/countries/KAZ/individual,html
part-12864e5416a68bf7,ev-abe574d5a50561ed,kaz-2d3646888fa9,Rauan Kaldybayev,Rauan Kaldybayev,IPhO,Kazakhstan,KAZ,2021,Silver Medal,62,,,https://ipho-unofficial.org/countries/KAZ/individual,html
part-17213e40ec4dd17d,ev-577039cfedf2dfc4,kaz-f7400a612d63,Rizabek Alpamys,Rizabek Alpamys,IPhO,Kazakhstan,KAZ,2021,Silver Medal,51,,,https://ipho-unofficial.org/countries/KAZ/individual,html
part-85271f30e32dbb64,ev-c59da4a194efa1bc,kaz-1725a7f689f9,Yersultan Pitebay,Yersultan Pitebay,IPhO,Kazakhstan,KAZ,2021,Silver Medal,65,,,https://ipho-unofficial.org/countries/KAZ/individual,html
part-8ed2ef5550b37a5f,ev-641e4a8042da8097,kaz-f85457929c5d,Amirkhan Bailin,Amirkhan Bailin,IPhO,Kazakhstan,KAZ,2019,Bronze Medal,108,,,https://ipho-unofficial.org/countries/KAZ/individual,html
part-bf1ed4575d5de541,ev-da693386322722de,kaz-ac8d11f139c6,David Li,David Li,IPhO,Kazakhstan,KAZ,2019,Honourable Mention,202,,,https://ipho-unofficial.org/countries/KAZ/individual,html
part-52c347f01f426ec7,ev-69e8003b9649591c,kaz-a7e23606a27b,Rassul Magauin,Rassul Magauin,IPhO,Kazakhstan,KAZ,2019,Bronze Medal,101,,,https://ipho-unofficial.org/countries/KAZ/individual,html
part-ad40811c9213a8ab,ev-c593f32dc466d5fc,kaz-c91345744362,Temirlan Ismagulov,Temirlan Ismagulov,IPhO,Kazakhstan,KAZ,2019,Honourable Mention,235,,,https://ipho-unofficial.org/countries/KAZ/individual,html
part-6bcef090d2b96039,ev-399b71938b013e93,kaz-ceec4f816e2c,Alina Gaukhartas,Alina Gaukhartas,IPhO,Kazakhstan,KAZ,2018,Bronze Medal,142,,,https://ipho-unofficial.org/countries/KAZ/individual,html
part-ff87f5175393adca,ev-3c791ec76088211a,kaz-f85457929c5d,Amirkhan Bailin,Amirkhan Bailin,IPhO,Kazakhstan,KAZ,2018,Honourable Mention,222,,,https://ipho-unofficial.org/countries/KAZ/individual,html
part-45c8c6ad162c2b06,ev-8819dd0cc25df528,kaz-49e2c68e6afb,Diyar Tulenov,Diyar Tulenov,IPhO,Kazakhstan,KAZ,2018,Bronze Medal,138,,,https://ipho-unofficial.org/countries/KAZ/individual,html
part-1ec0c12d6733f8ee,ev-397e2bc2479061ef,kaz-7bc4b3d48a29,Nurdaulet Kemel,Kemel Nurdaulet,IPhO,Kazakhstan,KAZ,2018,Bronze Medal,141,,,https://ipho-unofficial.org/countries/KAZ/individual,html
part-a34874e1f447e4c5,ev-72900e176661dfcb,kaz-c9b6eb61477c,Zhamaliddin Kalzhan,Zhamaliddin Kalzhan,IPhO,Kazakhstan,KAZ,2018,Bronze Medal,200,,,https://ipho-unofficial.org/countries/KAZ/individual,html
part-de2d716c17d088d1,ev-9fa71276b9537a04,kaz-07461cbee89d,Adilet Uvaliyev,Adilet Uvaliyev,IPhO,Kazakhstan,KAZ,2017,Silver Medal,≥65,,,https://ipho-unofficial.org/countries/KAZ/individual,html
part-022eaf16dbaa7ab2,ev-def7a93730cf7833,kaz-a875a18e20f1,Aknazar Kazhymurat,Kazhymurat Aknazar,IPhO,Kazakhstan,KAZ,2017,Gold Medal,≥1,,,https://ipho-unofficial.org/countries/KAZ/individual,html
part-b7464d001373bfcb,ev-5c485fbdf6952c27,kaz-7bc4b3d48a29,Nurdaulet Kemel,Kemel Nurdaulet,IPhO,Kazakhstan,KAZ,2017,Bronze Medal,≥137,,,https://ipho-unofficial.org/countries/KAZ/individual,html
part-e037a00bb90b868d,ev-cc12fa911bfd909b,kaz-e894ef915410,Shyngys Aitkazinov,Shyngys Aitkazinov,IPhO,Kazakhstan,KAZ,2017,Silver Medal,≥65,,,https://ipho-unofficial.org/countries/KAZ/individual,html
part-fe44f7ff5e310fff,ev-6aa7b6bbf2a8da47,kaz-dcb24ecb815a,Temirlan Amangeldinov,Temirlan Amangeldinov,IPhO,Kazakhstan,KAZ,2017,Silver Medal,≥65,,,https://ipho-unofficial.org/countries/KAZ/individual,html
part-36f9d22389e0bdf1,ev-ca3457180582baa6,kaz-07461cbee89d,Adilet Uvaliyev,Adilet Uvaliyev,IPhO,Kazakhstan,KAZ,2016,Silver Medal,104,,,https://ipho-unofficial.org/countries/KAZ/individual,html
part-3241842fadc8f439,ev-ba4b99e1c7f5a0c4,kaz-cfbf52394abd,Adilkhan Sarsen,Adilkhan Sarsen,IPhO,Kazakhstan,KAZ,2016,Bronze Medal,216,,,https://ipho-unofficial.org/countries/KAZ/individual,html
part-e0b441edb7d845a3,ev-25efc086615ffd19,kaz-f3a805a1727a,Aivar Abrashuly,Aivar Abrashuly,IPhO,Kazakhstan,KAZ,2016,Silver Medal,81,,,https://ipho-unofficial.org/countries/KAZ/individual,html
part-5c8bba4e17fc19e5,ev-76baaf98017286ae,kaz-e8eb1ebde919,Anton Sedletskiy,Anton Sedletskiy,IPhO,Kazakhstan,KAZ,2016,Silver Medal,109,,,https://ipho-unofficial.org/countries/KAZ/individual,html
part-aadbda9503f6c5b9,ev-289662cb69ce2486,kaz-a242fdf22bda,Nursultan Pangsat,Nursultan Pangsat,IPhO,Kazakhstan,KAZ,2016,Bronze Medal,213,,,https://ipho-unofficial.org/countries/KAZ/individual,html
part-6ca3e5bf11b9b8c0,ev-f7d0d076a8e390c2,kaz-e8eb1ebde919,Anton Sedletskiy,Anton Sedletskiy,IPhO,Kazakhstan,KAZ,2015,Honourable Mention,203,,,https://ipho-unofficial.org/countries/KAZ/individual,html
part-cdd440cdcb43fb2d,ev-eb2272cf712e86b9,kaz-19cbd524a6c0,Ayan Segizbay,Ayan Segizbay,IPhO,Kazakhstan,KAZ,2015,Bronze Medal,137,,,https://ipho-unofficial.org/countries/KAZ/individual,html
part-9151ac82af0bfae9,ev-88ccca07811c9d2b,kaz-7f81bf383084,Daulet Kurmantayev,Daulet Kurmantayev,IPhO,Kazakhstan,KAZ,2015,Gold Medal,30,,,https://ipho-unofficial.org/countries/KAZ/individual,html
part-36cf4f8a61f0ae09,ev-48f808e531fbf61b,kaz-5ead16bef384,Khalykbek Yelshibekov,Khalykbek Yelshibekov,IPhO,Kazakhstan,KAZ,2015,Honourable Mention,206,,,https://ipho-unofficial.org/countries/KAZ/individual,html
part-b8cf139335da8bb1,ev-58b4498fad0539d8,kaz-380ff32a092b,Amir Bralin,Amir Bralin,IPhO,Kazakhstan,KAZ,2014,Gold Medal,8,,,https://ipho-unofficial.org/countries/KAZ/individual,html
part-e9d80dea9e0e2a3e,ev-6509f66231dff305,kaz-d29c3c1d1239,Danat Issa,Danat Issa,IPhO,Kazakhstan,KAZ,2014,Gold Medal,41,,,https://ipho-unofficial.org/countries/KAZ/individual,html
part-2f9fab06d611bbdc,ev-b9634d1ef3df9091,kaz-7f81bf383084,Daulet Kurmantayev,Daulet Kurmantayev,IPhO,Kazakhstan,KAZ,2014,Silver Medal,64,,,https://ipho-unofficial.org/countries/KAZ/individual,html
part-f3c5083efe5b0437,ev-e529ac357d2340f3,kaz-2fe78cfd647b,Dinmukhammed Nurbek,Dinmukhammed Nurbek,IPhO,Kazakhstan,KAZ,2014,Silver Medal,66,,,https://ipho-unofficial.org/countries/KAZ/individual,html
part-bd928e3aa6fe7a07,ev-047dcc6049ab21f9,kaz-2732f0e135fa,Nurislam Tursynbek,Nurislam Tursynbek,IPhO,Kazakhstan,KAZ,2014,Gold Medal,39,,,https://ipho-unofficial.org/countries/KAZ/individual,html
part-4308c549255345df,ev-2504824f629888b0,kaz-cc87b45e38c1,Aidar Zhetessov,Aidar Zhetessov,IPhO,Kazakhstan,KAZ,2013,Silver Medal,80,,,https://ipho-unofficial.org/countries/KAZ/individual,html
part-228c98afb20419c4,ev-dbb5460ae713306a,kaz-380ff32a092b,Amir Bralin,Amir Bralin,IPhO,Kazakhstan,KAZ,2013,Silver Medal,83,,,https://ipho-unofficial.org/countries/KAZ/individual,html
part-3cfa8ac9a2713dc8,ev-7cf0e536acbe3913,kaz-2fe78cfd647b,Dinmukhammed Nurbek,Dinmukhammed Nurbek,IPhO,Kazakhstan,KAZ,2013,Bronze Medal,123,,,https://ipho-unofficial.org/countries/KAZ/individual,html
part-0b3066f84ae34d9d,ev-a95897272b148577,kaz-e15af1368e42,Mussa Rajamov,Mussa Rajamov,IPhO,Kazakhstan,KAZ,2013,Silver Medal,79,,,https://ipho-unofficial.org/countries/KAZ/individual,html
part-1d2756c7a6b870a5,ev-7487d142aebdab37,kaz-2732f0e135fa,Nurislam Tursynbek,Nurislam Tursynbek,IPhO,Kazakhstan,KAZ,2013,Silver Medal,96,,,https://ipho-unofficial.org/countries/KAZ/individual,html
part-277ffd328eba079f,ev-11abe69a4932a19f,kaz-07d2b93fd768,Ilya Vilkoviskiy,Ilya Vilkoviskiy,IPhO,Kazakhstan,KAZ,2012,Gold Medal,39,,,https://ipho-unofficial.org/countries/KAZ/individual,html
part-304cab2eba513406,ev-b96992b90b453ec9,kaz-4e81a93b6baa,Ivan Senyushkin,Ivan Senyushkin,IPhO,Kazakhstan,KAZ,2012,Bronze Medal,127,,,https://ipho-unofficial.org/countries/KAZ/individual,html
part-19b65685f9eada71,ev-cd8cfa4eefd3c871,kaz-e266aa85e93e,Kaisarbek Omirzakhov,Kaisarbek Omirzakhov,IPhO,Kazakhstan,KAZ,2012,Silver Medal,60,,,https://ipho-unofficial.org/countries/KAZ/individual,html
part-7c32266a23648ba0,ev-084eee051a4f962c,kaz-e15af1368e42,Mussa Rajamov,Mussa Rajamov,IPhO,Kazakhstan,KAZ,2012,Silver Medal,98,,,https://ipho-unofficial.org/countries/KAZ/individual,html
part-91dcb84c84dc1135,ev-3659fe038ecc0339,kaz-ef4bc11dbc64,Nurzhas Aidynov,Nurzhas Aidynov,IPhO,Kazakhstan,KAZ,2012,Silver Medal,107,,,https://ipho-unofficial.org/countries/KAZ/individual,html
part-0e0a2fd78575c2e1,ev-85be588d070c7750,kaz-f5050685c728,Darkhan Nurlybay,Darkhan Nurlybay,IPhO,Kazakhstan,KAZ,2011,Bronze Medal,131,,,https://ipho-unofficial.org/countries/KAZ/individual,html
part-ab2eae2e49fecf3f,ev-2d4ef02a61a2e66f,kaz-e266aa85e93e,Kaisarbek Omirzakhov,Kaisarbek Omirzakhov,IPhO,Kazakhstan,KAZ,2011,Gold Medal,26,,,https://ipho-unofficial.org/countries/KAZ/individual,html
part-1848b860b8eac1a1,ev-7d151d480442b753,kaz-ef4bc11dbc64,Nurzhas Aidynov,Nurzhas Aidynov,IPhO,Kazakhstan,KAZ,2011,Gold Medal,28,,,https://ipho-unofficial.org/countries/KAZ/individual,html
part-f702d7f1e1c5ea22,ev-b324113f5b822f31,kaz-f67bd98affb8,Taiman Sabyrgaliyev,Taiman Sabyrgaliyev,IPhO,Kazakhstan,KAZ,2011,Silver Medal,77,,,https://ipho-unofficial.org/countries/KAZ/individual,html
part-5c38618e65584eb5,ev-298eb854a2a8393f,kaz-f67b534425a5,Zhaslan Baraissov,Zhaslan Baraissov,IPhO,Kazakhstan,KAZ,2011,Gold Medal,27,,,https://ipho-unofficial.org/countries/KAZ/individual,html
part-e3d4fd0afc953a93,ev-9804b8c44c08b0c9,kaz-f02da7099fac,Aidyn Kemeldinov,Kemeldinov Aidyn,IPhO,Kazakhstan,KAZ,2010,Silver Medal,75,,,https://ipho-unofficial.org/countries/KAZ/individual,html
part-54e4bf54ed88f1f5,ev-d571f48ed56d4c9b,kaz-f648d0d6bf6d,Angsar Manatuly,Manatuly Angsar,IPhO,Kazakhstan,KAZ,2010,Silver Medal,99,,,https://ipho-unofficial.org/countries/KAZ/individual,html
part-cca7c1bbb0236bde,ev-f06bf4f1ab4fc3da,kaz-ef4bc11dbc64,Nurzhas Aidynov,Nurzhas Aidynov,IPhO,Kazakhstan,KAZ,2010,Silver Medal,85,,,https://ipho-unofficial.org/countries/KAZ/individual,html
part-7baef729ba118960,ev-7dfcc6deda86dec0,kaz-c83291856fc0,Tamirlan Seidakhmetov,Tamirlan Seidakhmetov,IPhO,Kazakhstan,KAZ,2010,Silver Medal,90,,,https://ipho-unofficial.org/countries/KAZ/individual,html
part-6a899d3d9a94e949,ev-fdb7f34f43762289,kaz-f67b534425a5,Zhaslan Baraissov,Zhaslan Baraissov,IPhO,Kazakhstan,KAZ,2010,Silver Medal,61,,,https://ipho-unofficial.org/countries/KAZ/individual,html
part-d2544af9653cb892,ev-462754da3e3035f4,kaz-561024988d4c,Akhyn Zhagsalag,Akhyn Zhagsalag,IPhO,Kazakhstan,KAZ,2009,Gold Medal,17,,,https://ipho-unofficial.org/countries/KAZ/individual,html
part-85e20e77f79d7f1c,ev-8d1a51d3a403da0b,kaz-596f1ff9721d,Aldiyar Nurmanov,Aldiyar Nurmanov,IPhO,Kazakhstan,KAZ,2009,Honourable Mention,211,,,https://ipho-unofficial.org/countries/KAZ/individual,html
part-d7975f04d891d9c9,ev-7e2c77e2374bc33d,kaz-7f627c03e4ca,Askar Amangeldy,Askar Amangeldy,IPhO,Kazakhstan,KAZ,2009,Silver Medal,106,,,https://ipho-unofficial.org/countries/KAZ/individual,html
part-e635d8b457508da6,ev-4991be5215655e9a,kaz-dd50209a641b,Vyacheslav Li,Vyacheslav Li,IPhO,Kazakhstan,KAZ,2009,Silver Medal,102,,,https://ipho-unofficial.org/countries/KAZ/individual,html
part-3a8350e0eeb0bad3,ev-24b3e91e6d6e4f44,kaz-c412a21c7fc6,Zhanibek Kaimuldenov,Zhanibek Kaimuldenov,IPhO,Kazakhstan,KAZ,2009,Gold Medal,36,,,https://ipho-unofficial.org/countries/KAZ/individual,html
part-c425646e51a1c433,ev-5eb83dd3dfda276f,kaz-561024988d4c,Akhyn Zhagsalag,Akhyn Zhagsalag,IPhO,Kazakhstan,KAZ,2008,Bronze Medal,128,,,https://ipho-unofficial.org/countries/KAZ/individual,html
part-a9bdf2c2ac622472,ev-b3c02886b7174c50,kaz-24cc764a8eaf,Shapagat Berdibek,Berdibek Shapagat,IPhO,Kazakhstan,KAZ,2008,Bronze Medal,138,,,https://ipho-unofficial.org/countries/KAZ/individual,html
part-36bacf8a4139602f,ev-3ce3d6a5a27c59b1,kaz-1165d71f2850,Sidorenko Andrey,Sidorenko Andrey,IPhO,Kazakhstan,KAZ,2008,Honourable Mention,232,,,https://ipho-unofficial.org/countries/KAZ/individual,html
part-36e28fd638f3dd55,ev-07777db45600791c,kaz-dd50209a641b,Vyacheslav Li,Vyacheslav Li,IPhO,Kazakhstan,KAZ,2008,Honourable Mention,187,,,https://ipho-unofficial.org/countries/KAZ/individual,html
part-62deced541c3146e,ev-e14e2166d89419d0,kaz-d36d7bbcbacc,Aibek A. Mukhamediyev,Aibek A. Mukhamediyev,IPhO,Kazakhstan,KAZ,2007,Honourable Mention,176,,,https://ipho-unofficial.org/countries/KAZ/individual,html
part-57f89155184ae98a,ev-f9aa4be29523b7ab,kaz-9dc053108701,Nasharov A. Askar,Nasharov A. Askar,IPhO,Kazakhstan,KAZ,2007,Honourable Mention,181,,,https://ipho-unofficial.org/countries/KAZ/individual,html
part-76c81d93573b3dc9,ev-96c245db3db57bdd,kaz-8bd82bc015a6,Yerbol Y. Bekbayev,Yerbol Y. Bekbayev,IPhO,Kazakhstan,KAZ,2007,Silver Medal,64,,,https://ipho-unofficial.org/countries/KAZ/individual,html
part-8b796fd83e6c9ddc,ev-e8f387299afbcd9d,kaz-8b1c1fe467bb,Zhandos Seksembayev,Zhandos Z. Seksembayev,IPhO,Kazakhstan,KAZ,2007,Honourable Mention,179,,,https://ipho-unofficial.org/countries/KAZ/individual,html
part-76597af5d5e9bfe4,ev-4b19cc3870892aa0,kaz-01957a6accca,Pavel Levchenko,Pavel Levchenko,IPhO,Kazakhstan,KAZ,2006,Honourable Mention,181,,,https://ipho-unofficial.org/countries/KAZ/individual,html
part-2c9a0a7bd0801cec,ev-19aef2d6c888eb5e,kaz-fe0afafbd5f3,Vladimir Bychkov,Vladimir Bychkov,IPhO,Kazakhstan,KAZ,2006,Silver Medal,68,,,https://ipho-unofficial.org/countries/KAZ/individual,html
part-8814971476286a5a,ev-addca4d057396b1e,kaz-47c266b2b44f,Yermek Kaipov,Yermek Kaipov,IPhO,Kazakhstan,KAZ,2006,Bronze Medal,154,,,https://ipho-unofficial.org/countries/KAZ/individual,html
part-8d7850b99d5ebe62,ev-a5cb953988821b9e,kaz-5520c02c8f31,Akhmed Saidaliyev,Akhmed Saidaliyev,IPhO,Kazakhstan,KAZ,2005,Bronze Medal,81,,,https://ipho-unofficial.org/countries/KAZ/individual,html
part-bea19833cd9de692,ev-f614bb43f46733f1,kaz-663ad2adb08a,Daulet Askarov,Daulet Askarov,IPhO,Kazakhstan,KAZ,2005,Silver Medal,51,,,https://ipho-unofficial.org/countries/KAZ/individual,html
part-230cdfb11ec4810c,ev-1c7337325dd60cd5,kaz-fe0afafbd5f3,Vladimir Bychkov,Vladimir Bychkov,IPhO,Kazakhstan,KAZ,2005,Bronze Medal,74,,,https://ipho-unofficial.org/countries/KAZ/individual,html
part-137f1cfbe8c89a57,ev-a179280c276668da,kaz-47c266b2b44f,Yermek Kaipov,Yermek Kaipov,IPhO,Kazakhstan,KAZ,2005,Honourable Mention,187,,,https://ipho-unofficial.org/countries/KAZ/individual,html
part-5d58d09c1759de34,ev-e38693a7982a842a,kaz-3357e6338568,Yevgeniy Zagayevskiy,Yevgeniy Zagayevskiy,IPhO,Kazakhstan,KAZ,2005,Bronze Medal,100,,,https://ipho-unofficial.org/countries/KAZ/individual,html
part-ce4e4ac417ca44e9,ev-f5bfed38545b2876,kaz-663ad2adb08a,Daulet Askarov,Daulet Askarov,IPhO,Kazakhstan,KAZ,2004,Honourable Mention,145,,,https://ipho-unofficial.org/countries/KAZ/individual,html
part-2943a42a2ad092b3,ev-26a191f68a455138,kaz-42f3a5145199,Denis Utkin,Denis Utkin,IPhO,Kazakhstan,KAZ,2004,Bronze Medal,114,,,https://ipho-unofficial.org/countries/KAZ/individual,html
part-d1f41065a89e1b84,ev-20ad13214a1f3c26,kaz-0d9cf667fe24,Nessipbek Mynbayev,Nessipbek Mynbayev,IPhO,Kazakhstan,KAZ,2004,Honourable Mention,175,,,https://ipho-unofficial.org/countries/KAZ/individual,html
part-b9fd344f1eeabd93,ev-b33db0270c959f1e,kaz-eab69c3a4463,Ruslan Manakhayev,Ruslan Manakhayev,IPhO,Kazakhstan,KAZ,2004,Bronze Medal,122,,,https://ipho-unofficial.org/countries/KAZ/individual,html
part-6eea69097558dcbe,ev-7f15efc816e90c18,kaz-ec29db418566,Yelzhas Otynshiyev,Yelzhas Otynshiyev,IPhO,Kazakhstan,KAZ,2004,Bronze Medal,110,,,https://ipho-unofficial.org/countries/KAZ/individual,html
part-34586c5e8b6725ec,ev-fd98fa5c47e15d04,kaz-42f3a5145199,Denis Utkin,Denis Utkin,IPhO,Kazakhstan,KAZ,2003,Honourable Mention,141,,,https://ipho-unofficial.org/countries/KAZ/individual,html
part-6c76b91325e73850,ev-2aa23a63d880b734,kaz-45fb4c336c70,Leonid Kardapoltsev,Leoned Kardapoltsev,IPhO,Kazakhstan,KAZ,2003,Honourable Mention,110,,,https://ipho-unofficial.org/countries/KAZ/individual,html
part-02e66e8092de8b21,ev-3f7ab89aabba55e6,kaz-be6c0520f71e,Maxim Shpilkin,Maxim Shpilkin,IPhO,Kazakhstan,KAZ,2003,Honourable Mention,125,,,https://ipho-unofficial.org/countries/KAZ/individual,html
part-0e50dd91f40be715,ev-578db5e73bf0670d,kaz-26886bea5396,Yernur Rysmagambetov,Yernur Rysmagambetov,IPhO,Kazakhstan,KAZ,2003,Silver Medal,50,,,https://ipho-unofficial.org/countries/KAZ/individual,html
part-8325687cb751cfd3,ev-5dd19147eedd9899,kaz-7e2cf66f126f,Rafael Mavlyukeyev,Rafael Mavlyukeyev,IPhO,Kazakhstan,KAZ,2002,Bronze Medal,83,,,https://ipho-unofficial.org/countries/KAZ/individual,html
part-35c8942b0eefbc0e,ev-b5f57086f5d70c49,kaz-7907a5491483,Talgat Ismukhamedov,Talgat Ismukhamedov,IPhO,Kazakhstan,KAZ,2002,Honourable Mention,139,,,https://ipho-unofficial.org/countries/KAZ/individual,html
part-d5c50712f341f0f6,ev-d232b82a69a4d470,kaz-26886bea5396,Yernur Rysmagambetov,Yernur Rysmagambetov,IPhO,Kazakhstan,KAZ,2002,Gold Medal,26,,,https://ipho-unofficial.org/countries/KAZ/individual,html
part-9a6a93b406bacbc6,ev-9b5a382f4666bc38,kaz-1e390288b2cc,Danil Murtazin,Danil Murtazin,IPhO,Kazakhstan,KAZ,2001,Gold Medal,20,,,https://ipho-unofficial.org/countries/KAZ/individual,html
part-a2f5bac9fb45dae7,ev-055f0af08b3a83ee,kaz-9bc854d0232a,Denis Atrashenko,Denis Atrashenko,IPhO,Kazakhstan,KAZ,2001,Honourable Mention,162,,,https://ipho-unofficial.org/countries/KAZ/individual,html
part-0c62b7d9371c6cc5,ev-22bf700ec85a01e2,kaz-2c50f8bc247c,Viatcheslav Muravev,Viatcheslav Muravev,IPhO,Kazakhstan,KAZ,2001,Silver Medal,24,,,https://ipho-unofficial.org/countries/KAZ/individual,html
part-82fa682714320441,ev-1c69a1e49bf68c2e,kaz-1e390288b2cc,Danil Murtazin,Danil Murtazin,IPhO,Kazakhstan,KAZ,2000,Honourable Mention,91,,,https://ipho-unofficial.org/countries/KAZ/individual,html
part-7c6b6eaaa9a095c7,ev-57f58a178424e2f4,kaz-f9ab6cbeaa06,Andrey Sapronov,Andrey Sapronov,IPhO,Kazakhstan,KAZ,1999,Silver Medal,39,,,https://ipho-unofficial.org/countries/KAZ/individual,html
part-07cf3c3c056e5ff5,ev-5de09b523ec008a1,kaz-9f8b5c60daf2,Kairat Akhmetov,Kairat Akhmetov,IPhO,Kazakhstan,KAZ,1999,Bronze Medal,107,,,https://ipho-unofficial.org/countries/KAZ/individual,html
part-732702c2df0eb77d,ev-1a1192ccb9b46bc6,kaz-21cc95b51c33,Yaroslav Alexandrov,Yaroslav Alexandrov,IPhO,Kazakhstan,KAZ,1999,Honourable Mention,185,,,https://ipho-unofficial.org/countries/KAZ/individual,html
part-89fa4c5bd9fa91a3,ev-70c010a7a5a01cc1,kaz-d7f55daeca5c,Zhanybek Alpichshev,Zhanybek Alpichshev,IPhO,Kazakhstan,KAZ,1999,Bronze Medal,134,,,https://ipho-unofficial.org/countries/KAZ/individual,html
part-d432684cf3d0b4d2,ev-cf835a18565b9c76,kaz-9f8b5c60daf2,Kairat Akhmetov,Kairat Akhmetov,IPhO,Kazakhstan,KAZ,1998,Honourable Mention,74,,,https://ipho-unofficial.org/countries/KAZ/individual,html
part-118be04a2247c057,ev-f6bb9669553ec64b,kaz-b596c2a8a5f9,Rassul Karabalin,Rassul Karabalin,IPhO,Kazakhstan,KAZ,1998,Bronze Medal,43,,,https://ipho-unofficial.org/countries/KAZ/individual,html
part-7e770a936c2fd729,ev-42834d7cd873de42,kaz-a5c7de0d34ee,Anuar Bitanof,Anuar Bitanof,IPhO,Kazakhstan,KAZ,1997,Honourable Mention,113,,,https://ipho-unofficial.org/countries/KAZ/individual,html
part-287f24b43dc62617,ev-1d1c61c00d25149f,kaz-b596c2a8a5f9,Rassul Karabalin,Rassul Karabalin,IPhO,Kazakhstan,KAZ,1997,Honourable Mention,143,,,https://ipho-unofficial.org/countries/KAZ/individual,html
