person_id,name,aliases,olympiads,years,awards,research_scope,outcome_status,organization,role,affiliation_type,start_year,end_year,country_code,organization_category,role_category,review_method,traceability_status,participation_evidence_count,outcome_evidence_count,candidate_evidence_count,rejected_evidence_count,evidence_total,primary_profile_url,linkedin_url,audit_summary
kaz-674cd62ab22c,Aibatyr Zhumagulov,Aibatyr Zhumagulov,IMO,1992;1993,Bronze medal,career,confirmed,Kazakhstan Deposit Insurance Fund,Independent Director,employment,,,,Industry,Leadership,manual_review,complete,2,2,0,0,4,https://ipv4.kdif.kz/ru/corporate-management,,KazNU's official alumni biography connects the exact-name alumnus to RFMS from 1990-1993 and exceptional mathematics; RFMS lists him at the 1992 and 1993 IMOs while KDIF names his current independent-director role
kaz-8282f3ec5f44,Almas Rymov,Almas Rymov,IMO,1992,Bronze medal,career,unmatched,,,,,,,Unknown,Other,unmatched,participation_only,1,0,0,0,1,,,
kaz-e4459aeba14c,Azamat Sarsembaev,Azamat Sarsembaev,IMO,1992,Bronze medal,career,unmatched,,,,,,,Unknown,Other,unmatched,participation_only,1,0,0,0,1,,,
kaz-fae1a82e7a9a,Gani Nazirov,Gani Nazirov,IMO,1992;1993,Bronze medal,career,confirmed,Microsoft,AI and Machine Learning Engineer,employment,,2026,,Industry,Software & AI,manual_review,complete,2,3,0,0,6,https://www.linkedin.com/in/gani-nazirov,https://www.linkedin.com/in/gani-nazirov,His public profile directly lists bronze medals at IMO 33 and IMO 34 and documents a Microsoft AI and ML career through July 2026 including work on ML.NET
kaz-8deb08a4e5fd,Yevgeni Poroshenko,Yevgeni Poroshenko,IMO,1992,Honourable mention,career,unmatched,,,,,,,Unknown,Other,unmatched,participation_only,1,0,0,0,1,,,
kaz-49f853356dc6,Yevgeni Yakovlev,Yevgeni Yakovlev,IMO,1992,Bronze medal,career,confirmed,University of Essex,Senior Lecturer in Economics,employment,,,,Academia,Other,manual_review,complete,1,2,0,0,4,https://sites.google.com/nes.ru/evgenyyakovlev/home,,His public academic CV explicitly lists winning Kazakhstan's 1992 National Mathematics Olympiad and a 1992 IMO bronze medal then documents an uninterrupted applied-mathematics and economics career through UC Berkeley the New Economic School and the University of Essex
kaz-094a17bb49f6,Alexander Averjanov,Alexander Averjanov,IMO,1993,Silver medal,career,unmatched,,,,,,,Unknown,Other,unmatched,participation_only,1,0,0,0,1,,,
kaz-1d6bad0a9a90,Daulet Turetaev,Daulet Turetaev,IMO,1993,,career,unmatched,,,,,,,Unknown,Other,unmatched,participation_only,1,0,0,0,1,,,
kaz-78ad0418eb0b,Roman Kriven,Roman Kriven,IMO,1993,,career,unmatched,,,,,,,Unknown,Other,unmatched,participation_only,1,0,0,0,1,,,
kaz-dc581aaabaee,Zharas Bajdelʻdinov,Zharas Bajdelʻdinov,IMO,1993,Bronze medal,career,unmatched,,,,,,,Unknown,Other,unmatched,participation_only,1,0,0,0,1,,,
kaz-2be498890319,Bakitkan Bahautdinov,Bakhytjan Bakhaotdinov;Bakitkan Bahautdinov,IBO,1994;1995,,career,unmatched,,,,,,,Unknown,Other,unmatched,participation_only,2,0,0,0,2,,,
kaz-1e83de167408,Ekrem Mahmudov,Akram Mahmudov;Ekrem Mahmudov,IBO,1994;1995,,career,unmatched,,,,,,,Unknown,Other,unmatched,participation_only,2,0,0,0,2,,,
kaz-dbcaf30d53de,Nurbol Sihimbayev,Nourbol Silliedev;Nurbol Sihimbayev,IBO,1994;1995;1996,Bronze;Gold,career,unmatched,,,,,,,Unknown,Other,unmatched,participation_only,3,0,0,0,3,,,
kaz-09d9fdb93af5,Saken Serhanov,Saken Serhanov;Saken Sherhandy;Saken Sherhanov,IBO,1994;1995;1996,Bronze;Gold,career,unmatched,,,,,,,Unknown,Other,unmatched,participation_only,3,0,0,0,3,,,
kaz-2dda7e7144cb,Almaz Kungozhin,Almaz Kungozhin,IMO,1995,Honourable mention,career,confirmed,National School of Physics & Math (RFMS),Deputy CEO,employment,2023,,,Academia,Other,manual_review,complete,1,3,0,0,6,https://kz.linkedin.com/in/almaz-kungozhin,https://kz.linkedin.com/in/almaz-kungozhin,His self-authored profile explicitly identifies him as a former IMO participant and current RFMS Deputy CEO after a long mathematics-education career; Kazakhstan's official 1995 IMO record independently confirms the exact name and participation
kaz-76ccb7b42a10,Dauren Karabaev,Dauren Karabaev,IMO,1995,,career,unmatched,,,,,,,Unknown,Other,unmatched,participation_only,1,0,0,0,1,,,
kaz-39523361f70b,Eldos Samalov,Eldos Samalov,IMO,1995,,career,probable,Kazkomnet,Director,employment,2008,,,Industry,Leadership,manual_review,complete,1,3,0,0,4,https://linkedin.com/in/yeldos-samalov-396a1666,https://linkedin.com/in/yeldos-samalov-396a1666,The uncommon Eldos and Yeldos transliteration links the 1995 Kazakhstan IMO entrant to a profile beginning technical study at KazNTU that year and continuing through a Kazakhstan programming and telecom career; no source explicitly states the Olympiad identity
kaz-8c9c1b2b81a6,Mikhail Okhin,Mikhail Okhin,IMO,1995,Honourable mention,career,confirmed,Fitch Ratings,Senior Software Engineer,employment,2023,,,Industry,Software & AI,manual_review,complete,1,3,0,0,4,https://linkedin.com/in/mikhail-okhin-109129148,https://linkedin.com/in/mikhail-okhin-109129148,His self-authored profile explicitly identifies him as a member of the Mathematical Olympiad in Toronto and lists his current Senior Software Engineer role at Fitch Ratings; Kazakhstan's official 1995 IMO record independently confirms the exact name and Toronto participation
kaz-b788eb650e7a,Nurgali Arystanov,Nurgali Arystanov,IMO,1995,Honourable mention,career,confirmed,Embassy of Kazakhstan in the Republic of Korea,Ambassador,employment,2023,,,Industry,Other,manual_review,complete,1,2,0,0,4,https://www.gov.kz/memleket/entities/mfa/press/news/details/637569?lang=en,,The rare exact name belongs to a diplomat born in 1978 whose 1999 university graduation fits a 1995 IMO contestant; Kazakhstan's Foreign Ministry records his assumption of office as ambassador to Korea
kaz-b22287fe1ff1,Zhaidarzhan Zataev,Zhaidarzhan Zataev,IMO,1995,,career,unmatched,,,,,,,Unknown,Other,unmatched,participation_only,1,0,0,0,1,,,
kaz-6c47e89eeff1,Alexander Zaitsev,Alexander Zaitsev,IMO,1996,,career,candidate,Institute of Theoretical and Applied Mechanics,senior reseacher,employment,2017,,RU,Academia,Other,structured_sources,review_required,1,2,27,8,38,https://orcid.org/0000-0002-6272-1079,,"orcid=0000-0002-6272-1079; current_affiliation=Institute of Theoretical and Applied Mechanics,Novosibirsk State University; past_affiliation=Novosibirsk State University,Institute of Theoretical and Applied Mechanics; role=senior reseacher; Institute of Theoretical and Applied Mechanics; senior reseacher; Computational aerodynamics laboratory; 2017"
kaz-5f05301e71f7,Arnur Toktabayev,Arnur Toktabayev,IMO,1996,,career,unmatched,,,,,,,Unknown,Other,unmatched,participation_only,1,0,0,0,1,,,
kaz-8fe9da4c845a,Azamat Abilkhanov,Azamat Abilkhanov,IBO,1996,Bronze,career,confirmed,Rominserv,Acting General Manager,employment,,,,Industry,Leadership,manual_review,complete,1,3,0,0,4,https://www.rominserv.com/en/who-we-are,https://kz.linkedin.com/in/azamat-abilkhanov-a4522210,The rare exact-name 1996 IBO record aligns with a Kazakhstan education and 2004-onward KMG career timeline on his public profile while Rominserv's current official team page names him acting general manager
kaz-6baf22bf0570,Dimitry Dzyabayev,Dimitry Dzyabayev,IMO,1996,,career,unmatched,,,,,,,Unknown,Other,unmatched,participation_only,1,0,0,0,1,,,
kaz-7720cc1cbeae,Erke Nurkenov,Erke Nurkenov,IMO,1996,,career,unmatched,,,,,,,Unknown,Other,unmatched,participation_only,1,0,0,0,1,,,
kaz-55cdb586d884,Nurzhan Kajikabarov,Nurzhan Kajikabarov,IMO,1996,,career,unmatched,,,,,,,Unknown,Other,unmatched,participation_only,1,0,0,0,1,,,
kaz-a2011ec03297,Renat Bekbolatov,Renat Bekbolatov,IMO,1996;1997;1998,Bronze medal;Honourable mention,career,confirmed,"Genie, Inc.",Founder,employment,,,,Industry,Leadership,manual_review,complete,3,3,0,0,9,https://www.linkedin.com/in/bekbolatov,https://www.linkedin.com/in/bekbolatov,Caltech's official 2004 commencement program identifies the rare exact-name mathematics graduate as being from Aktobe Kazakhstan and the same Caltech timeline appears on his current Genie profile
kaz-438a79d3a6d5,Abzal Daribaev,Abzal Daribaev,IBO,1997;1998,Bronze,career,confirmed,Astana Business Campus,Managing Director for Innovation,employment,,,,Industry,Leadership,manual_review,complete,2,2,0,0,4,https://www.ncste.kz/kz/daribaev-abzal-amankeldievich,,The official government science-council profile gives the rare exact-name alumnus an MSU genetics and molecular-biology background consistent with the 1997 and 1998 IBO records and states his current Astana Business Campus role
kaz-9bcf8f03ca96,Andrey Jigalov,Andrey Jigalov,IBO,1997;1998,Bronze,career,unmatched,,,,,,,Unknown,Other,unmatched,participation_only,2,0,0,1,3,,,
kaz-a5c7de0d34ee,Anuar Bitanof,Anuar Bitanof,IPhO,1997,Honourable Mention,career,unmatched,,,,,,,Unknown,Other,unmatched,participation_only,1,0,0,0,1,,,
kaz-952a451859f7,Guljanar Kalmaganbetova,Guljanar Kalmaganbetova,IBO,1997,,career,unmatched,,,,,,,Unknown,Other,unmatched,participation_only,1,0,0,0,1,,,
kaz-91962e6612b3,Iskander Karibzhanov,Iskander Karibzhanov,IMO,1997,Honourable mention,career,confirmed,Bank of Canada,Senior Economist,employment,2014,,,Government,Economics & Finance,manual_review,complete,1,2,0,0,12,https://www.bankofcanada.ca/profile/iskander-karibzhanov/,,Official IMO record and Bank of Canada CV identify the same person and career history
kaz-be34a221eedd,Mikhail Shakhmatov,Mikhail Shakhmatov,IMO,1997;1998,Bronze medal,career,confirmed,KAZ Minerals,,employment,,,,Industry,Other,manual_review,complete,2,3,0,0,7,https://kz.linkedin.com/in/mikhail-shakhmatov,https://kz.linkedin.com/in/mikhail-shakhmatov,A Kazakhstan national newspaper identifies him as the country's 1998 Olympiad winner and the only matching public profile has the same rare name and Almaty location with Boğazici University beginning immediately after his final IMO appearance
kaz-8c7f0b059859,Mirat Sadikov,Mirat Sadikov,IBO,1997;1998,Bronze,career,probable,Brandkamp,Kazakhstan Sales Partner,employment,,,,Industry,Other,manual_review,complete,2,2,0,0,4,https://www.gasagroup.com/Files/Images/corporate_website/Young%20Plants/Catalogues/Brandkamp-Chrysanthemum.pdf,,The rare exact name appears in a 2005 horticulture master's record and a continuous Kazakhstan greenhouse and seed-sector career ending in Brandkamp's current catalog; the timeline and field align with the 1997 and 1998 IBO entrant but no source explicitly states the Olympiad identity
kaz-b596c2a8a5f9,Rassul Karabalin,Rassul Karabalin,IPhO,1997;1998,Bronze Medal;Honourable Mention,career,confirmed,AWS Center for Quantum Computing at Amazon,Research Science Manager leading quantum chip fabrication,employment,,,,Industry,Research & Academia,manual_review,complete,2,3,0,0,7,https://www.karabalin.com/,http://www.linkedin.com/in/rassul,Personal site states both the 1997/1998 IPhO awards and current AWS quantum role
kaz-68b763708761,Talap Akashev,Talap Akashev,IMO,1997;1998,Honourable mention,career,unmatched,,,,,,,Unknown,Other,unmatched,participation_only,2,0,0,0,2,,,
kaz-09e9190640e1,Vitaliy Tsvayer,Vitaliy Tsvayer,IMO,1997,,career,confirmed,Remote,Software Architect and Backend Engineer,employment,2017,,,Industry,Software & AI,manual_review,complete,1,3,0,0,5,https://tr.linkedin.com/in/vitaliy-tsvayer,https://tr.linkedin.com/in/vitaliy-tsvayer,His indexed public profile explicitly lists participation in the 38th International Mathematical Olympiad in 1997 and documents his current remote backend and software-architecture work
kaz-514026a01ba3,Yerlan Jumabayev,Yerlan Jumabayev,IMO,1997,Honourable mention,career,probable,Suleyman Demirel University,Frontend Developer,company_or_organization,,,KZ,Academia,Software & AI,structured_sources,complete,1,2,1,0,4,https://github.com/thevarp19,https://www.linkedin.com/in/thevarp/,login=thevarp19; company=Suleyman Demirel University; location=Almaty; bio=Frontend Developer
kaz-c81d0e9f9556,Adil Zhugralin,Adil Zhugralin,IChO,1998;1999;2000,Bronze medal;Participant;Silver medal,career,confirmed,Novartis,Patent Attorney,employment,2022,,,Industry,Other,manual_review,complete,3,3,0,0,9,https://www.linkedin.com/in/adil-zhugralin-9bb1b03,https://www.linkedin.com/in/adil-zhugralin-9bb1b03,MIT officially identifies the rare exact-name Kazakhstan chemistry student and Boston College documents the same research career while current professional and patent records place him in Novartis intellectual property
kaz-51f03f3fb603,Almas Sakhavyev,Almas Sakhavyev,IMO,1998,Honourable mention,career,unmatched,,,,,,,Unknown,Other,unmatched,participation_only,1,0,0,0,1,,,
kaz-590493685dc4,Arman Prashev,Arman Prashev,IOI,1998;1999;2000,Bronze,career,confirmed,,,,,,,Unknown,Other,structured_sources,complete,3,1,0,0,4,https://cphof.org/profile/ioi:271,,profile=ioi:271; country=Kazakhstan; contest=IOI
kaz-7774ad796e6c,Askerbek Zhaxylykov,Askerbek Zhaxylykov,IChO,1998,Bronze medal,career,unmatched,,,,,,,Unknown,Other,unmatched,participation_only,1,0,0,0,1,,,
kaz-d6415e08acc5,Beket Zhapbasbay,Beket Zhapbasbay,IOI,1998,,career,confirmed,,,,,,,Unknown,Other,structured_sources,complete,1,1,1,0,3,https://cphof.org/profile/ioi:331,,profile=ioi:331; country=Kazakhstan; contest=IOI
kaz-679b5f1e598a,Bulat Biizhanov,Bulat Biizhanov,IChO,1998,Participant,career,probable,Lindstrom,Sales Director,employment,2022,,,Industry,Leadership,manual_review,complete,1,3,0,0,4,https://linkedin.com/in/bulat-biizhanov-b4051a30,https://linkedin.com/in/bulat-biizhanov-b4051a30,"The rare exact-name Kazakhstan profile places him at Kostanay Kazakh-Turkish Lyceum in 1994-1998, ending in the IChO year, and documents his current Lindstrom sales-director role; no source explicitly identifies the professional as the IChO contestant"
kaz-9f8b5c60daf2,Kairat Akhmetov,Kairat Akhmetov,IPhO,1998;1999,Bronze Medal;Honourable Mention,career,confirmed,Freedom Telecom,Chief Executive Officer,employment,2023,,,Industry,Other,manual_review,complete,2,3,0,0,14,https://www.apple-events.com/events/central-eurasian-venture-forum-2024,https://kz.linkedin.com/in/kairatakhmetov,The venture-forum biography explicitly links the Freedom Telecom CEO and MIPT graduate to the 1998 and 1999 IPhO appearances and Asian Physics Olympiad gold
kaz-b41761cae333,Kirill Panov,Kirill Panov,IMO,1998,,career,unmatched,,,,,,,Unknown,Other,unmatched,participation_only,1,0,0,23,24,,,
kaz-3dd740673c5d,Maxat Aipanov,Maxat Aipanov,IOI,1998,,career,confirmed,Kcell JSC,Data Warehouse Expert,employment,,,,Industry,Other,manual_review,complete,1,3,0,0,5,https://kz.linkedin.com/in/maxat-aipanov-192903a3,https://kz.linkedin.com/in/maxat-aipanov-192903a3,CPHOF links the Kazakhstan IOI record and the distinctive public profile lists Kcell plus matching software and data-warehouse education and experience
kaz-253b9dc2b33d,Nurlan Algashev,Nurlan Algashev,IBO,1998;1999,,career,unmatched,,,,,,,Unknown,Other,unmatched,participation_only,2,0,0,0,2,,,
kaz-f2b0c2f36f45,Nurzhan Ustemirov,Nurzhan Ustemirov,IChO,1998,Participant,career,confirmed,DFlow,,employment,,,,Industry,Other,manual_review,complete,1,3,0,0,8,https://www.linkedin.com/in/nurzhan,https://www.linkedin.com/in/nurzhan,The rare exact-name IChO record connects through an Iowa State master's thesis and Ames Laboratory paper to the same Iowa State education and Kazakh language on his current DFlow profile
kaz-07b1a7ba2159,Renat Shaimardanov,Renat Shaimardanov,IOI,1998,,career,probable,Agregator,Owner and CEO,employment,2012,,,Industry,Other,manual_review,complete,1,3,0,1,10,https://linkedin.com/in/renatshaimardanov,https://linkedin.com/in/renatshaimardanov,"The rare exact-name Kazakhstan profile begins computer-science study at KazNU in the 1998 IOI year and identifies Agregator as his current company, matching the independently linked Kazakhstan CPHOF and GitHub identity; no source explicitly joins the professional to the IOI contestant"
kaz-c41cd38943e8,Rustam Timirbekov,Rustam Timirbekov,IMO,1998;1999,Bronze medal;Honourable mention,career,unmatched,,,,,,,Unknown,Other,unmatched,participation_only,2,0,0,0,2,,,
kaz-c898d5674745,Adil Baiguzhin,Adil Baiguzhin,IChO,1999,Participant,career,probable,chem.kz,Manager,employment,2008,,,Industry,Leadership,manual_review,complete,1,3,0,0,4,https://kz.linkedin.com/in/adil-baiguzhin-9786aa9,https://kz.linkedin.com/in/adil-baiguzhin-9786aa9,"The rare exact name links Kazakhstan's 1999 IChO result to chemistry study at KazNU beginning that year and MSU immediately afterward, followed by a long chem.kz career; no source explicitly states that the professional profile belongs to the IChO entrant"
kaz-69e7f14df70f,Alexey Doktorovich,Alexey Doktorovich,IMO,1999,Bronze medal,career,unmatched,,,,,,,Unknown,Other,unmatched,participation_only,1,0,0,0,1,,,
kaz-abe907ea7b16,Alibek Aldangarov,Alibek Aldangarov,IMO,1999;2000;2001,Gold medal;Honourable mention,career,confirmed,OnPoint Analytics,Consultant,employment,,,,Industry,Other,manual_review,complete,3,2,0,0,5,https://onpointanalytics.com/staff/alibek-aldangarov/,,Official IMO results establish the olympiad identity and the current employer biography gives matching MIT and Columbia education plus consultant role
kaz-f9ab6cbeaa06,Andrey Sapronov,Andrey Sapronov,IPhO,1999,Silver Medal,career,confirmed,Karlsruhe Institute of Technology (KIT),Data Scientist,employment,2023,,,Academia,Research & Academia,manual_review,complete,1,3,0,1,6,https://upload.wikimedia.org/wikipedia/commons/9/9f/%D2%B0%D0%9B%D0%AB%D0%9C%D0%94%D0%AB_%D0%A2%D0%90%D0%9D%D0%A3.pdf,https://linkedin.com/in/andrey-sapronov,"A published first-person memoir identifies Andrey Sapronov as an Almaty Daryn student who entered MIPT without exams as a 1999 international-olympiad participant and later became a JINR researcher; the official IPhO record supplies the matching Kazakhstan name and year, while his current profile preserves the MIPT and JINR publication trail and identifies his KIT data-science role"
kaz-326e69980428,Anton Nesveldin,Anton Nesveldin,IBO,1999;2000,Bronze,career,unmatched,,,,,,,Unknown,Other,unmatched,participation_only,2,0,0,0,2,,,
kaz-bb641e236bb0,Danil Kravtsov,Danil Kravtsov,IOI,1999;2000,,career,confirmed,,,,,,,Unknown,Other,structured_sources,complete,2,1,1,0,4,https://cphof.org/profile/ioi:4829,,profile=ioi:4829; country=Kazakhstan; contest=IOI
kaz-1d49feff22fe,Dmitriy Gorbachev,Dmitriy Gorbachev,IOI,1999,,career,confirmed,,,,,,,Unknown,Other,structured_sources,complete,1,1,14,0,16,https://cphof.org/profile/ioi:5480,,profile=ioi:5480; country=Kazakhstan; contest=IOI
kaz-f29c25aa7066,Kirill Mayerle,Kirill Mayerle,IChO,1999,Bronze medal,career,unmatched,,,,,,,Unknown,Other,unmatched,participation_only,1,0,0,0,1,,,
kaz-573a15d54faa,Kuanysh Yergalivey,Kuanysh Yergalivey;Kuanysh Yergaliyev,IBO,1999;2000,Bronze,career,confirmed,Nazarbayev University,Assistant Professor of Practice in the School of Medicine,employment,2024,,,Academia,Research & Academia,manual_review,complete,2,2,0,0,15,https://research.nu.edu.kz/en/persons/kuanysh-yergaliyev,,The adjacent 1999 and 2000 official IBO records align with the exact-name ORCID medical training timeline and Nazarbayev University's current faculty profile
kaz-0647e630efc7,Nurbol Kisembaev,Nurbol Kisembaev,IBO,1999,Bronze,career,unmatched,,,,,,,Unknown,Other,unmatched,participation_only,1,0,0,0,1,,,
kaz-64365e0c312d,Nurzhan Nagashbekov,Nurzhan Nagashbekov,IChO,1999,Participant,career,probable,Al-Farabi Kazakh National University,PhD student,employment,2023,,KZ,Academia,Student,structured_sources,complete,1,2,0,0,3,https://orcid.org/0009-0007-2656-9739,,orcid=0009-0007-2656-9739; current_affiliation=Al-Farabi Kazakh National University; role=PhD student; Al-Farabi Kazakh National University; PhD student; Political Science; 2023
kaz-0606abc1583b,Shirali Kadyrov,Shirali Kadyrov,IMO,1999,Bronze medal,career,confirmed,New Uzbekistan University,Associate Professor,employment,2024,,UZ,Academia,Research & Academia,structured_sources,complete,1,2,24,0,27,https://orcid.org/0000-0002-8352-2597,,"orcid=0000-0002-8352-2597; current_affiliation=New Uzbekistan University,Suleyman Demirel University; past_affiliation=The Ohio State University,Oxus University,Nazarbayev University,University of Bristol; role=Associate Professor; New Uzbekistan University; Associate Professor; General Education; 2024"
kaz-f3c66de0174f,Ulan Mukashev,Ulan Mukashev,IMO,1999;2000,Bronze medal;Honourable mention,career,confirmed,Kuwait Oil Company (KOC),Senior Deployment Engineer,employment,2014,,,Industry,Engineering,manual_review,complete,2,3,0,0,7,https://people.bayt.com/ulan-mukashev/,https://kg.linkedin.com/in/ulan-mukashev-59771a2b,His public career profile explicitly lists the 1999 IMO honorable mention and 2000 IMO bronze medal alongside his MIPT petroleum-engineering degree and current senior deployment role at KOC
kaz-21cc95b51c33,Yaroslav Alexandrov,Yaroslav Alexandrov,IPhO,1999,Honourable Mention,career,unmatched,,,,,,,Unknown,Other,unmatched,participation_only,1,0,0,12,13,,,
kaz-ccdb407317c8,Yerkebulan Tulibergenov,Yerkebulan Tulibergenov,IOI,1999,,career,confirmed,Square,Staff Software Engineer,employment,,,,Industry,Software & AI,manual_review,complete,1,3,0,0,6,https://www.linkedin.com/in/yerkebulant,https://www.linkedin.com/in/yerkebulant,CPHOF establishes the IOI identity and the public professional profile plus current employee directory agree on Square and software engineering
kaz-fc8646c120d2,Zhandos Yessenbayev,Zhandos Yessenbayev,IMO,1999;2000,Bronze medal,career,confirmed,BINUS International,Subject Content Coordinator of Computer Science Program,employment,,,,Industry,Software & AI,manual_review,complete,2,2,0,0,12,https://international.binus.ac.id/binus-people/zhandos-yessenbayev-b-sc-m-sc-ph-d/,,Official IMO results and university staff page agree on the rare exact name
kaz-d7f55daeca5c,Zhanybek Alpichshev,Zhanybek Alpichshev,IPhO,1999,Bronze Medal,career,confirmed,Institute of Science and Technology Austria,Assistant Professor,employment,2018,,,Academia,Research & Academia,manual_review,complete,1,3,0,0,13,https://ist.ac.at/wp-content/uploads/2023/09/cv_alpichshev_010923.pdf,https://at.linkedin.com/in/zhanybek-alpichshev-41bb4b207,The rare exact-name 1999 IPhO record aligns with the MIPT and Stanford physics timeline in his institutional CV which lists the current ISTA assistant professorship
kaz-1c91927cfc70,Anuar Kaumbayev,Anuar Kaumbayev,IMO,2000,Bronze medal,career,unmatched,,,,,,,Unknown,Other,unmatched,participation_only,1,0,0,0,1,,,
kaz-1e390288b2cc,Danil Murtazin,Danil Murtazin,IPhO,2000;2001,Gold Medal;Honourable Mention,career,unmatched,,,,,,,Unknown,Other,unmatched,participation_only,2,0,0,0,2,,,
kaz-afd3a80b5994,Igor Ganichev,Igor Ganichev,IMO,2000;2001;2002,Gold medal;Silver medal,career,confirmed,Private hedge fund,Researcher,employment,,,,Industry,Research & Academia,manual_review,complete,3,3,0,0,13,https://www.linkedin.com/in/igor-ganichev-067bba16,https://www.linkedin.com/in/igor-ganichev-067bba16,His current public profile explicitly lists one gold and two silver IMO medals while MIT identifies his hometown as Glubokoe in East Kazakhstan and the profile now places him at a private hedge fund
kaz-d1a89ad778a3,Nurzhan Bakibayev,Nurzhan Bakibayev,IOI,2000;2001;2002,Bronze,career,confirmed,Kazakh-British Technical University,,education,,,,Education,Student,structured_sources,complete,3,2,4,0,9,https://cphof.org/profile/topcoder:Hypuk,,profile=topcoder:Hypuk; country=Kazakhstan; contest=IOI; universities=Kazakh-British Technical University; organization=Kazakh-British Technical University
kaz-5da1ec7d4068,Rustem Takhanov,Rustem Takhanov,IMO,2000,Bronze medal,career,confirmed,Computing Center,Research author,facility,2007,2010,RU,Industry,Research & Academia,structured_sources,complete,1,2,11,0,14,https://openalex.org/A5029285634,,"works=73; citations=174; institutions=Linköping University, Russian Academy of Sciences, Institute of Science and Technology Austria, Dorodnitsyn Computing Centre, Purdue University Fort Wayne, Computing Center, Toronto Metropolitan University, Nazarbayev University; topics=Constraint Satisfaction and Optimization, Natural Language Processing Techniques, Advanced Graph Theory Research, Topic Modeling, Complexity and Algorithms in Graphs; orcid=https://orcid.org/0000-0001-7405-8254"
kaz-a9c48be9eff3,Semen Shkilevich,Semen Shkilevich,IOI,2000;2001,Bronze,career,confirmed,,,,,,,Unknown,Other,structured_sources,complete,2,1,0,0,3,https://cphof.org/profile/ioi:2074,,profile=ioi:2074; country=Kazakhstan; contest=IOI
kaz-60a5906be728,Sergey Gussak,Sergey Gussak,IChO,2000,Bronze medal,career,unmatched,,,,,,,Unknown,Other,unmatched,participation_only,1,0,0,0,1,,,
kaz-84154f378216,Yerbol Kurmangaliyev,Yerbol Kurmangaliyev,IBO,2000,Silver,career,confirmed,Brandeis University,Assistant Professor of Biology,employment,2023,,,Academia,Research & Academia,manual_review,complete,1,2,0,0,7,https://www.brandeis.edu/biology/faculty/kurmangaliyev-yerbol.html,,The rare exact-name official IBO record aligns with a self-asserted ORCID timeline and Brandeis's current faculty page for its assistant professor of biology
kaz-cae8a8caf16a,Yerokhin Maxim,Yerokhin Maxim,IBO,2000;2001,Bronze,career,unmatched,,,,,,,Unknown,Other,unmatched,participation_only,2,0,0,0,2,,,
kaz-197ec90e92c1,Yuriy Kudryavtsev,Yuriy Kudryavtsev,IChO,2000,Participant,career,unmatched,,,,,,,Unknown,Other,unmatched,participation_only,1,0,0,6,7,,,
kaz-36fb8d2c335b,Zeinul-Gabiden Kazhkenov,Zeinul-Gabiden Kazhkenov,IChO,2000;2001,Bronze medal;Participant,career,confirmed,Polymer Production,,employment,,,,Industry,Other,manual_review,complete,2,3,0,0,8,https://kz.linkedin.com/in/zeinul-gabiden-kazhkenov-23203052,https://kz.linkedin.com/in/zeinul-gabiden-kazhkenov-23203052,The unique full name in the 2000 and 2001 IChO records matches Moscow State and Minnesota chemistry publications and a current Kazakhstan profile showing Cornell education and Polymer Production
kaz-f0c3ebfd6e9a,Aman Zhumekeshov,Aman Zhumekeshov,IMO,2001;2002,Bronze medal;Gold medal,career,confirmed,Kazakh-British Technical University,Research author,education,2023,2023,KZ,Education,Research & Academia,structured_sources,complete,2,2,1,0,5,https://openalex.org/A5003329876,,"works=5; citations=3; institutions=Kazakh-British Technical University; topics=Hydraulic Fracturing and Reservoir Analysis, Drilling and Well Engineering, Reservoir Engineering and Simulation Methods, Seismic Imaging and Inversion Techniques, Hydrocarbon exploration and reservoir analysis; orcid=https://orcid.org/0000-0002-5437-138X"
kaz-c9401ed42eb0,Anuar Nurtazin,Anuar Nurtazin,IChO,2001;2002;2003,Participant;Silver medal,career,confirmed,SOE Centre for Olympic Training in Wrestling,Business and Financial Manager,employment,,,,Industry,Leadership,manual_review,complete,3,3,0,0,8,https://kz.linkedin.com/in/anuarnurtazin01,https://kz.linkedin.com/in/anuarnurtazin01,His current public profile explicitly recalls representing Kazakhstan at IChO and a 2026 government-cited report names him national chemistry-team coach while the profile lists his current management organization
kaz-5e6bd77516c5,Askarbek Zadauly,Askarbek Zadauly,IOI,2001,,career,confirmed,Self-employed,Software Engineer,employment,,,,Industry,Software & AI,manual_review,complete,1,2,0,0,5,https://dev.to/ascarbek,,CPHOF establishes the IOI identity and the exact-name public developer profile lists Almaty and current self-employed software engineering
kaz-fae12779c8ad,Baurzhan Bektemirov,Baurzhan Bektemirov,IMO,2001;2002;2003,Gold medal;Silver medal,career,confirmed,Freedom Horizons Corp.,"Vice President, Global Markets",employment,,,,Industry,Other,manual_review,complete,3,3,0,0,6,https://conference.cba.am/,https://kz.linkedin.com/in/bbektemir,"A retrospective explicitly joins Bektemirov to Kazakhstan's 2001, 2002, and 2003 IMO team and his Harvard mathematics studies; the Central Bank of Armenia's current conference biography identifies him as Vice President for Global Markets at Freedom Horizons and recounts a coherent prior career"
kaz-6fa4b627983f,Gabit Bekakhmetov,Bekakhmetov Gabit,IBO,2001;2002,Silver,career,confirmed,Paradigm Shift,Managing Partner,employment,,,,Industry,Other,manual_review,complete,2,2,0,0,4,https://www.paradigms.kz/en,,The official 2001 and 2002 IBO records align with his documented 1984 birth year and 2003 Duke timeline while Paradigm Shift's current team page names him managing partner
kaz-f4f08ec984b8,Nikolay Berezhnoy,Berezhnoi Nikolay;Berezhnoy Nikolay,IBO,2001;2002,Bronze,career,confirmed,Nazarbayev University,Senior Researcher in Bioengineering and Regenerative Medicine,employment,,,,Academia,Research & Academia,manual_review,complete,2,2,0,0,4,https://research.nu.edu.kz/en/persons/nikolay-berezhnoy/,,The adjacent 2001 and 2002 official IBO records align with the rare exact-name Kazakhstan researcher and the biological field on Nazarbayev University's current staff profile
kaz-9bc854d0232a,Denis Atrashenko,Denis Atrashenko,IPhO,2001,Honourable Mention,career,unmatched,,,,,,,Unknown,Other,unmatched,participation_only,1,0,0,0,1,,,
kaz-58dea61d1101,Denis Ivanov,Denis Ivanov,IOI,2001,,career,confirmed,,,,,,,Unknown,Other,structured_sources,complete,1,1,69,0,71,https://cphof.org/profile/ioi:4957,,profile=ioi:4957; country=Kazakhstan; contest=IOI
kaz-8b03ffcc0625,Kambarov Yerkebulan,Kambarov Yerkebulan,IBO,2001;2002,Bronze,career,unmatched,,,,,,,Unknown,Other,unmatched,participation_only,2,0,0,0,2,,,
kaz-00408ca19291,Rashid Amirov,Rashid Amirov,IChO,2001,Honorable mention,career,probable,FINCRAFT Investment House,Chairman of the Board of Directors,employment,2016,,,Industry,Leadership,manual_review,complete,1,3,0,3,7,https://www.rns-pdf.londonstockexchange.com/rns/5004Y_-2010-12-23.pdf,https://linkedin.com/in/rashidamirov,"Official 2001 Mendeleev and IChO records identify Rashid Amirov as a Kazakhstan chemistry contestant; a 2010 corporate prospectus describes a 26-year-old Rashid Amirov whose Atyrau work and 2005 Kazakh Economics University degree match the profile's 2001-2005 Narxoz timeline to current FINCRAFT leadership, but no source explicitly joins the identities"
kaz-0f9baaef8ac0,Sergey Umentayev,Sergey Umentayev,IMO,2001,Silver medal,career,confirmed,ChooSmart,Founder and CEO,employment,2023,,,Industry,Leadership,manual_review,complete,1,3,0,0,4,https://www.linkedin.com/in/sergey-umentayev,https://www.linkedin.com/in/sergey-umentayev,Official IMO results and the public profile's explicit 2001 IMO silver medal establish identity while the same profile lists current ChooSmart founder and CEO work
kaz-ff5c7ff39c9d,Taskyn Shokanbay,Taskyn Shokanbay,IChO,2001,Bronze medal,career,confirmed,Sulzer Chemtech,Director of Sales Caspian & Black Sea,employment,,,,Industry,Leadership,manual_review,complete,1,2,0,0,6,https://app.qwoted.com/opportunities/event-12th-annual-summit-downstream-central-asia-and-caspian-2025,,The official IChO result is joined to his career by TUAT's 2003-04 Kazakhstan National University exchange roster and a 2010 Tokyo Tech chemical-engineering paper; a 2025 industry summit lists his current Sulzer Chemtech sales role
kaz-d1fb5b8f648d,Ulan Usserkulov,Ulan Usserkulov,IMO,2001,Honourable mention,career,probable,,,,,,,Unknown,Other,structured_sources,complete,1,1,0,0,2,https://github.com/imuster,,login=imuster; location=Astana
kaz-2c50f8bc247c,Viatcheslav Muravev,Viatcheslav Muravev,IPhO,2001,Silver Medal,career,unmatched,,,,,,,Unknown,Other,unmatched,participation_only,1,0,0,0,1,,,
kaz-bb70c982f38a,Aituov Baurzhan,Aituov Baurzhan,IBO,2002,,career,unmatched,,,,,,,Unknown,Other,unmatched,participation_only,1,0,0,0,1,,,
kaz-49e795089f9c,Anton Nikolayev,Anton Nikolayev,IOI,2002;2003,Bronze,career,confirmed,,,,,,,Unknown,Other,structured_sources,complete,2,1,1,0,4,https://cphof.org/profile/ioi:245,,profile=ioi:245; country=Kazakhstan; contest=IOI
kaz-fc88fa90b799,Aset Iskakov,Aset Iskakov,IChO,2002;2003,Silver medal,career,probable,Kazakh Ablai Khan University of International Relations and World Languages,Research author,education,2025,2025,KZ,Education,Research & Academia,structured_sources,complete,2,2,3,0,7,https://openalex.org/A5112917287,,"works=4; citations=2; institutions=Kazakh Ablai Khan University of International Relations and World Languages, Methodist Hospital, Ministry of Internal Affairs, Kostanay State University A Baitursynov; topics=Terrorism, Counterterrorism, and Political Violence, Economic and Technological Developments in Russia, Regional Socio-Economic Development Trends, Legal, Health, Environmental and COVID-19 Challenges, Socioeconomic and Demographic Analysis"
kaz-6617107a61a9,Asylbek Nurgabdeshov,Asylbek Nurgabdeshov,IChO,2002,Honorable mention,career,confirmed,Heriot-Watt University,Assistant Professor of Strategy and Director of Strategy Postgraduate Programmes,employment,,,,Academia,Research & Academia,manual_review,complete,1,2,0,0,4,https://www.hw.ac.uk/profiles/uk/school/ebs/faculty/assylbek-nurgabdeshov,,The official IChO name and rare identity align with Heriot-Watt's biography beginning his petroleum-engineering degree in 2003 immediately after the 2002 contest and documenting a continuous Kazakhstan-to-UK academic career
kaz-694369c06874,Baurzhan Urgunshbayev,Baurzhan Urgunshbayev,IMO,2002;2003,Bronze medal;Silver medal,career,unmatched,,,,,,,Unknown,Other,unmatched,participation_only,2,0,0,0,2,,,
kaz-22487c0da1b1,Khairosh Yerzhan,Khairosh Yerzhan,IOI,2002,,career,confirmed,Kazakh-British Technical University,,education,,,,Education,Student,structured_sources,complete,1,2,0,0,3,https://cphof.org/profile/ioi:4046,,profile=ioi:4046; country=Kazakhstan; contest=IOI; universities=Kazakh-British Technical University; organization=Kazakh-British Technical University
kaz-6a1491f166e0,Kuat Yessenov,Kuat Yessenov,IMO,2002;2003;2004,Gold medal;Silver medal,career,confirmed,Google,,employment,,,,Industry,Other,manual_review,complete,3,3,0,0,11,https://www.linkedin.com/in/kuat-yessenov-b1b188b3,https://www.linkedin.com/in/kuat-yessenov-b1b188b3,The rare exact-name three-time Kazakhstan IMO medalist has a personal MIT page and official MIT Putnam record that match the MIT education on his public Google profile
kaz-8b4bb46b3041,Meiram Murzabulatov,Meiram Murzabulatov,IMO,2002;2003,Bronze medal,career,confirmed,Nazarbayev University,Assistant Professor,employment,,,,Academia,Research & Academia,manual_review,complete,2,3,0,0,12,https://research.nu.edu.kz/en/persons/meiram-murzabulatov/,https://kz.linkedin.com/in/meiram-murzabulatov-8889b0138,Public profile lists IMO bronze and official university profile lists current faculty role
kaz-7e2cf66f126f,Rafael Mavlyukeyev,Rafael Mavlyukeyev,IPhO,2002,Bronze Medal,career,unmatched,,,,,,,Unknown,Other,unmatched,participation_only,1,0,0,0,1,,,
kaz-7907a5491483,Talgat Ismukhamedov,Talgat Ismukhamedov,IPhO,2002,Honourable Mention,career,confirmed,Honeywell,Cyber Security Consultant,employment,2020,,,Industry,Other,manual_review,complete,1,3,0,0,4,https://ae.linkedin.com/in/talgat-ismukhamedov-a7b77323,https://ae.linkedin.com/in/talgat-ismukhamedov-a7b77323,The IPhO result and rare exact-name public profile align on Kazakhstan and plasma-physics education while current Honeywell employment is corroborated by the professional directory
kaz-26886bea5396,Yernur Rysmagambetov,Yernur Rysmagambetov,IPhO,2002;2003,Gold Medal;Silver Medal,career,confirmed,Alem Entertainment Ltd.,CEO and Director,employment,2025,,,Industry,Leadership,manual_review,complete,2,3,0,0,5,https://publicreg.myafsa.com/details/250640900594/,https://kz.linkedin.com/in/yernur-rysmagambetov,Caltech identifies the Kazakh IPhO medalist and the official AIFC registry lists the matching person as current CEO and director
kaz-209930256d24,Yerzhigit Tolebekov,Yerzhigit Tolebekov,IChO,2002,Honorable mention,career,unmatched,,,,,,,Unknown,Other,unmatched,participation_only,1,0,0,0,1,,,
kaz-9b09f062bfeb,Zhanibek Datbayev,Zhanibek Datbayev,IOI,2002;2003;2004,Silver,career,confirmed,Purdue University,,education,,,,Education,Student,structured_sources,complete,3,2,7,0,12,https://cphof.org/profile/topcoder:Tomato,,profile=topcoder:Tomato; country=Kazakhstan; contest=IOI; codeforces=itomatik; universities=Purdue University; organization=Purdue University
kaz-0f8fdc911846,Zhanar Abil,Abil Zhanar,IBO,2003,,career,confirmed,University of Florida,Assistant Professor of Biology,employment,2023,,,Academia,Research & Academia,manual_review,complete,1,2,0,0,3,https://biology.ufl.edu/zhanar-abil/,,The rare exact-name 2003 IBO record aligns with the University of Florida biography stating that she came from Kazakhstan and moved to the United States at age 20 and listing her current assistant professorship
kaz-3e91bdc28e40,Alexey Dudnik,Alexey Dudnik;Dudnik Alexey,IBO,2003;2005,,career,probable,BIOVECTRA,Principal Scientist in Process Development - Biologics,employment,2022,,,Industry,Research & Academia,manual_review,complete,2,2,0,0,15,https://theorg.com/org/biovectra/org-chart/alexey-dudnik,,The 2003 and 2005 official IBO records align with the exact-name ORCID education and DTU timeline while two recently updated professional directories list the current BIOVECTRA principal scientist role
kaz-4a00a35c3f4a,Andrey Bogdanchikov,Andrey Bogdanchikov,IOI,2003,,career,confirmed,SDU University,Associate Professor,employment,,,KZ,Academia,Research & Academia,structured_sources,complete,1,2,5,0,8,https://cphof.org/profile/ioi:4087,,profile=ioi:4087; country=Kazakhstan; contest=IOI; SDU University; Associate Professor; Information Systems
kaz-bfdcf65f4a6e,Anton Vassilyev,Anton Vassilyev,IMO,2003,Honourable mention,career,probable,Kazakhstan Branch of Lomonosov Moscow State University,Associate Professor of Mathematics,employment,,,,Academia,Research & Academia,manual_review,complete,1,2,0,4,7,https://www.msu.kz/ru/information/kafedry/detail.php?ELEMENT_ID=8321,,"Official IMO records identify Anton Vassilyev as Kazakhstan's 2003 contestant and as deputy leader from 2011 onward; the official MSU Kazakhstan roster identifies Anton Nikolaevich Vassilyev as an associate professor and national-team leader, and a journal contributor biography gives an MSc in 2009, PhD in 2014, and IMO deputy leadership in 2011-2016, but no source explicitly states that the professor is the 2003 contestant"
kaz-3769a5a94566,Dauren Auzhani,Dauren Auzhani,IMO,2003,Bronze medal,career,probable,Eurasian Resources Group,Head of Analysis and Valuation of Investment Projects,employment,,,,Industry,Leadership,manual_review,complete,1,3,0,0,4,https://theorg.com/org/eurasian-resources-group/org-chart/dauren-auzhani,https://linkedin.com/in/dauren-auzhani-44134222,"RFMS's official Olympiad museum identifies its rare exact-name 2003 IMO bronze medalist, while the career profile documents MIPT applied mathematics and physics followed by a Kazakhstan investment career and current ERG leadership; no source explicitly joins the professional to the IMO contestant"
kaz-42f3a5145199,Denis Utkin,Denis Utkin,IPhO,2003;2004,Bronze Medal;Honourable Mention,career,candidate,,,,,,,Unknown,Other,structured_sources,review_required,2,1,3,10,16,https://github.com/dizirator,,login=dizirator
kaz-3f389fc299cf,Dmitriy Dolzhnikov,Dmitriy Dolzhnikov,IChO,2003,Silver medal,career,probable,Intel Corporation,Lithography Engineer,employment,2019,,,Industry,Engineering,manual_review,complete,1,3,0,0,16,https://sites.northwestern.edu/weiss-lab/people/alumni/,https://linkedin.com/in/dmitriy-dolzhnikov-7a874037,"The rare exact-name profile begins a chemistry degree at Novosibirsk State University in the 2003 IChO year and continues through a chemistry doctorate and Northwestern postdoctoral work; Northwestern's alumni page identifies his Intel role, but no source explicitly joins the researcher to the IChO contestant"
kaz-11782cb39ded,Kanat Tyutenov,Kanat Tyutenov,IChO,2003,Bronze medal,career,confirmed,Shoqan Walikhanov Private School,AP Chemistry Teacher and Olympiad Coach,employment,,,,Academia,Other,manual_review,complete,1,2,0,0,5,https://shoqanschool.kz/genuineadmin/news/view?id=109,,The rare exact name and middle initial connect the 2003 IChO medalist to Moscow State chemistry publications and a full patronymic in Kazakhstan PhD records while the school's current schedule names him AP chemistry teacher
kaz-45fb4c336c70,Leoned Kardapoltsev,Leoned Kardapoltsev,IPhO,2003,Honourable Mention,career,unmatched,,,,,,,Unknown,Other,unmatched,participation_only,1,0,0,0,1,,,
kaz-be6c0520f71e,Maxim Shpilkin,Maxim Shpilkin,IPhO,2003,Honourable Mention,career,probable,Smart Global (IIoT),CEO and Co-founder,employment,2019,,,Industry,Leadership,manual_review,complete,1,3,0,0,4,https://linkedin.com/in/maxim-shpilkin,https://linkedin.com/in/maxim-shpilkin,The rare exact name and official 2003 Kazakhstan IPhO result align with a profile that begins MIPT physics and applied mathematics in 2003 and continues into technical entrepreneurship; the profile does not explicitly mention the Olympiad
kaz-7923131239ad,Shakhanov Demeu,Shakhanov Demeu,IBO,2003,,career,unmatched,,,,,,,Unknown,Other,unmatched,participation_only,1,0,0,0,1,,,
kaz-c444a5fa2a99,Shaninov Arman,Shaninov Arman,IBO,2003,,career,unmatched,,,,,,,Unknown,Other,unmatched,participation_only,1,0,0,0,1,,,
kaz-c884dd65cdc8,Sultan Dalipov,Sultan Dalipov,IOI,2003,,career,confirmed,Dalip.kz,Founder and Serial Entrepreneur,employment,,,,Industry,Leadership,manual_review,complete,1,3,0,0,5,https://kz.linkedin.com/in/sultan-dalipov-620ba924,https://kz.linkedin.com/in/sultan-dalipov-620ba924,CPHOF establishes the Kazakhstan IOI identity and the distinctive public profile describes the matching founder and serial entrepreneur
kaz-2457951c5496,Almaz Rakhmetov,Almaz Rakhmetov,IOI,2004,,career,probable,Amazon Web Services (AWS),Software Development Engineer,employment,,,,Industry,Software & AI,manual_review,complete,1,3,0,1,8,https://linkedin.com/in/almaz-rakhmetov-a2451223,https://linkedin.com/in/almaz-rakhmetov-a2451223,"The exact-name Kazakhstan profile documents student-programming placements in 2005 and 2006 immediately after the 2004 IOI appearance and a continuous software path through SDU, ENU, Platonus, and AWS; no source explicitly identifies the professional as the IOI contestant"
kaz-5b00b5124ff5,Andrey Kim,Andrey Kim,IMO,2004;2005;2006,Bronze medal;Gold medal;Silver medal,career,confirmed,Altbridge,CTO and Co-founder,employment,2024,,,Industry,Leadership,manual_review,complete,3,3,0,19,54,https://nazymaltbridge.substack.com/p/welcome-to-altbridge,https://www.linkedin.com/in/kimandrik,"nFactorial's biography explicitly joins the Taldykorgan student and his 2004-2006 IMO medals to MSU and the CKKS homomorphic-encryption researcher; Altbridge's founder biography identifies that same CKKS cryptographer as CTO and co-founder, while his profile corroborates the 2006-2011 MSU and 2014-2019 SNU timeline"
kaz-c11d384a01db,Azamat Ukpegaziyev,Azamat Ukpegaziyev,IMO,2004,,career,probable,Vitol,"Technical Manager, E&P",employment,2026,,,Industry,Leadership,manual_review,complete,1,3,0,0,4,https://uk.linkedin.com/in/azamat-ukpegaziyev-868b1947,https://uk.linkedin.com/in/azamat-ukpegaziyev-868b1947,"The rare exact name appears in Kazakhstan's 2003 Silk Road mathematics competition immediately before the official 2004 IMO record, while the professional profile continues from Aktobe and technical education into Vitol; no source explicitly joins the profile to the IMO entrant"
kaz-45c2d7c0bad6,Damir Yeliusizov,Damir Yeliusizov,IMO,2004,Bronze medal,career,unmatched,,,,,,,Unknown,Other,unmatched,participation_only,1,0,0,0,1,,,
kaz-612c627fb60c,Daniyar Kelbetov,Daniyar Kelbetov,IMO,2004;2005,Bronze medal;Silver medal,career,probable,AIFC Green Finance Centre,Chairman of the Board of Directors,employment,,,,Industry,Economics & Finance,manual_review,complete,2,3,0,0,5,https://gfc.aifc.kz/uploads/AIFC%20Analytics/State%20of%20Sustainable%20Finance%20in%20Central%20Asia/CA%20to%20publish%20ENG_compressed.pdf,https://kz.linkedin.com/in/daniyar-frm,"The rare exact name links Kazakhstan's 2004 and 2005 IMO record to a 2007 Nanyang Technological University mathematics competition and a later Singapore-trained finance career; AIFC's official 2025 report names him as the Green Finance Centre's board chairman, but no source explicitly joins that career profile to the IMO entrant"
kaz-663ad2adb08a,Daulet Askarov,Daulet Askarov,IPhO,2004;2005,Honourable Mention;Silver Medal,career,confirmed,Meta,,employment,,,,Industry,Other,manual_review,complete,2,3,0,0,17,https://www.linkedin.com/in/daulet-askarov-98347b26,https://www.linkedin.com/in/daulet-askarov-98347b26,Public profile identifies the 2005 IPhO silver medalist and lists Meta and Stanford
kaz-0d9cf667fe24,Nessipbek Mynbayev,Nessipbek Mynbayev,IPhO,2004,Honourable Mention,career,probable,,,,,,,Unknown,Other,structured_sources,complete,1,1,1,0,3,https://codeforces.com/profile/nesco,,handle=nesco; country=Kazakhstan; city=Shymkent
kaz-f9d3ca151739,Nurzhas Makishev,Nurzhas Makishev,IMO,2004,,career,confirmed,NKM Capital,Founder and Managing Partner,employment,,,,Industry,Leadership,manual_review,complete,1,2,0,0,4,https://www.haileybury.kz/en/almaty/board-of-governors,,The official IMO record and rare exact name align with a Kazakhstan press biography that explicitly mentions international mathematics Olympiads; Haileybury Almaty's institutional biography documents his MIT education and current NKM Capital role
kaz-eab69c3a4463,Ruslan Manakhayev,Ruslan Manakhayev,IPhO,2004,Bronze Medal,career,unmatched,,,,,,,Unknown,Other,unmatched,participation_only,1,0,0,0,1,,,
kaz-fc66298b9bbf,Salamat Nuraliyev,Salamat Nuraliyev,IOI,2004,Bronze,career,confirmed,,,,,,,Unknown,Other,structured_sources,complete,1,1,0,0,2,https://cphof.org/profile/ioi:2038,,profile=ioi:2038; country=Kazakhstan; contest=IOI
kaz-40d2fa33ec3e,Syrymbet Iskakov,Syrymbet Iskakov,IOI,2004,Bronze,career,confirmed,BI Group,,employment,,,,Industry,Other,manual_review,complete,1,3,0,0,5,https://kz.linkedin.com/in/syrymbet-iskakov-42335a20,https://kz.linkedin.com/in/syrymbet-iskakov-42335a20,CPHOF establishes the IOI identity and the distinctive public profile lists current BI Group employment with matching information-systems education
kaz-d272c7de9446,Timur Zhiyentayev,Timur Zhiyentayev,IChO,2004,Silver medal,career,confirmed,Drizzle,Co-founder,employment,2017,,,Industry,Leadership,manual_review,complete,1,2,0,0,3,https://medium.com/%40tima103/how-to-get-more-paying-users-with-user-friendly-paywall-part-ii-8e09766f62eb,,"A Kazakhstan retrospective explicitly carries the exact-name international chemistry Olympiad winner from Rudny through MSU, a US doctorate, and Caltech's chemistry laboratory; a later self-authored article by the same rare name identifies him as a Drizzle co-founder"
kaz-1deffa0c0a86,Vadim Murzin,Vadim Murzin,IChO,2004,Silver medal,career,probable,Deutsches Elektronen-Synchrotron DESY,Scientist (alumnus),employment,,,,Industry,Research & Academia,manual_review,complete,1,2,0,1,10,https://photon-science.desy.de/facilities/petra_iii/beamlines/p64_advanced_xafs/contact__staff/index_eng.html,,"MSU's official Mendeleev record identifies the exact-name 11th-grade chemistry medalist from Balkhash in 2004; the same uncommon name continues through an MSU chemistry doctorate and X-ray catalysis research to DESY's official scientist alumni roster, but no source explicitly joins the researcher to the Olympiad contestant"
kaz-ec29db418566,Yelzhas Otynshiyev,Yelzhas Otynshiyev,IPhO,2004,Bronze Medal,career,confirmed,Kazakhstan Temir Zholy JSC,Chairman of the Management Board,employment,2026,,,Industry,Other,manual_review,complete,1,2,0,0,4,https://sk.kz/press-center/news/79261/?lang=en,,Kazakhtelecom's official annual report directly lists his July 2004 IPhO bronze medal and full education and executive timeline while Samruk-Kazyna records his July 2026 appointment as KTZ chairman
kaz-5af905ca2550,Yerulan Sabyrgali,Yerulan Sabyrgali,IChO,2004,Participant,career,unmatched,,,,,,,Unknown,Other,unmatched,participation_only,1,0,0,0,1,,,
kaz-29109acd6898,Yeskendr Bissenov,Yeskendr Bissenov,IChO,2004,Silver medal,career,probable,Silleno LLP,,employment,,,,Industry,Other,manual_review,complete,1,3,0,0,4,https://kz.linkedin.com/in/yeskendir-bissenov-66569b37,https://kz.linkedin.com/in/yeskendir-bissenov-66569b37,"Moscow State University's 2004 Mendeleev record identifies Esckendir Bisenov as an eleventh-grade chemistry competitor from Atyrau; the Yeskendir Bissenov profile begins technical higher education in 2004 and documents a continuous nuclear-chemistry patent career to Silleno, but no source explicitly joins that transliteration variant to the IChO entrant"
kaz-5520c02c8f31,Akhmed Saidaliyev,Akhmed Saidaliyev,IPhO,2005,Bronze Medal,career,unmatched,,,,,,,Unknown,Other,unmatched,participation_only,1,0,0,0,1,,,
kaz-61d67d74eb6d,Almas Yerkinovich Ordabayev,Almas Ordabayev;Almas Yerkinovich Ordabayev,IChO,2005;2006,Bronze medal;Participant,career,confirmed,Quantum Management Company,Chief Executive Officer,employment,2020,,,Industry,Other,manual_review,complete,2,3,0,0,5,https://ba.prg.kz/750000000-almaty/200340023883-too-quantum-management-company/,https://kz.linkedin.com/in/almas-ordabayev-04808078,The official IChO record gives his full patronymic; his MSU chemistry profile and public career profile share the exact name and 2006-2012 education timeline while Kazakhstan company records identify that same full person as head of Quantum Management Company
kaz-c5022eefe384,Asan Zholdassov,Asan Zholdassov,IMO,2005,Honourable mention,career,unmatched,,,,,,,Unknown,Other,unmatched,participation_only,1,0,0,0,1,,,
kaz-42eef016184c,Bakhytzhan Baizhikenov,Bakhytzhan Baizhikenov,IOI,2005;2006;2007;2008,Bronze;Gold;Silver,career,confirmed,Kazakh-British Technical University,,education,,,,Education,Student,structured_sources,complete,4,2,1,0,7,https://cphof.org/profile/topcoder:bahakz,,profile=topcoder:bahakz; country=Kazakhstan; contest=IOI; codeforces=bahakz; universities=Kazakh-British Technical University; organization=Kazakh-British Technical University
kaz-4e3828c7955c,Diyar Mailepessov,Diyar Mailepessov,IBO,2005,,career,confirmed,National Environment Agency Singapore,Principal Analyst,employment,,,,Industry,Other,manual_review,complete,1,2,0,0,4,https://www.nea.gov.sg/docs/default-source/default-document-library/annex-a-and-b08886f40-e543-49f0-8840-96b72b4daca3.pdf,,The rare exact-name 2005 official IBO record aligns with Singapore's National Environment Agency profile identifying his NTU doctorate and current principal analyst role
kaz-5354c12725ae,Dulat Azhibek,Dulat Azhibek,IChO,2005,Silver medal,career,confirmed,Nazarbayev University,Postdoctoral Scholar,employment,,,,Academia,Research & Academia,manual_review,complete,1,3,0,0,11,https://research.nu.edu.kz/en/projects/sensor-integrated-microfluidic-platform-for-studying-the-effects-/,https://orcid.org/0000-0002-6627-3285,Official IChO result and Nazarbayev University research profile agree on the rare exact name
kaz-bcd45c045c97,Kairat Zhubayev,Kairat Zhubayev,IMO,2005,Bronze medal,career,confirmed,Altyn Bank,Head of Financial Risks and Portfolio Analysis Division,employment,,,,Industry,Economics & Finance,manual_review,complete,1,3,0,0,4,https://linkedin.com/in/kairat-zhubayev-150785174,https://linkedin.com/in/kairat-zhubayev-150785174,His self-authored profile explicitly lists the 2005 International Mathematical Olympiad bronze medal and identifies his Altyn Bank financial-risk leadership role; Kazakhstan's official IMO record independently confirms the exact name year and award
kaz-7faf2594f89e,Kuat Mukambetkazievich Usseingazin,Kuat Mukambetkazievich Usseingazin;Kuat Usseingazin,IChO,2005;2006,Bronze medal,career,confirmed,AGP Holding LLP,Company Director,employment,,,,Industry,Leadership,manual_review,complete,2,2,0,0,4,https://ba.prg.kz/231010000-atyrau/071040017099-too-agp-kholding/,,The uncommon full name and patronymic match the official IChO record exactly and Kazakhstan's government-verified company registry identifies that same full person as the current head of AGP Holding
kaz-a125f99f4940,Marat Shotanov,Marat Shotanov,IBO,2005,,career,confirmed,eXpace,Founder and CEO,employment,2024,,,Industry,Leadership,manual_review,complete,1,3,0,0,4,https://ae.linkedin.com/in/marat-shotanov,https://ae.linkedin.com/in/marat-shotanov,The rare exact-name 2005 IBO record aligns with a Kazakh-Turkish gifted-school and molecular-biology university timeline while his public profile and current eXpace job post identify him as founder and CEO
kaz-b35790c250cd,Nurbol Duisenbayev,Nurbol Duisenbayev,IMO,2005;2006,Bronze medal;Silver medal,career,probable,Google,Software Architect and Developer,employment,,,,Industry,Software & AI,manual_review,complete,2,3,0,0,6,https://kz.linkedin.com/in/nurbol-duisenbayev,https://kz.linkedin.com/in/nurbol-duisenbayev,Among three exact-name profiles this is the one whose 2006-10 degree and 2010-11 University of Essex study follow the IMO timeline and whose algorithm-focused software career fits the mathematics background; no career source explicitly mentions the Olympiad
kaz-cffe6b9ed25e,Nurzhan Abdrakhmanov,Nurzhan Abdrakhmanov,IChO,2005,Bronze medal,career,unmatched,,,,,,,Unknown,Other,unmatched,participation_only,1,0,0,0,1,,,
kaz-260600835e64,Ruslan Kudubayev,Ruslan Kudubayev,IOI,2005,,career,confirmed,,,,,,,Unknown,Other,structured_sources,complete,1,1,0,0,2,https://cphof.org/profile/ioi:4447,,profile=ioi:4447; country=Kazakhstan; contest=IOI
kaz-b48f403765ac,Sossin Viktor,Sossin Viktor,IMO,2005,Bronze medal,career,unmatched,,,,,,,Unknown,Other,unmatched,participation_only,1,0,0,0,1,,,
kaz-26535589e436,Timur Abishev,Timur Abishev,IOI,2005;2006;2007,Bronze;Silver,career,confirmed,,,,,,,Unknown,Other,structured_sources,complete,3,1,1,0,5,https://cphof.org/profile/topcoder:TokarR,,profile=topcoder:TokarR; country=Kazakhstan; contest=IOI
kaz-fe0afafbd5f3,Vladimir Bychkov,Vladimir Bychkov,IPhO,2005;2006,Bronze Medal;Silver Medal,career,confirmed,Micron Technology,Senior Computer Vision Engineer,employment,,,,Industry,Engineering,manual_review,complete,2,3,0,0,30,https://www.linkedin.com/in/vladimir-bychkov-98954252,https://www.linkedin.com/in/vladimir-bychkov-98954252,The public profile explicitly lists his 2005 and 2006 IPhO medals and current Micron employment while a recently updated professional directory supplies the role title
kaz-0836a1c9d21b,Yerlan Bissenov,Yerlan Bissenov,IOI,2005;2006,Bronze;Silver,career,confirmed,,,,,,,Unknown,Other,structured_sources,complete,2,1,0,0,3,https://cphof.org/profile/ioi:2555,,profile=ioi:2555; country=Kazakhstan; contest=IOI
kaz-47c266b2b44f,Yermek Kaipov,Yermek Kaipov,IPhO,2005;2006,Bronze Medal;Honourable Mention,career,probable,SLB,Reservoir Domain Champion,employment,2012,,,Industry,Other,manual_review,complete,2,3,0,0,7,https://www.slb.com/-/media/files/testing-services/industry-article/202008-wo-efficiently-increasing-dynamic-reservoir-evaluation.ashx,https://sa.linkedin.com/in/yermek-kaipov-50525632,The rare exact-name IPhO record has a plausible timeline with a self-asserted ORCID and current SLB profile while an SLB technical article names him reservoir and production testing domain champion but no source explicitly joins the olympiad identity
kaz-3357e6338568,Yevgeniy Zagayevskiy,Yevgeniy Zagayevskiy,IPhO,2005,Bronze Medal,career,confirmed,VoltaGrid,Data Scientist and Software Developer,employment,,,,Industry,Software & AI,manual_review,complete,1,3,0,0,5,https://www.linkedin.com/in/yevgeniy-zagayevskiy,https://www.linkedin.com/in/yevgeniy-zagayevskiy,The rare exact name and uninterrupted technical timeline join the 2005 IPhO medal to a 2005-09 KBTU degree documented in a professional society biography and then to Alberta graduate research patents Halliburton product work and current VoltaGrid employment
kaz-408aa9ea598e,Abylay Samatov,Abylay Maranuly Samatov,IChO,2006,Bronze medal,career,confirmed,"Bilim-Innovation Lyceum No. 1, Karaganda",Chemistry Teacher and Olympiad Coach,employment,2011,2022,,Industry,Other,manual_review,complete,1,2,0,0,3,https://inkaraganda.kz/novosti/obshhestvo/pedagog-po-himii-iz-karagandy-podgotovil-bolee-10-pobeditelej-mezhdunarodnyh-intellektualnyh-sorevnovanij/,,The official IChO record and education sources give the same rare full name and patronymic while his professional profile says he graduated from the MSU chemistry faculty in 2011 became a chemistry teacher and drew on his own school Olympiad experience to coach more than ten international-competition winners
kaz-3c4d427574a2,Aizana Turmukhametova,Aizana Turmukhametova,IMO,2006,Honourable mention,career,probable,Google,Software Engineer,employment,2016,,,Industry,Software & AI,manual_review,complete,1,3,0,0,4,https://linkedin.com/in/aizana-turmukhametova-95b31b19,https://linkedin.com/in/aizana-turmukhametova-95b31b19,The rare exact-name profile documents MIT mathematics and computer science study beginning two years after the 2006 IMO appearance and a Google software-engineering role from 2016; no source explicitly identifies the professional as the IMO contestant
kaz-c0f06a275839,Asset Mussagaliyev,Asset Mussagaliyev,IMO,2006;2007,Bronze medal,career,unmatched,,,,,,,Unknown,Other,unmatched,participation_only,2,0,0,0,2,,,
kaz-afe18421e5b7,Daulet Zhanguzin,Daulet Zhanguzin,IMO,2006,Bronze medal,career,confirmed,NVIDIA,Senior Staff Software Engineer,employment,2026,,,Industry,Software & AI,manual_review,complete,1,3,0,0,6,https://www.linkedin.com/in/daulet-zhanguzin,https://www.linkedin.com/in/daulet-zhanguzin,A Kazakhstan newspaper names him among the country's IMO bronze medalists while the rare exact name and continuous NTU-to-Microsoft-to-Google-to-Groq timeline lead to his current NVIDIA role
kaz-1bea50762a08,Merlan Nagidulin,Merlan Nagidulin,IMO,2006,Bronze medal,career,unmatched,,,,,,,Unknown,Other,unmatched,participation_only,1,0,0,0,1,,,
kaz-2c17c88cc511,Mukashev Maxim,Mukashev Maxim,IBO,2006,Silver,career,unmatched,,,,,,,Unknown,Other,unmatched,participation_only,1,0,0,0,1,,,
kaz-b2785ae44f62,Murat Zhaksylykovich Shagirov,Murat Zhaksylykovich Shagirov,IChO,2006,Bronze medal,career,probable,"Mechanobiology Institute, National University of Singapore","Research Fellow (HPC), IT Core",employment,,,,Academia,Research & Academia,manual_review,complete,1,3,0,0,4,https://www.mbi.nus.edu.sg/research-fellow/murat-shagirov/,https://sg.linkedin.com/in/mshagirov,"The official IChO record supplies his uncommon full name and patronymic, while the same-name profile starts chemistry study at NUS immediately after the 2006 contest and continues through an NUS doctorate to the institute's current HPC research-fellow role; no source explicitly states that the professional is the Olympiad entrant"
kaz-32cf54f8673f,Oleg Obukhov,Obukhov Oleg;Oleg Obukhov,IBO,2006;2007,Bronze,career,unmatched,,,,,,,Unknown,Other,unmatched,participation_only,2,0,0,11,13,,,
kaz-01957a6accca,Pavel Levchenko,Pavel Levchenko,IPhO,2006,Honourable Mention,career,probable,Tengizchevroil,,employment,,,,Industry,Other,manual_review,complete,1,3,0,4,16,https://kz.linkedin.com/in/pavel-levchenko-a315041a7,https://kz.linkedin.com/in/pavel-levchenko-a315041a7,The 2006 contestant reappears by exact name as a Kazakhstan IPhO observer in 2013 and APhO moderator in 2019 and authored a 2012 oil-production physics problem; an Atyrau profile at Tengizchevroil fits that path but does not explicitly mention the Olympiad
kaz-7b9ddf320af6,Talgat Sailov,Sailov Talgat,IBO,2006,Bronze,career,probable,ZEISS Group,Account Manager for Research Microscopy Solutions,employment,2019,,,Industry,Research & Academia,manual_review,complete,1,3,0,0,4,https://sg.linkedin.com/in/talgat-sailov-75552947,https://sg.linkedin.com/in/talgat-sailov-75552947,The rare exact-name 2006 IBO record aligns with the NTU biology and microscopy timeline on his public profile and multiple current professional sources place him at ZEISS in Singapore
kaz-845e316f4e10,Aibek Umbetalin,Umbetalin Aibek,IBO,2006,Bronze,career,confirmed,BTC.KZ,Chief Executive Officer,employment,,,,Industry,Other,manual_review,complete,1,3,0,0,4,https://kz.linkedin.com/in/aibek-umbetalin-70a71224,https://kz.linkedin.com/in/aibek-umbetalin-70a71224,His public profile explicitly lists the 2006 IBO bronze medal and NTU education alongside the current BTC.KZ affiliation while current professional directories identify the chief executive role
kaz-d5a9e6425d45,Zhomart Sadykov,Zhomart Sadykov,IOI,2006;2007;2008,Bronze;Gold;Silver,career,confirmed,,,,,,,Unknown,Other,structured_sources,complete,3,1,0,0,4,https://cphof.org/profile/ioi:2621,,profile=ioi:2621; country=Kazakhstan; contest=IOI
kaz-96fed62edd90,Adilzhan Ismailov,Adilzhan Ismailov,IMO,2007,Honourable mention,career,probable,Depop,"Lead Data Scientist, Pricing and Inventory",employment,,,,Industry,Research & Academia,manual_review,complete,1,3,0,1,10,https://theorg.com/org/depop/teams/engineering-team,https://uk.linkedin.com/in/adilzhanismailov,The rare exact name belongs to a Kazakhstan member of Barcelona GSE's 2015 class whose economics doctorate and public Depop machine-learning work form a coherent timeline from the 2007 IMO; however no career source explicitly mentions the Olympiad
kaz-d36d7bbcbacc,Aibek A. Mukhamediyev,Aibek A. Mukhamediyev,IPhO,2007,Honourable Mention,career,unmatched,,,,,,,Unknown,Other,unmatched,participation_only,1,0,0,0,1,,,
kaz-b045af74dc39,Alen Bayev,Alen Bayev,IMO,2007,Bronze medal,career,probable,Higgsfield AI,Machine Learning Engineer,employment,,,,Industry,Software & AI,manual_review,complete,1,3,0,0,6,https://linkedin.com/in/alen-bayev-1402012bb,https://linkedin.com/in/alen-bayev-1402012bb,"The rare exact-name Kazakhstan profile begins applied-mathematics study at Moscow State University in the 2007 IMO year, matches the Kazakhstan Codeforces identity, and documents current machine-learning work at Higgsfield AI; no source explicitly states that the professional is the IMO contestant"
kaz-a1eb0da72f42,Arman Diyarov,Arman Diyarov,IMO,2007,Honourable mention,career,unmatched,,,,,,,Unknown,Other,unmatched,participation_only,1,0,0,0,1,,,
kaz-2b2d1a08a130,Arnat Balabiyev,Arnat Balabiyer;Arnat Balabiyev,IBO,2007;2008,Bronze,career,confirmed,Arizona State University,Associate Research Scientist,employment,2025,,,Academia,Research & Academia,manual_review,complete,2,2,0,0,14,https://search.asu.edu/profile/1280050,,The official IBO report links the rare exact-name former Kazakhstan biology olympian to an Arizona State PhD and the current ASU directory lists him as an associate research scientist
kaz-40e246e1831e,Asset Daliyev,Asset Daliyev,IMO,2007;2008,Bronze medal,career,probable,Khan Group LLP,Chief Technology Officer,employment,2017,,,Industry,Other,manual_review,complete,2,3,0,0,5,https://www.signalhire.com/profiles/asset-daliyev%27s-email/170889840,https://sg.linkedin.com/in/asset-daliyev-4ab6a532,"The rare exact name, RFMS record, two Kazakhstan IMO appearances, and Nanyang Technological University enrollment immediately afterward form a specific timeline into his technical career; a current third-party profile identifies him as Khan Group's CTO, but no source explicitly joins that career profile to the IMO entrant"
kaz-954c1033020d,Ayana Badrakova,Ayana Badrakova,IChO,2007,Bronze,career,unmatched,,,,,,,Unknown,Other,unmatched,participation_only,1,0,0,0,1,,,
kaz-add07caaba9e,Baurzhan Smailov,Baurzhan Smailov,IBO,2007,Bronze,career,unmatched,,,,,,,Unknown,Other,unmatched,participation_only,1,0,0,0,1,,,
kaz-28f11085b34d,Dauren Kaliyev,Dauren Kaliyev,IChO,2007,Bronze,career,confirmed,"Bilim-Innovation Specialized Boarding Lyceum, North Kazakhstan",Director,employment,2026,,,Industry,Leadership,manual_review,complete,1,2,0,0,5,https://izdatelstvo-sk.kz/news/v-sko-sistemnaya-poddergka-talantlivih-i-odarennih-detei6902/,,An institutional profile identifies director Dauren Margulanuly Kaliyev as a repeated winner of international chemistry Olympiads and the official 2007 IChO record supplies the matching name medal subject and Kazakhstan delegation
kaz-3007575deed1,Igor Stassiy,Igor Stassiy,IMO,2007,Silver medal,career,confirmed,Instagram,,employment,,,,Industry,Other,manual_review,complete,1,3,0,0,4,https://www.linkedin.com/in/istassiy,https://www.linkedin.com/in/istassiy,"His self-authored professional profile explicitly lists an IMO silver medal and Instagram as his current employer; the official Kazakhstan 2007 IMO record supplies the matching rare full name, year, and medal, while the Saarland and Jacobs education trail is internally consistent"
kaz-9dc053108701,Nasharov A. Askar,Nasharov A. Askar,IPhO,2007,Honourable Mention,career,unmatched,,,,,,,Unknown,Other,unmatched,participation_only,1,0,0,0,1,,,
kaz-e7f80acbcb7b,Viktor Passichenko,Viktor Passichenko,IOI,2007,Bronze,career,confirmed,Augment Code,AI Engineer,employment,2025,,,Industry,Software & AI,manual_review,complete,1,3,0,0,6,https://theorg.com/org/augment-code/offices/hq,https://www.linkedin.com/in/viktor-passichenko,CPHOF and the profile's IOI honor establish identity while the current company directory and public profile agree on the Augment Code AI role
kaz-8bd82bc015a6,Yerbol Y. Bekbayev,Yerbol Y. Bekbayev,IPhO,2007,Silver Medal,career,unmatched,,,,,,,Unknown,Other,unmatched,participation_only,1,0,0,0,1,,,
kaz-a93118601e76,Yerdos Ordabayev,Yerdos Ordabayev,IChO,2007,Silver,career,confirmed,Generate:Biomedicines,Senior Machine Learning Scientist,employment,,,,Industry,Software & AI,manual_review,complete,1,3,0,0,11,https://www.linkedin.com/in/ordabayevy,https://www.linkedin.com/in/ordabayevy,His public profile and personal CV explicitly list the 2007 IChO silver medal and a current 2026 publication independently confirms employment at Generate:Biomedicines
kaz-52d80f40e62d,Zhanat Koshenov,Zhanat Koshenov,IBO,2007;2008,Bronze,career,confirmed,Medical University of Graz,Assistant Professor in Molecular Biology and Biochemistry,employment,2025,,,Academia,Research & Academia,manual_review,complete,2,2,0,0,13,https://www.researchgate.net/profile/Zhanat-Koshenov,,The exact-name 2007 and 2008 official IBO records align with an ORCID timeline through Nazarbayev University and Graz and a current profile verified through his institutional email
kaz-273cfae90c97,Zhanbolat Zholgeldiev,Zhanbolat Zholgeldiev;Zhanbolat Zholgeldiyev,IChO,2007;2008,Bronze;Silver,career,probable,,,,,,,Unknown,Other,structured_sources,complete,2,1,0,0,3,https://codeforces.com/profile/allchemkz,,handle=allchemkz; country=Kazakhstan; city=Astana
kaz-8b1c1fe467bb,Zhandos Z. Seksembayev,Zhandos Z. Seksembayev,IPhO,2007,Honourable Mention,career,unmatched,,,,,,,Unknown,Other,unmatched,participation_only,1,0,0,0,1,,,
kaz-561024988d4c,Akhyn Zhagsalag,Akhyn Zhagsalag,IPhO,2008;2009,Bronze Medal;Gold Medal,career,confirmed,"Bilim-Innovation Boarding Lyceum for Gifted Girls, Astana",Physics Teacher and Olympiad Trainer,employment,,,,Industry,Other,manual_review,complete,2,3,0,0,5,https://kebab.eportfolio.kz/ru/portfolio/?pane=public&school=108,https://sg.linkedin.com/in/zhagsalag-akhyn-1267474a,Qazinform identifies the rare exact name as Kazakhstan's 2009 IPhO gold medalist and the current public education portfolio lists that same person as a physics teacher at the Astana Bilim-Innovation boarding lyceum
kaz-863407f79649,Arman Yesenamanov,Arman Yesenamanov,IOI,2008,,career,confirmed,Kazakh-British Technical University,,education,,,,Education,Student,structured_sources,complete,1,2,1,0,4,https://cphof.org/profile/topcoder:army,,profile=topcoder:army; country=Kazakhstan; contest=IOI; codeforces=rmn; universities=Kazakh-British Technical University; organization=KBTU
kaz-9b2fecb414ca,Bakhytbek Zhalmagambetov,Bakhytbek Zhalmagambetov,IBO,2008,,career,confirmed,Universitas Airlangga,Master's Student in Epidemiology,education,,,,Education,Student,manual_review,complete,1,2,0,0,5,https://e-journal.unair.ac.id/PROMKES/article/download/80754/35523/478461,,The official IBO report identifies the 2008 Kazakhstan participant as an internal medicine specialist in an epidemiology master's program and his 2026 university paper confirms the current degree affiliation
kaz-24cc764a8eaf,Berdibek Shapagat,Berdibek Shapagat,IPhO,2008,Bronze Medal,career,unmatched,,,,,,,Unknown,Other,unmatched,participation_only,1,0,0,0,1,,,
kaz-016e33a136a1,Nursultan Khadjimuratov,Nursultan Khadjimuratov,IMO,2008;2009;2010,Gold medal;Silver medal,career,confirmed,NIS Medeu (NIS PhM Almaty),Expert Mathematics Teacher and Olympiad Trainer,employment,,,,Industry,Other,manual_review,complete,3,2,0,0,5,https://steppeolymp.kz/,,Almaty TV explicitly identifies the exact-name NIS mathematics teacher as a multiple international mathematics Olympiad winner and Kazakhstan team trainer; the current Steppe Science Olympiad site identifies his NIS Medeu teaching and training role
kaz-81bc0e8f5f5c,Ruslan Vladimirovich Kalizhan,Ruslan Kalizhan;Ruslan Vladimirovich Kalizhan,IBO,2008;2009,,career,confirmed,Texas Oil and Gas Consulting,Owner and Director,employment,2017,,,Industry,Leadership,manual_review,complete,2,3,0,0,5,https://pro.mytenge.kz/company/170540015039,https://kz.linkedin.com/in/ruslan-kalizhan-4b1b49202,The official IBO record and Kazakhstan state-derived business registry share the exact full patronymic while his public professional profile independently corroborates Kazakhstan and UCLA education
kaz-62d816e1ec2d,Sanzhar Karatayev,Sanzhar Karatayev,IChO,2008,Silver,career,confirmed,BestYs Pte Ltd,Co-Founder and CEO,employment,2024,,,Industry,Leadership,manual_review,complete,1,3,0,0,4,https://sg.linkedin.com/company/bestysco,https://sg.linkedin.com/in/sanzharedu,His former school's page explicitly links the 2008 IChO silver medal to his Singapore education while BestYs lists him and a recently updated directory confirms the current founder role
kaz-860c6f9abbfa,Sanzhar Orazbayev,Sanzhar Orazbayev,IMO,2008;2009,Bronze medal,career,probable,@khangroupkz,,company_or_organization,,,KZ,Industry,Other,structured_sources,complete,2,2,4,0,8,https://codeforces.com/profile/gh_ost,,handle=gh_ost; country=Kazakhstan; city=Aqtöbe; organization=Khan Group; login=sanzharo; company=@khangroupkz; location=Almaty; website=http://sanzhar.kz/
kaz-1165d71f2850,Sidorenko Andrey,Sidorenko Andrey,IPhO,2008,Honourable Mention,career,unmatched,,,,,,,Unknown,Other,unmatched,participation_only,1,0,0,0,1,,,
kaz-2a649bf1de05,Sultan Aitekenov,Sultan Aitekenov,IChO,2008,Silver,career,confirmed,Canadian provincial government,,employment,,,,Government,Other,manual_review,complete,1,3,0,0,5,https://ca.linkedin.com/in/sultan-aitekenov,https://ca.linkedin.com/in/sultan-aitekenov,The public profile explicitly lists his 2008 IChO silver medal and states in a 2026 post that he currently works in provincial government in Canada
kaz-5eaeaf0aebf3,Tussupbekov Yerkin,Tussupbekov Yerkin,IMO,2008,Silver medal,career,unmatched,,,,,,,Unknown,Other,unmatched,participation_only,1,0,0,0,1,,,
kaz-dd50209a641b,Vyacheslav Li,Vyacheslav Li,IPhO,2008;2009,Honourable Mention;Silver Medal,career,confirmed,Statkraft,Quantitative Analyst,employment,2024,,,Industry,Other,manual_review,complete,2,3,0,0,10,https://nl.linkedin.com/in/vyacheslav-li,https://nl.linkedin.com/in/vyacheslav-li,The public profile explicitly lists his 2009 IPhO silver medal and current Quantitative Analyst role at Statkraft while ISTA independently confirms the transition
kaz-41f531ed3520,Yegor Klochkov,Yegor Klochkov,IMO,2008;2009,Gold medal;Silver medal,career,probable,The Voleon Group,,employment,,,,Industry,Other,manual_review,complete,2,3,0,0,8,https://uk.linkedin.com/in/yegor-klochkov-1a06a093,https://uk.linkedin.com/in/yegor-klochkov-1a06a093,The rare exact-name BMO roster supplies a 1991 birth date that fits both IMO appearances and the Humboldt doctorate and publication timeline leading to current Voleon employment but no career source explicitly mentions the Olympiad
kaz-8ad6d5a1915d,Yerbolat Ablemetov,Yerbolat Ablemetov,IChO,2008,Silver,career,unmatched,,,,,,,Unknown,Other,unmatched,participation_only,1,0,0,0,1,,,
kaz-59b5ec3d2687,Yernaz Satybaldiyev,Yernaz Satybaldiyev,IOI,2008,,career,confirmed,NCOC,Application Development Team Lead,employment,,,,Industry,Other,manual_review,complete,1,3,0,0,5,https://kz.linkedin.com/in/yernaz-satybaldiyev,https://kz.linkedin.com/in/yernaz-satybaldiyev,The public profile explicitly lists IOI 2008 and current NCOC experience and is corroborated by the CPHOF identity
kaz-3fc7579c7a89,Yeskendir Kassenov,Yeskendir Kassenov,IMO,2008,Bronze medal,career,confirmed,The Trade Desk,,employment,,,,Industry,Other,manual_review,complete,1,3,0,0,4,https://uk.linkedin.com/in/yeskas,https://uk.linkedin.com/in/yeskas,"His self-authored professional profile explicitly lists the July 2008 IMO bronze medal and Stanford education, while the same profile identifies The Trade Desk as his current employer in London; the official Kazakhstan IMO record independently confirms the name, year, and medal"
kaz-4cad451e9620,Aigerim Shamshidin,Aigerim Shamshidin,IChO,2009,Bronze,career,unmatched,,,,,,,Unknown,Other,unmatched,participation_only,1,0,0,0,1,,,
kaz-596f1ff9721d,Aldiyar Nurmanov,Aldiyar Nurmanov,IPhO,2009,Honourable Mention,career,unmatched,,,,,,,Unknown,Other,unmatched,participation_only,1,0,0,0,1,,,
kaz-0622dfe9a63f,Ali Dautalinov,Ali Dautalinov,IOI,2009;2010;2011,Bronze,career,confirmed,,,,,,,Unknown,Other,structured_sources,complete,3,1,1,0,5,https://cphof.org/profile/ioi:134,,profile=ioi:134; country=Kazakhstan; contest=IOI
kaz-a2f029eab00c,Amir Tulegenov,Amir Tulegenov,IOI,2009,Bronze,career,confirmed,,,,,,,Unknown,Other,structured_sources,complete,1,1,1,0,3,https://cphof.org/profile/topcoder:amir.tu,,profile=topcoder:amir.tu; country=Kazakhstan; contest=IOI
kaz-7f627c03e4ca,Askar Amangeldy,Askar Amangeldy,IPhO,2009,Silver Medal,career,unmatched,,,,,,,Unknown,Other,unmatched,participation_only,1,0,0,0,1,,,
kaz-ebbffad91290,Birzhan Muldagaliyev,Birzhan Muldagaliyev,IMO,2009,Bronze medal,career,unmatched,,,,,,,Unknown,Other,unmatched,participation_only,1,0,0,0,1,,,
kaz-f721e7240925,Darkhan Akzholov,Darkhan Akzholov,IOI,2009,,career,confirmed,Google,,employment,,,,Industry,Other,manual_review,complete,1,3,0,0,5,https://kz.linkedin.com/in/darkhan-akzholov-b0399151,https://kz.linkedin.com/in/darkhan-akzholov-b0399151,CPHOF establishes the Kazakhstan IOI identity and the rare exact-name public profile lists current Google employment in Zurich
kaz-6ea5dd0e4291,Furkat Mukhtarov,Furkat Mukhtarov,IChO,2009,Bronze,career,confirmed,"TETmedical, Inc.",Research Scientist,employment,2026,,,Industry,Research & Academia,manual_review,complete,1,3,0,0,6,https://sandbox.tetmedical.com/our-team/,https://www.linkedin.com/in/furkatmukhtarov,His public profile explicitly lists the 2009 IChO bronze medal as part of Kazakhstan's national team and TETmedical's current team page identifies him as a research scientist
kaz-9dadae71693b,Ilya Skripin,Ilya Skripin,IChO,2009;2010,Bronze,career,confirmed,Boston Consulting Group (BCG),Consultant,employment,2024,,,Industry,Other,manual_review,complete,2,3,0,0,5,https://www.signalhire.com/profiles/ilya-skripin%27s-email/155210030,https://kz.linkedin.com/in/ilya-skripin-a9a31552,His self-authored profile explicitly lists a 2010 IChO bronze medal and current BCG employment after a Penn State chemical-engineering degree; a current public employment directory supplies the Consultant title and May 2024 start date
kaz-b60a544a248a,Kanat Satylkhanov,Kanat Satylkhanov,IMO,2009;2010,Gold medal;Silver medal,career,confirmed,Kazakhstan International Mathematical Olympiad Team,Deputy Leader,employment,2023,2023,,Industry,Other,manual_review,complete,2,3,0,0,6,https://imojp.org/support/IMO2023_REPORT_jp.pdf,https://linkedin.com/in/kanat-satylkhanov-bb205080,Official IMO records identify the rare exact-name 2009 silver and 2010 gold medalist and list Kanat Satylkhanov as Kazakhstan's deputy leader in the 2023 report; his profile's 2010-2014 KBTU education and the official Balkan record's 1993 birth date independently corroborate the continuous identity
kaz-0bab17661adc,Madiyar Aitbayev,Madiyar Aitbayev,IOI,2009;2010,Bronze,career,confirmed,Kazakh-British Technical University,,education,,,,Education,Student,structured_sources,complete,2,2,2,0,6,https://cphof.org/profile/topcoder:Madiyar1,,profile=topcoder:Madiyar1; country=Kazakhstan; contest=IOI; codeforces=Madiyar; universities=Kazakh-British Technical University; organization=KBTU
kaz-80e9320bcf5e,Nazym Nurlanovna Bashkenova,Nazym Nurlanovna Bashkenova,IBO,2009,,career,confirmed,Pediatric Associates,Pediatrician,employment,,,,Industry,Other,manual_review,complete,1,2,0,0,3,https://www.pediatricassociates.com/pediatric-office/winter-springs-fl-town-center/pediatricians/nazym-bashkenova-md,,The exact-name 2009 official IBO record aligns with the current pediatrician's Kazakhstan birth and Turkish medical degree biography and an active Florida physician license
kaz-0cc4d473da7f,Roman Langolf,Roman Langolf,IBO,2009,,career,confirmed,Astana Medical University,General Medicine Student,education,2009,2014,,Education,Student,manual_review,complete,1,2,0,0,6,https://www.infarkta.net/press-center/news/1900/,,A school report explicitly identifies Roman Langolf as its graduate preparing for the 2009 international biology Olympiad; Kazakhstan's national grant roster gives the same rare full name and age-compatible identifier for general medicine and subsequent medical reports place him with Astana Medical University through 2014
kaz-21741893c5a2,Talap Kossybakov,Talap Kossybakov,IBO,2009;2010,Bronze,career,confirmed,Galaxy International School Almaty,Science Teacher,employment,,,,Academia,Other,manual_review,complete,2,2,0,0,4,https://galaxy.edu.kz/en/staff/index/2,,The rare exact-name 2009 participant and 2010 bronze medalist appears on the current staff page of an Almaty international school as a science teacher
kaz-47297d0b8770,Tolebi Sailauov,Tolebi Sailauov,IMO,2009,Bronze medal,career,confirmed,Nanyang Technological University,PhD in Aerospace Engineering,education,2014,2018,,Education,Research & Academia,manual_review,complete,1,3,0,0,7,https://orcid.org/0000-0002-5922-0011,https://uk.linkedin.com/in/tolebi-sailauov-phd,The 2009 Balkan olympiad roster supplies the rare exact name and birth date while his self-asserted ORCID and publications consistently document NTU engineering degrees on the expected timeline
kaz-73232d09a9cf,Zhalgas Serimbetov,Zhalgas Serimbetov,IChO,2009;2010,Bronze,career,confirmed,Impala Partners,CIO and Portfolio Manager,employment,2024,,,Industry,Leadership,manual_review,complete,2,3,0,0,5,https://linkedin.com/in/zhalgasserimbetov,https://linkedin.com/in/zhalgasserimbetov,His self-authored profile explicitly lists the 2010 International Chemistry Olympiad bronze medal and identifies him as Impala Partners' current CIO and Portfolio Manager since 2024; the official Kazakhstan IChO record independently confirms the exact name year and medal
kaz-c412a21c7fc6,Zhanibek Kaimuldenov,Zhanibek Kaimuldenov,IPhO,2009,Gold Medal,career,confirmed,Pro Wheel XR Limited,Director,employment,2024,,,Industry,Leadership,manual_review,complete,1,3,0,0,6,https://find-and-update.company-information.service.gov.uk/officers/my8HsHrIuqw_No-TeaKB_nIPPZk/appointments,https://kz.linkedin.com/in/zhanibek-kaimuldenov-5567b7124,The rare exact name plus Kazakh nationality and October 1990 birth date in the official UK registry match the 2009 IPhO contestant and MIPT education timeline
kaz-01654d909e91,Abylay Shakhizadayev,Abylay Shakhizadayev,IChO,2010;2011,Bronze;Gold,career,unmatched,,,,,,,Unknown,Other,unmatched,participation_only,2,0,0,0,2,,,
kaz-f4ec7f952510,Ali-Amir Aldan,Ali-Amir Aldan,IOI,2010;2011,Bronze;Silver,career,confirmed,Fourier,,employment,,,,Industry,Other,manual_review,complete,2,3,0,0,10,https://www.linkedin.com/in/ali-amir-aldan-a2b81b46,https://www.linkedin.com/in/ali-amir-aldan-a2b81b46,Competition profile joins IOI medals to MIT and public professional profile lists Fourier
kaz-790df21958f8,Azamat Duysenbaev,Azamat Duysenbaev,IMO,2010,Honourable mention,career,confirmed,Republican Physics and Mathematics School,Mathematics Teacher,employment,2013,2013,,Academia,Other,manual_review,complete,1,2,0,0,6,https://prg.kz/Document/?doc_id=31388745,,Samruk-Kazyna's official 2010 scholarship release gives his full patronymic and international mathematics awards while a 2013 Ministry of Education order names that same full person as a mathematics teacher at the Republican Physics and Mathematics School
kaz-c1c692af0296,Azizkhan Almakhan,Azizkhan Almakhan,IOI,2010,,career,confirmed,Kazakh-British Technical University,,education,,,,Education,Student,structured_sources,complete,1,2,2,0,5,https://cphof.org/profile/topcoder:azizkhan,,profile=topcoder:azizkhan; country=Kazakhstan; contest=IOI; codeforces=azizkhan; universities=Kazakh-British Technical University; organization=KBTU
kaz-462ea4363511,Denis Ovchinnikov,Denis Ovchinnikov,IMO,2010,Gold medal,career,confirmed,NVIDIA,Senior Deep Learning Algorithms Engineer,employment,,,,Industry,Engineering,manual_review,complete,1,3,0,0,12,https://www.linkedin.com/in/denis-ovchinnikov-math,https://www.linkedin.com/in/denis-ovchinnikov-math,His public professional profile directly lists the 2010 IMO gold medal and his current NVIDIA deep-learning algorithms role under the same exact name
kaz-f02da7099fac,Kemeldinov Aidyn,Kemeldinov Aidyn,IPhO,2010,Silver Medal,career,unmatched,,,,,,,Unknown,Other,unmatched,participation_only,1,0,0,0,1,,,
kaz-f648d0d6bf6d,Manatuly Angsar,Manatuly Angsar,IPhO,2010,Silver Medal,career,unmatched,,,,,,,Unknown,Other,unmatched,participation_only,1,0,0,0,1,,,
kaz-c97c1b9e1718,Medet Zhanbulatuly,Medet Zhanbulatuly,IMO,2010;2011,Silver medal,career,confirmed,Virtu Financial,Senior Trader,employment,2018,,,Industry,Other,manual_review,complete,2,3,0,0,5,https://sg.linkedin.com/in/medet-zhanbulatuly-0b009884,https://sg.linkedin.com/in/medet-zhanbulatuly-0b009884,His self-authored profile explicitly lists silver medals at the 2010 and 2011 International Mathematical Olympiads and identifies his current Senior Trader role at Virtu Financial; the official IMO record independently confirms the exact name years and awards
kaz-abf1bb1c0e02,Miras Bekbergenov,Miras Bekbergenov,IChO,2010;2011,Bronze;Silver,career,confirmed,VACANTE LLP,Company Director,employment,2022,,,Industry,Leadership,manual_review,complete,2,3,0,0,5,https://ba.prg.kz/710000000-astana/221140001702-too-vacante/,https://kz.linkedin.com/in/miras-bekbergenov-73b54a231,In a self-authored LinkedIn comment Bekbergenov explicitly identifies himself as the 2010 bronze and 2011 silver IChO medalist and says he is building two startups; Kazakhstan's government-sourced company registry names Miras Daniyaruly Bekbergenov as the current head of VACANTE
kaz-3437e4fc5bbd,Nursultan Erkinovich Tompiyev,Nursultan Erkinovich Tompiyev,IBO,2010,,career,confirmed,RSE Kazaeronavigatsia,"Leading Specialist, Airspace Organization Department",employment,,,,Industry,Other,manual_review,complete,1,3,0,0,4,https://www.gov.kz/memleket/entities/transport/press/news/details/882464?lang=ru,https://kz.linkedin.com/in/nursultan-tompiyev-ab92bb38a,The employer's official housing list gives the exact full name and patronymic found in the 2010 IBO record while the Ministry of Transport identifies his current specialist role at Kazaeronavigatsia
kaz-ef4bc11dbc64,Nurzhas Aidynov,Nurzhas Aidynov,IPhO,2010;2011;2012,Gold Medal;Silver Medal,career,confirmed,Solai Inc.,,employment,,,,Industry,Other,manual_review,complete,3,3,0,0,6,https://kz.linkedin.com/in/nurzhas-aidynov-747540155,https://kz.linkedin.com/in/nurzhas-aidynov-747540155,The three-year IPhO record and rare exact-name Kazakhstan profile align on career timing while both the profile and Solai company roster list current employment
kaz-264dfb257029,Rauan Rakhmet,Rauan Rakhmet,IMO,2010;2011,Bronze medal;Silver medal,career,confirmed,Google,Software Engineer,employment,,,,Industry,Software & AI,manual_review,complete,2,3,0,0,5,https://ie.linkedin.com/in/rauanrakhmet,https://ie.linkedin.com/in/rauanrakhmet,His self-authored profile explicitly lists the 2010 and 2011 International Mathematical Olympiads among his honors and identifies Google as his current employer; its software-engineering biography and 2011-2015 KBTU timeline align with the official Kazakhstan IMO record
kaz-c83291856fc0,Tamirlan Seidakhmetov,Tamirlan Seidakhmetov,IPhO,2010,Silver Medal,career,unmatched,,,,,,,Unknown,Other,unmatched,participation_only,1,0,0,0,1,,,
kaz-17b78d6e8c0f,Yernar Tursynbay,Yernar Tursynbay,IBO,2010;2011,Bronze,career,probable,Nazarbayev University,BSc Biological Sciences Graduate,education,,2016,,Education,Student,manual_review,complete,2,2,0,1,5,https://registrar.nu.edu.kz/graduation-2016,,"The rare exact name appears in Kazakhstan's 2010-2011 IBO records and Nazarbayev University's official 2016 graduation roster for Biological Sciences, producing a coherent biology timeline; neither source explicitly states that the graduate is the IBO contestant"
kaz-f67b534425a5,Zhaslan Baraissov,Zhaslan Baraissov,IPhO,2010;2011,Gold Medal;Silver Medal,career,confirmed,Cornell University,PhD Graduate,education,2019,2026,,Education,Student,manual_review,complete,2,2,0,0,13,https://cbb.cornell.edu/about/people/zhaslan-baraissov,,Official IPhO result and Cornell research profile agree on rare exact name
kaz-0e1075c1b53e,Zhassulan Shaikhygali,Zhassulan Shaikhygali,IBO,2010;2011,Silver,career,unmatched,,,,,,,Unknown,Other,unmatched,participation_only,2,0,0,0,2,,,
kaz-ec80d9fc8daf,Akezhan Amankeldi,Akezhan Amankeldi,IMO,2011;2012,Bronze medal,career,confirmed,Boston Consulting Group (BCG),Consultant,employment,,,,Industry,Other,manual_review,complete,2,3,0,0,5,https://www.linkedin.com/posts/bahruzbabayev_kazakhstan-case-bolashak-activity-7258187603491831809-y8Ho,https://kz.linkedin.com/in/akezhan-amankeldi,"His self-authored profile explicitly lists third-place results at the 2011 and 2012 IMOs, matching Kazakhstan's official participation record; a BCG public post identifies him as a member of its consulting team"
kaz-bd1a5011816e,Altynay Narmanova,Altynay Narmanova,IBO,2011,Bronze,career,unmatched,,,,,,,Unknown,Other,unmatched,participation_only,1,0,0,0,1,,,
kaz-b8e3ad83d883,Andrey Drobakh,Andrey Drobakh,IMO,2011,Bronze medal,career,unmatched,,,,,,,Unknown,Other,unmatched,participation_only,1,0,0,1,2,,,
kaz-ce11e3134fa1,Baizak Kudaibergenov,Baizak Kudaibergenov,IBO,2011,,career,probable,Khalifa University,Doctoral Researcher,employment,2026,,,Academia,Research & Academia,manual_review,complete,1,3,0,0,9,https://www.ku.ac.ae/college-people/ahsan-habib-khandoker,https://linkedin.com/in/baizaq,"The rare exact-name profile begins a Nazarbayev University medical-science path in 2012 immediately after the 2011 IBO appearance and continues through NU biology research to a current Khalifa precision-medicine doctorate; official NU and Khalifa pages corroborate the research path, but no source explicitly joins it to the IBO contestant"
kaz-f5050685c728,Darkhan Nurlybay,Darkhan Nurlybay,IPhO,2011,Bronze Medal,career,unmatched,,,,,,,Unknown,Other,unmatched,participation_only,1,0,0,0,1,,,
kaz-e266aa85e93e,Kaisarbek Omirzakhov,Kaisarbek Omirzakhov,IPhO,2011;2012,Gold Medal;Silver Medal,career,confirmed,Ayar Labs,Senior Photonics Engineer,employment,2024,,,Industry,Engineering,manual_review,complete,2,3,0,0,6,https://www.linkedin.com/in/kaisarbek,https://www.linkedin.com/in/kaisarbek,The public profile explicitly lists his 2011 and 2012 IPhO medals and current Senior Photonics Engineer role at Ayar Labs
kaz-74fe1fe53ea1,Madi Khamitbekov,Madi Khamitbekov,IOI,2011;2012,Bronze;Silver,career,confirmed,UNIST,,organization,,,KZ,Industry,Other,structured_sources,complete,2,2,1,0,5,https://cphof.org/profile/topcoder:Kh.Madi,,profile=topcoder:Kh.Madi; country=Kazakhstan; contest=IOI; codeforces=Kh.Madi; organization=UNIST
kaz-329a330cca14,Saken Dushayev,Saken Dushayev,IMO,2011;2012,Bronze medal;Honourable mention,career,probable,AO Home Credit Bank Kazakhstan,Senior Software Engineer,employment,,,,Industry,Software & AI,manual_review,complete,2,3,0,0,9,https://linkedin.com/in/saken-dushayev-30095b204,https://linkedin.com/in/saken-dushayev-30095b204,"The rare exact-name Almaty profile documents FIZMAT attendance from 2009 through 2012, exactly spanning both official IMO appearances, followed by information-systems training and a current Home Credit Bank software role; no source explicitly states that the professional is the IMO contestant"
kaz-f67bd98affb8,Taiman Sabyrgaliyev,Taiman Sabyrgaliyev,IPhO,2011,Silver Medal,career,unmatched,,,,,,,Unknown,Other,unmatched,participation_only,1,0,0,0,1,,,
kaz-b893faccd3fc,Temirulan Mussayev,Temirulan Mussayev,IMO,2011,Honourable mention,career,confirmed,KBTU,,organization,,,KZ,Industry,Other,structured_sources,complete,1,2,1,0,4,https://codeforces.com/profile/Temirulan,,handle=Temirulan; country=Kazakhstan; city=Almaty; organization=KBTU
kaz-de970224e20f,Vladimir Dolzhnikov,Vladimir Dolzhnikov,IChO,2011;2012,Bronze;Silver,career,confirmed,PATRIOT,Chemist Researcher,employment,,,,Industry,Research & Academia,manual_review,complete,2,3,0,0,5,https://kz.linkedin.com/in/vladimir-dolzhnikov-95684017b/ru,https://kz.linkedin.com/in/vladimir-dolzhnikov-95684017b/ru,The public profile explicitly lists International Chemistry Olympiad awards and a chemistry research background alongside current PATRIOT employment
kaz-03a266067148,Vladislav Kamysbayev,Vladislav Kamysbayev,IChO,2011;2012,Bronze,career,confirmed,Intel Corporation,Process Integration Engineer,employment,2022,,,Industry,Engineering,manual_review,complete,2,3,0,0,7,https://www.linkedin.com/in/vladislav-kamysbayev-83bb81181,https://www.linkedin.com/in/vladislav-kamysbayev-83bb81181,The rare exact-name two-time Kazakhstan IChO medalist aligns with a University of Chicago chemistry doctorate and publication record while his current professional profile places him at Intel
kaz-444dd6943eb0,Vyacheslav Kim,Vyacheslav Kim,IOI,2011;2012,Bronze;Silver,career,confirmed,MIT,,organization,,,,Industry,Other,structured_sources,complete,2,2,11,0,15,https://cphof.org/profile/topcoder:imslavko,,profile=topcoder:imslavko; country=Kazakhstan; contest=IOI; codeforces=imslavko; organization=MIT
kaz-66f479eb4560,Aidos Kuatov,Aidos Kuatov,IBO,2012,Bronze,career,confirmed,University of Massachusetts Dartmouth,PhD Student,education,2026,,,Education,Student,manual_review,complete,1,3,0,0,7,https://www.linkedin.com/in/aidoskuatov,https://www.linkedin.com/in/aidoskuatov,Official IBO result and public professional profile agree on rare exact name and PhD destination
kaz-15c5ca0ee628,Alibek Sailanbayev,Alibek Sailanbayev,IMO,2012;2013,Bronze medal;Silver medal,career,confirmed,National Information Technologies JSC (NITEC),Managing Director for AI,employment,,,,Industry,Software & AI,manual_review,complete,2,3,0,0,5,https://nitec.kz/index.php/en/kontakty/central-office,https://kz.linkedin.com/in/alibek-sailanbayev,KAUST's official biography explicitly identifies Sailanbayev as Kazakhstan's 2012 IMO bronze and 2013 IMO silver medalist and traces his applied-mathematics education; NITEC's official contact directory names him as its Managing Director for AI
kaz-6e64602de321,Aman Sariyev,Aman Sariyev,IOI,2012;2013,Silver,career,confirmed,Nazarbayev University,,organization,,,KZ,Academia,Other,structured_sources,complete,2,2,1,0,5,https://cphof.org/profile/topcoder:AmanS,,profile=topcoder:AmanS; country=Kazakhstan; contest=IOI; codeforces=Aman; organization=Nazarbayev University
kaz-c056b8e8822d,Aslan Kuan,Aslan Kuan;Kuan Aslan,IBO,2012;2013,Bronze;Diploma,career,unmatched,,,,,,,Unknown,Other,unmatched,participation_only,2,0,0,1,3,,,
kaz-e310964136d0,Azamat Aidanov,Azamat Aidanov,IBO,2012,Bronze,career,confirmed,ios_flutter,Head of Quality Assurance,employment,2024,,,Industry,Leadership,manual_review,complete,1,3,0,0,4,https://linkedin.com/in/azamat-aidanov-64046076,https://linkedin.com/in/azamat-aidanov-64046076,His self-authored profile explicitly lists the July 2012 International Biology Olympiad bronze medal and describes his current Head of QA work at ios_flutter; the official IBO result independently confirms the exact name year and award
kaz-6fd6f0f7d5f7,Azim Amanzholov,Azim Amanzholov,IChO,2012;2013,Gold;Silver,career,confirmed,QazChO,Chemistry Olympiad Trainer,employment,,,,Industry,Other,manual_review,complete,2,2,0,0,4,https://kazpravda.kz/n/znak-uvazheniya-molodym-talantam/,,Recent Kazakhstan coverage explicitly identifies Azim as an IChO gold medalist and the trainer who prepared current national chemistry olympiad students over several years
kaz-dc3a6a35b589,Dauren Muratov,Dauren Muratov,IOI,2012,,career,probable,DashDevs LLC,iOS Engineer,employment,2023,,,Industry,Engineering,manual_review,complete,1,3,0,2,13,https://linkedin.com/in/dauren-muratov-1a114676,https://linkedin.com/in/dauren-muratov-1a114676,"The rare exact-name Astana profile begins Nazarbayev University in 2013 immediately after the 2012 IOI appearance and documents a coherent software career through Meta, Booking.com, and DashDevs; no source explicitly identifies the professional as the IOI contestant"
kaz-07d2b93fd768,Ilya Vilkoviskiy,Ilya Vilkoviskiy,IPhO,2012,Gold Medal,career,confirmed,Princeton University,Postdoctoral Research Associate,employment,,,,Academia,Research & Academia,manual_review,complete,1,3,0,0,6,https://phy.princeton.edu/people/ilya-vilkoviskiy,https://www.linkedin.com/in/ilya-vilkoviskiy,His public profile explicitly lists the 2012 IPhO gold medal while Princeton's official physics directory confirms the current postdoctoral appointment
kaz-4e81a93b6baa,Ivan Senyushkin,Ivan Senyushkin,IPhO,2012,Bronze Medal,career,unmatched,,,,,,,Unknown,Other,unmatched,participation_only,1,0,0,0,1,,,
kaz-ecb44be83ff0,Kairat Ashim,Kairat Ashim,IChO,2012;2013,Gold,career,confirmed,Spark AI,Software Engineer,employment,2026,,,Industry,Software & AI,manual_review,complete,2,2,0,0,4,https://www.linkedin.com/posts/wu-julia_lately-ive-been-filtering-for-one-trait-activity-7440019349970599937-zJXu,,Spark AI's hiring announcement explicitly identifies Kairat as Kazakhstan's decorated chemistry olympiad gold medalist and states that he joined as a software engineer
kaz-e15af1368e42,Mussa Rajamov,Mussa Rajamov,IPhO,2012;2013,Silver Medal,career,confirmed,Deutsche Bank,,employment,,,,Industry,Economics & Finance,manual_review,complete,2,3,0,0,5,https://de.linkedin.com/in/mussa-rajamov,https://de.linkedin.com/in/mussa-rajamov,The two-year IPhO record and rare exact-name profile align on age and education while the current public profile lists Deutsche Bank in Berlin
kaz-6d8ff9e71d31,Nurislam Yeshenkulov,Nurislam Yeshenkulov,IBO,2012;2013,Silver,career,unmatched,,,,,,,Unknown,Other,unmatched,participation_only,2,0,0,0,2,,,
kaz-32373fc425de,Sergazy Kalmurzayev,Sergazy Kalmurzayev,IMO,2012;2013;2014,Bronze medal;Silver medal,career,confirmed,ElevenLabs,,employment,,,,Industry,Other,manual_review,complete,3,3,0,0,7,https://elevenlabs.io/blog/authors/sergazy-kalmurzayev,https://uk.linkedin.com/in/sergazy-kalmurzayev-2ba468231,His self-authored profile explicitly lists International Mathematical Olympiad awards and ElevenLabs as his current employer; the official IMO participant record supplies the exact 2012-2014 results while ElevenLabs' official author directory corroborates his active affiliation
kaz-d19956e64f90,Temirlan Izmailov,Temirlan Izmailov,IMO,2012,Honourable mention,career,probable,Tansar Capital,Portfolio Manager,employment,2025,,,Industry,Leadership,manual_review,complete,1,3,0,0,4,https://kz.linkedin.com/in/temirlan-izmailov-caia-cfa-485bab89,https://kz.linkedin.com/in/temirlan-izmailov-caia-cfa-485bab89,The rare exact name appears in Kazakhstan's 2012 national mathematics record and official IMO team before a coherent Kazakhstan finance path through Stockholm School of Economics to Tansar Capital; no source explicitly joins the career profile to the IMO entrant
kaz-518d651456c7,Yerniyaz Nurgabylov,Yerniyaz Nurgabylov,IMO,2012;2013,Bronze medal;Silver medal,career,confirmed,Tzafon,Software Engineer and Data Scientist,employment,,,,Industry,Software & AI,manual_review,complete,2,3,0,0,7,https://www.linkedin.com/in/yerniyaz-nurgabylov-701b83121,https://www.linkedin.com/in/yerniyaz-nurgabylov-701b83121,His self-authored profile explicitly lists the 2012 IMO silver and 2013 IMO bronze medals and identifies Tzafon as his current employer; the official IMO participant record independently confirms the same name years and awards
kaz-cc87b45e38c1,Aidar Zhetessov,Aidar Zhetessov,IPhO,2013,Silver Medal,career,confirmed,Lunar Energy,Senior Power Electronics Controls Engineer,employment,2025,,,Industry,Engineering,manual_review,complete,1,2,0,0,4,https://wempec.wisc.edu/power-engineering-awards-2024/,,The rare exact-name IPhO record aligns with Nazarbayev and ETH education while UW-Madison documents his planned post-PhD move and current directories confirm the Lunar Energy role
kaz-1e71a64a8ebb,Alisher Tortay,Alisher Tortay,IMO,2013;2014,Bronze medal,career,confirmed,Citadel Securities,Quantitative Researcher,employment,,,,Industry,Research & Academia,manual_review,complete,2,3,0,0,7,https://uk.linkedin.com/in/alishertortay,https://uk.linkedin.com/in/alishertortay,His public profile explicitly lists both Kazakhstan IMO bronze medals and his current Citadel Securities employment while a current team directory identifies him as a quantitative researcher
kaz-380ff32a092b,Amir Bralin,Amir Bralin,IPhO,2013;2014,Gold Medal;Silver Medal,career,confirmed,Texas Tech University,Postdoctoral Research Associate,employment,,,,Academia,Research & Academia,manual_review,complete,2,2,0,0,8,https://orcid.org/0009-0008-0675-2824,,Official IPhO result plus foundation biography and self-asserted ORCID establish the career path
kaz-4357b3307079,Batyrkhan Orynkul,Batyrkhan Orynkul,IMO,2013,Bronze medal,career,confirmed,Google,Software Engineer,employment,2020,,,Industry,Software & AI,manual_review,complete,1,3,0,0,6,https://www.signalhire.com/profiles/batyrkhan-orynkul%27s-email/136697839,https://www.linkedin.com/in/batyrkhan-orynkul-68a45817b,His self-authored profile explicitly lists an IMO bronze medal and Google as his current employer after Nazarbayev University and UC Merced; the current employment directory supplies the Software Engineer title and July 2020 start
kaz-ef33110ee8b0,Binazar Zhassulan,Binazar Zhassulan;Zhassulan Binazar,IChO,2013;2014,Bronze,career,unmatched,,,,,,,Unknown,Other,unmatched,participation_only,2,0,0,0,2,,,
kaz-12d9dc922ba8,Bogdan Zagribelnyy,Bogdan Zagribelnyy,IChO,2013,Bronze,career,confirmed,Insilico Medicine,"Senior Researcher, Medicinal Chemistry and CADD",employment,,,,Industry,Research & Academia,manual_review,complete,1,3,0,0,7,https://shootsbysyngenta.com/insilico-medicine-and-syngenta,https://ae.linkedin.com/in/bogdan-zagribelnyy-ph-d-576b201a5,The chemistry academy's full-name biography explicitly identifies him as a world school chemistry Olympiad bronze medalist and traces his Kazakhstan Olympiad background through Moscow State University to Insilico Medicine; Syngenta's current collaboration profile names his senior-researcher role
kaz-2fe78cfd647b,Dinmukhammed Nurbek,Dinmukhammed Nurbek,IPhO,2013;2014,Bronze Medal;Silver Medal,career,confirmed,EPAM Systems,Senior Data Engineer,employment,2022,,,Industry,Engineering,manual_review,complete,2,3,0,0,5,https://linkedin.com/in/dinmukhammed-nurbek,https://linkedin.com/in/dinmukhammed-nurbek,"A public tutor profile explicitly identifies Dinmukhammed Sabyrzhanuly Nurbek as a Taraz Kazakh-Turkish Lyceum alumnus, the 2013 IPhO bronze and 2014 IPhO silver medalist, and a Nazarbayev University physics student; the rare exact-name Astana LinkedIn profile continues that same physics timeline into EPAM data engineering"
kaz-2d9952af7ca2,Khafiz Zhumadil,Khafiz Zhumadil,IBO,2013;2014,Bronze;Diploma,career,confirmed,,Medical Consultant in Astana,employment,,,,Unknown,Other,manual_review,complete,2,2,0,0,5,https://www.ibo-info.org/files/downloads/results-reports/final-reports/IBO-2024%20Report.pdf,,The official IBO report identifies the Kazakhstan 2013 participant and 2014 bronze medalist as a medical consultant in Astana
kaz-42799b8826c4,Meirambek Omyrzak,Meirambek Omyrzak,IOI,2013;2015,Silver,career,confirmed,Almaty KTL,,organization,,,KZ,Industry,Other,structured_sources,complete,2,2,1,0,5,https://cphof.org/profile/topcoder:meirambek,,profile=topcoder:meirambek; country=Kazakhstan; contest=IOI; codeforces=Meirambek; organization=Almaty KTL
kaz-2732f0e135fa,Nurislam Tursynbek,Nurislam Tursynbek,IPhO,2013;2014,Gold Medal;Silver Medal,career,confirmed,UNC Chapel Hill,Graduate Student in Computer Science,education,2022,,,Education,Student,manual_review,complete,2,2,0,0,4,https://cseweb.ucsd.edu/~mniethammer/author/nurislam-tursynbek/,,The rare exact-name IPhO record aligns with Nazarbayev University education while the active research-group profile and 2026 publications identify him as a UNC computer science graduate student
kaz-88a74ae3e050,Nurlan Zhussipov,Nurlan Zhussipov,IOI,2013;2014,Bronze,career,confirmed,Kazakh-British Technical University,,education,,,,Education,Student,structured_sources,complete,2,2,1,0,5,https://cphof.org/profile/topcoder:NurlashKO_TC,,profile=topcoder:NurlashKO_TC; country=Kazakhstan; contest=IOI; codeforces=NurlashKO; universities=Kazakh-British Technical University; organization=KBTU
kaz-eda797e5a5c1,Roman Kogay,Roman Kogay,IBO,2013;2014,Bronze;Diploma,career,confirmed,National Center for Biotechnology Information (NIH),Postdoctoral Fellow in Evolutionary Genomics,employment,2023,,,Industry,Research & Academia,manual_review,complete,2,2,0,0,5,https://graduate.dartmouth.edu/eees/people/alumni,,Nazarbayev University's official faculty archive connects his undergraduate genetics thesis to a Dartmouth PhD and Dartmouth's alumni directory identifies him as a 2023 graduate and NCBI evolutionary-genomics postdoctoral fellow; his ORCID and NCBI publications preserve the same research identity
kaz-28588384ab57,Yerzhan Imanmalik,Yerzhan Imanmalik,IMO,2013;2014,Bronze medal;Honourable mention,career,confirmed,EPAM Systems,Senior Data Scientist,employment,,,,Industry,Research & Academia,manual_review,complete,2,3,0,0,13,https://nfactorialai.com/,https://kz.linkedin.com/in/yerzhan-imanmalik,His self-authored profile explicitly lists the 2014 IMO bronze medal and EPAM Systems as his current employer while its Skoltech machine-learning timeline matches the official 2013 and 2014 Kazakhstan results; nFactorial's current faculty directory supplies the Senior Data Scientist title
kaz-9aa80e862003,Zhanadil Nurtoleuov,Zhanadil Nurtoleuov,IOI,2013,,career,confirmed,AlmatyKTL,,company_or_organization,,,KZ,Industry,Other,structured_sources,complete,1,2,3,0,6,https://cphof.org/profile/topcoder:Zhanadil,,"profile=topcoder:Zhanadil; country=Kazakhstan; contest=IOI; codeforces=Zhanadil; organization=Almaty KTL; login=Zhanadil; company=AlmatyKTL; location=Almaty, Kazakhstan; website=zhanadil"
kaz-47792c0edb59,Adil Kabylda,Adil Kabilda;Adil Kabylda,IChO,2014;2015,Gold;Silver,career,confirmed,Technische Universität Berlin,"Research Fellow, Machine Learning Group",employment,,,,Academia,Software & AI,manual_review,complete,2,2,0,0,23,https://orcid.org/0000-0002-8620-6135,,Self-asserted ORCID explicitly lists 2014/2015 IChO medals and the TU Berlin research role
kaz-d3e9cb1dd495,Akhan Ismailov,Akhan Ismailov,IMO,2014;2015,Gold medal,career,confirmed,Squarepoint Capital,Quantitative Researcher,employment,,,,Industry,Research & Academia,manual_review,complete,2,3,0,0,7,https://kz.linkedin.com/in/404akhan,https://kz.linkedin.com/in/404akhan,His public profile explicitly states that he won IMO gold medals in 2014 and 2015 and identifies his current quantitative-research role at Squarepoint alongside a Nazarbayev University computer-science degree
kaz-caf5fa5b20bf,Anton Khvan,Anton Khvan,IBO,2014;2015,Bronze,career,probable,University of Rostock,Cardiology Researcher,employment,2026,,,Academia,Research & Academia,manual_review,complete,2,2,0,0,5,https://pubmed.ncbi.nlm.nih.gov/41742061/,,The exact name appears in TÜBİTAK's 2015 foreign-undergraduate scholarship roster under a program restricted to international science-Olympiad medalists immediately after his two IBO appearances; a 2026 University of Rostock cardiology publication is a rare-name and field-consistent continuation but no source explicitly joins the two stages
kaz-61a74e788b9b,Askarbek Orakov,Askarbek Orakov,IBO,2014,Silver,career,confirmed,Harvard T.H. Chan School of Public Health,Postdoctoral Research Fellow,employment,2025,,,Academia,Research & Academia,manual_review,complete,1,3,0,0,14,https://hsph.harvard.edu/profile/askarbek-orakov/,https://www.linkedin.com/in/askarbek-orakov,Foundation biography states IBO silver and Harvard has an official current staff profile
kaz-d29c3c1d1239,Danat Issa,Danat Issa,IPhO,2014,Gold Medal,career,confirmed,Massachusetts Institute of Technology,Postdoctoral Associate,employment,2025,,,Academia,Research & Academia,manual_review,complete,1,2,0,0,6,https://www.space.mit.edu/people/danat-issa/,,The rare exact-name Kazakhstan IPhO record aligns with Nazarbayev and Northwestern education while MIT's official directory confirms the current postdoctoral appointment
kaz-5f556ca182f6,Daniyar Kamal,Daniyar Kamal,IMO,2014,Bronze medal,career,confirmed,WeGlobal.ai,Chief Implementation Officer,employment,,,,Industry,Other,manual_review,complete,1,3,0,0,4,https://silkwaytv.kz/en/kazakh-startup-weglobal-ai-enters-foreign-markets_63472,https://kz.linkedin.com/in/daniyar-kamal-91b041118,His self-authored profile explicitly lists the 2014 IMO bronze medal and WeGlobal.ai as his current employer after UNIST; Silk Way's current startup profile identifies him as WeGlobal.ai's Chief Implementation Officer
kaz-7e3271c82f49,Daniyar Maminov,Daniyar Maminov,IOI,2014;2015,Bronze,career,confirmed,Almaty KTL,,organization,,,KZ,Industry,Other,structured_sources,complete,2,2,2,0,6,https://cphof.org/profile/topcoder:Daniyar7,,profile=topcoder:Daniyar7; country=Kazakhstan; contest=IOI; codeforces=LeMieux; organization=Almaty KTL
kaz-7f81bf383084,Daulet Kurmantayev,Daulet Kurmantayev,IPhO,2014;2015,Gold Medal;Silver Medal,career,confirmed,Tele2 Kazakhstan,,employment,,,,Industry,Other,manual_review,complete,2,3,0,0,5,https://wmnl.unist.ac.kr/alumni/,https://kz.linkedin.com/in/daulet-kurmantayev-41912a176,The rare exact-name IPhO record aligns with UNIST study dates while the university's official alumni page lists Tele2 Kazakhstan as his current position
kaz-5a5848e42390,Kuandyk Altynkhanov,Kuandyk Altynkhanov,IMO,2014,Bronze medal,career,confirmed,Ulsan National Institute of Science and Technology (UNIST),Bachelor's Graduate,education,2014,2018,,Education,Student,manual_review,complete,1,3,0,0,4,https://linkedin.com/in/kuandyk-altynkhanov-9b591ba9,https://linkedin.com/in/kuandyk-altynkhanov-9b591ba9,His self-authored profile explicitly lists the June 2014 International Mathematical Olympiad bronze medal and a 2014-2018 UNIST education; the official Kazakhstan IMO record independently confirms the exact name year and medal
kaz-a8612d505db7,Miras Myrzakerey,Miras Myrzakerey,IOI,2014,Silver,career,confirmed,Nazarbayev University,,organization,,,KZ,Academia,Other,structured_sources,complete,1,2,3,0,6,https://cphof.org/profile/codeforces:Miras321,,profile=codeforces:Miras321; country=Kazakhstan; contest=IOI; codeforces=Miras321; organization=Nazarbayev University
kaz-b82a97fb3f53,Sayinov Bauyrzhan,Sayinov Bauyrzhan,IChO,2014,,career,unmatched,,,,,,,Unknown,Other,unmatched,participation_only,1,0,0,0,1,,,
kaz-08fb4ba7d2f0,Serikzhan Yermekov,Serikzhan Yermekov,IChO,2014,Bronze,career,unmatched,,,,,,,Unknown,Other,unmatched,participation_only,1,0,0,0,1,,,
kaz-f394810a66fa,Ulugbek Adilbekov,Ulugbek Adilbekov,IOI,2014,Silver,career,confirmed,Nazarbayev University,,organization,,,KZ,Academia,Other,structured_sources,complete,1,2,2,0,5,https://cphof.org/profile/topcoder:Algiz,,profile=topcoder:Algiz; country=Kazakhstan; contest=IOI; codeforces=Algiz; organization=Nazarbayev University
kaz-6ff2bc2176bd,Alen Abdrakhmanov,Alen Abdrakhmanov,IMO,2015,Bronze medal,career,confirmed,Huawei,Research and Development Engineer,employment,,,,Industry,Research & Academia,manual_review,complete,1,3,0,1,5,https://kz.linkedin.com/in/alen-abdrakhmanov,https://kz.linkedin.com/in/alen-abdrakhmanov,His self-authored profile explicitly lists the 2015 IMO bronze medal and identifies Huawei R&D engineering as a current role; the official Kazakhstan IMO record independently confirms the exact name year and medal
kaz-0260225556fe,Alexandr Shakiyev,Alexandr Shakiyev,IMO,2015,Bronze medal,career,confirmed,Armeta,R&D and ML Engineer,employment,2025,,,Industry,Engineering,manual_review,complete,1,3,0,0,4,https://kz.linkedin.com/in/supertorex,https://kz.linkedin.com/in/supertorex,His self-authored profile explicitly labels him an IMO medalist in July 2015 and identifies his current Armeta R&D and machine-learning role beginning in October 2025; the official Kazakhstan IMO record confirms the exact name year and medal
kaz-e0511f92fe0d,Almas Serikov,Almas Serikov,IBO,2015,Diploma,career,confirmed,Korea Institute of Science and Technology,Master's Student in Brain Science,education,2020,2023,,Education,Student,manual_review,complete,1,2,0,0,8,https://orcid.org/0000-0002-4686-8978,,UNIST's official pre-IBO article identifies the Kazakhstan competitor and his fall 2015 admission while the matching self-asserted ORCID lists UNIST life sciences from 2015 to 2020 followed by KIST brain science
kaz-e8eb1ebde919,Anton Sedletskiy,Anton Sedletskiy,IPhO,2015;2016,Honourable Mention;Silver Medal,career,unmatched,,,,,,,Unknown,Other,unmatched,participation_only,2,0,0,0,2,,,
kaz-8bfc979cedef,Arnur Makenov,Arnur Makenov,IChO,2015;2016,Bronze;Silver,career,confirmed,Meta,,employment,,,,Industry,Other,manual_review,complete,2,3,0,0,5,https://ch.linkedin.com/in/makenov,https://ch.linkedin.com/in/makenov,The public profile explicitly lists his 2015 and 2016 International Chemistry Olympiad medals and current Meta employment in Switzerland
kaz-19cbd524a6c0,Ayan Segizbay,Ayan Segizbay,IPhO,2015,Bronze Medal,career,probable,Self-employed,Crypto Analyst,employment,2023,,,Industry,Other,manual_review,complete,1,3,0,0,5,https://linkedin.com/in/ayansegizbay,https://linkedin.com/in/ayansegizbay,"The rare exact-name Almaty profile matches the Kazakhstan Codeforces identity, continues through KBTU study after the official 2015 IPhO bronze medal, and documents current analytical work in digital assets; no source explicitly identifies the professional as the IPhO contestant"
kaz-590a5fc8e66b,Azamat Amzebek,Azamat Amzebek,IChO,2015,Silver,career,probable,Nazarbayev University,Research Assistant,employment,2018,,,Academia,Research & Academia,manual_review,complete,1,3,0,0,4,https://linkedin.com/in/azamat-amzebek,https://linkedin.com/in/azamat-amzebek,The rare exact name links the Taraz chemistry competitor in the 2014 Mendeleev record and 2015 IChO result to a profile that starts Nazarbayev University that year and lists a current NU research-assistant role; no source explicitly states that the professional is the IChO entrant
kaz-ae7bbfa79815,Azamat Smagulov,Azamat Smagulov,IChO,2015;2016,Silver,career,confirmed,Prog.AI,Software Engineer,employment,2023,,,Industry,Software & AI,manual_review,complete,2,3,0,0,7,https://kz.linkedin.com/in/azamatsmagulov/en,https://kz.linkedin.com/in/azamatsmagulov/en,The public profile explicitly lists his 2015 and 2016 IChO silver medals and current Software Engineer role at Prog.AI
kaz-674fe7c75a81,Bekzhan Bekbolatuly,Bekzhan Bekbolatuly,IOI,2015,Silver,career,confirmed,Ulsan National Institute of Science and Technology,,education,,,,Education,Student,structured_sources,complete,1,2,6,0,9,https://cphof.org/profile/codeforces:bekzhan29,,profile=codeforces:bekzhan29; country=Kazakhstan; contest=IOI; codeforces=bekzhan29; universities=Ulsan National Institute of Science and Technology; organization=Aktau BIL
kaz-f8f0e6bb7675,Daniyar Abesbek,Daniyar Abesbek,IMO,2015;2016,Bronze medal;Honourable mention,career,confirmed,Leap Tools,Software Developer,employment,2023,,,Industry,Software & AI,manual_review,complete,2,3,0,0,8,https://linkedin.com/in/dohchuk,https://linkedin.com/in/dohchuk,His self-authored profile explicitly lists the 2015 IMO honourable mention and 2016 IMO bronze medal and identifies Leap Tools as his current employer; Kazakhstan's official IMO record independently confirms the exact name years and awards
kaz-f20d8c3abb87,Daniyar Otarbayev,Daniyar Otarbayev,IBO,2015;2016,Bronze;Diploma,career,confirmed,Ulsan National Institute of Science and Technology,PhD Student in Biomedical Engineering,education,,,,Education,Student,manual_review,complete,2,2,0,0,4,https://www.ibo-info.org/files/downloads/results-reports/final-reports/IBO-2024%20Report.pdf,,The official IBO report identifies the Kazakhstan 2015 participant and 2016 bronze medalist as a UNIST PhD student in biomedical engineering
kaz-5ead16bef384,Khalykbek Yelshibekov,Khalykbek Yelshibekov,IPhO,2015,Honourable Mention,career,unmatched,,,,,,,Unknown,Other,unmatched,participation_only,1,0,0,0,1,,,
kaz-ce2eeb5d3d04,Nazarbek Altybay,Nazarbek Altybay,IOI,2015;2016,Silver,career,confirmed,Kazakh-British Technical University,,education,,,,Education,Student,structured_sources,complete,2,2,5,0,9,https://cphof.org/profile/topcoder:nazarbek,,"profile=topcoder:nazarbek; country=Kazakhstan; contest=IOI; codeforces=na2a; universities=Ulsan National Institute of Science and Technology, Kazakh-British Technical University; organization=Aktobe KTL"
kaz-633cb9726092,Nurlybek Sulaimanov,Nurlybek Sulaimanov,IBO,2015,Diploma,career,confirmed,KAIST,Bachelor's Graduate in Neuroscience,education,,2022,,Education,Student,manual_review,complete,1,2,0,0,4,https://nurlybeksulaimanov.github.io/mypage/,,His public biography identifies the exact-name South Korean neuroscience graduate as a prizewinner at international biology Olympiads; his own portfolio independently supplies his Kazakh identity and 2022 KAIST bachelor's degree while the official 2015 IBO ranking supplies the matching name and result
kaz-208576016cfd,Olzhas Kadyrakunov,Olzhas Kadyrakunov,IMO,2015,Silver medal,career,unmatched,,,,,,,Unknown,Other,unmatched,participation_only,1,0,0,0,1,,,
kaz-dcb24ecb815a,Temirlan Amangeldin,Temirlan Amangeldin,IMO,2015;2016,Bronze medal;Honourable mention,career,confirmed,UNIST,,organization,,,KZ,Industry,Other,structured_sources,complete,2,2,1,0,5,https://codeforces.com/profile/teamskiy,,handle=teamskiy; country=Kazakhstan; city=Astana; organization=UNIST
kaz-07461cbee89d,Adilet Uvaliyev,Adilet Uvaliyev,IPhO,2016;2017,Silver Medal,career,confirmed,University of Hong Kong,BSc in Physics,education,,2021,,Education,Student,manual_review,complete,2,3,0,0,6,https://www.myprivatetutor.hk/teacher/29733/adilet-u-experienced-physics-tutor-with-a-bsc-from-hku,https://www.linkedin.com/in/adilet-uvaliyev,His self-authored tutoring profile states that he won two IPhO silver medals and earned a physics degree from HKU while the rare exact name and dates match the Kazakhstan record
kaz-cfbf52394abd,Adilkhan Sarsen,Adilkhan Sarsen,IPhO,2016,Bronze Medal,career,confirmed,Higgsfield AI,Head of Applied ML,employment,,,,Industry,Software & AI,manual_review,complete,1,3,0,0,7,https://github.com/AdilkhanSarsen,https://www.linkedin.com/in/adilkhan-sarsen-b62749140/,National science portal confirms IPhO bronze and public GitHub profile states current role and links LinkedIn
kaz-f3a805a1727a,Aivar Abrashuly,Aivar Abrashuly,IPhO,2016,Silver Medal,career,confirmed,Stanford University,PhD Student in Electrical Engineering,education,2021,,,Education,Student,manual_review,complete,1,2,0,0,4,https://profiles.stanford.edu/aivar-abrashuly,,The Kazakhstan physics-olympiad record and Nazarbayev University history align with Stanford's official profile naming him an active electrical-engineering PhD student admitted in 2021
kaz-6c98b70e785e,Alisher Nazarbekov,Alisher Nazarbekov,IBO,2016;2017,Bronze,career,confirmed,Korea Advanced Institute of Science and Technology,PhD Candidate in Chemical and Biomolecular Engineering,education,,,,Education,Student,manual_review,complete,2,2,0,0,6,https://www.ibo-info.org/en/contest/past-ibos.html?file=files%2Fdownloads%2Fresults-reports%2Ffinal-reports%2FIBO-2024+Report.pdf,,The IBO report identifies the rare exact-name former Kazakhstan biology olympian as a KAIST PhD candidate and his 2026 publication confirms the active affiliation
kaz-67db791fca33,Amir Mokhammed-Ali,Amir Mokhammed-Ali,IMO,2016;2017,Gold medal,career,confirmed,Perplexity,Software Engineer,employment,2026,,,Industry,Software & AI,manual_review,complete,2,3,0,0,7,https://kz.linkedin.com/in/amir-mokhammed-ali-4a4218151,https://kz.linkedin.com/in/amir-mokhammed-ali-4a4218151,His self-authored profile explicitly identifies him as the 2016 and 2017 IMO gold medalist and lists a current Software Engineer role at Perplexity beginning in 2026; the official IMO record independently confirms the exact name years and awards
kaz-515339b8d721,Anel Orazgaliyeva,Anel Orazgaliyeva,IBO,2016,Silver,career,confirmed,Amazon Web Services,Software Development Engineer II,employment,2022,,,Industry,Software & AI,manual_review,complete,1,3,0,0,5,https://de.linkedin.com/in/anel-orazgaliyeva,https://de.linkedin.com/in/anel-orazgaliyeva,An official NIS report explicitly joins her 2016 IBO silver medal to admission at NYU Abu Dhabi and her current public profile documents her progression to SDE II at AWS
kaz-a55fa73a7d5f,Anna Zavalishina,Anna Zavalishina,IBO,2016,Bronze,career,probable,Association for the Conservation of Biodiversity of Kazakhstan,Conservation Research Contributor,employment,2023,2023,,Industry,Research & Academia,manual_review,complete,1,2,0,2,7,https://osme.org/wp-content/uploads/2023/07/Raptor-inventory-of-the-Karatau-State-Nature-Reserve-southern-Kazakhstan.pdf,,"Qazinform identifies the rare exact-name Pavlodar student as Kazakhstan's 2016 IBO bronze medalist; OSME's 2018 account identifies Anna Zavalishina as a Pavlodar undergraduate ornithology volunteer, and its 2023 raptor paper affiliates her with ACBK, but no source explicitly joins the later researcher to the IBO contestant"
kaz-310c08212560,Anton Morgunov,Anton Morgunov,IChO,2016;2017,Gold;Silver,career,confirmed,Genesis Molecular AI,Machine learning for drug discovery,employment,2026,,,Industry,Software & AI,manual_review,complete,2,3,0,0,18,https://chem.yale.edu/posts/2026-07-01-chemistry-phd-graduate-profiles,https://www.linkedin.com/in/anmorgunov,Personal CV lists his 2017 IChO gold medal; Yale's July 2026 graduate profile states the Genesis Molecular AI destination; an active employer-specific GitHub profile under his exact name lists @genesistherapeutics and corroborates that the move began
kaz-32bc606217ec,Aruzhan Amanbayeva,Aruzhan Amanbayeva,IMO,2016;2017;2018,Bronze medal;Silver medal,career,confirmed,EPFL,PhD Student,education,,,,Education,Student,manual_review,complete,3,3,0,2,14,https://linkedin.com/in/aaruzhan,https://linkedin.com/in/aaruzhan,Her self-authored profile explicitly lists IMO bronze medals in 2016 and 2017 and silver in 2018 and identifies her as a current EPFL PhD student after MIT; the official IMO record independently confirms the exact name years and awards
kaz-e252a91b0399,Ayat Tassanov,Ayat Tassanov,IChO,2016,Bronze,career,confirmed,Pennsylvania State University,Chemistry PhD Student,education,2021,,,Education,Student,manual_review,complete,1,3,0,0,7,https://science.psu.edu/chem/people/akt5745,https://www.linkedin.com/in/ayattassanov,His self-authored post endorses and republishes a biography that explicitly identifies him as an IChO bronze medalist and current Penn State chemistry PhD student; the official IChO scoreboard confirms the 2016 result and Penn State's directory confirms his graduate-student affiliation
kaz-efdb0d38601b,Nurbakyt Madibek,Nurbakyt Madibek,IOI,2016;2017;2018,Bronze;Silver,career,confirmed,Nethermind,Developer,employment,,,,Industry,Software & AI,manual_review,complete,3,3,0,0,10,https://github.com/jmadibekov,https://www.linkedin.com/in/jmadibekov,Official IOI profile and public GitHub profile agree on the rare exact name
kaz-a242fdf22bda,Nursultan Pangsat,Nursultan Pangsat,IPhO,2016,Bronze Medal,career,confirmed,Korea Advanced Institute of Science and Technology (KAIST),Bachelor's Graduate in Computer Science,education,2018,2023,,Education,Student,manual_review,complete,1,3,0,0,4,https://linkedin.com/in/nursultan-pansat-6b0559210,https://linkedin.com/in/nursultan-pansat-6b0559210,The self-authored Nursultan Pansat profile explicitly lists a 2016 International Physics Olympiad bronze medal and a 2018-2023 KAIST computer-science degree; the uncommon name timeline and medal match the official Nursultan Pangsat record despite the one-letter transliteration difference
kaz-3bb636937f0d,Raiymbek Akshulakov,Raiymbek Akshulakov,IMO,2016,Honourable mention,career,unmatched,,,,,,,Unknown,Other,unmatched,participation_only,1,0,0,0,1,,,
kaz-0869880ec7a7,Sanzhar Bidaibek,Sanzhar Bidaibek,IOI,2016;2017;2018,Bronze;Silver,career,confirmed,HKUST,,organization,,,KZ,Industry,Other,structured_sources,complete,3,2,2,0,7,https://cphof.org/profile/topcoder:sanchoman,,profile=topcoder:sanchoman; country=Kazakhstan; contest=IOI; codeforces=sancho; organization=HKUST
kaz-663572d0d26e,Shaikhitdin Nezametdinov,Shaikhitdin Nezametdinov,IOI,2016,Bronze,career,confirmed,Google,Software Engineer,employment,,,,Industry,Software & AI,manual_review,complete,1,3,0,0,8,https://www.linkedin.com/in/shaikhitdin,https://www.linkedin.com/in/shaikhitdin,Official IOI result and public professional profile agree on exact name and current employer
kaz-aec3847e43a0,Temirkhan Zimanov,Temirkhan Zimanov,IMO,2016;2017,Silver medal,career,confirmed,Higher School of Economics,Graduate,education,2020,2025,,Education,Student,manual_review,complete,2,3,0,0,8,https://linkedin.com/in/hcps42,https://linkedin.com/in/hcps42,His self-authored profile explicitly lists silver medals at the 2016 and 2017 IMOs and a 2020-2025 education at HSE; Kazakhstan's official IMO record independently confirms the exact name years and awards
kaz-e2c1785c3b0f,Alexey Tsekhovoy,Alexey Tsekhovoy,IMO,2017;2018,Silver medal,career,confirmed,Higher School of Economics,Computer Science Graduate,education,2018,2023,,Education,Software & AI,manual_review,complete,2,3,0,0,10,https://www.hse.ru/news/edu/223610496.html,https://de.linkedin.com/in/alexey-tsekhovoy-7a75b4257,HSE's official article explicitly identifies its first-year computer-science student as Kazakhstan's 2018 IMO silver medalist and his public education profile documents completion of the HSE degree in 2023
kaz-477ae2fd5dbc,Alikhan Kudaibergenov,Alikhan Kudaibergenov,IMO,2017;2018,Silver medal,career,confirmed,University of Waterloo,Graduate,education,2020,2026,,Education,Student,manual_review,complete,2,3,0,0,8,https://linkedin.com/in/alikhan-kudaibergenov-27726a154,https://linkedin.com/in/alikhan-kudaibergenov-27726a154,His self-authored exact-name profile explicitly identifies him as an IMO medalist and documents a 2020-2026 University of Waterloo education; Kazakhstan's official IMO record independently confirms the 2017 and 2018 appearances and medals
kaz-5c429c277917,Askhat Zhalgasov,Askhat Zhalgasov,IOI,2017,Bronze,career,confirmed,,,,,,,Unknown,Other,structured_sources,complete,1,1,2,0,4,https://cphof.org/profile/codeforces:SmallBoy,,profile=codeforces:SmallBoy; country=Kazakhstan; contest=IOI; codeforces=SmallBoy
kaz-53073a123482,Assem Zhunis,Assem Zhunis,IChO,2017,Bronze,career,confirmed,Hong Kong University of Science and Technology,PhD Student,education,2024,,,Education,Student,manual_review,complete,1,3,0,0,9,https://cse.hkust.edu.hk/~mxj/students.html,https://hk.linkedin.com/in/assemzhunis,Her public profile explicitly lists the 2017 IChO bronze medal while the current HKUST research-group page lists her as an HKPFS PhD student since fall 2024
kaz-bb588a7913e2,Daulet Toibazar,Daulet Toibazar,IBO,2017,Diploma,career,probable,HUMAIN,Senior AI Engineer,employment,2025,,,Industry,Software & AI,manual_review,complete,1,3,0,0,8,https://linkedin.com/in/daulet-toibazar-54118b174,https://linkedin.com/in/daulet-toibazar-54118b174,"The rare exact-name profile begins a Nazarbayev University biology degree in the 2017 IBO year, continues through KAUST bioinformatics and machine learning corroborated by official university records, and identifies a current HUMAIN AI role; no source explicitly joins the professional to the IBO contestant"
kaz-f0f8ae850677,Kairat Albakov,Kairat Albakov,IBO,2017;2018,Bronze;Silver,career,confirmed,Adriel,Engineer,employment,,,,Industry,Engineering,manual_review,complete,2,3,0,0,7,https://kr.linkedin.com/in/allbackoff,https://kr.linkedin.com/in/allbackoff,Public profile lists the 2018 IBO silver medal and current Adriel employment
kaz-a875a18e20f1,Kazhymurat Aknazar,Kazhymurat Aknazar,IPhO,2017,Gold Medal,career,confirmed,Harvard University,Undergraduate Student,education,2019,2021,,Education,Student,manual_review,complete,1,3,0,0,4,https://www.thecrimson.com/article/2021/11/30/aknazar-remembered-as-kind-and-brilliant/,https://kz.linkedin.com/in/aknazar-kazhymurat-258101126,The reversed full name and Kazakhstan school history bridge the IPhO record to Harvard's account of his undergraduate studies which ended with his death in 2021
kaz-c792c9bfcef4,Madi Baltagulov,Madi Baltagulov,IBO,2017,Bronze,career,confirmed,Yale University,Master's Student in Epidemiology,education,2024,2026,,Education,Student,manual_review,complete,1,2,0,0,6,https://weproject.media/articles/detail/madi-baltagulov-ob-uchebe-v-yale-kak-kazakhstanets-postupil-v-magistraturu-ligi-plyushcha-po-obshche/,,A direct 2026 interview identifies him as the Kazakhstan international biology-team bronze medalist and a Yale epidemiology master's student after Vanderbilt molecular biology
kaz-999af747a5a2,Nurassyl Serik,Nurassyl Serik,IChO,2017,Bronze,career,probable,North Caspian Operating Company N.V. (NCOC),Process Engineer,employment,,,,Industry,Engineering,manual_review,complete,1,3,0,0,4,https://kz.linkedin.com/in/nurassyl-serik-2a257918a,https://kz.linkedin.com/in/nurassyl-serik-2a257918a,The rare exact name links the 2017 Kazakhstan IChO bronze medalist to a profile that begins chemical and materials engineering at Nazarbayev University that year and later lists chemistry-Olympiad jury work and NCOC process engineering; no source explicitly states that the professional is the IChO entrant
kaz-7bc4b3d48a29,Nurdaulet Kemel,Kemel Nurdaulet,IPhO,2017;2018,Bronze Medal,career,confirmed,Undisclosed prop trading firm,,employment,,,,Industry,Other,manual_review,complete,2,3,0,0,5,https://hk.linkedin.com/in/nurdauletkemel,https://hk.linkedin.com/in/nurdauletkemel,His CV explicitly joins the exact name to bronze medals at IPhO 2017 and 2018 and to a University of Hong Kong statistics degree and trading internships; his current profile continues the same Hong Kong chronology to an undisclosed proprietary-trading employer
kaz-569883c06e81,Nurlykhan Kairly,Nurlykhan Kairly,IOI,2017;2018,Bronze,career,confirmed,KAIST,,organization,,,KZ,Industry,Other,structured_sources,complete,2,3,2,0,7,https://cphof.org/profile/codeforces:nurlykhan,,profile=codeforces:nurlykhan; country=Kazakhstan; contest=IOI; codeforces=nurlykhan; organization=KAIST
kaz-e894ef915410,Shyngys Aitkazinov,Shyngys Aitkazinov,IPhO,2017,Silver Medal,career,confirmed,Citadel Securities,,employment,,,,Industry,Other,manual_review,complete,1,3,0,0,5,https://ch.linkedin.com/in/shyngys-aitkazinov-00496b193,https://ch.linkedin.com/in/shyngys-aitkazinov-00496b193,The public profile explicitly lists his 2017 IPhO silver medal and current Citadel Securities employment in Zurich
kaz-84b6c6673e87,Shyngys Bilyalov,Shyngys Bilyalov,IMO,2017;2018;2019,Honourable mention;Silver medal,career,confirmed,Graviton Research Capital,Quantitative Researcher,employment,,,,Industry,Research & Academia,manual_review,complete,3,3,0,0,7,https://sg.linkedin.com/in/shyngys-bilyalov-23b6b819b,https://sg.linkedin.com/in/shyngys-bilyalov-23b6b819b,His public profile explicitly lists all three IMO results and current Graviton employment while current staff directories identify his quantitative-research role
kaz-4cae7d810c63,Temirlan Amangeldinov,Temirlan Amangeldinov,IPhO,2017,Silver Medal,career,confirmed,Seoul Robotics,,employment,,,,Industry,Other,manual_review,complete,1,3,0,0,5,https://kz.linkedin.com/in/temirlan-amangeldinov,https://kz.linkedin.com/in/temirlan-amangeldinov,UNIST's official 2016 science-camp report identifies the Kazakhstan Olympiad student by exact name before his 2017 IPhO medal; his public profile continues the same UNIST 2017-21 timeline and lists Seoul Robotics
kaz-926301b5ef4a,Temirlan Rakhimov,Temirlan Rakhimov,IChO,2017,Bronze,career,probable,,,,,,,Unknown,Other,structured_sources,complete,1,1,0,0,2,https://github.com/Freezeboy700,,login=Freezeboy700; location=KZ; website=timurr396@gmail.com
kaz-1f5957f35c2c,Adlet Turtemir,Adlet Turtemir;Turtemir Adilet,IBO,2018;2019,Bronze,career,confirmed,Ulsan National Institute of Science and Technology,Combined MS/PhD Student in Biological Sciences,education,,,,Education,Student,manual_review,complete,2,2,0,0,4,https://www.ibo-info.org/files/downloads/results-reports/final-reports/IBO-2024%20Report.pdf,,The official IBO report identifies the Kazakhstan 2018 and 2019 bronze medalist as a UNIST combined MS/PhD student in biological sciences
kaz-fcb382e0caae,Alikhan Zimanov,Alikhan Zimanov,IMO,2018;2019,Bronze medal,career,probable,,,,,,,Unknown,Other,structured_sources,complete,2,1,1,0,4,https://codeforces.com/profile/sstrong,,handle=sstrong; country=Kazakhstan; city=Almaty
kaz-ceec4f816e2c,Alina Gaukhartas,Alina Gaukhartas,IPhO,2018,Bronze Medal,career,unmatched,,,,,,,Unknown,Other,unmatched,participation_only,1,0,0,0,1,,,
kaz-95803b7b2c5f,Amanzhol Kuantay,Amanzhol Kuantay,IBO,2018;2019,Bronze;Silver,career,confirmed,UBS,,employment,,,,Industry,Other,manual_review,complete,2,3,0,0,5,https://hk.linkedin.com/in/amanzholkuantay,https://hk.linkedin.com/in/amanzholkuantay,The rare exact-name IBO record connects through an official HKUST student feature to the current Hong Kong profile listing UBS
kaz-f85457929c5d,Amirkhan Bailin,Amirkhan Bailin,IPhO,2018;2019,Bronze Medal;Honourable Mention,career,confirmed,Pulsar,Trading Analyst,employment,,,,Industry,Other,manual_review,complete,2,3,0,0,5,https://hk.linkedin.com/in/amirkhan-bailin,https://hk.linkedin.com/in/amirkhan-bailin,His self-authored profile explicitly lists the 2018 IPhO honourable mention and 2019 IPhO bronze medal and identifies a current Trading Analyst role at Pulsar; the official country record independently confirms the same name years and results
kaz-c1c8ab962b25,Daniyar Zakarin,Daniyar Zakarin,IOI,2018;2019,Silver,career,confirmed,ETH Zurich,,organization,,,KZ,Industry,Other,structured_sources,complete,2,2,2,0,6,https://cphof.org/profile/codeforces:YaKon4ick,,profile=codeforces:YaKon4ick; country=Kazakhstan; contest=IOI; codeforces=YaKon4ick; organization=ETH Zurich
kaz-49e2c68e6afb,Diyar Tulenov,Diyar Tulenov,IPhO,2018,Bronze Medal,career,confirmed,Siemens Healthineers,,employment,,,,Industry,Other,manual_review,complete,1,3,0,0,5,https://de.linkedin.com/in/diyart,https://de.linkedin.com/in/diyart,His public profile explicitly lists the 2018 IPhO bronze medal and current Siemens Healthineers employment together with current graduate study at FAU Erlangen-Nurnberg
kaz-44c1e8dd8198,Galymzhan Moldagulov,Galymzhan Moldagulov,IChO,2018,Bronze,career,confirmed,Pennsylvania State University,Graduate Student in Chemistry,education,,,,Education,Student,manual_review,complete,1,3,0,0,8,https://science.psu.edu/chem/people/gmm6091,https://kr.linkedin.com/in/moldagulovg,His public profile explicitly lists the 2018 IChO bronze medal and Kazakhstan national chemistry gold while Penn State's current chemistry directory lists the rare exact-name graduate student
kaz-6b2d94581317,Olzhas Nurpeisov,Olzhas Nurpeisov,IChO,2018;2019,Bronze,career,confirmed,Laminar,,employment,,,,Industry,Other,manual_review,complete,2,3,0,0,7,https://uk.linkedin.com/in/olzhas-nurpeisov,https://uk.linkedin.com/in/olzhas-nurpeisov,The rare exact-name 2018 and 2019 IChO records align with the KAIST profile and multiple recent Laminar team posts confirming active work there
kaz-ccd5a4548c56,Rakhman Asmatullayev,Rakhman Asmatullayev,IMO,2018,Bronze medal,career,confirmed,Laminar,Backend Engineer,employment,,,,Industry,Engineering,manual_review,complete,1,3,0,0,6,https://uk.linkedin.com/in/rainhunter13,https://uk.linkedin.com/in/rainhunter13,His public profile explicitly lists the 2018 IMO bronze medal and current Laminar employment while his linked GitHub account identifies his backend role
kaz-01091dcfd107,Selimzhan Chalyshkan,Selimzhan Chalyshkan,IBO,2018,Bronze,career,confirmed,Northwestern University,PhD Student in Neuroscience,education,2023,,,Education,Student,manual_review,complete,1,3,0,0,6,https://www.nuin.northwestern.edu/current-students/student-profiles.html?page=3,https://orcid.org/0009-0007-6708-1094,The rare exact-name Kazakhstan 2018 IBO bronze medalist is linked through a Kazakhstan student profile and Harvard 2023 education to Northwestern's current neuroscience PhD directory and verified ORCID email domain
kaz-ba8a6f8bb8aa,Vladislav Cherdantsev,Vladislav Cherdantsev,IChO,2018;2019,Diploma;Silver,career,confirmed,ScandiumX,,employment,2025,,,Industry,Other,manual_review,complete,2,3,0,0,6,https://vladislach.github.io/assets/files/resume.pdf,https://www.linkedin.com/in/vladcherd,His current resume explicitly lists the 2019 IChO silver medal and ScandiumX employment from November 2025 after a 2025 MIT chemistry degree
kaz-c9b6eb61477c,Zhamaliddin Kalzhan,Zhamaliddin Kalzhan,IPhO,2018,Bronze Medal,career,probable,Samsung Electronics,Digital IP Design Engineer,employment,2026,,,Industry,Engineering,manual_review,complete,1,3,0,0,7,https://linkedin.com/in/zhamaliddin-kalzhan,https://linkedin.com/in/zhamaliddin-kalzhan,"The rare exact-name profile links a Shymkent Bilim-Innovation Lyceum diploma to KAIST electrical engineering beginning in the 2018 IPhO year and a current Samsung digital-IP role, while KAIST laboratory records independently corroborate the same student; no source explicitly states that the professional is the IPhO contestant"
kaz-c03aa47c2122,Zhanibek Bekkhozhin,Zhanibek Bekkhozhin,IChO,2018,Silver,career,confirmed,Dartmouth College,PhD Student in Chemistry,education,2022,,,Education,Student,manual_review,complete,1,2,0,0,4,https://chemistry.dartmouth.edu/graduate/current-graduate-students/class-2022,,His official school names him as Kazakhstan's 2018 IChO silver medalist and Dartmouth lists the same rare exact name as a current chemistry graduate student from Nazarbayev University
kaz-3b19b5bc5f6d,Alibek Orazalin,Alibek Orazalin,IMO,2019,Bronze medal,early_career_or_university,unmatched,,,,,,,Unknown,Other,unmatched,participation_only,1,0,0,0,1,,,
kaz-da119ef48a6d,Batyr Sardarbekov,Batyr Sardarbekov,IOI,2019,Gold,early_career_or_university,confirmed,Harbour.Space University - Barcelona Campus,,education,,,,Education,Student,structured_sources,complete,1,2,4,0,7,https://cphof.org/profile/codeforces:998kover,,"profile=codeforces:998kover; country=Kazakhstan; contest=IOI; codeforces=998kover; universities=International IT University, Harbour.Space University - Barcelona Campus; organization=Tima's hata"
kaz-d3e4616882fd,Danat Duisenbekov,Danat Duisenbekov,IMO,2019;2020;2021,Bronze medal;Silver medal,early_career_or_university,unmatched,,,,,,,Unknown,Other,unmatched,participation_only,3,0,0,0,3,,,
kaz-8a1e18c44a89,Daniil Melnichenko,Daniil Melnichenko,IChO,2019,Bronze,early_career_or_university,confirmed,HITS,AI Researcher,employment,,,,Industry,Software & AI,manual_review,complete,1,3,0,0,11,https://github.com/daniil-melnichenko,https://kr.linkedin.com/in/daniilmel/ko,Official IChO result and linked public GitHub and professional profiles agree on current role
kaz-ac8d11f139c6,David Li,David Li,IPhO,2019,Honourable Mention,early_career_or_university,probable,Huawei Noah's Ark Lab,Researcher,employment,2023,,,Industry,Research & Academia,manual_review,complete,1,3,0,5,173,https://openreview.net/profile?id=~David_Li1,https://ru.linkedin.com/in/david-li-ab07b332b,The profile alias Li David and its MIPT applied-physics degree beginning immediately after his 2019 RFMS graduation and IPhO appearance form a highly specific timeline through Skoltech and Huawei; the common name and absence of an explicit Olympiad statement prevent a confirmed match
kaz-492c4144387e,Kassym Mukhanbetiyar,Kassym Mukhanbetiyar,IMO,2019,Bronze medal,early_career_or_university,confirmed,Huawei,Spatial AI Researcher,employment,,,,Industry,Software & AI,manual_review,complete,1,3,0,0,5,https://it.linkedin.com/in/kassymm,https://www.linkedin.com/in/kassymm/,His public profile explicitly lists the 2019 IMO bronze medal and current Huawei employment and describes his work on spatial AI while Bocconi independently lists him as a research assistant
kaz-2523ce5463b9,Meiirbek Baimuratov,Meiirbek Baimuratov,IBO,2019,Bronze,early_career_or_university,confirmed,Bloomberg,Software Engineer,employment,,,,Industry,Software & AI,manual_review,complete,1,3,0,0,5,https://it.linkedin.com/in/meiirbek-baimuratov,https://www.linkedin.com/in/meiirbek-baimuratov/,The exact IBO name appears in Nazarbayev University's 2019 biological-sciences dean's list and the same rare profile documents a software-engineering path through Meta and Google internships to Bloomberg
kaz-d9616cfe0fb5,Nurlykhan Kopenov,Nurlykhan Kopenov,IChO,2019,Bronze,early_career_or_university,confirmed,CoBALT,,employment,,,,Industry,Other,manual_review,complete,1,3,0,0,5,https://kr.linkedin.com/in/nurlykhan-kopenov,https://kr.linkedin.com/in/nurlykhan-kopenov,Olympiad problem-setting records identify the same rare exact name as a KAIST student immediately after his 2019 IChO medal and his current profile preserves that KAIST timeline while listing CoBALT
kaz-49fee0c7373b,Nurtas Shyntas,Nurtas Shyntas,IMO,2019;2020,Bronze medal;Silver medal,early_career_or_university,confirmed,New York University Abu Dhabi,Student,education,2022,2026,,Education,Student,manual_review,complete,2,3,0,0,5,https://kz.linkedin.com/in/nurtas-shyntas-54b850199,https://kz.linkedin.com/in/nurtas-shyntas-54b850199,His self-authored profile explicitly lists the 2019 IMO bronze and 2020 IMO silver medals and a 2022-2026 NYU Abu Dhabi education; the official Kazakhstan IMO record independently confirms the exact name years and awards
kaz-a7e23606a27b,Rassul Magauin,Rassul Magauin,IPhO,2019,Bronze Medal,early_career_or_university,confirmed,MBZUAI (Mohamed bin Zayed University of Artificial Intelligence),Master's Student in Computer Science,education,,,,Education,Student,manual_review,complete,1,3,0,0,4,https://kz.linkedin.com/in/rassul-magauin,https://kz.linkedin.com/in/rassul-magauin,"His self-authored exact-name Kazakhstan profile explicitly identifies him as an IPhO medalist and documents computer-science study at Nazarbayev University followed by MBZUAI; the official country record independently confirms his 2019 IPhO participation, while its bronze result differs from the profile's silver label and is preserved as the authoritative medal record"
kaz-4f8a3959755f,Sanzhar Otey,Sanzhar Otey,IBO,2019,,early_career_or_university,unmatched,,,,,,,Unknown,Other,unmatched,participation_only,1,0,0,0,1,,,
kaz-c6c074aef2cf,Temirlan Baibolov,Temirlan Baibolov,IOI,2019;2020,Bronze;Silver,early_career_or_university,confirmed,Astana IT University,,education,,,,Education,Student,structured_sources,complete,2,2,4,0,8,https://cphof.org/profile/codeforces:bthero,,"profile=codeforces:bthero; country=Kazakhstan; contest=IOI; codeforces=bthero; universities=Suleyman Demirel University, Astana IT University; organization=Suleyman Demirel University"
kaz-c91345744362,Temirlan Ismagulov,Temirlan Ismagulov,IPhO,2019,Honourable Mention,early_career_or_university,probable,Nazarbayev University,Physics Graduate,education,,2025,,Education,Student,manual_review,complete,1,3,0,0,5,https://nur.nu.edu.kz/items/86a10e4c-8685-4d44-b3d3-7d8c00c39682,https://kz.linkedin.com/in/temirlan-ismagulov-766740206,The rare exact name and physics continuity connect the 2019 IPhO contestant to Nazarbayev University's official 2025 acoustic-metamaterials bachelor's thesis and a matching public education profile but neither career source explicitly mentions IPhO
kaz-7b9356cf00a8,Zhan Kurbanbayev,Zhan Kurbanbayev,IOI,2019,Bronze,early_career_or_university,confirmed,Stealth Startup,,employment,,,,Industry,Other,manual_review,complete,1,3,0,0,9,https://uk.linkedin.com/in/zhan-kurbanbayev,https://uk.linkedin.com/in/zhan-kurbanbayev,Public profile lists both the 2019 IOI bronze medal and current startup affiliation
kaz-d8dac02b5a92,Abilmansur Muzhubayev,Abilmansur Muzhubayev,IChO,2020,Bronze,early_career_or_university,confirmed,Google,Software Engineer,employment,,,,Industry,Software & AI,manual_review,complete,1,3,0,0,5,https://pl.linkedin.com/in/abilmuzhubayev/en,https://pl.linkedin.com/in/abilmuzhubayev/en,His public profile explicitly lists the 2020 IChO bronze medal and current Google employment and describes a software-engineering career after Nazarbayev University
kaz-bd7725315da3,Adam Taimanov,Adam Taimanov,IBO,2020,Bronze,early_career_or_university,unmatched,,,,,,,Unknown,Other,unmatched,participation_only,1,0,0,0,1,,,
kaz-070fb0fd555d,Arman Bissembayev,Arman Bissembayev,IBO,2020,Diploma,early_career_or_university,unmatched,,,,,,,Unknown,Other,unmatched,participation_only,1,0,0,0,1,,,
kaz-e592924f7a04,Bakdaulet Seysenkul,Bakdaulet Seysenkul,IChO,2020,Bronze,early_career_or_university,unmatched,,,,,,,Unknown,Other,unmatched,participation_only,1,0,0,0,1,,,
kaz-087d239f6acf,Fetullakh Sam,Fetullakh Sam,IMO,2020;2021;2022,Honourable mention;Silver medal,early_career_or_university,confirmed,Hong Kong University of Science and Technology,Computer Science Student,education,2022,2026,,Education,Student,manual_review,complete,3,3,0,0,6,https://linkedin.com/in/fetullakh-sam-108a08225,https://linkedin.com/in/fetullakh-sam-108a08225,"His self-authored profile identifies him as a two-time IMO silver medalist, lists an earlier honourable mention, and documents a 2022-2026 HKUST computer-science education; Kazakhstan's official IMO record independently confirms the exact name and 2020-2022 results"
kaz-9dc89c027c6a,Khaidar Kairbek,Khaidar Kairbek,IChO,2020;2021,Bronze;Silver,early_career_or_university,confirmed,Marble,,employment,,,,Industry,Other,manual_review,complete,2,3,0,0,6,https://www.linkedin.com/in/khaidar-kairbek,https://www.linkedin.com/in/khaidar-kairbek,His public profile explicitly lists Kazakhstan IChO medals from 2020 and 2021 together with current Marble employment and Dartmouth education
kaz-8d1b7be09dcf,Kibriyanur Abdugafarova,Kibriyanur Abdugafarova,IChO,2020,Bronze,early_career_or_university,confirmed,Korea Advanced Institute of Science and Technology,Undergraduate Student,education,2021,2026,,Education,Student,manual_review,complete,1,3,0,0,6,https://kr.linkedin.com/in/kibriyanur-abdugafarova,https://kr.linkedin.com/in/kibriyanur-abdugafarova,Her public profile explicitly lists the 2020 IChO bronze medal and triple Kazakhstan national chemistry gold alongside KAIST education from 2021 to 2026
kaz-f1194a0f246c,Parassat Kyzyrkanov,Parassat Kyzyrkanov,IOI,2020,,early_career_or_university,confirmed,Astana IT University,,education,,,,Education,Student,structured_sources,complete,1,2,4,0,7,https://cphof.org/profile/codeforces:Fortitude,,"profile=codeforces:Fortitude; country=Kazakhstan; contest=IOI; codeforces=Fortitude; universities=International IT University, Astana IT University; organization=International IT University"
kaz-11ab68f6f611,Tair Satubaldin,Tair Satubaldin,IMO,2020;2021;2022,Silver medal,early_career_or_university,unmatched,,,,,,,Unknown,Other,unmatched,participation_only,3,0,0,0,3,,,
kaz-135e810b92e0,Tamirlan Bektemissov,Tamirlan Bektemissov,IMO,2020,Silver medal,early_career_or_university,confirmed,Karlsruhe Institute of Technology,Student Research Assistant,employment,2026,,,Academia,Student,manual_review,complete,1,3,0,0,5,https://de.linkedin.com/in/tbeka,https://de.linkedin.com/in/tbeka,His public profile explicitly lists the 2020 IMO silver medal and current KIT research-assistant work alongside his 2024 to 2027 degree
kaz-56660a53cf0d,Timur Ratnikov,Timur Ratnikov,IOI,2020,,early_career_or_university,confirmed,,,,,,,Unknown,Other,structured_sources,complete,1,1,2,0,4,https://cphof.org/profile/codeforces:Thanos234,,profile=codeforces:Thanos234; country=Kazakhstan; contest=IOI; codeforces=Thanos234
kaz-279f8d67af01,Yerassyl Muratov,Yerassyl Muratov,IBO,2020,Diploma,early_career_or_university,unmatched,,,,,,,Unknown,Other,unmatched,participation_only,1,0,0,0,1,,,
kaz-8d648f29d1e0,Yuriy Ten,Yuriy Ten,IMO,2020;2022,Bronze medal,early_career_or_university,unmatched,,,,,,,Unknown,Other,unmatched,participation_only,2,0,0,3,5,,,
kaz-0f47bbbea1f0,Zhambyl Maksotov,Zhambyl Maksotov,IOI,2020;2021;2022,Bronze;Silver,early_career_or_university,confirmed,Nazarbayev University,,education,,,,Education,Student,structured_sources,complete,3,2,3,0,8,https://cphof.org/profile/codeforces:seduneon,,profile=codeforces:seduneon; country=Kazakhstan; contest=IOI; codeforces=seduneon; universities=Nazarbayev University; organization=Oral Bilim Innovation High School
kaz-af55ed678a4e,Aibek Myrzatay,Aibek Myrzatay,IMO,2021,Gold medal,early_career_or_university,confirmed,Higher School of Economics,,organization,,,KZ,Academia,Other,structured_sources,complete,1,2,1,0,4,https://codeforces.com/profile/AibekMI,,handle=AibekMI; country=Kazakhstan; city=Atyrau; organization=Higher School of Economics
kaz-1b79632fc187,Aigerim Turuspekova,Aigerim Turuspekova,IChO,2021,Bronze,early_career_or_university,unmatched,,,,,,,Unknown,Other,unmatched,participation_only,1,0,0,0,1,,,
kaz-e97b6a989458,Altair Ashurov,Altair Ashurov,IOI,2021,Bronze,early_career_or_university,confirmed,Nazarbayev University,,education,,,,Education,Student,structured_sources,complete,1,2,2,0,5,https://cphof.org/profile/codeforces:fractal,,profile=codeforces:fractal; country=Kazakhstan; contest=IOI; codeforces=fractal; universities=Nazarbayev University; organization=Nazarbayev University
kaz-b76707715f6b,Anton Draganchuk,Anton Draganchuk,IPhO,2021,Silver Medal,early_career_or_university,unmatched,,,,,,,Unknown,Other,unmatched,participation_only,1,0,0,0,1,,,
kaz-8c6b4dfb5df9,Assylbek Olzhabayev,Assylbek Olzhabayev,IMO,2021,Bronze medal,early_career_or_university,confirmed,Institute of Science and Technology Austria,Mathematics Researcher,education,2024,,,Education,Research & Academia,manual_review,complete,1,3,0,0,5,https://at.linkedin.com/in/assylbek-olzhabayev-b8b94a190,https://at.linkedin.com/in/assylbek-olzhabayev-b8b94a190,An official NIS report directly identifies his 2021 IMO bronze medal and his public profile repeats that award while documenting current mathematics study and research at ISTA and the Hausdorff Center
kaz-8309d6e00897,Bakdaulet Yernazarov,Bakdaulet Ernazarov;Bakdaulet Yernazarov,IBO,2021;2022;2023,Bronze;Silver,early_career_or_university,unmatched,,,,,,,Unknown,Other,unmatched,participation_only,3,0,0,0,3,,,
kaz-319ba97c86aa,Dinmukhamed Rakhimzhanov,Dinmukhamed Rakhimzhanov,IPhO,2021;2022,Silver Medal,early_career_or_university,unmatched,,,,,,,Unknown,Other,unmatched,participation_only,2,0,0,0,2,,,
kaz-4c524655befe,Guldana Abduali,Guldana Abduali,IBO,2021,Diploma,early_career_or_university,probable,Korea Advanced Institute of Science and Technology (KAIST),Undergraduate Student in Computer Science,education,2022,,,Education,Student,manual_review,complete,1,3,0,1,5,https://cs.kaist.ac.kr/people/ugstudents?gubun=&gubun_lang=ko&keyword=&page=1,https://kr.linkedin.com/in/guldana-abduali,"The rare exact-name Kazakhstan profile describes five years of intensive biology before a transition into AI, while KAIST's official roster lists her 2022 computer-science enrollment immediately after the 2021 IBO diploma; no source explicitly states that the KAIST student is the IBO entrant"
kaz-ccd2ad3a4c7d,Madiyar Kassymaly,Madiyar Kassymaly,IChO,2021;2022,Gold;Silver,early_career_or_university,confirmed,Nazarbayev University,Student and Olympiad Volunteer,education,,,,Education,Student,manual_review,complete,2,2,0,0,5,https://scoreboard.bc-pf.org/en/profile/6153ac1ad7af56e7d9894be8,,His Scoreboard profile directly joins his 2021 and 2022 IChO medals to current Nazarbayev University study and volunteer work with Beyond Curriculum PF
kaz-776ae509d19e,Mansur Mukimbekov,Mansur Mukimbekov,IOI,2021,Bronze,early_career_or_university,confirmed,Ulsan National Institute of Science and Technology,,education,,,,Education,Student,structured_sources,complete,1,2,3,0,6,https://cphof.org/profile/codeforces:Mansur,,profile=codeforces:Mansur; country=Kazakhstan; contest=IOI; codeforces=Mansur; universities=Ulsan National Institute of Science and Technology; organization=Ulsan National Institute of Science and Technology
kaz-69f40396a2e9,Mukhammadarif Sakhmoldin,Mukhammadarif Sakhmoldin,IOI,2021;2022,Bronze;Silver,early_career_or_university,confirmed,"Arif, where is my key!?",,organization,,,,Industry,Other,structured_sources,complete,2,2,1,0,5,https://cphof.org/profile/codeforces:I_Love_Trott,,"profile=codeforces:I_Love_Trott; country=Kazakhstan; contest=IOI; codeforces=I_Love_Trott; organization=Arif, where is my key!?"
kaz-07372798186f,Rakhim Baimurzin,Rakhim Baimurzin,IMO,2021,Bronze medal,early_career_or_university,confirmed,Desargues AI,,employment,,,,Industry,Software & AI,manual_review,complete,1,3,0,0,4,https://kz.linkedin.com/in/baimurzzin,https://kz.linkedin.com/in/baimurzzin,"His self-authored profile labels him an IMO medalist, lists the July 2021 bronze medal, and identifies Desargues AI in his current headline after a Nazarbayev University mathematics and computer-science degree; the official IMO record independently confirms the exact name year and medal"
kaz-2d3646888fa9,Rauan Kaldybayev,Rauan Kaldybayev,IPhO,2021,Silver Medal,early_career_or_university,probable,University of California Davis,Mathematics PhD Student,education,2025,,,Education,Student,manual_review,complete,1,3,0,0,4,https://www.math.ucdavis.edu/people/grads,https://www.linkedin.com/in/rkaldybayev,"Qazinform identifies the rare exact name as Kazakhstan's 2020 IPhO silver medalist; the profile's 2018-2021 FIZMAT education and subsequent Williams physics and UC Davis mathematics path are highly specific, but no source explicitly joins the current profile to the Olympiad entrant"
kaz-f7400a612d63,Rizabek Alpamys,Rizabek Alpamys,IPhO,2021;2022,Silver Medal,early_career_or_university,probable,UNIST,,organization,,,KZ,Industry,Other,structured_sources,complete,2,2,0,0,4,https://codeforces.com/profile/rrizabek,,handle=rrizabek; country=Kazakhstan; city=Atyrau; organization=UNIST
kaz-f7a361eeb22e,Sanzhar Bissenali,Bissenali Sanzhar;Sanzhar Bissenali,IChO,2021;2022;2023,Gold;Silver,early_career_or_university,confirmed,California Institute of Technology,Undergraduate Student,education,2023,2027,,Education,Student,manual_review,complete,3,3,0,0,8,https://kz.linkedin.com/in/sanzhar-bissenali-323103260,https://kz.linkedin.com/in/sanzhar-bissenali-323103260,His public profile explicitly lists Kazakhstan medals at IChO 2021 through 2023 and current Caltech education from 2023 to 2027 while his personal site independently confirms the Caltech timeline
kaz-a07bb87cf2c6,Yerassyl Temirbekov,Yerassyl Temirbekov,IBO,2021;2022,Silver,early_career_or_university,unmatched,,,,,,,Unknown,Other,unmatched,participation_only,2,0,0,0,2,,,
kaz-77d19cd54c33,Yernar Batyrzhanov,Yernar Batyrzhanov,IBO,2021,Bronze,early_career_or_university,confirmed,Ulsan National Institute of Science and Technology (UNIST),Biomedical Engineering Student,education,,,,Education,Student,manual_review,complete,1,3,0,0,4,https://informburo.kz/amp/novosti/100-medalnyj-zachyot-pokazali-kazahstanskie-shkolniki-na-domashnej-olimpiade-ibo-2024,https://linkedin.com/in/yernar-batyrzhanov-166028228,"Daryn and the official IBO result identify the exact-name 2021 Kazakhstan bronze medalist; current education reporting names that same international biology winner as a UNIST student, and his profile independently documents biomedical engineering study and later Kazakhstan-team mentoring"
kaz-1725a7f689f9,Yersultan Pitebay,Yersultan Pitebay,IPhO,2021;2022;2023,Silver Medal,early_career_or_university,confirmed,Massachusetts Institute of Technology,Physics Student,education,2023,2027,,Education,Student,manual_review,complete,3,3,0,0,6,https://linkedin.com/in/yersultan-pitebay-81bb9a2bb,https://linkedin.com/in/yersultan-pitebay-81bb9a2bb,His self-authored profile explicitly lists the 2023 IPhO silver medal and a 2023-2027 MIT physics degree; the official country record independently confirms the exact name and Kazakhstan IPhO results
kaz-236abc470fa7,Adilet Abu,Adilet Abu,IMO,2022,Bronze medal,early_career_or_university,confirmed,Huawei,Deep Learning Researcher,employment,,,,Industry,Research & Academia,manual_review,complete,1,3,0,0,7,https://kz.linkedin.com/in/adilet-abu-974647260,https://kz.linkedin.com/in/adilet-abu-974647260,His self-authored profile explicitly lists the 2022 IMO bronze medal and a Huawei deep-learning research role alongside a mathematics and computer-science degree at UNIST; the official IMO record independently confirms the exact name year and medal
kaz-59a056858c02,Adilet Zauytkhan,Adilet Zauytkhan,IMO,2022,Bronze medal,early_career_or_university,confirmed,Ulsan National Institute of Science and Technology (UNIST),Computer Science Student,education,,,,Education,Student,manual_review,complete,1,3,0,0,7,https://linkedin.com/in/adilet-zauytkhan-37a94221b,https://linkedin.com/in/adilet-zauytkhan-37a94221b,His self-authored profile explicitly lists the 2022 IMO bronze medal and identifies him as a computer-science student at UNIST; Kazakhstan's official IMO record independently confirms the exact name year and medal
kaz-61c6139b5eb9,Alikhan Zhumagaleyev,Alikhan Zhumagaleyev,IBO,2022,Silver,early_career_or_university,unmatched,,,,,,,Unknown,Other,unmatched,participation_only,1,0,0,0,1,,,
kaz-3be79cb80aa3,Daniil Shatokhin,Daniil Shatokhin,IPhO,2022,Gold Medal,early_career_or_university,confirmed,Kashgari Dictionary,Lead Software Engineer,employment,2023,,,Industry,Software & AI,manual_review,complete,1,3,0,0,6,https://www.linkedin.com/in/daniil-shatokhin-9a69b7297,https://www.linkedin.com/in/daniil-shatokhin-9a69b7297,His public profile directly lists the June 2022 IPhO gold medal and joins it to Vanderbilt study from 2022 to 2026 and current software work at Kashgari Dictionary
kaz-69bda00903cf,Miron Yurkevich,Miron Yurkevich,IMO,2022;2023;2024;2025,Silver medal,early_career_or_university,unmatched,,,,,,,Unknown,Other,unmatched,participation_only,4,0,0,0,4,,,
kaz-6b502ce47b9f,Nurlanova Almira,Almira Nurlanova;Nurlanova Almira,IChO,2022;2023,Silver,early_career_or_university,unmatched,,,,,,,Unknown,Other,unmatched,participation_only,2,0,0,0,2,,,
kaz-bdb3a76b4430,Omar Dinmukhammed,Dinmukhammed Omar;Omar Dinmukhammed,IBO,2022;2023,Silver,early_career_or_university,unmatched,,,,,,,Unknown,Other,unmatched,participation_only,2,0,0,0,2,,,
kaz-2c30c8a4a543,Sanzhar Nurgaliyev,Sanzhar Nurgaliyev,IChO,2022,Silver,early_career_or_university,confirmed,Nazarbayev University,Chemistry Student,education,2022,2027,,Education,Student,manual_review,complete,1,3,0,2,6,https://linkedin.com/in/sanzhar-nurgaliyev-b277762b8,https://linkedin.com/in/sanzhar-nurgaliyev-b277762b8,His self-authored profile explicitly lists the 2022 International Chemistry Olympiad silver medal and a 2022-2027 Nazarbayev University chemistry degree; the official Kazakhstan result independently confirms the exact name year and award
kaz-bda0b6a1ab68,Taimas Korganbayev,Taimas Korganbayev,IOI,2022;2023,Bronze;Silver,early_career_or_university,confirmed,HKUST,,organization,,,KZ,Industry,Other,structured_sources,complete,2,2,1,0,5,https://cphof.org/profile/codeforces:Tekor,,profile=codeforces:Tekor; country=Kazakhstan; contest=IOI; codeforces=Tekor; organization=HKUST
kaz-36f5d4e0f896,Van Li,Van Li,IOI,2022;2023,Bronze;Honourable Mention,early_career_or_university,confirmed,UNIST,,organization,,,KZ,Industry,Other,structured_sources,complete,2,2,4,0,8,https://cphof.org/profile/codeforces:Lokeo,,profile=codeforces:Lokeo; country=Kazakhstan; contest=IOI; codeforces=Lokeo; organization=UNIST
kaz-9208d8d1b297,Vladimir Lim,Vladimir Lim,IPhO,2022,Silver Medal,early_career_or_university,probable,Moscow Institute of Physics and Technology (MIPT),Researcher,employment,,,,Academia,Research & Academia,manual_review,complete,1,2,0,1,10,https://orcid.org/0009-0001-6746-8084,,"The official 2022 Zhautykov record identifies Vladimir Lim as a Pavlodar School-Lyceum No. 8 physics gold medalist before his Kazakhstan IPhO silver; his claimed and verified ORCID identifies MIPT and 2025-2026 nanocrystal research, but the common name and absence of an explicit Olympiad statement prevent confirmation"
kaz-1877dd6f71f9,Alisher Yerkebayev,Alisher Yerkebayev,IPhO,2023,Silver Medal,recent_competitor,unmatched,,,,,,,Unknown,Other,unmatched,participation_only,1,0,0,0,1,,,
kaz-213b92028ecf,Baktybai Galymzhan,Baktybai Galymzhan;Galymzhan Baktybay,IBO,2023;2024,Bronze,recent_competitor,unmatched,,,,,,,Unknown,Other,unmatched,participation_only,2,0,0,0,2,,,
kaz-cb653a13b10b,Batyrkhan Sakenov,Batyrkhan Sakenov,IMO,2023,Bronze medal,recent_competitor,unmatched,,,,,,,Unknown,Other,unmatched,participation_only,1,0,0,0,1,,,
kaz-9ad9420e5768,Bissimbi Doszhan,Bissimbi Doszhan;Doszhan Bissimbi,IPhO,2023;2024,Silver Medal,recent_competitor,unmatched,,,,,,,Unknown,Other,unmatched,participation_only,2,0,0,0,2,,,
kaz-4a80af9daaab,Dair Nurtayev,Dair Nurtayev,IPhO,2023,Bronze Medal,recent_competitor,unmatched,,,,,,,Unknown,Other,unmatched,participation_only,1,0,0,0,1,,,
kaz-be04ddfb5a42,Islam Amangeldi,Islam Amangeldi,IBO,2023,Bronze,recent_competitor,unmatched,,,,,,,Unknown,Other,unmatched,participation_only,1,0,0,2,3,,,
kaz-861bd0bfc9f2,Mamyrbekov Bekbolat,Mamyrbekov Bekbolat,IChO,2023,Bronze,recent_competitor,unmatched,,,,,,,Unknown,Other,unmatched,participation_only,1,0,0,0,1,,,
kaz-ec0591e8ac95,Mansur Mamadakhunov,Mansur Mamadakhunov,IOI,2023;2025,Honourable Mention;Silver,recent_competitor,unmatched,,,,,,,Unknown,Other,unmatched,participation_only,2,0,0,0,2,,,
kaz-c8b296e6cadb,Margulan Sharel,Margulan Sharel,IMO,2023;2024;2025;2026,Bronze medal;Silver medal,recent_competitor,unmatched,,,,,,,Unknown,Other,unmatched,participation_only,4,0,0,0,4,,,
kaz-8ba9adfc1870,Nazar Serazitdinov,Nazar Serazitdinov,IOI,2023;2024,Bronze;Silver,recent_competitor,confirmed,University of Oxford,Computer Science Student,education,2025,2029,,Education,Student,manual_review,complete,2,3,0,0,5,https://www.globtalent.org/gtf-big-talent-scholars-bios/nazar-serazitdinov,https://kz.linkedin.com/in/nazar-serazitdinov-2030a229b,The Global Talent Fund biography explicitly joins his 2023 IOI bronze and 2024 IOI silver medals to Haileybury Almaty and computer science at Oxford; the official IOI record and exact-name profile independently corroborate the same path
kaz-7461ed3854c5,Nursagatov Margulan,Margulan Nursagatov;Nursagatov Margulan,IPhO,2023;2024,Silver Medal,recent_competitor,unmatched,,,,,,,Unknown,Other,unmatched,participation_only,2,0,0,0,2,,,
kaz-8db1b6d8afd7,Raiymbek Baishuak,Raiymbek Baishuak,IMO,2023,Silver medal,recent_competitor,confirmed,Hong Kong University of Science and Technology,Computer Science Student,education,2023,,,Education,Student,manual_review,complete,1,3,0,0,4,https://linkedin.com/in/raiymbek-baishuak-6a1892245,https://linkedin.com/in/raiymbek-baishuak-6a1892245,His self-authored profile explicitly lists the July 2023 IMO silver medal and a computer-science degree at HKUST beginning that year; Kazakhstan's official IMO record independently confirms the exact name year and medal
kaz-166b996bb739,Rinat Ilyussizov,Rinat Ilyussizov,IChO,2023;2024,Gold;Silver,recent_competitor,confirmed,Purdue University,Undergraduate Research Fellow,employment,,,,Academia,Research & Academia,manual_review,complete,2,3,0,0,5,https://linkedin.com/in/rinat-ilyussizov-4b1b9b290,https://linkedin.com/in/rinat-ilyussizov-4b1b9b290,His self-authored profile explicitly lists the 2023 IChO silver and 2024 IChO gold medals and identifies a current undergraduate research fellowship at Purdue; the official Kazakhstan results independently confirm the exact name years and awards
kaz-e684e28ea593,Vladimir Rogovskiy,Vladimir Rogovskiy,IMO,2023;2024,Bronze medal,recent_competitor,unmatched,,,,,,,Unknown,Other,unmatched,participation_only,2,0,0,0,2,,,
kaz-9bdeb2eedd97,Zhan Dautov,Zhan Dautov,IMO,2023;2024,Bronze medal,recent_competitor,unmatched,,,,,,,Unknown,Other,unmatched,participation_only,2,0,0,1,3,,,
kaz-00a1687b2b23,Abylay Kabdulkhadyr,Abylay Kabdulkhadyr,IChO,2024;2025,Gold;Silver,recent_competitor,unmatched,,,,,,,Unknown,Other,unmatched,participation_only,2,0,0,0,2,,,
kaz-275559ab7cdd,Akhmet Issa,Akhmet Issa,IOI,2024,Bronze,recent_competitor,unmatched,,,,,,,Unknown,Other,unmatched,participation_only,1,0,0,0,1,,,
kaz-449a09030208,Amina Tynarbay,Amina Tynarbay,IBO,2024,Bronze,recent_competitor,unmatched,,,,,,,Unknown,Other,unmatched,participation_only,1,0,0,0,1,,,
kaz-6bd1daf828d9,Amir Pshenbayev,Amir Pshenbayev;Pshenvayev Amir,IPhO,2024;2025,Bronze Medal;Silver Medal,recent_competitor,unmatched,,,,,,,Unknown,Other,unmatched,participation_only,2,0,0,0,2,,,
kaz-1a21d28a2426,Amirlan Amanzholov,Amirlan Amanzholov,IMO,2024;2025;2026,Bronze medal;Silver medal,recent_competitor,confirmed,Beyond Curriculum PF,Project Manager,employment,2026,,,Industry,Leadership,manual_review,complete,3,3,0,0,6,https://kz.linkedin.com/in/amirlan-amanzholov-482536305,https://kz.linkedin.com/in/amirlan-amanzholov-482536305,"His self-authored Kazakhstan profile explicitly labels him an IMO medalist, lists the 2025 silver medal, and identifies his current Beyond Curriculum project-management role; the official IMO record independently confirms the exact name and Kazakhstan appearances"
kaz-4fe09b624ebf,Artur Kim,Artur Kim;Kim Artur,IPhO,2024;2025,Bronze Medal;Silver Medal,recent_competitor,confirmed,Nanyang Technological University (NTU),Computer Science Student,education,2025,2029,,Education,Student,manual_review,complete,2,3,0,0,5,https://linkedin.com/in/artur-kim-983558282,https://linkedin.com/in/artur-kim-983558282,His self-authored profile explicitly lists the 2024 IPhO silver and 2025 IPhO bronze medals and a 2025-2029 NTU computer-science degree; the official Kazakhstan record independently confirms the exact name years and awards
kaz-c5f47f6f2526,Dias Suleimenov,Dias Suleimenov,IBO,2024,Bronze,recent_competitor,confirmed,Hong Kong University of Science and Technology,Mathematics Student,education,2024,2028,,Education,Student,manual_review,complete,1,3,0,0,4,https://linkedin.com/in/dias-suleimenov-23888828b,https://linkedin.com/in/dias-suleimenov-23888828b,His self-authored profile explicitly lists the 2024 International Biology Olympiad bronze medal and a 2024-2028 mathematics degree at HKUST; the official Kazakhstan IBO record independently confirms the exact name year and award
kaz-8263929a366c,Dinmukhamed Yegeubayev,Dinmukhamed Yegeubayev,IMO,2024,Honourable mention,recent_competitor,unmatched,,,,,,,Unknown,Other,unmatched,participation_only,1,0,0,0,1,,,
kaz-33b90013745b,Iliyas Kazymbek,Iliyas Kazymbek;Kazymbek Iliyas,IPhO,2024;2026,Bronze Medal;Gold Medal,recent_competitor,unmatched,,,,,,,Unknown,Other,unmatched,participation_only,2,0,0,0,2,,,
kaz-79f187c010c6,Kirill Kim,Kim Kirill;Kirill Kim,IChO,2024;2025,Gold,recent_competitor,confirmed,Massachusetts Institute of Technology,Undergraduate Student,education,2025,2029,,Education,Student,manual_review,complete,2,3,0,0,5,https://linkedin.com/in/kirill-kim-4bb3a8346,https://linkedin.com/in/kirill-kim-4bb3a8346,His self-authored profile explicitly lists gold medals at the 2024 and 2025 International Chemistry Olympiads and a 2025-2029 MIT education; the official Kazakhstan results independently confirm the exact name years and awards
kaz-b32bd2df1cfe,Mansur Taimas,Mansur Taimas,IOI,2024,Silver,recent_competitor,confirmed,Korea Advanced Institute of Science and Technology (KAIST),Computer Science and Mathematics Student,education,2024,2028,,Education,Student,manual_review,complete,1,3,0,0,4,https://linkedin.com/in/mansur-taimas,https://linkedin.com/in/mansur-taimas,His self-authored profile explicitly lists the 2024 IOI silver medal and a 2024-2028 KAIST computer-science and mathematics degree; the official IOI record independently confirms the exact name year and award
kaz-618279226751,Maxim Tsoy,Maxim Tsoy,IOI,2024;2025,Silver,recent_competitor,unmatched,,,,,,,Unknown,Other,unmatched,participation_only,2,0,0,3,5,,,
kaz-a93521357d27,Moldagul Adilzhan,Moldagul Adilzhan,IChO,2024,Bronze,recent_competitor,unmatched,,,,,,,Unknown,Other,unmatched,participation_only,1,0,0,0,1,,,
kaz-578a8517b344,Nurtore Torekhanuly,Nurtore Torekhanuly,IBO,2024,Bronze,recent_competitor,unmatched,,,,,,,Unknown,Other,unmatched,participation_only,1,0,0,0,1,,,
kaz-dd3a643dd7b7,Aiganym Baltashova,Aiganym Baltashova,IBO,2025,Bronze,recent_competitor,confirmed,Massachusetts Institute of Technology,Incoming Transfer Student,education,,,,Education,Student,manual_review,complete,1,3,0,0,4,https://linkedin.com/in/aiganym-baltashova,https://linkedin.com/in/aiganym-baltashova,Her self-authored profile explicitly lists the July 2025 International Biology Olympiad bronze medal and identifies her as an incoming MIT transfer; the official Kazakhstan IBO record independently confirms the exact name year and award
kaz-822bb4ee42e0,Akezhan Askar,Akezhan Askar,IOI,2025,Silver,recent_competitor,unmatched,,,,,,,Unknown,Other,unmatched,participation_only,1,0,0,0,1,,,
kaz-a916225fee26,Alikhan Ashirkhanov,Alikhan Ashirkhanov,IBO,2025;2026,Bronze;Silver,recent_competitor,unmatched,,,,,,,Unknown,Other,unmatched,participation_only,2,0,0,0,2,,,
kaz-64e130a742d3,Amir Sakhipov,Amir Sakhipov,IMO,2025,Silver medal,recent_competitor,unmatched,,,,,,,Unknown,Other,unmatched,participation_only,1,0,0,0,1,,,
kaz-b695dee1b41c,Amirbek Azatbekov,Amirbek Azatbekov,IPhO,2025;2026,Gold Medal;Silver Medal,recent_competitor,confirmed,Nazarbayev Intellectual Schools,High School Graduate,education,2020,2026,,Education,Student,manual_review,complete,2,3,0,0,5,https://linkedin.com/in/amirbek-azatbekov-34b313386,https://linkedin.com/in/amirbek-azatbekov-34b313386,His self-authored exact-name Kazakhstan profile explicitly lists the July 2025 IPhO silver medal and a 2020-2026 Nazarbayev Intellectual Schools education; the official country record independently confirms his Kazakhstan IPhO participation
kaz-7dd0181a5ee2,Ansar Zhaksylykov,Ansar Zhaksylykov,IChO,2025;2026,Silver;Silver medal,recent_competitor,unmatched,,,,,,,Unknown,Other,unmatched,participation_only,2,0,0,0,2,,,
kaz-a4eaedad760e,Batyr Yerzhanuly,Batyr Yerzhanuly,IBO,2025,Bronze,recent_competitor,unmatched,,,,,,,Unknown,Other,unmatched,participation_only,1,0,0,0,1,,,
kaz-d2813a8e7e70,Bekassyl Yelubay,Bekassyl Yelubay,IPhO,2025,Silver Medal,recent_competitor,unmatched,,,,,,,Unknown,Other,unmatched,participation_only,1,0,0,0,1,,,
kaz-2d51fec0f8cd,Dauzhan Beketov,Dauzhan Beketov,IOI,2025,Bronze,recent_competitor,unmatched,,,,,,,Unknown,Other,unmatched,participation_only,1,0,0,0,1,,,
kaz-92adb8a08f0e,Nurgul Yegenbergenova,Nurgul Yegenbergenova,IPhO,2025;2026,Bronze Medal;Gold Medal,recent_competitor,confirmed,Massachusetts Institute of Technology,Incoming Undergraduate Student,education,2026,2030,,Education,Student,manual_review,complete,2,3,0,0,5,https://nurorda.edu.kz/en/about/media/news/slug-6ew3h0Z5g6YuO57YLLcEMjVYpFxgCABj,https://linkedin.com/in/nurgul-yegenbergenova-395548347,"NURORDA's official news identifies its exact-name physics achiever as admitted to MIT, while the official IPhO record supplies her 2025 bronze and historic 2026 gold medals and her profile independently states MIT 2030 and NURORDA 2026"
kaz-eebfbe6a6de9,Yenlik Bakytbekova,Yenlik Bakytbekova,IChO,2025,Silver,recent_competitor,unmatched,,,,,,,Unknown,Other,unmatched,participation_only,1,0,0,0,1,,,
kaz-f63c5a4ed4de,Yerassyl Altynbek,Yerassyl Altynbek,IMO,2025;2026,Bronze medal,recent_competitor,unmatched,,,,,,,Unknown,Other,unmatched,participation_only,2,0,0,0,2,,,
kaz-ce04be5e3d55,Yerkanat Kengshilik,Yerkanat Kengshilik,IMO,2025,Bronze medal,recent_competitor,unmatched,,,,,,,Unknown,Other,unmatched,participation_only,1,0,0,0,1,,,
kaz-532ae28f1d07,Yersultan Kairken,Yersultan Kairken,IBO,2025;2026,Bronze;Silver,recent_competitor,unmatched,,,,,,,Unknown,Other,unmatched,participation_only,2,0,0,0,2,,,
kaz-0a21069b5b5d,Abilmansur Kali,Abilmansur Kali,IChO,2026,Silver medal,recent_competitor,unmatched,,,,,,,Unknown,Other,unmatched,participation_only,1,0,0,0,1,,,
kaz-d0f8031edfa1,Aizere Zhengiskhanova,Aizere Zhengiskhanova,IChO,2026,Gold medal,recent_competitor,unmatched,,,,,,,Unknown,Other,unmatched,participation_only,1,0,0,0,1,,,
kaz-796f13ed0022,Ali Yerkebulanuly,Ali Yerkebulanuly,IMO,2026,Silver medal,recent_competitor,unmatched,,,,,,,Unknown,Other,unmatched,participation_only,1,0,0,0,1,,,
kaz-81ce5fa84827,Batyrkhan Beiganov,Batyrkhan Beiganov,IMO,2026,Silver medal,recent_competitor,unmatched,,,,,,,Unknown,Other,unmatched,participation_only,1,0,0,0,1,,,
kaz-e9cd35b41255,Damir Kurman,Damir Kurman,IPhO,2026,Gold Medal,recent_competitor,unmatched,,,,,,,Unknown,Other,unmatched,participation_only,1,0,0,1,2,,,
kaz-8e557ae5dc19,Danil Poletayev,Danil Poletayev,IChO,2026,Silver medal,recent_competitor,unmatched,,,,,,,Unknown,Other,unmatched,participation_only,1,0,0,0,1,,,
kaz-5529282c441f,Roman Cheremnov,Roman Cheremnov,IPhO,2026,Gold Medal,recent_competitor,confirmed,Astana/Almaty Physics Battles Tournament,Head of Department,employment,2025,,,Industry,Leadership,manual_review,complete,1,3,0,0,4,https://kz.linkedin.com/in/roman-cheremnov-a02b8a341,https://kz.linkedin.com/in/roman-cheremnov-a02b8a341,"SDU's official report names Roman Cheremnov among Kazakhstan's 2026 IPhO gold medalists; his exact-name Miras profile documents Kazakhstan national and international physics awards and a current Physics Battles leadership role, forming a specific identity bridge"
kaz-330d52d38c3b,Sofya Zheltova,Sofya Zheltova,IBO,2026,Silver,recent_competitor,unmatched,,,,,,,Unknown,Other,unmatched,participation_only,1,0,0,0,1,,,
kaz-cc4a2f7877ce,Timur Murat,Timur Murat,IMO,2026,Silver medal,recent_competitor,confirmed,Haileybury Almaty,High School Graduate,education,2024,2026,,Education,Student,manual_review,complete,1,3,0,1,5,https://kz.linkedin.com/in/timur-murat-2a1735333,https://kz.linkedin.com/in/timur-murat-2a1735333,"Qazinform explicitly identifies Haileybury Almaty's Timur Murat as a 2026 IMO silver medalist, while his exact-name profile documents the same 2024-2026 school and a continuous series of international mathematics awards"
kaz-e54a79a0c1b7,Yevgeniya Mezhenina,Yevgeniya Mezhenina,IBO,2026,Bronze,recent_competitor,unmatched,,,,,,,Unknown,Other,unmatched,participation_only,1,0,0,0,1,,,
