source_id,source_url,source_host,source_kind,evidence_rows,people_count,accepted_rows,supporting_rows,candidate_rows,superseded_rows,rejected_rows,provenances,source_adapters
src-c3311adf79c7,http://www.linkedin.com/in/rassul,linkedin.com,linkedin,9,1,0,9,0,0,0,accepted_affiliation_history;accepted_location_evidence;manual_review,accepted_linkedin_profile;current_role_location;linkedin
src-12639f21bce4,https://25amosaic.ust.hk/giving/benefited-projects/aef-exchange-scholarships-and-bursaries-students,25amosaic.ust.hk,web_page,1,1,0,1,0,0,0,accepted_affiliation_history,institutional_profile
src-9f759e04b53a,https://academy.edufo.ru/%D0%B7%D0%B0%D0%B3%D1%80%D0%B8%D0%B1%D0%B5%D0%BB%D1%8C%D0%BD%D1%8B%D0%B9-%D0%B1-%D0%B0/,academy.edufo.ru,web_page,1,1,1,0,0,0,0,manual_review,manual
src-ea15bc8392db,https://ae.linkedin.com/in/marat-shotanov,ae.linkedin.com,linkedin,6,1,1,5,0,0,0,accepted_affiliation_history;manual_review,accepted_linkedin_profile;linkedin;manual;manual_review
src-81f64cf96666,https://ae.linkedin.com/in/talgat-ismukhamedov-a7b77323,ae.linkedin.com,linkedin,9,1,1,8,0,0,0,accepted_affiliation_history;accepted_location_evidence;manual_review,accepted_linkedin_profile;active_affiliation_profile_location;linkedin;manual
src-52d9dede15eb,https://aerotc.kz/en/,aerotc.kz,web_page,2,1,1,1,0,0,0,accepted_affiliation_history;manual_review,manual;manual_review
src-124236445428,https://almaty.fizmat.kz/muzey/uchastniki-mezhdunarodnykh-olimpiad/,almaty.fizmat.kz,web_page,1,1,1,0,0,0,0,manual_review,manual
src-2e3245d9349a,https://almaty.fizmat.kz/news/rezultaty-50-oy-mezhdunarodnoy-khimiches/,almaty.fizmat.kz,web_page,1,1,1,0,0,0,0,manual_review,manual
src-26985711d018,https://almaty.fizmat.kz/ru/muzey/luchshie-uchitelya/,almaty.fizmat.kz,web_page,3,1,1,2,0,0,0,accepted_affiliation_history;accepted_location_evidence;manual_review,career_source_location;manual;manual_review
src-f236b4945420,https://almaty.fizmat.kz/ru/muzey/uchastniki-mezhdunarodnykh-olimpiad/,almaty.fizmat.kz,web_page,1,1,1,0,0,0,0,manual_review,manual
src-e4d79ad13ff6,https://almaty.fizmat.kz/ru/teachers/smaylov-b-b/,almaty.fizmat.kz,web_page,4,1,1,3,0,0,0,accepted_affiliation_history;manual_review,manual;manual_review;official_employer_biography
src-0a36a5b5c1cf,https://almaty.tv/news/obrazovanie-i-nauka/1703-almatinskie-shkolniki-zavoevali-medali-na-medgdunarodnoy-olimpiade,almaty.tv,web_page,1,1,1,0,0,0,0,manual_review,manual
src-45a624b9912f,https://app.qwoted.com/opportunities/event-12th-annual-summit-downstream-central-asia-and-caspian-2025,app.qwoted.com,web_page,2,1,1,1,0,0,0,accepted_affiliation_history;manual_review,manual;manual_review
src-d70b9e9e0ad7,https://apply.nu.edu.kz/,apply.nu.edu.kz,web_page,4,1,1,3,0,0,0,accepted_affiliation_history;manual_review,manual;manual_review;official_university_alumni_profile
src-564f97298a11,https://aqshamnews.kz/kz/article/almatynyn-daryndy-oqushylary-bedeldi-halyqaralyq-ziiatkerlik-olimpiadalarga-belsendi-qatysady.html,aqshamnews.kz,web_page,1,1,0,1,0,0,0,accepted_affiliation_history,reported_school_biography
src-00522c0b0993,https://ar2024.telecom.kz/en/board-of-directors.html,ar2024.telecom.kz,web_page,1,1,1,0,0,0,0,manual_review,manual
src-6f8a279ee993,https://arxiv.org/abs/2605.14136,arxiv.org,web_page,1,1,0,1,0,0,0,accepted_affiliation_history,publication_affiliation_note
src-cd1fac53fc4b,https://aspirantura.lebedev.ru/wp-content/uploads/2022/04/%D0%90%D1%80%D1%85%D0%A1%D0%BF%D0%B8%D1%81%D0%BE%D0%BA%D0%90%D1%81%D0%BF%D0%B8%D1%80_2018_4.pdf,aspirantura.lebedev.ru,pdf,2,1,1,1,0,0,0,accepted_affiliation_history;manual_review,manual;manual_review
src-7737326d3977,https://ast.repetitors.info/repetitor/olimpiady-po-fizike/,ast.repetitors.info,web_page,1,1,1,0,0,0,0,manual_review,manual
src-4a0e630a2504,https://at.linkedin.com/in/assylbek-olzhabayev-b8b94a190,at.linkedin.com,linkedin,7,1,1,6,0,0,0,accepted_affiliation_history;manual_review,accepted_linkedin_profile;linkedin;manual;manual_review
src-17be1eb03127,https://at.linkedin.com/in/zhanybek-alpichshev-41bb4b207,at.linkedin.com,linkedin,6,1,0,6,0,0,0,accepted_affiliation_history;manual_review,accepted_linkedin_profile;linkedin
src-09c1108e1f7b,https://au.linkedin.com/in/angsar-manatuly-7409bb2b9,au.linkedin.com,linkedin,2,1,1,1,0,0,0,accepted_affiliation_history;manual_review,manual;manual_review
src-84de7ee3d5ed,https://av.kaznu.kz/ru/25163,av.kaznu.kz,web_page,1,1,1,0,0,0,0,manual_review,manual
src-0f527014597e,https://ba.prg.kz/231010000-atyrau/071040017099-too-agp-kholding/,ba.prg.kz,web_page,2,1,1,1,0,0,0,accepted_affiliation_history;manual_review,manual;manual_review
src-0d673387bda4,https://ba.prg.kz/710000000-astana/221140001702-too-vacante/,ba.prg.kz,web_page,2,1,1,1,0,0,0,accepted_affiliation_history;manual_review,manual;manual_review
src-e394293e818c,https://ba.prg.kz/750000000-almaty/200340023883-too-quantum-management-company/,ba.prg.kz,web_page,2,1,1,1,0,0,0,accepted_affiliation_history;manual_review,manual;manual_review
src-4bcb9cd74810,https://ba.prg.kz/750000000-almaty/251240038235-too-prosper-payment-solutions/,ba.prg.kz,web_page,1,1,0,1,0,0,0,accepted_affiliation_history,official_company_registry
src-9190e29d6b36,https://baq.kz/qazaqstanda-daryndy-oqushylarga-55-mln-tenge-beriletin-boldy-200000514/,baq.kz,web_page,2,1,1,1,0,0,0,accepted_affiliation_history;manual_review,manual;manual_review
src-d1d7c137e43c,https://be.linkedin.com/in/yerkebulan-kambarov-b32aa160,be.linkedin.com,linkedin,1,1,0,1,0,0,0,accepted_affiliation_history,manual_profile_transcription
src-0ffe75318f46,https://bilimdinews.kz/?p=240825,bilimdinews.kz,web_page,2,1,1,1,0,0,0,accepted_affiliation_history;manual_review,manual;manual_review
src-66a9e0df7885,https://bilimdinews.kz/?p=240829,bilimdinews.kz,web_page,3,1,0,3,0,0,0,accepted_affiliation_history;accepted_location_evidence,career_source_location;reviewed_interview_education
src-7f82de8a062d,https://biology.ufl.edu/zhanar-abil/,biology.ufl.edu,web_page,2,1,1,1,0,0,0,accepted_affiliation_history;manual_review,manual;manual_review
src-573343768962,https://buki-kz.com/user-49146/,buki-kz.com,web_page,1,1,1,0,0,0,0,manual_review,manual
src-a9a96badfaeb,https://ca.linkedin.com/in/sultan-aitekenov,ca.linkedin.com,linkedin,10,1,1,9,0,0,0,accepted_affiliation_history;manual_review,accepted_linkedin_profile;linkedin;manual;manual_review
src-3469f7fcf38c,https://cajmse.kaznmu.edu.kz/contacts/,cajmse.kaznmu.edu.kz,web_page,1,1,0,1,0,0,0,accepted_location_evidence,current_education_location
src-1275eed05e72,https://cdn.vanderbilt.edu/vu-wpfsx/wp-content/uploads/sites/7/2024/05/10220209/2024_VU_Commencement_Program_digital_1.pdf,cdn.vanderbilt.edu,pdf,1,1,0,1,0,0,0,accepted_affiliation_history,official_commencement_program
src-83affba46114,https://cemse.kaust.edu.sa/profiles/alibek-sailanbayev,cemse.kaust.edu.sa,web_page,1,1,1,0,0,0,0,manual_review,manual
src-4c831ea25f6e,https://ch.linkedin.com/in/makenov,ch.linkedin.com,linkedin,10,1,2,8,0,0,0,accepted_affiliation_history;accepted_location_evidence;manual_destination_reconciliation;manual_review,accepted_linkedin_profile;current_role_location;destination_review;destination_source_review;linkedin;manual;manual_review
src-0e7536464307,https://ch.linkedin.com/in/shyngys-aitkazinov-00496b193,ch.linkedin.com,linkedin,19,1,2,17,0,0,0,accepted_affiliation_history;accepted_location_evidence;manual_destination_reconciliation;manual_review,accepted_linkedin_profile;current_role_location;destination_review;destination_source_review;linkedin;manual;manual_review
src-9ce4b9bf0a70,https://chem.yale.edu/posts/2026-07-01-chemistry-phd-graduate-profiles,chem.yale.edu,web_page,2,1,1,1,0,0,0,accepted_affiliation_history;manual_review,manual;manual_review
src-dfb079a07401,https://chemistry.dartmouth.edu/graduate/current-graduate-students/class-2022,chemistry.dartmouth.edu,web_page,2,1,1,1,0,0,0,accepted_affiliation_history;manual_review,manual;manual_review
src-f061b2cf1e61,https://cmcm.ibs.re.kr/cmcm/?MM=02&SM=01,cmcm.ibs.re.kr,web_page,2,1,1,1,0,0,0,accepted_affiliation_history;manual_review,manual;manual_review
src-aacf510effad,https://codeforces.com/profile/998batrr,codeforces.com,structured_profile,3,1,0,1,0,2,0,accepted_affiliation_history;structured_affiliation;structured_identity,accepted_codeforces;codeforces
src-4dbc4a12a170,https://codeforces.com/profile/998kover,codeforces.com,structured_profile,2,1,0,1,0,1,0,accepted_affiliation_history;structured_affiliation,accepted_cphof_codeforces;cphof_codeforces
src-734b1930f85f,https://codeforces.com/profile/ACube,codeforces.com,structured_profile,3,1,0,1,0,2,0,accepted_affiliation_history;structured_affiliation;structured_identity,accepted_cphof_codeforces;codeforces
src-07b06df1a10b,https://codeforces.com/profile/Aglaya,codeforces.com,structured_profile,3,1,0,1,0,2,0,accepted_affiliation_history;structured_affiliation;structured_identity,accepted_codeforces;codeforces
src-ec70245ffef5,https://codeforces.com/profile/AibekMI,codeforces.com,structured_profile,3,1,0,1,0,2,0,accepted_affiliation_history;structured_affiliation;structured_identity,accepted_codeforces;codeforces
src-289f1dddf551,https://codeforces.com/profile/Algiz,codeforces.com,structured_profile,3,1,0,1,2,0,0,accepted_affiliation_history;structured_affiliation;structured_identity,accepted_cphof_codeforces;codeforces
src-f2e04f986f01,https://codeforces.com/profile/AliD,codeforces.com,structured_profile,1,1,0,0,0,1,0,structured_identity,codeforces
src-290875854877,https://codeforces.com/profile/Alien.kz,codeforces.com,structured_profile,3,1,0,1,0,2,0,accepted_affiliation_history;structured_affiliation;structured_identity,accepted_codeforces;codeforces
src-ae55f88dee33,https://codeforces.com/profile/Aman,codeforces.com,structured_profile,3,1,0,1,0,2,0,accepted_affiliation_history;structured_affiliation;structured_identity,accepted_cphof_codeforces;codeforces
src-d5f3bc984e58,https://codeforces.com/profile/CPEdu,codeforces.com,structured_profile,1,1,0,0,0,1,0,structured_identity,codeforces
src-768aa67ff12c,https://codeforces.com/profile/DaurenMuratov,codeforces.com,structured_profile,3,1,0,1,0,2,0,accepted_affiliation_history;structured_affiliation;structured_identity,accepted_codeforces;codeforces
src-2791039ef1ea,https://codeforces.com/profile/Daveeed,codeforces.com,structured_profile,2,1,0,0,0,2,0,structured_affiliation;structured_identity,codeforces
src-5d9d1af7e798,https://codeforces.com/profile/Fortitude,codeforces.com,structured_profile,3,1,0,1,0,2,0,accepted_affiliation_history;structured_affiliation;structured_identity,accepted_cphof_codeforces;codeforces;cphof_codeforces
src-e8a586313073,https://codeforces.com/profile/HCPS42,codeforces.com,structured_profile,3,1,0,1,0,2,0,accepted_affiliation_history;structured_affiliation;structured_identity,accepted_codeforces;codeforces
src-7843ac6760d7,https://codeforces.com/profile/I_Love_Trott,codeforces.com,structured_profile,2,1,0,1,0,1,0,accepted_affiliation_history;structured_affiliation,accepted_cphof_codeforces;cphof_codeforces
src-c744d2d4d060,https://codeforces.com/profile/Kh.Madi,codeforces.com,structured_profile,3,1,0,1,0,2,0,accepted_affiliation_history;structured_affiliation;structured_identity,accepted_cphof_codeforces;codeforces
src-5f275d1cea55,https://codeforces.com/profile/LeMieux,codeforces.com,structured_profile,3,1,0,1,2,0,0,accepted_affiliation_history;structured_affiliation;structured_identity,accepted_cphof_codeforces;codeforces
src-0c75db6d22f1,https://codeforces.com/profile/Lokeo,codeforces.com,structured_profile,2,1,0,1,0,1,0,accepted_affiliation_history;structured_affiliation,accepted_cphof_codeforces;cphof_codeforces
src-334ea3ff1b27,https://codeforces.com/profile/MadNick,codeforces.com,structured_profile,1,1,0,0,0,1,0,structured_identity,codeforces
src-68bebf963f0d,https://codeforces.com/profile/Madiyar,codeforces.com,structured_profile,3,1,0,1,0,2,0,accepted_affiliation_history;structured_affiliation;structured_identity,accepted_cphof_codeforces;codeforces
src-0af8a4e08f24,https://codeforces.com/profile/Mansur,codeforces.com,structured_profile,3,1,0,1,0,2,0,accepted_affiliation_history;structured_affiliation;structured_identity,accepted_cphof_codeforces;codeforces;cphof_codeforces
src-9360c0f11bd9,https://codeforces.com/profile/Meirambek,codeforces.com,structured_profile,3,1,0,1,0,2,0,accepted_affiliation_history;structured_affiliation;structured_identity,accepted_cphof_codeforces;codeforces
src-f37015722d89,https://codeforces.com/profile/Miras321,codeforces.com,structured_profile,3,1,0,1,0,2,0,accepted_affiliation_history;structured_affiliation;structured_identity,accepted_cphof_codeforces;codeforces
src-9f8694717242,https://codeforces.com/profile/MonSteRRR,codeforces.com,structured_profile,3,1,0,1,0,2,0,accepted_affiliation_history;structured_affiliation;structured_identity,accepted_codeforces;codeforces
src-56447ddbaad4,https://codeforces.com/profile/NIGHTFIT,codeforces.com,structured_profile,1,1,0,0,0,1,0,structured_identity,codeforces
src-723fe67fdd22,https://codeforces.com/profile/Na2a,codeforces.com,structured_profile,2,1,0,0,0,2,0,structured_affiliation;structured_identity,codeforces
src-2b2f0fcdcda3,https://codeforces.com/profile/NurlashKO,codeforces.com,structured_profile,2,1,0,1,1,0,0,accepted_affiliation_history;structured_affiliation,accepted_cphof_codeforces;cphof_codeforces
src-ea2b6d295650,https://codeforces.com/profile/Nurlykhan,codeforces.com,structured_profile,2,1,0,0,0,2,0,structured_affiliation;structured_identity,codeforces
src-271542b08584,https://codeforces.com/profile/Ownz,codeforces.com,structured_profile,1,1,0,0,0,1,0,structured_identity,codeforces
src-c9d7e7b74a62,https://codeforces.com/profile/RockyB,codeforces.com,structured_profile,3,1,0,1,0,2,0,accepted_affiliation_history;structured_affiliation;structured_identity,accepted_cphof_codeforces;codeforces
src-ba5607a1cb2b,https://codeforces.com/profile/SlavaSSU,codeforces.com,structured_profile,2,1,0,0,2,0,0,structured_affiliation;structured_identity,codeforces
src-dc3d43bc93d7,https://codeforces.com/profile/SmallBoy,codeforces.com,structured_profile,1,1,0,0,1,0,0,structured_identity,codeforces
src-6c4cf6e4a12e,https://codeforces.com/profile/Tekor,codeforces.com,structured_profile,3,1,0,1,0,2,0,accepted_affiliation_history;structured_affiliation;structured_identity,accepted_cphof_codeforces;codeforces
src-80dac991ab8f,https://codeforces.com/profile/Temirulan,codeforces.com,structured_profile,3,1,0,1,0,2,0,accepted_affiliation_history;structured_affiliation;structured_identity,accepted_codeforces;codeforces
src-3626d9af3a10,https://codeforces.com/profile/Thanos234,codeforces.com,structured_profile,1,1,0,0,1,0,0,structured_identity,codeforces
src-5ab9d2309aee,https://codeforces.com/profile/Watersphere,codeforces.com,structured_profile,2,1,0,0,0,2,0,structured_affiliation;structured_identity,codeforces
src-7c1128ace7ce,https://codeforces.com/profile/Wenze_Li,codeforces.com,structured_profile,2,1,0,0,0,2,0,structured_affiliation;structured_identity,codeforces
src-66d84481f08b,https://codeforces.com/profile/Whichislovely,codeforces.com,structured_profile,2,1,0,0,0,2,0,structured_affiliation;structured_identity,codeforces
src-4ca5aba9402f,https://codeforces.com/profile/YaKon4ick,codeforces.com,structured_profile,3,1,0,1,0,2,0,accepted_affiliation_history;structured_affiliation;structured_identity,accepted_cphof_codeforces;codeforces
src-d23b37706d25,https://codeforces.com/profile/Zhanadil,codeforces.com,structured_profile,3,1,0,1,0,2,0,accepted_affiliation_history;structured_affiliation;structured_identity,accepted_cphof_codeforces;codeforces
src-20179eccc4fc,https://codeforces.com/profile/akhan42,codeforces.com,structured_profile,1,1,0,0,0,1,0,structured_identity,codeforces
src-4867d423a438,https://codeforces.com/profile/akim,codeforces.com,structured_profile,3,1,0,1,0,2,0,accepted_affiliation_history;structured_affiliation;structured_identity,accepted_codeforces;codeforces
src-4625ea1934ff,https://codeforces.com/profile/alihotnik,codeforces.com,structured_profile,1,1,0,0,0,1,0,structured_identity,codeforces
src-e7ac5c9fffcc,https://codeforces.com/profile/allbackoff,codeforces.com,structured_profile,1,1,0,0,0,1,0,structured_identity,codeforces
src-e1cd467b4d92,https://codeforces.com/profile/allchemkz,codeforces.com,structured_profile,1,1,1,0,0,0,0,structured_identity,codeforces
src-194f63e65f22,https://codeforces.com/profile/aspiring_man,codeforces.com,structured_profile,3,1,0,1,0,2,0,accepted_affiliation_history;structured_affiliation;structured_identity,accepted_codeforces;codeforces
src-c9a28d619c9e,https://codeforces.com/profile/azizkhan,codeforces.com,structured_profile,3,1,0,1,0,2,0,accepted_affiliation_history;structured_affiliation;structured_identity,accepted_cphof_codeforces;codeforces
src-bf0a43d5fd35,https://codeforces.com/profile/bahakz,codeforces.com,structured_profile,2,1,0,1,0,1,0,accepted_affiliation_history;structured_affiliation,accepted_cphof_codeforces;cphof_codeforces
src-69df5bcf79ec,https://codeforces.com/profile/batyrkhan14,codeforces.com,structured_profile,3,1,0,1,0,2,0,accepted_affiliation_history;structured_affiliation;structured_identity,accepted_codeforces;codeforces
src-ec48d332dcf4,https://codeforces.com/profile/bekzhan29,codeforces.com,structured_profile,3,1,0,1,0,2,0,accepted_affiliation_history;structured_affiliation;structured_identity,accepted_cphof_codeforces;codeforces
src-b4a4b514ee43,https://codeforces.com/profile/bekzhan97,codeforces.com,structured_profile,3,1,0,1,0,2,0,accepted_affiliation_history;structured_affiliation;structured_identity,accepted_codeforces;codeforces
src-db695b2f93c3,https://codeforces.com/profile/bthero,codeforces.com,structured_profile,3,1,0,1,0,2,0,accepted_affiliation_history;structured_affiliation;structured_identity,accepted_cphof_codeforces;codeforces;cphof_codeforces
src-0502ff61f3a9,https://codeforces.com/profile/changefor,codeforces.com,structured_profile,1,1,0,0,0,1,0,structured_identity,codeforces
src-37bbf2e87a51,https://codeforces.com/profile/dohchuk,codeforces.com,structured_profile,3,1,0,1,0,2,0,accepted_affiliation_history;structured_affiliation;structured_identity,accepted_codeforces;codeforces
src-7aca08452374,https://codeforces.com/profile/dumbstudent,codeforces.com,structured_profile,1,1,0,0,0,1,0,structured_identity,codeforces
src-5a4c50bbf6f0,https://codeforces.com/profile/fractal,codeforces.com,structured_profile,3,1,0,1,0,2,0,accepted_affiliation_history;structured_affiliation;structured_identity,accepted_cphof_codeforces;codeforces
src-cf77a22e3ad7,https://codeforces.com/profile/gh_ost,codeforces.com,structured_profile,4,1,1,2,1,0,0,accepted_affiliation_history;accepted_location_evidence;structured_affiliation;structured_identity,accepted_codeforces;affiliation_country;codeforces
src-9ffa40283b4f,https://codeforces.com/profile/imslavko,codeforces.com,structured_profile,2,1,0,1,1,0,0,accepted_affiliation_history;structured_affiliation,accepted_cphof_codeforces;cphof_codeforces
src-bfaaae8ca53f,https://codeforces.com/profile/itomatik,codeforces.com,structured_profile,3,1,0,1,0,2,0,accepted_affiliation_history;structured_affiliation;structured_identity,accepted_cphof_codeforces;codeforces;cphof_codeforces
src-72b0915242fd,https://codeforces.com/profile/jasik29,codeforces.com,structured_profile,1,1,0,0,0,1,0,structured_identity,codeforces
src-fed58d7e069a,https://codeforces.com/profile/mika,codeforces.com,structured_profile,1,1,0,0,0,1,0,structured_identity,codeforces
src-569dac37ee56,https://codeforces.com/profile/na2a,codeforces.com,structured_profile,2,1,0,1,0,1,0,accepted_affiliation_history;structured_affiliation,accepted_cphof_codeforces;cphof_codeforces
src-bc65bc7c848e,https://codeforces.com/profile/nesco,codeforces.com,structured_profile,1,1,1,0,0,0,0,structured_identity,codeforces
src-e9792ec8cfe4,https://codeforces.com/profile/nezametdinov,codeforces.com,structured_profile,3,1,0,1,0,2,0,accepted_affiliation_history;structured_affiliation;structured_identity,accepted_cphof_codeforces;codeforces
src-e2882ef75aad,https://codeforces.com/profile/noname5,codeforces.com,structured_profile,1,1,0,0,0,1,0,structured_identity,codeforces
src-a29bb354e1a2,https://codeforces.com/profile/nurlykhan,codeforces.com,structured_profile,2,1,0,1,0,1,0,accepted_affiliation_history;structured_affiliation,accepted_cphof_codeforces;cphof_codeforces
src-16ef639a9586,https://codeforces.com/profile/pink_roses,codeforces.com,structured_profile,1,1,0,0,0,1,0,structured_identity,codeforces
src-9a0baa9c4727,https://codeforces.com/profile/renat.shaimardanov,codeforces.com,structured_profile,1,1,0,0,0,1,0,structured_identity,codeforces
src-84663dbfae07,https://codeforces.com/profile/rmn,codeforces.com,structured_profile,2,1,0,1,1,0,0,accepted_affiliation_history;structured_affiliation,accepted_cphof_codeforces;cphof_codeforces
src-404f576923c6,https://codeforces.com/profile/rrizabek,codeforces.com,structured_profile,3,1,1,1,1,0,0,accepted_affiliation_history;structured_affiliation;structured_identity,accepted_codeforces;codeforces
src-081c69855889,https://codeforces.com/profile/sancho,codeforces.com,structured_profile,3,1,0,1,2,0,0,accepted_affiliation_history;structured_affiliation;structured_identity,accepted_cphof_codeforces;codeforces
src-e1602414eba0,https://codeforces.com/profile/seduneon,codeforces.com,structured_profile,3,1,0,1,0,2,0,accepted_affiliation_history;structured_affiliation;structured_identity,accepted_cphof_codeforces;codeforces
src-7e7f6e68c4f4,https://codeforces.com/profile/sstrong,codeforces.com,structured_profile,1,1,1,0,0,0,0,structured_identity,codeforces
src-6ffc5d28d50b,https://codeforces.com/profile/teamskiy,codeforces.com,structured_profile,3,1,0,1,0,2,0,accepted_affiliation_history;structured_affiliation;structured_identity,accepted_codeforces;codeforces
src-20f35760de40,https://codeforces.com/profile/wansur?locale=en&mobile=false,codeforces.com,structured_profile,2,1,0,2,0,0,0,accepted_affiliation_history;accepted_location_evidence,active_affiliation_profile_location;self_authored_competitive_programming_profile
src-d0f09a6d320b,https://codeforces.com/profile/yerniyaz,codeforces.com,structured_profile,3,1,0,1,0,2,0,accepted_affiliation_history;structured_affiliation;structured_identity,accepted_codeforces;codeforces
src-b9e4646134a6,https://codeforces.com/profile/youradilet,codeforces.com,structured_profile,1,1,0,0,0,1,0,structured_identity,codeforces
src-48bfcd5e30a3,https://codeforces.com/profile/zamazan4ik,codeforces.com,structured_profile,3,1,0,0,0,0,3,review_rejection;structured_affiliation;structured_identity,codeforces;manual
src-8b136a28ef7f,https://codeforces.com/profile/zauytkhan,codeforces.com,structured_profile,3,1,0,1,0,2,0,accepted_affiliation_history;structured_affiliation;structured_identity,accepted_codeforces;codeforces
src-4cedb96548e0,https://codeforces.com/profile/zhamaliddinkalzhan,codeforces.com,structured_profile,1,1,0,0,0,1,0,structured_identity,codeforces
src-c50d9d20c418,https://conference.cba.am/,conference.cba.am,web_page,2,1,1,1,0,0,0,accepted_affiliation_history;manual_review,manual;manual_review
src-5e27a9364fd5,https://cphof.org/profile/codeforces:998kover,cphof.org,structured_profile,6,1,1,2,0,3,0,accepted_affiliation_history;manual_review;structured_affiliation;structured_identity,accepted_cphof;cphof;manual
src-314db4042130,https://cphof.org/profile/codeforces:Fortitude,cphof.org,structured_profile,5,1,0,2,0,3,0,accepted_affiliation_history;structured_affiliation;structured_identity,accepted_cphof;cphof
src-a98381f9815b,https://cphof.org/profile/codeforces:I_Love_Trott,cphof.org,structured_profile,1,1,0,0,0,1,0,structured_identity,cphof
src-3fd9f7d34536,https://cphof.org/profile/codeforces:Lokeo,cphof.org,structured_profile,1,1,0,0,0,1,0,structured_identity,cphof
src-01fc5c19ec2e,https://cphof.org/profile/codeforces:Mansur,cphof.org,structured_profile,3,1,0,1,0,2,0,accepted_affiliation_history;structured_affiliation;structured_identity,accepted_cphof;cphof
src-eaac2cc03bd5,https://cphof.org/profile/codeforces:Miras321,cphof.org,structured_profile,2,1,1,0,0,1,0,manual_review;structured_identity,cphof;manual
src-085531c0904b,https://cphof.org/profile/codeforces:RockyB,cphof.org,structured_profile,1,1,0,0,0,1,0,structured_identity,cphof
src-d6681cc207d3,https://cphof.org/profile/codeforces:SmallBoy,cphof.org,structured_profile,1,1,1,0,0,0,0,structured_identity,cphof
src-0d777a733c4b,https://cphof.org/profile/codeforces:Tekor,cphof.org,structured_profile,1,1,0,0,0,1,0,structured_identity,cphof
src-6b239539102f,https://cphof.org/profile/codeforces:Thanos234,cphof.org,structured_profile,1,1,1,0,0,0,0,structured_identity,cphof
src-c6fb7035ebab,https://cphof.org/profile/codeforces:YaKon4ick,cphof.org,structured_profile,1,1,0,0,0,1,0,structured_identity,cphof
src-20ea7ed44226,https://cphof.org/profile/codeforces:bekzhan29,cphof.org,structured_profile,3,1,0,1,0,2,0,accepted_affiliation_history;structured_affiliation;structured_identity,accepted_cphof;cphof
src-acef0922ad9d,https://cphof.org/profile/codeforces:bthero,cphof.org,structured_profile,5,1,0,2,0,3,0,accepted_affiliation_history;structured_affiliation;structured_identity,accepted_cphof;cphof
src-1d330dab1fe0,https://cphof.org/profile/codeforces:fractal,cphof.org,structured_profile,3,1,0,1,0,2,0,accepted_affiliation_history;structured_affiliation;structured_identity,accepted_cphof;cphof
src-47bffbcb0d45,https://cphof.org/profile/codeforces:nurlykhan,cphof.org,structured_profile,1,1,0,0,0,1,0,structured_identity,cphof
src-6cdd9fe1913a,https://cphof.org/profile/codeforces:seduneon,cphof.org,structured_profile,4,1,1,1,0,2,0,accepted_affiliation_history;manual_review;structured_affiliation;structured_identity,accepted_cphof;cphof;manual
src-47a79df652c6,https://cphof.org/profile/ioi:134,cphof.org,structured_profile,1,1,0,0,0,1,0,structured_identity,cphof
src-fd5b328075bc,https://cphof.org/profile/ioi:150,cphof.org,structured_profile,1,1,0,0,0,1,0,structured_identity,cphof
src-019fe3329049,https://cphof.org/profile/ioi:1516,cphof.org,structured_profile,2,1,0,0,0,2,0,manual_review;structured_identity,cphof;manual
src-35d6fc067e7e,https://cphof.org/profile/ioi:1953,cphof.org,structured_profile,1,1,0,0,0,1,0,structured_identity,cphof
src-2feb792450a2,https://cphof.org/profile/ioi:2038,cphof.org,structured_profile,2,1,1,0,0,1,0,manual_review;structured_identity,cphof;manual
src-5630f7244c65,https://cphof.org/profile/ioi:2074,cphof.org,structured_profile,1,1,1,0,0,0,0,structured_identity,cphof
src-54e0ba40a5ba,https://cphof.org/profile/ioi:2227,cphof.org,structured_profile,2,1,0,0,0,2,0,manual_review;structured_identity,cphof;manual
src-d58223a684ba,https://cphof.org/profile/ioi:2430,cphof.org,structured_profile,2,1,1,0,0,1,0,manual_review;structured_identity,cphof;manual
src-779965458f58,https://cphof.org/profile/ioi:245,cphof.org,structured_profile,1,1,1,0,0,0,0,structured_identity,cphof
src-974cd215ff0b,https://cphof.org/profile/ioi:2555,cphof.org,structured_profile,1,1,1,0,0,0,0,structured_identity,cphof
src-fab461fd6889,https://cphof.org/profile/ioi:2621,cphof.org,structured_profile,1,1,0,0,0,1,0,structured_identity,cphof
src-7def576a6a69,https://cphof.org/profile/ioi:271,cphof.org,structured_profile,1,1,1,0,0,0,0,structured_identity,cphof
src-c32a9038f064,https://cphof.org/profile/ioi:2821,cphof.org,structured_profile,1,1,0,0,0,1,0,structured_identity,cphof
src-54c778455df3,https://cphof.org/profile/ioi:2935,cphof.org,structured_profile,2,1,0,0,0,2,0,manual_review;structured_identity,cphof;manual
src-ab50eddcf203,https://cphof.org/profile/ioi:331,cphof.org,structured_profile,1,1,1,0,0,0,0,structured_identity,cphof
src-96a934f4d705,https://cphof.org/profile/ioi:4046,cphof.org,structured_profile,4,1,1,1,0,2,0,accepted_affiliation_history;manual_review;structured_affiliation;structured_identity,accepted_cphof;cphof;manual
src-f87f506d1456,https://cphof.org/profile/ioi:4086,cphof.org,structured_profile,2,1,1,0,0,1,0,manual_review;structured_identity,cphof;manual
src-d64fa3785376,https://cphof.org/profile/ioi:4087,cphof.org,structured_profile,2,1,1,1,0,0,0,accepted_location_evidence;structured_identity,affiliation_country;cphof
src-1d46798bc1e7,https://cphof.org/profile/ioi:4447,cphof.org,structured_profile,1,1,1,0,0,0,0,structured_identity,cphof
src-88e765fabdf0,https://cphof.org/profile/ioi:4645,cphof.org,structured_profile,2,1,1,0,0,1,0,manual_review;structured_identity,cphof;manual
src-1adada78731d,https://cphof.org/profile/ioi:4829,cphof.org,structured_profile,1,1,1,0,0,0,0,structured_identity,cphof
src-e262ce21f4ba,https://cphof.org/profile/ioi:4957,cphof.org,structured_profile,1,1,1,0,0,0,0,structured_identity,cphof
src-d596dba0649e,https://cphof.org/profile/ioi:4958,cphof.org,structured_profile,2,1,1,0,0,1,0,manual_review;structured_identity,cphof;manual
src-7b5cae69ed3d,https://cphof.org/profile/ioi:5480,cphof.org,structured_profile,1,1,1,0,0,0,0,structured_identity,cphof
src-1a13b4131f71,https://cphof.org/profile/ioi:5481,cphof.org,structured_profile,2,1,1,0,0,1,0,manual_review;structured_identity,cphof;manual
src-14447b405598,https://cphof.org/profile/topcoder%3AZoRGaN,cphof.org,structured_profile,1,1,0,0,0,1,0,manual_review,manual
src-9d355f6c9367,https://cphof.org/profile/topcoder:Algiz,cphof.org,structured_profile,1,1,1,0,0,0,0,structured_identity,cphof
src-0976d644f50f,https://cphof.org/profile/topcoder:AmanS,cphof.org,structured_profile,1,1,0,0,0,1,0,structured_identity,cphof
src-e0d5093d245f,https://cphof.org/profile/topcoder:Daniyar7,cphof.org,structured_profile,1,1,1,0,0,0,0,structured_identity,cphof
src-0b0a614dd05d,https://cphof.org/profile/topcoder:Hypuk,cphof.org,structured_profile,4,1,1,1,0,2,0,accepted_affiliation_history;manual_review;structured_affiliation;structured_identity,accepted_cphof;cphof;manual
src-d8cb5bca6b4b,https://cphof.org/profile/topcoder:Kh.Madi,cphof.org,structured_profile,1,1,0,0,0,1,0,structured_identity,cphof
src-d3a7f2bdad7e,https://cphof.org/profile/topcoder:Madiyar1,cphof.org,structured_profile,3,1,0,1,0,2,0,accepted_affiliation_history;structured_affiliation;structured_identity,accepted_cphof;cphof
src-6eab8a4a8cba,https://cphof.org/profile/topcoder:Nurbakhyt,cphof.org,structured_profile,1,1,0,0,0,1,0,structured_identity,cphof
src-29ae81d0e44b,https://cphof.org/profile/topcoder:NurlashKO_TC,cphof.org,structured_profile,3,1,1,1,1,0,0,accepted_affiliation_history;structured_affiliation;structured_identity,accepted_cphof;cphof
src-2465ae1f2262,https://cphof.org/profile/topcoder:TokarR,cphof.org,structured_profile,1,1,1,0,0,0,0,structured_identity,cphof
src-e0ddd8a3f170,https://cphof.org/profile/topcoder:Tomato,cphof.org,structured_profile,3,1,0,1,0,2,0,accepted_affiliation_history;structured_affiliation;structured_identity,accepted_cphof;cphof
src-672a23dda7b7,https://cphof.org/profile/topcoder:Zhanadil,cphof.org,structured_profile,1,1,0,0,0,1,0,structured_identity,cphof
src-21cdf03f3a01,https://cphof.org/profile/topcoder:ZoRGaN,cphof.org,structured_profile,5,1,0,2,0,3,0,accepted_affiliation_history;structured_affiliation;structured_identity,accepted_cphof;cphof
src-2af2ab6b7ffc,https://cphof.org/profile/topcoder:amir.tu,cphof.org,structured_profile,1,1,1,0,0,0,0,structured_identity,cphof
src-1de76dc3906d,https://cphof.org/profile/topcoder:army,cphof.org,structured_profile,3,1,1,1,1,0,0,accepted_affiliation_history;structured_affiliation;structured_identity,accepted_cphof;cphof
src-abbd891195c9,https://cphof.org/profile/topcoder:azizkhan,cphof.org,structured_profile,4,1,1,1,0,2,0,accepted_affiliation_history;manual_review;structured_affiliation;structured_identity,accepted_cphof;cphof;manual
src-509327708ef9,https://cphof.org/profile/topcoder:bahakz,cphof.org,structured_profile,3,1,0,1,0,2,0,accepted_affiliation_history;structured_affiliation;structured_identity,accepted_cphof;cphof
src-d3e61c707858,https://cphof.org/profile/topcoder:imslavko,cphof.org,structured_profile,1,1,1,0,0,0,0,structured_identity,cphof
src-a062f1c28717,https://cphof.org/profile/topcoder:meirambek,cphof.org,structured_profile,1,1,0,0,0,1,0,structured_identity,cphof
src-f82cb086c659,https://cphof.org/profile/topcoder:nazarbek,cphof.org,structured_profile,5,1,0,2,0,3,0,accepted_affiliation_history;structured_affiliation;structured_identity,accepted_cphof;cphof
src-94b05de4fff8,https://cphof.org/profile/topcoder:sanchoman,cphof.org,structured_profile,1,1,1,0,0,0,0,structured_identity,cphof
src-924f4ba517eb,https://cphof.org/profile/topcoder:shaihitdin,cphof.org,structured_profile,3,1,0,1,0,2,0,accepted_affiliation_history;structured_affiliation;structured_identity,accepted_cphof;cphof
src-6077f64cc2c8,https://crei.skoltech.ru/cpse/people/,crei.skoltech.ru,web_page,2,1,1,1,0,0,0,accepted_affiliation_history;manual_review,manual;manual_review
src-e2b6f3274aa2,https://cs.kaist.ac.kr/people/ugstudents?gubun=&gubun_lang=ko&keyword=&page=1,cs.kaist.ac.kr,web_page,2,1,1,1,0,0,0,accepted_affiliation_history;manual_review,manual;manual_review
src-e970da74cff0,https://cse.hkust.edu.hk/~mxj/students.html,cse.hkust.edu.hk,web_page,2,1,1,1,0,0,0,accepted_affiliation_history;manual_review,manual;manual_review
src-4ac8560d9547,https://cseweb.ucsd.edu/~mniethammer/author/nurislam-tursynbek/,cseweb.ucsd.edu,web_page,4,1,1,3,0,0,0,accepted_affiliation_history;manual_review,manual;manual_review;research_group_biography
src-79c1ef46a3fc,https://daryn.kz/blog/2020/09/04/%D1%8F%D0%BF%D0%BE%D0%BD%D0%B8%D1%8F-%D0%BF%D1%80%D0%BE%D0%B2%D0%B5%D0%B4%D0%B5%D1%82-%D0%B5%D0%B6%D0%B5%D0%B3%D0%BE%D0%B4%D0%BD%D1%83%D1%8E-%D0%BC%D0%B5%D0%B6%D0%B4%D1%83%D0%BD%D0%B0%D1%80%D0%BE/,daryn.kz,web_page,1,1,1,0,0,0,0,manual_review,manual
src-109507f59a16,https://daryn.kz/blog/2021/07/23/%D0%BF%D1%80%D0%B5%D1%81%D1%81-%D1%80%D0%B5%D0%BB%D0%B8%D0%B7-%D0%BE%D0%B1-%D1%83%D1%87%D0%B0%D1%81%D1%82%D0%B8%D0%B8-%D1%81%D0%B1%D0%BE%D1%80%D0%BD%D0%BE%D0%B9-%D0%BA%D0%BE%D0%BC%D0%B0%D0%BD%D0%B4-3/,daryn.kz,web_page,1,1,1,0,0,0,0,manual_review,manual
src-ba5a76f97d23,https://daryn.kz/blog/2022/08/02/%D0%BB%D0%B8%D0%BD%D0%B3%D0%B2%D0%B8%D1%81%D1%82%D1%8B-%D0%BE%D0%BF%D1%80%D0%B0%D0%B2%D0%B4%D0%B0%D0%BB%D0%B8-%D0%BD%D0%B0%D0%B4%D0%B5%D0%B6%D0%B4%D1%8B-%D1%81%D1%82%D1%80%D0%B0%D0%BD%D1%8B/,daryn.kz,web_page,2,1,1,1,0,0,0,accepted_affiliation_history;manual_review,manual;manual_review
src-882e5aa7a1e1,https://de.linkedin.com/in/alexey-tsekhovoy-7a75b4257,de.linkedin.com,linkedin,2,1,0,2,0,0,0,accepted_affiliation_history;manual_review,accepted_linkedin_profile;linkedin
src-abc7ac176d0b,https://de.linkedin.com/in/anel-orazgaliyeva,de.linkedin.com,linkedin,10,1,1,9,0,0,0,accepted_affiliation_history;accepted_location_evidence;manual_review,accepted_linkedin_profile;current_role_location;linkedin;manual;manual_review
src-39782c67ee8e,https://de.linkedin.com/in/diyart,de.linkedin.com,linkedin,11,1,2,9,0,0,0,accepted_affiliation_history;accepted_location_evidence;manual_destination_reconciliation;manual_review,accepted_linkedin_profile;current_role_location;destination_review;destination_source_review;linkedin;manual;manual_review
src-95e3a27c1ff1,https://de.linkedin.com/in/mussa-rajamov,de.linkedin.com,linkedin,11,1,2,9,0,0,0,accepted_affiliation_history;accepted_location_evidence;manual_destination_reconciliation;manual_review,accepted_linkedin_profile;current_role_location;destination_review;destination_source_review;linkedin;manual;manual_review
src-515a69fef9d8,https://de.linkedin.com/in/tbeka,de.linkedin.com,linkedin,10,1,1,9,0,0,0,accepted_affiliation_history;accepted_location_evidence;manual_review,accepted_linkedin_profile;current_role_location;linkedin;manual;manual_review
src-ecf379dfab9b,https://dspace.mit.edu/server/api/core/items/5ce13076-f6ee-4514-bd98-4dc4805dc111,dspace.mit.edu,web_page,1,1,0,1,0,0,0,accepted_affiliation_history,official_university_repository
src-f4dd23e6da54,https://e-journal.unair.ac.id/PROMKES/article/download/80754/35523/478461,e-journal.unair.ac.id,web_page,2,1,1,1,0,0,0,accepted_affiliation_history;manual_review,manual;manual_review
src-44a6a96f2636,https://edu.unideb.hu/page.php?id=64,edu.unideb.hu,web_page,1,1,0,1,0,0,0,accepted_location_evidence,current_education_location
src-cfd02f602a3c,https://egemen.kz/amp/article/4007-matematikalyq-olimpiada-el-abyroyyna-abyroy-qosty,egemen.kz,web_page,1,1,0,0,0,1,0,manual_review,manual
src-91de9e7e40a4,https://egemen.kz/article/4115-aldynhghy-aghalar-senimin-aqtaymyz,egemen.kz,web_page,1,1,1,0,0,0,0,manual_review,manual
src-204782d7ad4c,https://eko.ut.ee/pdf/icho/icho1999r.pdf,eko.ut.ee,pdf,1,1,1,0,0,0,0,manual_review,manual
src-8f7d278f328d,https://elevenlabs.io/blog/authors/sergazy-kalmurzayev,elevenlabs.io,web_page,2,1,1,1,0,0,0,accepted_affiliation_history;manual_review,manual;manual_review
src-fcfca15a4ba9,https://events.crugroup.com/middleeastsulphur/speakers-2022,events.crugroup.com,web_page,4,1,1,3,0,0,0,accepted_affiliation_history;accepted_location_evidence;manual_review,affiliation_country;conference_biography;manual;manual_review
src-4f1accc77046,https://faio.kz/2024/,faio.kz,web_page,2,1,1,1,0,0,0,accepted_affiliation_history;manual_review,manual;manual_review
src-9a95ba72b55f,https://farabi.university/news/96744?lang=en,farabi.university,web_page,1,1,0,1,0,0,0,accepted_affiliation_history,official_university_team_roster
src-dfdbaca401f5,https://farabi.university/storage/files/280775433965e7f8a0376b3254557968_%D0%BA%D0%B0%D0%B1%D1%83%D0%BB%D0%BE%D0%B2%20%D0%B0%D0%BD%D0%B3.pdf,farabi.university,pdf,2,1,1,1,0,0,0,accepted_affiliation_history;manual_review,manual;manual_review
src-bc3f70fcd2a1,https://find-and-update.company-information.service.gov.uk/officers/my8HsHrIuqw_No-TeaKB_nIPPZk/appointments,find-and-update.company-information.service.gov.uk,web_page,2,1,1,1,0,0,0,accepted_affiliation_history;manual_review,manual;manual_review
src-f73f624fafe8,https://fizmat.kz/ru/luchshie-ucheniki/,fizmat.kz,web_page,5,5,5,0,0,0,0,manual_review,manual
src-36a4355d21ef,https://fondation.ens.psl.eu/en/pi-day-olympic-scholarships-2025/,fondation.ens.psl.eu,web_page,3,1,2,1,0,0,0,accepted_affiliation_history;manual_review,manual;manual_review
src-3a4a8a4b5e8b,https://galaxy.edu.kz/en/staff/163,galaxy.edu.kz,web_page,2,1,1,1,0,0,0,accepted_affiliation_history;manual_review,manual;manual_review
src-13a78b4c75c3,https://galaxy.edu.kz/en/staff/index/2,galaxy.edu.kz,web_page,2,1,1,1,0,0,0,accepted_affiliation_history;manual_review,manual;manual_review
src-acea09ba262f,https://genebiology.ru/site/assets/files/23323/zakliuchenie_ibg_ran.pdf,genebiology.ru,pdf,2,1,0,2,0,0,0,accepted_affiliation_history,official_dissertation_record
src-b0a99941680b,https://gfc.aifc.kz/uploads/AIFC%20Analytics/State%20of%20Sustainable%20Finance%20in%20Central%20Asia/CA%20to%20publish%20ENG_compressed.pdf,gfc.aifc.kz,pdf,2,1,1,1,0,0,0,accepted_affiliation_history;manual_review,manual;manual_review
src-35a3d407a08f,https://github.com/13EYECORE,github.com,structured_profile,1,1,0,0,0,1,0,structured_identity,github
src-c7f4d6cb3e70,https://github.com/AYKAVU,github.com,structured_profile,2,1,0,0,0,2,0,structured_affiliation;structured_identity,github
src-482c4687a6f3,https://github.com/Abilmuzhubayev,github.com,structured_profile,1,1,0,0,0,1,0,structured_identity,github
src-1e891b5053fe,https://github.com/Adilet33709,github.com,structured_profile,1,1,0,0,0,1,0,structured_identity,github
src-d46ca9078269,https://github.com/AdiletNZ,github.com,structured_profile,1,1,0,0,0,1,0,structured_identity,github
src-616abbb8102a,https://github.com/AdilkhanSarsen,github.com,structured_profile,5,1,1,2,0,2,0,accepted_affiliation_history;manual_review;structured_affiliation;structured_identity,accepted_github;github;manual;manual_review
src-8baa0b51fe24,https://github.com/AdilzhanIsmailov,github.com,structured_profile,1,1,0,0,0,1,0,structured_identity,github
src-21ddce4ad164,https://github.com/AibekMI,github.com,structured_profile,1,1,0,0,0,1,0,structured_identity,github
src-dd086019f627,https://github.com/Alexander-S-Zaitsev,github.com,structured_profile,1,1,0,0,1,0,0,structured_identity,github
src-881ae63d51ea,https://github.com/AntonMorgunov,github.com,structured_profile,1,1,0,0,0,1,0,structured_identity,github
src-d5b46a6f3426,https://github.com/Ascarbek,github.com,structured_profile,1,1,0,0,0,1,0,structured_identity,github
src-1512709e4a68,https://github.com/Askarbek-orakov,github.com,structured_profile,2,1,0,0,0,2,0,structured_affiliation;structured_identity,github
src-a4cfd5cb16ae,https://github.com/AskhatZhalgasov,github.com,structured_profile,1,1,0,0,1,0,0,structured_identity,github
src-952a3368ef59,https://github.com/BThero,github.com,structured_profile,1,1,0,0,0,1,0,structured_identity,github
src-491e39e83eb7,https://github.com/Bekbolatov,github.com,structured_profile,1,1,0,0,0,1,0,structured_identity,github
src-5696f5b8542a,https://github.com/DaisyKey,github.com,structured_profile,1,1,0,0,1,0,0,structured_identity,github
src-339ce031a48d,https://github.com/Dalbick,github.com,structured_profile,1,1,0,0,0,1,0,structured_identity,github
src-e5e8add5c1e7,https://github.com/DenQ,github.com,structured_profile,1,1,0,0,1,0,0,structured_identity,github
src-78fe20707ccf,https://github.com/DenisOvchinnikov93,github.com,structured_profile,2,1,0,0,0,2,0,structured_affiliation;structured_identity,github
src-8a30f45866b6,https://github.com/Duysenbaev1,github.com,structured_profile,1,1,0,0,0,1,0,structured_identity,github
src-78e8264a83de,https://github.com/EigenLayerovich,github.com,structured_profile,1,1,0,0,0,1,0,structured_identity,github
src-2d4cb9fcab73,https://github.com/Fortitude42,github.com,structured_profile,1,1,0,0,0,1,0,structured_identity,github
src-ae67006820bb,https://github.com/Freezeboy700,github.com,structured_profile,1,1,1,0,0,0,0,structured_identity,github
src-83ad0a68aa43,https://github.com/HCPS42,github.com,structured_profile,1,1,0,0,0,1,0,structured_identity,github
src-10734fe4237a,https://github.com/Hypuk,github.com,structured_profile,1,1,0,0,0,1,0,structured_identity,github
src-5990ea34b46b,https://github.com/IamNoPro,github.com,structured_profile,1,1,0,0,0,1,0,structured_identity,github
src-dca591644d39,https://github.com/Jettatura,github.com,structured_profile,2,1,0,0,0,2,0,structured_affiliation;structured_identity,github
src-0621fbc5029b,https://github.com/LP110108,github.com,structured_profile,1,1,0,0,0,1,0,structured_identity,github
src-f23ab3b471c7,https://github.com/LeMieuxCF-zz,github.com,structured_profile,1,1,0,0,1,0,0,structured_identity,github
src-e74c78234cab,https://github.com/LordRonin,github.com,structured_profile,1,1,0,0,1,0,0,structured_identity,github
src-205378902d89,https://github.com/MadiBal,github.com,structured_profile,1,1,0,0,0,1,0,structured_identity,github
src-fc8671d8381f,https://github.com/Na2a,github.com,structured_profile,1,1,0,0,0,1,0,structured_identity,github
src-6b2c7f3dc269,https://github.com/NurlybekSulaimanov,github.com,structured_profile,1,1,0,0,0,1,0,structured_identity,github
src-2d10fbfd0a5d,https://github.com/NurlykhanKairly,github.com,structured_profile,1,1,0,0,0,1,0,structured_identity,github
src-9c8b6d974d14,https://github.com/Rainhunter13,github.com,structured_profile,2,1,0,0,0,2,0,structured_affiliation;structured_identity,github
src-36241a276576,https://github.com/Roman116f,github.com,structured_profile,1,1,0,0,0,1,0,structured_identity,github
src-1a888736eb58,https://github.com/SBidaibek,github.com,structured_profile,1,1,0,0,1,0,0,structured_identity,github
src-d470e85d1603,https://github.com/SergazyK,github.com,structured_profile,1,1,0,0,0,1,0,structured_identity,github
src-ea9ce992aca4,https://github.com/Temirlan,github.com,structured_profile,1,1,0,0,0,1,0,structured_identity,github
src-5fe68aa0fb18,https://github.com/VolosGreeck,github.com,structured_profile,1,1,0,0,1,0,0,structured_identity,github
src-385e1ca3fa2b,https://github.com/VyacheslavKimTR,github.com,structured_profile,1,1,0,0,1,0,0,structured_identity,github
src-e1bad26cf79c,https://github.com/VyacheslavLi,github.com,structured_profile,1,1,0,0,0,1,0,structured_identity,github
src-90714f944127,https://github.com/Yerbol-Kurmangaliyev,github.com,structured_profile,1,1,0,0,0,1,0,structured_identity,github
src-c5408dc5bd34,https://github.com/Zhanadil,github.com,structured_profile,3,1,0,1,0,2,0,accepted_affiliation_history;structured_affiliation;structured_identity,accepted_github;github
src-cec121c789e8,https://github.com/adilzhan-ismailov-depop,github.com,structured_profile,2,1,0,0,0,2,0,structured_affiliation;structured_identity,github
src-83ce6d683ede,https://github.com/adolkhan,github.com,structured_profile,1,1,0,0,0,1,0,structured_identity,github
src-f7b219e4d930,https://github.com/aismlv,github.com,structured_profile,2,1,0,0,0,2,0,structured_affiliation;structured_identity,github
src-5130f51da336,https://github.com/akyzalax1,github.com,structured_profile,1,1,0,0,1,0,0,structured_identity,github
src-163aebfbaf68,https://github.com/alihuuuntr,github.com,structured_profile,2,1,0,0,0,2,0,structured_affiliation;structured_identity,github
src-059e373d75c8,https://github.com/allbackoff,github.com,structured_profile,1,1,0,0,0,1,0,structured_identity,github
src-e01d98e9eb80,https://github.com/amgenesis,github.com,structured_profile,2,1,0,0,0,2,0,structured_affiliation;structured_identity,github
src-ff5a3a6a74c4,https://github.com/amirbralin,github.com,structured_profile,1,1,0,0,0,1,0,structured_identity,github
src-6c8176a27f90,https://github.com/amirtu,github.com,structured_profile,1,1,0,0,1,0,0,structured_identity,github
src-45de3f3b7b5e,https://github.com/anmorgunov,github.com,structured_profile,2,1,0,0,0,2,0,structured_affiliation;structured_identity,github
src-f30cea7914e4,https://github.com/ao1385,github.com,structured_profile,1,1,0,0,0,1,0,structured_identity,github
src-d4f69b179c0e,https://github.com/assemzh,github.com,structured_profile,1,1,0,0,0,1,0,structured_identity,github
src-2484da9d748c,https://github.com/assylbekolzhabayev,github.com,structured_profile,1,1,0,0,0,1,0,structured_identity,github
src-de34d2a4952c,https://github.com/aza4k,github.com,structured_profile,2,1,0,0,0,2,0,structured_affiliation;structured_identity,github
src-5dfede0d9068,https://github.com/azhetessovlunarenergy,github.com,structured_profile,1,1,0,0,0,1,0,structured_identity,github
src-771ee366866c,https://github.com/bestleggins,github.com,structured_profile,1,1,0,0,1,0,0,structured_identity,github
src-e0e6ac174510,https://github.com/bychkov,github.com,structured_profile,1,1,0,0,0,1,0,structured_identity,github
src-0d195d78d910,https://github.com/chizhik,github.com,structured_profile,2,1,0,0,0,2,0,structured_affiliation;structured_identity,github
src-de65dda6f9bd,https://github.com/daniil-melnichenko,github.com,structured_profile,2,1,0,0,0,2,0,structured_affiliation;structured_identity,github
src-9d38df492a16,https://github.com/daniilmelnichenko,github.com,structured_profile,2,1,0,0,0,2,0,structured_affiliation;structured_identity,github
src-d74e7ce46b58,https://github.com/daniyarzt,github.com,structured_profile,1,1,0,0,0,1,0,structured_identity,github
src-0d43024abc41,https://github.com/dankikot,github.com,structured_profile,1,1,0,0,1,0,0,structured_identity,github
src-c2643c1fb99c,https://github.com/daulet,github.com,structured_profile,2,1,0,0,0,2,0,structured_affiliation;structured_identity,github
src-38311a8a7a8e,https://github.com/daulet-askarov,github.com,structured_profile,1,1,0,0,0,1,0,structured_identity,github
src-b566d1eb7d42,https://github.com/daulettoibazar,github.com,structured_profile,1,1,0,0,0,1,0,structured_identity,github
src-2c0b980dd76f,https://github.com/davidli3100,github.com,structured_profile,2,1,0,0,0,2,0,structured_affiliation;structured_identity,github
src-439c821251f5,https://github.com/denis-ivanov,github.com,structured_profile,1,1,0,0,1,0,0,structured_identity,github
src-0cfa5b0b93a3,https://github.com/denisivan0v,github.com,structured_profile,2,1,0,0,2,0,0,structured_affiliation;structured_identity,github
src-ef8b0e327282,https://github.com/dgorbachev,github.com,structured_profile,2,1,0,0,2,0,0,structured_affiliation;structured_identity,github
src-20a6baebe964,https://github.com/dizirator,github.com,structured_profile,1,1,1,0,0,0,0,structured_identity,github
src-a104fa5b6b80,https://github.com/django-kz,github.com,structured_profile,1,1,0,0,0,1,0,structured_identity,github
src-917bd7d34008,https://github.com/dli,github.com,structured_profile,1,1,0,0,0,1,0,structured_identity,github
src-efc4e5d6bde2,https://github.com/dli7319,github.com,structured_profile,2,1,0,0,0,2,0,structured_affiliation;structured_identity,github
src-8a82fc66fe78,https://github.com/dohchuk,github.com,structured_profile,1,1,0,0,0,1,0,structured_identity,github
src-cf19614ffd6f,https://github.com/domikedos,github.com,structured_profile,1,1,0,0,0,1,0,structured_identity,github
src-30d24d59e4cc,https://github.com/dushayevsaken,github.com,structured_profile,3,1,0,1,0,2,0,accepted_affiliation_history;structured_affiliation;structured_identity,accepted_github;github
src-6d07eaf451e3,https://github.com/dxtvzw,github.com,structured_profile,1,1,0,0,1,0,0,structured_identity,github
src-3ce15e24ca1a,https://github.com/easternn,github.com,structured_profile,1,1,0,0,1,0,0,structured_identity,github
src-86698252daca,https://github.com/engineeringVolosati,github.com,structured_profile,1,1,0,0,0,1,0,structured_identity,github
src-8491fc00aa61,https://github.com/erel3,github.com,structured_profile,1,1,0,0,0,1,0,structured_identity,github
src-473ead7cf513,https://github.com/ganik,github.com,structured_profile,1,1,0,0,0,1,0,structured_identity,github
src-6fd790464645,https://github.com/gorbachevdmitr,github.com,structured_profile,2,1,0,0,2,0,0,structured_affiliation;structured_identity,github
src-b0e2d91750cc,https://github.com/iganichev,github.com,structured_profile,2,1,0,0,0,2,0,structured_affiliation;structured_identity,github
src-86c3fef198e6,https://github.com/ikar49,github.com,structured_profile,2,1,0,0,0,2,0,structured_affiliation;structured_identity,github
src-e231bdc5edb0,https://github.com/ikarib,github.com,structured_profile,1,1,0,0,0,1,0,structured_identity,github
src-7102690ab87f,https://github.com/imanmal1k,github.com,structured_profile,1,1,0,0,0,1,0,structured_identity,github
src-6993db386d70,https://github.com/imuster,github.com,structured_profile,1,1,1,0,0,0,0,structured_identity,github
src-d492000a8607,https://github.com/ironjaaan,github.com,structured_profile,1,1,0,0,0,1,0,structured_identity,github
src-b81d89c6a9cb,https://github.com/itomatik,github.com,structured_profile,1,1,0,0,0,1,0,structured_identity,github
src-09fb72f2e5d2,https://github.com/jeugheung,github.com,structured_profile,2,1,0,0,0,2,0,structured_affiliation;structured_identity,github
src-a6c9e1ceeda5,https://github.com/jmadibekov,github.com,structured_profile,5,1,1,2,0,2,0,accepted_affiliation_history;manual_review;structured_affiliation;structured_identity,accepted_github;github;manual;manual_review
src-a0dcd38bd760,https://github.com/jumph4x,github.com,structured_profile,2,1,0,0,2,0,0,structured_affiliation;structured_identity,github
src-6633fa8bf9cb,https://github.com/k-nic,github.com,structured_profile,1,1,0,0,0,1,0,structured_identity,github
src-6ea5d8e7bd26,https://github.com/kabylda,github.com,structured_profile,2,1,0,0,0,2,0,structured_affiliation;structured_identity,github
src-6f6d2e1ee343,https://github.com/kassymm,github.com,structured_profile,1,1,0,0,0,1,0,structured_identity,github
src-c87dbbbaa00f,https://github.com/keruhaPanov,github.com,structured_profile,2,1,0,0,0,0,2,review_rejection;structured_identity,github;manual
src-a2c4a8e0abf4,https://github.com/khaidarkairbek,github.com,structured_profile,1,1,0,0,0,1,0,structured_identity,github
src-d5d8bcc16b29,https://github.com/kimandrik,github.com,structured_profile,1,1,0,0,0,1,0,structured_identity,github
src-35405887825d,https://github.com/kirillpanov,github.com,structured_profile,2,1,0,0,0,0,2,review_rejection;structured_identity,github;manual
src-441d61e420e7,https://github.com/kirpa1986,github.com,structured_profile,2,1,0,0,0,0,2,review_rejection;structured_identity,github;manual
src-4239b1b63d5d,https://github.com/kzh7,github.com,structured_profile,1,1,0,0,0,1,0,structured_identity,github
src-b93f7dbf3cbc,https://github.com/lgzy,github.com,structured_profile,1,1,0,0,1,0,0,structured_identity,github
src-72ca0af219cd,https://github.com/lidavidm,github.com,structured_profile,1,1,0,0,0,1,0,structured_identity,github
src-16cebcbef5b2,https://github.com/lkiikq,github.com,structured_profile,1,1,0,0,0,1,0,structured_identity,github
src-fa76377d9bb0,https://github.com/lovingkirsi,github.com,structured_profile,1,1,0,0,0,1,0,structured_identity,github
src-1ae0ae2edb6e,https://github.com/mansur20478,github.com,structured_profile,1,1,0,0,0,1,0,structured_identity,github
src-316545f60845,https://github.com/mbaimuratov,github.com,structured_profile,1,1,0,0,0,1,0,structured_identity,github
src-399d96537335,https://github.com/mmadsoul,github.com,structured_profile,1,1,0,0,0,1,0,structured_identity,github
src-fcb92f0a2eac,https://github.com/myrzakereyms,github.com,structured_profile,2,1,0,0,0,2,0,structured_affiliation;structured_identity,github
src-9048b9d791bb,https://github.com/nustemirov,github.com,structured_profile,1,1,0,0,0,1,0,structured_identity,github
src-c2014f27ae66,https://github.com/olzhik11,github.com,structured_profile,2,1,0,0,0,2,0,structured_affiliation;structured_identity,github
src-68e6911de189,https://github.com/oobukhov-intellective,github.com,structured_profile,3,1,0,0,0,0,3,review_rejection;structured_affiliation;structured_identity,github;manual
src-d59c81539e9f,https://github.com/ordabayevy,github.com,structured_profile,2,1,0,0,0,2,0,structured_affiliation;structured_identity,github
src-9cc84044f26c,https://github.com/ovchinnikov7,github.com,structured_profile,1,1,0,0,0,1,0,structured_identity,github
src-26639d6d48bf,https://github.com/pcheliniy,github.com,structured_profile,1,1,0,0,1,0,0,structured_identity,github
src-e167bd719423,https://github.com/persolok,github.com,structured_profile,1,1,0,0,0,1,0,structured_identity,github
src-3f18d616d6ef,https://github.com/rolang,github.com,structured_profile,2,1,0,0,0,2,0,structured_affiliation;structured_identity,github
src-707a870642a5,https://github.com/rudy-it-front,github.com,structured_profile,1,1,0,0,1,0,0,structured_identity,github
src-d7fc262e5d45,https://github.com/sanzharkz,github.com,structured_profile,3,1,0,1,2,0,0,accepted_affiliation_history;structured_affiliation;structured_identity,accepted_github;github
src-54fa0f51436d,https://github.com/sanzharo,github.com,structured_profile,3,1,1,1,1,0,0,accepted_affiliation_history;structured_affiliation;structured_identity,accepted_github;github
src-446800990642,https://github.com/scarykidus,github.com,structured_profile,2,1,0,0,0,0,2,review_rejection;structured_identity,github;manual
src-ef4611c7b0f0,https://github.com/seduneon,github.com,structured_profile,1,1,0,0,0,1,0,structured_identity,github
src-67ba98ca6b1b,https://github.com/shaikhzhas,github.com,structured_profile,3,1,1,2,0,0,0,accepted_affiliation_history;accepted_location_evidence;manual_review,active_affiliation_profile_location;manual;manual_review
src-5c1186ef5a2f,https://github.com/shiralikadyrov,github.com,structured_profile,1,1,0,0,0,1,0,structured_identity,github
src-805dba67d98d,https://github.com/shyngys-aitkazinov,github.com,structured_profile,1,1,0,0,0,1,0,structured_identity,github
src-028d7d513927,https://github.com/srenat,github.com,structured_profile,3,1,0,1,0,2,0,accepted_affiliation_history;structured_affiliation;structured_identity,accepted_github;github
src-e2c6fa16cd82,https://github.com/sumrexromanus,github.com,structured_profile,2,1,0,0,0,2,0,structured_affiliation;structured_identity,github
src-b00c7645cb07,https://github.com/taweili,github.com,structured_profile,1,1,0,0,0,1,0,structured_identity,github
src-5f6da4a728c8,https://github.com/tbeka,github.com,structured_profile,1,1,0,0,0,1,0,structured_identity,github
src-ed358ff71072,https://github.com/tdiyar,github.com,structured_profile,1,1,0,0,0,1,0,structured_identity,github
src-327deea7bc17,https://github.com/teamskiy,github.com,structured_profile,1,1,0,0,0,1,0,structured_identity,github
src-674f87262929,https://github.com/temirulan,github.com,structured_profile,1,1,0,0,0,1,0,structured_identity,github
src-9022710f24a5,https://github.com/thevarp19,github.com,structured_profile,3,1,0,0,0,0,3,review_rejection;structured_affiliation;structured_identity,github;manual
src-418aacc3a811,https://github.com/timbermand,github.com,structured_profile,1,1,0,0,0,1,0,structured_identity,github
src-756880d72db6,https://github.com/tsvayer,github.com,structured_profile,1,1,0,0,0,1,0,structured_identity,github
src-1762a4fc8735,https://github.com/ttim,github.com,structured_profile,1,1,0,0,1,0,0,structured_identity,github
src-2ea4de126385,https://github.com/vadmu,github.com,structured_profile,1,1,0,0,0,1,0,structured_identity,github
src-27ca82ee7bf5,https://github.com/vba75,github.com,structured_profile,1,1,0,0,0,1,0,structured_identity,github
src-755490e0ff1d,https://github.com/vbychkov,github.com,structured_profile,1,1,0,0,0,1,0,structured_identity,github
src-feab69f636c3,https://github.com/vladislach,github.com,structured_profile,1,1,0,0,0,1,0,structured_identity,github
src-298f16548497,https://github.com/vpas,github.com,structured_profile,1,1,0,0,0,1,0,structured_identity,github
src-06cc3c62ccf3,https://github.com/vyacheslav-kim-vertex,github.com,structured_profile,1,1,0,0,1,0,0,structured_identity,github
src-625c108a4fd7,https://github.com/vyacheslav-li,github.com,structured_profile,1,1,0,0,0,1,0,structured_identity,github
src-8221f188d79a,https://github.com/weinadium,github.com,structured_profile,2,1,0,0,0,2,0,structured_affiliation;structured_identity,github
src-ad8ef33a9c70,https://github.com/yerke,github.com,structured_profile,1,1,0,0,0,1,0,structured_identity,github
src-e6335dbfc776,https://github.com/yerzhan-ryte,github.com,structured_profile,1,1,0,0,0,1,0,structured_identity,github
src-8fb5a515a2ed,https://github.com/yerzhanimanmalik,github.com,structured_profile,2,1,0,0,0,2,0,structured_affiliation;structured_identity,github
src-08365a29b2a0,https://github.com/zamazan4ik,github.com,structured_profile,3,1,0,0,0,0,3,review_rejection;structured_affiliation;structured_identity,github;manual
src-de0ef0e5a6df,https://github.com/zamerzan,github.com,structured_profile,1,1,0,0,0,1,0,structured_identity,github
src-b6643306d9ff,https://graduate.dartmouth.edu/eees/people/alumni,graduate.dartmouth.edu,web_page,2,1,1,1,0,0,0,accepted_affiliation_history;manual_review,manual;manual_review
src-51b6be0f2376,https://gsb.almau.edu.kz/wp-content/uploads/2022/10/%D0%A1%D0%B1%D0%BE%D1%80%D0%BD%D0%B8%D0%BA-%D1%81%D1%82%D0%B0%D1%82%D0%B5%D0%B9-%D1%81%D0%BB%D1%83%D1%88%D0%B0%D1%82%D0%B5%D0%BB%D0%B5%D0%B9-%D0%9C%D0%92%D0%90-2016.pdf,gsb.almau.edu.kz,pdf,1,1,0,1,0,0,0,accepted_affiliation_history,official_university_program_publication
src-1cbe8b9038eb,https://hk.linkedin.com/in/akhmetissa7,hk.linkedin.com,linkedin,2,1,1,1,0,0,0,manual_review,linkedin;manual
src-b8e95ec25f72,https://hk.linkedin.com/in/alibek-orazalin-3020011a9,hk.linkedin.com,linkedin,11,1,1,10,0,0,0,accepted_affiliation_history;accepted_location_evidence;manual_review,accepted_linkedin_profile;current_role_location;linkedin;manual
src-77462812b45f,https://hk.linkedin.com/in/alikhan-zhumagaleyev,hk.linkedin.com,linkedin,4,1,1,3,0,0,0,accepted_affiliation_history;manual_review,accepted_linkedin_profile;linkedin;manual;manual_review
src-86db04d185b7,https://hk.linkedin.com/in/amanzholkuantay,hk.linkedin.com,linkedin,13,1,2,11,0,0,0,accepted_affiliation_history;manual_destination_reconciliation;manual_review,accepted_linkedin_profile;destination_review;destination_source_review;linkedin;manual;manual_review
src-e2c8e88a72dc,https://hk.linkedin.com/in/amir-sakhipov-91a8893a2,hk.linkedin.com,linkedin,4,1,2,2,0,0,0,accepted_affiliation_history;manual_review,linkedin;manual;manual_review
src-32da6b2ab604,https://hk.linkedin.com/in/amirkhan-bailin,hk.linkedin.com,linkedin,13,1,2,11,0,0,0,accepted_affiliation_history;accepted_location_evidence;manual_review,accepted_linkedin_profile;current_role_location;linkedin;manual
src-9ca34d036cc2,https://hk.linkedin.com/in/assemzhunis,hk.linkedin.com,linkedin,11,1,0,11,0,0,0,accepted_affiliation_history;manual_review,accepted_linkedin_profile;linkedin
src-1e244d756a58,https://hk.linkedin.com/in/doszhan-bissimbi-a15621291,hk.linkedin.com,linkedin,4,1,2,2,0,0,0,accepted_affiliation_history;manual_review,linkedin;manual;manual_review
src-e64e95dda380,https://hk.linkedin.com/in/mukhammadarifsakhmoldin,hk.linkedin.com,linkedin,10,1,2,8,0,0,0,accepted_affiliation_history;accepted_location_evidence;manual_review,accepted_linkedin_profile;current_role_location;linkedin;manual
src-6be0102e4d2b,https://hk.linkedin.com/in/nurdauletkemel,hk.linkedin.com,linkedin,11,1,2,9,0,0,0,accepted_affiliation_history;accepted_location_evidence;manual_destination_reconciliation;manual_review,accepted_linkedin_profile;active_affiliation_profile_location;destination_review;destination_source_review;linkedin;manual;manual_review
src-516e4860170e,https://hkust.edu.hk/about/campus,hkust.edu.hk,web_page,8,8,0,8,0,0,0,accepted_location_evidence,current_education_location
src-5accee2663c2,https://home.dartmouth.edu/visit,home.dartmouth.edu,web_page,2,2,0,2,0,0,0,accepted_location_evidence,current_education_location
src-80de601f76de,https://hsph.harvard.edu/profile/askarbek-orakov/,hsph.harvard.edu,web_page,2,1,1,1,0,0,0,accepted_affiliation_history;manual_review,manual;manual_review
src-b21cc72fd265,https://hu.linkedin.com/in/yerassyl-muratov-21a223214,hu.linkedin.com,linkedin,4,1,1,3,0,0,0,accepted_affiliation_history;manual_review,accepted_linkedin_profile;linkedin;manual;manual_review
src-c773ef07f8a1,https://ib.nis.edu.kz/ru/school/nzm-petropavl/news/1404,ib.nis.edu.kz,web_page,3,1,1,2,0,0,0,accepted_affiliation_history;manual_review,manual;manual_review;official_employer_profile
src-3df7b3ac03de,https://ie.linkedin.com/in/rauanrakhmet,ie.linkedin.com,linkedin,17,1,2,14,0,1,0,accepted_affiliation_history;accepted_location_evidence;manual_destination_reconciliation;manual_review,accepted_linkedin_profile;current_role_location;destination_review;destination_source_review;linkedin;manual;manual_review
src-e2b5f6149abf,https://imojp.org/support/IMO2023_REPORT_jp.pdf,imojp.org,pdf,2,1,1,1,0,0,0,accepted_affiliation_history;manual_review,manual;manual_review
src-56aea8ed1d8c,https://informburo.kz/amp/novosti/100-medalnyj-zachyot-pokazali-kazahstanskie-shkolniki-na-domashnej-olimpiade-ibo-2024,informburo.kz,web_page,2,1,1,1,0,0,0,accepted_affiliation_history;manual_review,manual;manual_review
src-41ec886f7a55,https://inkaraganda.kz/novosti/obshhestvo/pedagog-po-himii-iz-karagandy-podgotovil-bolee-10-pobeditelej-mezhdunarodnyh-intellektualnyh-sorevnovanij/,inkaraganda.kz,web_page,4,1,2,2,0,0,0,accepted_affiliation_history;accepted_location_evidence;manual_destination_reconciliation;manual_review,career_source_location;destination_review;destination_source_review;manual
src-019b1989c484,https://international.binus.ac.id/binus-people/zhandos-yessenbayev-b-sc-m-sc-ph-d/,international.binus.ac.id,web_page,2,1,1,1,0,0,0,accepted_affiliation_history;manual_review,manual;manual_review
src-bb822569e353,https://ipbb.kz/eng/ap-09260382-superviser-sapakhova-z/,ipbb.kz,web_page,3,1,1,2,0,0,0,accepted_affiliation_history;accepted_location_evidence;manual_review,career_source_location;manual;manual_review
src-ad74ea491705,https://ipho-unofficial.org/countries/KAZ/individual,ipho-unofficial.org,web_page,159,89,153,0,0,6,0,manual_review;participant_registry,IPhO;manual
src-0684ad15873b,https://ipho-unofficial.org/timeline/2007/individual,ipho-unofficial.org,web_page,1,1,1,0,0,0,0,manual_review,manual
src-acb4f475b8fd,https://ipho-unofficial.org/timeline/2010/individual,ipho-unofficial.org,web_page,2,2,2,0,0,0,0,manual_review,manual
src-961bc0297b2b,https://ipho-unofficial.org/timeline/2012/individual,ipho-unofficial.org,web_page,1,1,1,0,0,0,0,manual_review,manual
src-c6fc9431bcdb,https://ipho2015.hbcse.tifr.res.in/results/,ipho2015.hbcse.tifr.res.in,web_page,1,1,1,0,0,0,0,manual_review,manual
src-e311498789c0,https://ipho2017.id/,ipho2017.id,web_page,1,1,0,0,0,1,0,manual_review,manual
src-91960c812ee7,https://ipv4.kdif.kz/ru/corporate-management,ipv4.kdif.kz,web_page,2,1,1,1,0,0,0,accepted_affiliation_history;manual_review,manual;manual_review
src-3cf88cd49d69,https://ischemist.com/cv,ischemist.com,web_page,1,1,1,0,0,0,0,manual_review,manual
src-ca47aff72d50,https://ised-isde.canada.ca/cc/lgcy/fdrlCrpDtls.html?corpId=14857577&crpNm=grapheneos&p=0,ised-isde.canada.ca,web_page,3,1,1,2,0,0,0,accepted_affiliation_history;accepted_location_evidence;manual_review,career_source_location;manual;manual_review
src-eaf77a1769f8,https://ist.ac.at/wp-content/uploads/2023/09/cv_alpichshev_010923.pdf,ist.ac.at,pdf,2,1,1,1,0,0,0,accepted_affiliation_history;manual_review,manual;manual_review
src-796ae3caad4c,https://it.linkedin.com/in/aigerim-turuspekova,it.linkedin.com,linkedin,4,1,2,2,0,0,0,accepted_affiliation_history;manual_review,linkedin;manual;manual_review
src-f644e3d3cbd4,https://it.linkedin.com/in/kassymm,it.linkedin.com,linkedin,2,1,1,1,0,0,0,accepted_affiliation_history;manual_review,manual;manual_review
src-3f7233e23650,https://it.linkedin.com/in/meiirbek-baimuratov,it.linkedin.com,linkedin,2,1,1,1,0,0,0,accepted_affiliation_history;manual_review,manual;manual_review
src-f5729a60f72c,https://izdatelstvo-sk.kz/news/v-sko-sistemnaya-poddergka-talantlivih-i-odarennih-detei6902/,izdatelstvo-sk.kz,web_page,2,1,1,1,0,0,0,accepted_affiliation_history;manual_review,manual;manual_review
src-424a1de8593c,https://izho.kz/contest/results-izho-2022/,izho.kz,web_page,1,1,1,0,0,0,0,manual_review,manual
src-25439f5c3ac7,https://jeetain.wixsite.com/mittal-lab/news,jeetain.wixsite.com,web_page,2,1,1,1,0,0,0,accepted_affiliation_history;manual_review,manual;manual_review
src-f5be315e0d71,https://jeetain.wixsite.com/mittal-lab/people,jeetain.wixsite.com,web_page,1,1,0,1,0,0,0,accepted_affiliation_history,institutional_profile
src-e69b56da2aec,https://kaz.inform.kz/news/halykaralyk-pan-olimpiadalarynyn-tarbielik-mani-zor-maman_a3969819/,kaz.inform.kz,web_page,1,1,1,0,0,0,0,manual_review,manual
src-99f2cffb2800,https://kazpravda.kz/n/uchebnik-s-avtografom/,kazpravda.kz,web_page,1,1,1,0,0,0,0,manual_review,manual
src-61e69434c22c,https://kazpravda.kz/n/v-tope-rezervistov/,kazpravda.kz,web_page,1,1,0,1,0,0,0,accepted_affiliation_history,biographical_profile
src-e9a79a441bc3,https://kazpravda.kz/n/znak-uvazheniya-molodym-talantam/,kazpravda.kz,web_page,2,1,1,1,0,0,0,accepted_affiliation_history;manual_review,manual;manual_review
src-674a6a994e46,https://kbtu.edu.kz/en/events/5144-kbtu-open-spring-2026-eng,kbtu.edu.kz,web_page,2,1,1,1,0,0,0,accepted_affiliation_history;manual_review,manual;manual_review
src-62aa82ed417f,https://kebab.eportfolio.kz/ru/portfolio/?pane=public&school=108,kebab.eportfolio.kz,web_page,2,1,1,1,0,0,0,accepted_affiliation_history;manual_review,manual;manual_review
src-9c0684a2310c,https://kg.linkedin.com/in/ulan-mukashev-59771a2b,kg.linkedin.com,linkedin,10,1,0,10,0,0,0,accepted_affiliation_history;manual_review,accepted_linkedin_profile;linkedin
src-ed1108db640e,https://kmgpetrochem.kz/ru/news/102-2024-08-29,kmgpetrochem.kz,web_page,2,1,1,1,0,0,0,accepted_affiliation_history;manual_review,manual;manual_review
src-9cd441392daa,https://kr.linkedin.com/in/allbackoff,kr.linkedin.com,linkedin,16,1,2,14,0,0,0,accepted_affiliation_history;accepted_location_evidence;manual_review,accepted_linkedin_profile;current_role_location;linkedin;manual;manual_review
src-7de44ca13713,https://kr.linkedin.com/in/galymzhnb,kr.linkedin.com,linkedin,7,1,2,5,0,0,0,accepted_affiliation_history;manual_review,accepted_linkedin_profile;linkedin;manual;manual_review
src-681644037d75,https://kr.linkedin.com/in/guldana-abduali,kr.linkedin.com,linkedin,9,1,0,9,0,0,0,accepted_affiliation_history;manual_review,accepted_linkedin_profile;linkedin
src-8189b757a7d9,https://kr.linkedin.com/in/kibriyanur-abdugafarova,kr.linkedin.com,linkedin,19,1,1,18,0,0,0,accepted_affiliation_history;manual_review,accepted_linkedin_profile;linkedin;manual;manual_review
src-2d157509a197,https://kr.linkedin.com/in/moldagulovg,kr.linkedin.com,linkedin,14,1,1,13,0,0,0,accepted_affiliation_history;accepted_location_evidence;manual_review,accepted_linkedin_profile;current_role_location;linkedin;manual
src-5d40092494ab,https://kr.linkedin.com/in/nurlykhan-kopenov,kr.linkedin.com,linkedin,5,1,1,4,0,0,0,accepted_affiliation_history;manual_review,accepted_linkedin_profile;linkedin;manual;manual_review
src-dc4cc4d4170d,https://kz.linkedin.com/in/404akhan,kz.linkedin.com,linkedin,13,1,1,12,0,0,0,accepted_affiliation_history;accepted_location_evidence;manual_review,accepted_linkedin_profile;current_role_location;linkedin;manual
src-bd3c667de970,https://kz.linkedin.com/in/adil-baiguzhin-9786aa9,kz.linkedin.com,linkedin,6,1,1,5,0,0,0,accepted_affiliation_history;accepted_location_evidence;manual_review,accepted_linkedin_profile;current_role_location;linkedin;manual;manual_review
src-930e3ee43c01,https://kz.linkedin.com/in/adilet-abu-974647260,kz.linkedin.com,linkedin,7,1,2,4,0,1,0,accepted_affiliation_history;manual_destination_reconciliation;manual_review,accepted_linkedin_profile;destination_review;destination_source_review;linkedin;manual;manual_review
src-2dc274f62231,https://kz.linkedin.com/in/aibek-mukhamediyev-a20b3420,kz.linkedin.com,linkedin,4,1,1,3,0,0,0,accepted_affiliation_history;manual_review,linkedin;manual;manual_public_profile;manual_review
src-46d136c8237f,https://kz.linkedin.com/in/aibek-umbetalin-70a71224,kz.linkedin.com,linkedin,9,1,1,8,0,0,0,accepted_affiliation_history;accepted_location_evidence;manual_review,accepted_linkedin_profile;current_role_location;linkedin;manual;manual_review
src-11ffbc6a8dd8,https://kz.linkedin.com/in/akezhan-amankeldi,kz.linkedin.com,linkedin,7,1,1,6,0,0,0,accepted_affiliation_history;manual_review,accepted_linkedin_profile;linkedin;manual
src-e6ca9aef7f3d,https://kz.linkedin.com/in/aknazar-kazhymurat-258101126,kz.linkedin.com,linkedin,3,1,0,3,0,0,0,accepted_affiliation_history;manual_review,accepted_linkedin_profile;linkedin
src-20dc755fb644,https://kz.linkedin.com/in/alen-abdrakhmanov,kz.linkedin.com,linkedin,11,1,2,9,0,0,0,accepted_affiliation_history;manual_review,accepted_linkedin_profile;linkedin;manual;manual_review
src-c3c03d59d598,https://kz.linkedin.com/in/alibek-sailanbayev,kz.linkedin.com,linkedin,14,1,0,14,0,0,0,accepted_affiliation_history;accepted_location_evidence;manual_review,accepted_linkedin_profile;current_role_location;linkedin
src-be8a7dce4866,https://kz.linkedin.com/in/almas-ordabayev-04808078,kz.linkedin.com,linkedin,12,1,0,12,0,0,0,accepted_affiliation_history;accepted_location_evidence;manual_review,accepted_linkedin_profile;current_role_location;linkedin
src-6f992258c62c,https://kz.linkedin.com/in/almaz-kungozhin,kz.linkedin.com,linkedin,13,1,2,11,0,0,0,accepted_affiliation_history;accepted_location_evidence;manual_review,accepted_linkedin_profile;current_role_location;linkedin;manual;manual_review
src-75f2a5a3f6e3,https://kz.linkedin.com/in/aman-zhumekeshov-a9156630,kz.linkedin.com,linkedin,16,1,2,14,0,0,0,accepted_affiliation_history;accepted_location_evidence;manual_review,accepted_linkedin_profile;current_role_location;linkedin;manual
src-ddc967087cc7,https://kz.linkedin.com/in/amir-mokhammed-ali-4a4218151,kz.linkedin.com,linkedin,11,1,2,9,0,0,0,accepted_affiliation_history;accepted_location_evidence;manual_review,accepted_linkedin_profile;current_role_location;linkedin;manual
src-183c5bd152e0,https://kz.linkedin.com/in/amir-pshenbayev-6a412b206,kz.linkedin.com,linkedin,2,1,0,2,0,0,0,accepted_affiliation_history;manual_review,accepted_linkedin_profile;linkedin
src-a38da0ce1b27,https://kz.linkedin.com/in/amirlan-amanzholov-482536305,kz.linkedin.com,linkedin,7,1,2,5,0,0,0,accepted_affiliation_history;manual_review,accepted_linkedin_profile;linkedin;manual
src-9d48468a5736,https://kz.linkedin.com/in/anuarnurtazin01,kz.linkedin.com,linkedin,5,1,1,4,0,0,0,accepted_affiliation_history;manual_review,accepted_linkedin_profile;linkedin;manual;manual_review
src-591de3cd2db1,https://kz.linkedin.com/in/azamat-abilkhanov-a4522210,kz.linkedin.com,linkedin,11,1,0,11,0,0,0,accepted_affiliation_history;manual_review,accepted_linkedin_profile;linkedin
src-3e7b2037000e,https://kz.linkedin.com/in/baimurzzin,kz.linkedin.com,linkedin,8,1,2,6,0,0,0,accepted_affiliation_history;manual_review,accepted_linkedin_profile;linkedin;manual;manual_review
src-418653a6a3a5,https://kz.linkedin.com/in/bakdaulet-yernazarov-308431353,kz.linkedin.com,linkedin,3,1,1,2,0,0,0,accepted_affiliation_history;manual_review,linkedin;manual;manual_review
src-dbff68d533db,https://kz.linkedin.com/in/baurzhan-urgunshbayev-143a68104,kz.linkedin.com,linkedin,2,1,0,2,0,0,0,accepted_affiliation_history;manual_review,accepted_linkedin_profile;linkedin
src-f281734a6ec0,https://kz.linkedin.com/in/bauyrzhan-sainov-792a32100,kz.linkedin.com,linkedin,11,1,1,10,0,0,0,accepted_affiliation_history;manual_review,accepted_linkedin_profile;linkedin;manual;manual_public_profile
src-a3d55fe6ce97,https://kz.linkedin.com/in/bbektemir,kz.linkedin.com,linkedin,25,1,0,25,0,0,0,accepted_affiliation_history;manual_review,accepted_linkedin_profile;linkedin
src-50c57de219b6,https://kz.linkedin.com/in/damir-kurman-7570372ab,kz.linkedin.com,linkedin,2,1,0,2,0,0,0,accepted_affiliation_history;manual_review,accepted_linkedin_profile;linkedin
src-961152fc1f47,https://kz.linkedin.com/in/daniyar-frm,kz.linkedin.com,linkedin,12,1,0,12,0,0,0,accepted_affiliation_history;manual_review,accepted_linkedin_profile;linkedin
src-7c276adfc207,https://kz.linkedin.com/in/daniyar-kamal-91b041118,kz.linkedin.com,linkedin,11,1,1,10,0,0,0,accepted_affiliation_history;accepted_location_evidence;manual_review,accepted_linkedin_profile;current_role_location;linkedin;manual
src-556808850d76,https://kz.linkedin.com/in/darkhan-akzholov-b0399151,kz.linkedin.com,linkedin,9,1,2,7,0,0,0,accepted_affiliation_history;accepted_location_evidence;manual_destination_reconciliation;manual_review,accepted_linkedin_profile;current_role_location;destination_review;destination_source_review;linkedin;manual;manual_review
src-0709a49f934d,https://kz.linkedin.com/in/daulet-kurmantayev-41912a176,kz.linkedin.com,linkedin,6,1,1,5,0,0,0,accepted_affiliation_history;accepted_location_evidence;manual_destination_reconciliation;manual_review,accepted_linkedin_profile;current_role_location;destination_review;destination_source_review;linkedin
src-bdc10c8f3e48,https://kz.linkedin.com/in/daulet-turetayev-73ba8314b,kz.linkedin.com,linkedin,4,1,1,3,0,0,0,accepted_affiliation_history;accepted_location_evidence;manual_review,active_affiliation_profile_location;linkedin;manual;manual_review
src-5a10ed18c0f2,https://kz.linkedin.com/in/iliyas-kazymbek-77237a286,kz.linkedin.com,linkedin,4,1,1,3,0,0,0,accepted_affiliation_history;accepted_location_evidence;manual_review,active_affiliation_profile_location;linkedin;manual;manual_review
src-1a46a21093d1,https://kz.linkedin.com/in/ilya-skripin-a9a31552,kz.linkedin.com,linkedin,12,1,1,11,0,0,0,accepted_affiliation_history;accepted_location_evidence;manual_review,accepted_linkedin_profile;current_role_location;linkedin;manual
src-ae22b0d0ff06,https://kz.linkedin.com/in/islam-amangeldi-10932336b,kz.linkedin.com,linkedin,4,1,1,3,0,0,0,accepted_affiliation_history;manual_review,accepted_linkedin_profile;linkedin;manual;manual_review
src-a5f14f146816,https://kz.linkedin.com/in/kairatakhmetov,kz.linkedin.com,linkedin,3,1,0,3,0,0,0,accepted_affiliation_history;manual_review,accepted_linkedin_profile;linkedin
src-5d4f272facdc,https://kz.linkedin.com/in/maxat-aipanov-192903a3,kz.linkedin.com,linkedin,17,1,2,15,0,0,0,accepted_affiliation_history;manual_destination_reconciliation;manual_review,accepted_linkedin_profile;destination_review;destination_source_review;linkedin;manual
src-2864c3aed06e,https://kz.linkedin.com/in/meiram-murzabulatov-8889b0138,kz.linkedin.com,linkedin,9,1,1,8,0,0,0,accepted_affiliation_history;accepted_location_evidence;manual_review,accepted_linkedin_profile;current_role_location;linkedin;manual
src-cc166eda654c,https://kz.linkedin.com/in/mikhail-shakhmatov,kz.linkedin.com,linkedin,9,1,2,7,0,0,0,accepted_affiliation_history;accepted_location_evidence;manual_destination_reconciliation;manual_review,accepted_linkedin_profile;current_role_location;destination_review;destination_source_review;linkedin;manual;manual_review
src-fe42751c8766,https://kz.linkedin.com/in/miras-bekbergenov-73b54a231,kz.linkedin.com,linkedin,10,1,1,9,0,0,0,accepted_affiliation_history;accepted_location_evidence;manual_destination_reconciliation;manual_review,accepted_linkedin_profile;current_role_location;destination_review;destination_source_review;linkedin
src-63eb2e06c051,https://kz.linkedin.com/in/nazar-serazitdinov-2030a229b,kz.linkedin.com,linkedin,2,1,0,2,0,0,0,accepted_affiliation_history;manual_review,accepted_linkedin_profile;linkedin
src-9b8d92f87ebf,https://kz.linkedin.com/in/nurassyl-serik-2a257918a,kz.linkedin.com,linkedin,11,1,1,10,0,0,0,accepted_affiliation_history;accepted_location_evidence;manual_review,accepted_linkedin_profile;current_role_location;linkedin;manual
src-18c3f9b25dfb,https://kz.linkedin.com/in/nurbol-duisenbayev,kz.linkedin.com,linkedin,7,1,1,6,0,0,0,accepted_affiliation_history;accepted_location_evidence;manual_review,accepted_linkedin_profile;current_role_location;linkedin;manual;manual_review
src-b31e7be73937,https://kz.linkedin.com/in/nurlykhan,kz.linkedin.com,linkedin,8,1,2,6,0,0,0,accepted_affiliation_history;accepted_location_evidence;manual_review,accepted_linkedin_profile;current_role_location;linkedin;manual
src-b97bd12da601,https://kz.linkedin.com/in/nursultan-tompiyev-ab92bb38a,kz.linkedin.com,linkedin,4,1,0,4,0,0,0,accepted_affiliation_history;manual_review,linkedin;manual_profile_transcription
src-46a73644ecee,https://kz.linkedin.com/in/nurtas-shyntas-54b850199,kz.linkedin.com,linkedin,7,1,2,5,0,0,0,accepted_affiliation_history;manual_review,accepted_linkedin_profile;linkedin;manual;manual_review
src-979479d45dae,https://kz.linkedin.com/in/nurzhas-aidynov-747540155,kz.linkedin.com,linkedin,8,1,2,6,0,0,0,accepted_affiliation_history;accepted_location_evidence;manual_destination_reconciliation;manual_review,accepted_linkedin_profile;current_role_location;destination_review;destination_source_review;linkedin;manual;manual_review
src-d91d31990eb4,https://kz.linkedin.com/in/pavel-levchenko-a315041a7,kz.linkedin.com,linkedin,7,1,2,5,0,0,0,accepted_affiliation_history;manual_destination_reconciliation;manual_review,accepted_linkedin_profile;destination_review;destination_source_review;linkedin;manual;manual_review
src-d2d6a0811adb,https://kz.linkedin.com/in/rassul-magauin,kz.linkedin.com,linkedin,13,1,2,11,0,0,0,accepted_affiliation_history;manual_review,accepted_linkedin_profile;linkedin;manual;manual_review
src-e8e14e92e20d,https://kz.linkedin.com/in/roman-cheremnov-a02b8a341,kz.linkedin.com,linkedin,11,1,1,10,0,0,0,accepted_affiliation_history;accepted_location_evidence;manual_review,accepted_linkedin_profile;current_role_location;linkedin;manual
src-782b3196b23e,https://kz.linkedin.com/in/ruslan-kalizhan-4b1b49202,kz.linkedin.com,linkedin,2,1,0,2,0,0,0,accepted_affiliation_history;manual_review,accepted_linkedin_profile;linkedin
src-dd7830a23913,https://kz.linkedin.com/in/sanzhar-bissenali-323103260,kz.linkedin.com,linkedin,7,1,1,6,0,0,0,accepted_affiliation_history;manual_review,accepted_linkedin_profile;linkedin;manual;manual_review
src-92c860c777a5,https://kz.linkedin.com/in/sultan-dalipov-620ba924,kz.linkedin.com,linkedin,9,1,1,8,0,0,0,accepted_affiliation_history;accepted_location_evidence;manual_review,accepted_linkedin_profile;current_role_location;linkedin;manual;manual_review
src-60e35e825ac6,https://kz.linkedin.com/in/supertorex,kz.linkedin.com,linkedin,6,1,2,4,0,0,0,accepted_affiliation_history;accepted_location_evidence;manual_review,accepted_linkedin_profile;current_role_location;linkedin;manual
src-e63a88761d4e,https://kz.linkedin.com/in/syrymbet-iskakov-42335a20,kz.linkedin.com,linkedin,15,1,2,13,0,0,0,accepted_affiliation_history;manual_destination_reconciliation;manual_review,accepted_linkedin_profile;destination_review;destination_source_review;linkedin;manual;manual_review
src-3b023f2fbef8,https://kz.linkedin.com/in/temirlan-ismagulov-766740206,kz.linkedin.com,linkedin,1,1,0,1,0,0,0,manual_review,linkedin
src-2391528c5292,https://kz.linkedin.com/in/temirlan-izmailov-caia-cfa-485bab89,kz.linkedin.com,linkedin,10,1,1,9,0,0,0,accepted_affiliation_history;manual_review,accepted_linkedin_profile;linkedin;manual
src-7c7237d85884,https://kz.linkedin.com/in/timur-murat-2a1735333,kz.linkedin.com,linkedin,4,1,1,3,0,0,0,accepted_affiliation_history;manual_review,accepted_linkedin_profile;linkedin;manual;manual_review
src-49996a80de1e,https://kz.linkedin.com/in/yernaz-satybaldiyev,kz.linkedin.com,linkedin,9,1,1,8,0,0,0,accepted_affiliation_history;manual_review,accepted_linkedin_profile;linkedin;manual
src-329144bb0c6f,https://kz.linkedin.com/in/yernur-rysmagambetov,kz.linkedin.com,linkedin,16,1,0,16,0,0,0,accepted_affiliation_history;accepted_location_evidence;manual_review,accepted_linkedin_profile;current_role_location;linkedin
src-6482cf58fb25,https://kz.linkedin.com/in/yerzhan-imanmalik,kz.linkedin.com,linkedin,18,1,1,17,0,0,0,accepted_affiliation_history;accepted_location_evidence;manual_review,accepted_linkedin_profile;current_role_location;linkedin;manual
src-0bbca965e155,https://kz.linkedin.com/in/yeskendir-bissenov-66569b37,kz.linkedin.com,linkedin,19,1,2,17,0,0,0,accepted_affiliation_history;manual_destination_reconciliation;manual_review,accepted_linkedin_profile;destination_review;destination_source_review;linkedin;manual;manual_review
src-0ee0194de1a9,https://kz.linkedin.com/in/yuriy-ten,kz.linkedin.com,linkedin,1,1,0,0,0,0,1,review_rejection,manual
src-028c4c525a09,https://kz.linkedin.com/in/zeinul-gabiden-kazhkenov-23203052,kz.linkedin.com,linkedin,13,1,2,11,0,0,0,accepted_affiliation_history;accepted_location_evidence;manual_destination_reconciliation;manual_review,accepted_linkedin_profile;career_source_location;destination_review;destination_source_review;linkedin;manual;manual_review
src-ddca308d3171,https://kz.linkedin.com/in/zhanibek-kaimuldenov-5567b7124,kz.linkedin.com,linkedin,2,1,0,2,0,0,0,accepted_affiliation_history;manual_review,accepted_linkedin_profile;linkedin
src-e0616e36e722,https://lifeinsurance.kz/severnaya-i-yuzhnaya-amerika/nakopitelnoe-strahovanie-vzglyad-iz-kanady,lifeinsurance.kz,web_page,3,1,1,2,0,0,0,accepted_affiliation_history;accepted_location_evidence;manual_review,career_source_location;manual;manual_review
src-678e7a7048b6,https://linkedin.com/in/%D0%B0%D0%BB%D0%B5%D0%BA%D1%81%D0%B0%D0%BD%D0%B4%D1%80-%D0%B7%D0%B0%D0%B9%D1%86%D0%B5%D0%B2-98b05014b,linkedin.com,linkedin,1,1,0,0,0,0,1,review_rejection,manual
src-0b5fc2b37776,https://linkedin.com/in/%D0%B4%D0%B0%D0%BC%D0%B8%D1%80-%D0%B5%D0%BB%D0%B5%D1%83%D1%81%D0%B8%D0%B7%D0%BE%D0%B2-b989232a0,linkedin.com,linkedin,1,1,0,0,0,0,1,review_rejection,manual
src-338376655f48,https://linkedin.com/in/%D1%80%D1%83%D1%81%D1%82%D0%B0%D0%BC-%D1%82%D0%B5%D0%BC%D0%B8%D1%80%D0%B1%D0%B5%D0%BA%D0%BE%D0%B2-65269287,linkedin.com,linkedin,7,1,1,6,0,0,0,accepted_affiliation_history;accepted_location_evidence;manual_review,accepted_linkedin_profile;current_role_location;linkedin;manual;manual_public_profile;manual_review
src-e9ff70ad1332,https://linkedin.com/in/0314davidli,linkedin.com,linkedin,1,1,0,0,0,0,1,review_rejection,manual
src-75ae4d5fc23e,https://linkedin.com/in/998batrr,linkedin.com,linkedin,7,1,1,6,0,0,0,accepted_affiliation_history;manual_review,accepted_linkedin_profile;linkedin;manual
src-bcd3e37ffed9,https://linkedin.com/in/aaruzhan,linkedin.com,linkedin,12,1,2,10,0,0,0,accepted_affiliation_history;manual_review,accepted_linkedin_profile;linkedin;manual
src-db5426ab13fd,https://linkedin.com/in/abdirakhmanov-nurzhan-30700b18,linkedin.com,linkedin,1,1,0,0,0,0,1,review_rejection,manual
src-563d84ac5d22,https://linkedin.com/in/abilmuzhubayev,linkedin.com,linkedin,9,1,1,8,0,0,0,accepted_affiliation_history;accepted_location_evidence;manual_review,accepted_linkedin_profile;current_role_location;linkedin;manual
src-126d6eec2383,https://linkedin.com/in/adilet-zauytkhan-37a94221b,linkedin.com,linkedin,8,1,2,6,0,0,0,accepted_affiliation_history;manual_review,accepted_linkedin_profile;linkedin;manual;manual_review
src-722f3715645a,https://linkedin.com/in/adilzhan-ismailov,linkedin.com,linkedin,1,1,0,0,0,0,1,review_rejection,manual
src-edaeb9c1b7dc,https://linkedin.com/in/aidynkemeldinov,linkedin.com,linkedin,7,1,1,6,0,0,0,accepted_affiliation_history;accepted_location_evidence;manual_review,accepted_linkedin_profile;current_role_location;linkedin;manual;manual_review
src-a1510baf6f38,https://linkedin.com/in/aiganym-baltashova,linkedin.com,linkedin,12,1,2,10,0,0,0,accepted_affiliation_history;manual_review,accepted_linkedin_profile;linkedin;manual;manual_review
src-21eb19135bdc,https://linkedin.com/in/aitbayev,linkedin.com,linkedin,8,1,2,6,0,0,0,accepted_affiliation_history;accepted_location_evidence;manual_review,accepted_linkedin_profile;current_role_location;linkedin;manual
src-92ca0a127a4f,https://linkedin.com/in/aizana-turmukhametova-95b31b19,linkedin.com,linkedin,12,1,1,11,0,0,0,accepted_affiliation_history;manual_review,accepted_linkedin_profile;linkedin;manual
src-c83e341898ed,https://linkedin.com/in/akart-dev,linkedin.com,linkedin,1,1,0,0,0,0,1,review_rejection,manual
src-3baeb13fd0b2,https://linkedin.com/in/aldiyar-nurmanov-767422304,linkedin.com,linkedin,1,1,0,0,0,0,1,review_rejection,manual
src-36c8bb1d2e04,https://linkedin.com/in/alen-abdrakhmanov-b2638b1a0,linkedin.com,linkedin,1,1,0,0,0,0,1,review_rejection,manual
src-70ebdc29ae88,https://linkedin.com/in/alen-bayev-1402012bb,linkedin.com,linkedin,10,1,1,9,0,0,0,accepted_affiliation_history;manual_review,accepted_linkedin_profile;linkedin;manual;manual_review
src-c3781bdfe572,https://linkedin.com/in/ali-dautalinov,linkedin.com,linkedin,14,1,2,12,0,0,0,accepted_affiliation_history;accepted_location_evidence;manual_review,accepted_linkedin_profile;current_role_location;linkedin;manual
src-fbda2ffac964,https://linkedin.com/in/alikhan-kudaibergenov-27726a154,linkedin.com,linkedin,5,1,2,3,0,0,0,accepted_affiliation_history;manual_review,accepted_linkedin_profile;linkedin;manual;manual_review
src-c935cef410f3,https://linkedin.com/in/almas-serikov-703604160,linkedin.com,linkedin,1,1,0,0,0,0,1,review_rejection,manual
src-28981a768d52,https://linkedin.com/in/almaz-rakhmetov-2097151ab,linkedin.com,linkedin,1,1,0,0,0,0,1,review_rejection,manual
src-47e99e22d92c,https://linkedin.com/in/almaz-rakhmetov-a2451223,linkedin.com,linkedin,14,1,1,13,0,0,0,accepted_affiliation_history;accepted_location_evidence;manual_review,accepted_linkedin_profile;current_role_location;linkedin;manual;manual_review
src-c20fd13991b7,https://linkedin.com/in/aman-sariyev,linkedin.com,linkedin,10,1,2,8,0,0,0,accepted_affiliation_history;manual_review,accepted_linkedin_profile;linkedin;manual;manual_review
src-0d775af43697,https://linkedin.com/in/aman-sariyev-49158475,linkedin.com,linkedin,1,1,0,0,0,0,1,review_rejection,manual
src-5b93715c63c3,https://linkedin.com/in/amir-tulegenov,linkedin.com,linkedin,1,1,0,0,0,0,1,review_rejection,manual
src-b9ed9d0ffd88,https://linkedin.com/in/amirbralin,linkedin.com,linkedin,8,1,1,7,0,0,0,accepted_affiliation_history;accepted_location_evidence;manual_review,accepted_linkedin_profile;current_role_location;linkedin;manual
src-e5f994dcf744,https://linkedin.com/in/andrey-drobakha-25812a111,linkedin.com,linkedin,1,1,0,0,0,0,1,review_rejection,manual
src-8e1cd3407f0e,https://linkedin.com/in/andrey-jigalov-256b7a39,linkedin.com,linkedin,1,1,0,0,0,0,1,review_rejection,manual
src-a0134633f432,https://linkedin.com/in/andrey-kim-21777011a,linkedin.com,linkedin,1,1,0,0,0,0,1,review_rejection,manual
src-d99539f90af2,https://linkedin.com/in/andrey-kim-220946112,linkedin.com,linkedin,1,1,0,0,0,0,1,review_rejection,manual
src-0d51f31eeac2,https://linkedin.com/in/andrey-sapronov,linkedin.com,linkedin,12,1,0,12,0,0,0,accepted_affiliation_history;accepted_location_evidence;manual_review,accepted_linkedin_profile;current_role_location;linkedin
src-d13c8a3909a6,https://linkedin.com/in/andrey-sapronov-48a8713a,linkedin.com,linkedin,1,1,0,0,0,0,1,review_rejection,manual
src-409db9d094b6,https://linkedin.com/in/andrey-sidorenko-4394588a,linkedin.com,linkedin,1,1,0,0,0,0,1,review_rejection,manual
src-d485fe5c4fbc,https://linkedin.com/in/andrey-sidorenko-b66062233,linkedin.com,linkedin,1,1,0,0,0,0,1,review_rejection,manual
src-30d367b6d12e,https://linkedin.com/in/andreykim,linkedin.com,linkedin,1,1,0,0,0,0,1,review_rejection,manual
src-f4f146f50f39,https://linkedin.com/in/andreys,linkedin.com,linkedin,1,1,0,0,0,0,1,review_rejection,manual
src-77284ca8b9a4,https://linkedin.com/in/andreysidorenko,linkedin.com,linkedin,1,1,0,0,0,0,1,review_rejection,manual
src-b74827157927,https://linkedin.com/in/angsar-manatuly-7409bb2b9,linkedin.com,linkedin,4,1,0,4,0,0,0,accepted_affiliation_history;accepted_location_evidence;manual_review,accepted_linkedin_profile;current_role_location;linkedin
src-41778e6aa650,https://linkedin.com/in/anna-zavalishina,linkedin.com,linkedin,1,1,0,0,0,0,1,review_rejection,manual
src-5b9bc0d7d5fd,https://linkedin.com/in/anna-zavalishina-65a2511a1,linkedin.com,linkedin,1,1,0,0,0,0,1,review_rejection,manual
src-8b71958a5fbf,https://linkedin.com/in/anton-vassilyev-009ab911b,linkedin.com,linkedin,1,1,0,0,0,0,1,review_rejection,manual
src-ef0a6bfa6f3f,https://linkedin.com/in/arman-shaninov-6950b7132,linkedin.com,linkedin,5,1,0,5,0,0,0,accepted_affiliation_history;manual_review,accepted_linkedin_profile;linkedin
src-485865f2920e,https://linkedin.com/in/arnat-balabiyev,linkedin.com,linkedin,16,1,1,15,0,0,0,accepted_affiliation_history;accepted_location_evidence;manual_review,accepted_linkedin_profile;current_role_location;linkedin;manual
src-bf10d93a6915,https://linkedin.com/in/artur-kim-983558282,linkedin.com,linkedin,7,1,2,5,0,0,0,accepted_affiliation_history;manual_review,accepted_linkedin_profile;linkedin;manual;manual_review
src-d1b0ce9ec325,https://linkedin.com/in/aruzhan-amanbayeva-8a4b3a154,linkedin.com,linkedin,1,1,0,0,0,0,1,review_rejection,manual
src-9403e8f8a3f8,https://linkedin.com/in/aruzhan-amanbayeva01,linkedin.com,linkedin,1,1,0,0,0,0,1,review_rejection,manual
src-e5e1f84b7614,https://linkedin.com/in/askarbek-zadauly-264b8662,linkedin.com,linkedin,6,1,1,5,0,0,0,accepted_affiliation_history;manual_review,accepted_linkedin_profile;linkedin;manual
src-e183f02bf01c,https://linkedin.com/in/aslan-kuanbayev-860990347,linkedin.com,linkedin,1,1,0,0,0,0,1,review_rejection,manual
src-a46cb6ef611c,https://linkedin.com/in/assan-zholdassov-5290639,linkedin.com,linkedin,3,1,0,3,0,0,0,accepted_affiliation_history;accepted_location_evidence;manual_review,accepted_linkedin_profile;current_role_location;linkedin
src-3e0cda3b46cf,https://linkedin.com/in/avutzhan-dautov,linkedin.com,linkedin,1,1,0,0,0,0,1,review_rejection,manual
src-9157318b486a,https://linkedin.com/in/ayansegizbay,linkedin.com,linkedin,8,1,1,7,0,0,0,accepted_affiliation_history;accepted_location_evidence;manual_review,accepted_linkedin_profile;current_role_location;linkedin;manual;manual_review
src-4073e1037f6b,https://linkedin.com/in/ayattasanov,linkedin.com,linkedin,2,1,1,1,0,0,0,manual_review,linkedin;manual
src-5afc9378bf7d,https://linkedin.com/in/azamat-aidanov-64046076,linkedin.com,linkedin,16,1,2,14,0,0,0,accepted_affiliation_history;accepted_location_evidence;manual_review,accepted_linkedin_profile;current_role_location;linkedin;manual;manual_review
src-a139a9f1da77,https://linkedin.com/in/azamat-amzebek,linkedin.com,linkedin,11,1,1,10,0,0,0,accepted_affiliation_history;accepted_location_evidence;manual_review,accepted_linkedin_profile;current_role_location;linkedin;manual
src-19cd529dcd27,https://linkedin.com/in/azamat-smagulov-184a97214,linkedin.com,linkedin,1,1,0,0,0,0,1,review_rejection,manual
src-c11143451cc8,https://linkedin.com/in/azamatsmagulov,linkedin.com,linkedin,13,1,1,12,0,0,0,accepted_affiliation_history;accepted_location_evidence;manual_review,accepted_linkedin_profile;current_role_location;linkedin;manual
src-5508a72e71ab,https://linkedin.com/in/azizkhan-almakhan-1652b952,linkedin.com,linkedin,5,1,1,4,0,0,0,accepted_affiliation_history;manual_review,accepted_linkedin_profile;linkedin;manual;manual_review
src-f006f1761c30,https://linkedin.com/in/baizaq,linkedin.com,linkedin,9,1,0,9,0,0,0,accepted_affiliation_history;accepted_location_evidence;manual_review,accepted_linkedin_profile;current_role_location;linkedin
src-de42580da731,https://linkedin.com/in/bakdaulet-seisenkul-8ab00b230,linkedin.com,linkedin,3,1,0,3,0,0,0,accepted_affiliation_history;manual_review,accepted_linkedin_profile;linkedin;manual_public_profile
src-180271f6cbcc,https://linkedin.com/in/bauyrzhan-smailov-74a55390,linkedin.com,linkedin,6,1,0,6,0,0,0,accepted_affiliation_history;accepted_location_evidence;manual_review,accepted_linkedin_profile;current_role_location;linkedin
src-1b0451c4878f,https://linkedin.com/in/bekzhan29,linkedin.com,linkedin,7,1,2,5,0,0,0,accepted_affiliation_history;manual_review,accepted_linkedin_profile;linkedin;manual
src-a0649ccff3e4,https://linkedin.com/in/birzhan-moldagaliyev,linkedin.com,linkedin,6,1,1,5,0,0,0,accepted_affiliation_history;accepted_location_evidence;manual_review,accepted_linkedin_profile;current_role_location;linkedin;manual;manual_public_profile
src-ec97c4775ee6,https://linkedin.com/in/bogdanzagribelnyy,linkedin.com,linkedin,5,1,1,4,0,0,0,accepted_affiliation_history;manual_review,accepted_linkedin_profile;linkedin;manual;manual_review
src-41066d1b57e1,https://linkedin.com/in/bthero,linkedin.com,linkedin,8,1,2,6,0,0,0,accepted_affiliation_history;manual_review,accepted_linkedin_profile;linkedin;manual;manual_review
src-c6e1320f0c36,https://linkedin.com/in/bulat-biizhanov-b4051a30,linkedin.com,linkedin,12,1,1,11,0,0,0,accepted_affiliation_history;manual_review,accepted_linkedin_profile;linkedin;manual;manual_review
src-0212e8754028,https://linkedin.com/in/bychkovvv,linkedin.com,linkedin,1,1,0,0,0,0,1,review_rejection,manual
src-c7f9ef011150,https://linkedin.com/in/damir-kurmanguzhin-b02726235,linkedin.com,linkedin,1,1,0,0,0,0,1,review_rejection,manual
src-1f1bc5003ecf,https://linkedin.com/in/damir-tulegenov-3a2706185,linkedin.com,linkedin,1,1,0,0,0,0,1,review_rejection,manual
src-7d7081d294e2,https://linkedin.com/in/daniil-melnichenko-637776251,linkedin.com,linkedin,1,1,0,0,0,0,1,review_rejection,manual
src-ffe96a0a662d,https://linkedin.com/in/daniilmel,linkedin.com,linkedin,15,1,1,14,0,0,0,accepted_affiliation_history;accepted_location_evidence;manual_review,accepted_linkedin_profile;current_role_location;linkedin;manual
src-ea6470e56232,https://linkedin.com/in/danil-kravtsov,linkedin.com,linkedin,1,1,0,0,0,0,1,review_rejection,manual
src-426bc1d620c9,https://linkedin.com/in/daniyar-murtazin-47b177330,linkedin.com,linkedin,1,1,0,0,0,0,1,review_rejection,manual
src-3d8ec66081bd,https://linkedin.com/in/daniyar-zakarin-33b45899,linkedin.com,linkedin,1,1,0,0,0,0,1,review_rejection,manual
src-5bc82d9fb3be,https://linkedin.com/in/daniyarzt,linkedin.com,linkedin,10,1,2,8,0,0,0,accepted_affiliation_history;accepted_location_evidence;manual_review,accepted_linkedin_profile;current_role_location;linkedin;manual
src-af0483a6808e,https://linkedin.com/in/danpoletaev,linkedin.com,linkedin,1,1,0,0,0,0,1,review_rejection,manual
src-afdeb6eab5f3,https://linkedin.com/in/daulet-toibazar-54118b174,linkedin.com,linkedin,8,1,1,7,0,0,0,accepted_affiliation_history;accepted_location_evidence;manual_review,accepted_linkedin_profile;current_role_location;linkedin;manual
src-50a7fe19d915,https://linkedin.com/in/dauren-auzhani-44134222,linkedin.com,linkedin,1,1,0,1,0,0,0,manual_review,linkedin
src-e46bfa5aec77,https://linkedin.com/in/dauren-muratov-1a114676,linkedin.com,linkedin,7,1,1,6,0,0,0,accepted_affiliation_history;accepted_location_evidence;manual_review,accepted_linkedin_profile;current_role_location;linkedin;manual
src-24834a682237,https://linkedin.com/in/dauren-muratov-28760a209,linkedin.com,linkedin,1,1,0,0,0,0,1,review_rejection,manual
src-e8339b2cc4c8,https://linkedin.com/in/dauren-muratov-abiroy-428994253,linkedin.com,linkedin,1,1,0,0,0,0,1,review_rejection,manual
src-ddae4121885e,https://linkedin.com/in/david-li-6a3472249,linkedin.com,linkedin,1,1,0,0,0,0,1,review_rejection,manual
src-ac76ff069fd2,https://linkedin.com/in/david-li-berkeley,linkedin.com,linkedin,1,1,0,0,0,0,1,review_rejection,manual
src-6aac80988ce7,https://linkedin.com/in/davidli12,linkedin.com,linkedin,1,1,0,0,0,0,1,review_rejection,manual
src-710ca74e048a,https://linkedin.com/in/davidshuenli,linkedin.com,linkedin,1,1,0,0,0,0,1,review_rejection,manual
src-e16192c668cb,https://linkedin.com/in/denis-ovchinnikov,linkedin.com,linkedin,1,1,0,0,0,0,1,review_rejection,manual
src-169d05685d13,https://linkedin.com/in/denis-ovchinnikov-36011016b,linkedin.com,linkedin,1,1,0,0,0,0,1,review_rejection,manual
src-cb7194b8586a,https://linkedin.com/in/denis-ovchinnikov-412250304,linkedin.com,linkedin,1,1,0,0,0,0,1,review_rejection,manual
src-6eec726d9f1c,https://linkedin.com/in/denis-ovchinnikov-827181187,linkedin.com,linkedin,1,1,0,0,0,0,1,review_rejection,manual
src-6088aa688877,https://linkedin.com/in/denis-utkin-1449b9200,linkedin.com,linkedin,1,1,0,0,0,0,1,review_rejection,manual
src-50507731aa2a,https://linkedin.com/in/denis-utkin-32682384,linkedin.com,linkedin,1,1,0,0,0,0,1,review_rejection,manual
src-808d3fe663d3,https://linkedin.com/in/dias-suleimenov-23888828b,linkedin.com,linkedin,8,1,2,6,0,0,0,accepted_affiliation_history;manual_review,accepted_linkedin_profile;linkedin;manual;manual_review
src-b94b19114985,https://linkedin.com/in/diass24,linkedin.com,linkedin,1,1,0,0,0,0,1,review_rejection,manual
src-db5f9f82f237,https://linkedin.com/in/dinmukhammed-nurbek,linkedin.com,linkedin,8,1,1,7,0,0,0,accepted_affiliation_history;accepted_location_evidence;manual_review,accepted_linkedin_profile;current_role_location;linkedin;manual
src-59d7b5fdeb2d,https://linkedin.com/in/dinmukhammed-omar-4461a5355,linkedin.com,linkedin,1,1,0,0,0,0,1,review_rejection,manual
src-09aa3dc11d60,https://linkedin.com/in/dinmukhammed-omar-837687253,linkedin.com,linkedin,1,1,0,0,0,0,1,review_rejection,manual
src-86a5c359be93,https://linkedin.com/in/dinmukhammedomar,linkedin.com,linkedin,5,1,1,4,0,0,0,accepted_affiliation_history;manual_review,accepted_linkedin_profile;linkedin;manual
src-d79e8dfce5c6,https://linkedin.com/in/diyar-mailepessov-5828b722,linkedin.com,linkedin,6,1,1,5,0,0,0,accepted_affiliation_history;manual_review,accepted_linkedin_profile;linkedin;manual
src-b5a59e2d1bf1,https://linkedin.com/in/dmitriy-dolzhnikov-7a874037,linkedin.com,linkedin,11,1,0,11,0,0,0,accepted_affiliation_history;accepted_location_evidence;manual_review,accepted_linkedin_profile;current_role_location;linkedin
src-5c636329bdb6,https://linkedin.com/in/dohchuk,linkedin.com,linkedin,9,1,2,7,0,0,0,accepted_affiliation_history;accepted_location_evidence;manual_review,accepted_linkedin_profile;current_role_location;linkedin;manual;manual_review
src-cfb4154d8cb4,https://linkedin.com/in/dulat-azhibek-31417557,linkedin.com,linkedin,16,1,1,15,0,0,0,accepted_affiliation_history;accepted_location_evidence;manual_review,accepted_linkedin_profile;current_role_location;linkedin;manual
src-c7cd9749a2e5,https://linkedin.com/in/erel3,linkedin.com,linkedin,1,1,0,0,0,0,1,review_rejection,manual
src-c76b26bc8f81,https://linkedin.com/in/fetullakh-sam-108a08225,linkedin.com,linkedin,5,1,2,3,0,0,0,accepted_affiliation_history;manual_review,accepted_linkedin_profile;linkedin;manual;manual_review
src-45558d7ee29b,https://linkedin.com/in/fracta1l,linkedin.com,linkedin,12,1,2,10,0,0,0,accepted_affiliation_history;accepted_location_evidence;manual_review,accepted_linkedin_profile;current_role_location;linkedin;manual
src-d0b07553e456,https://linkedin.com/in/gaukhar-alina,linkedin.com,linkedin,11,1,1,10,0,0,0,accepted_affiliation_history;accepted_location_evidence;manual_review,accepted_linkedin_profile;current_role_location;linkedin;manual
src-c268e8712390,https://linkedin.com/in/guldana-abdualiyeva-9a681080,linkedin.com,linkedin,1,1,0,0,0,0,1,review_rejection,manual
src-fe2fa4083c4d,https://linkedin.com/in/hcps42,linkedin.com,linkedin,5,1,2,3,0,0,0,accepted_affiliation_history;manual_review,accepted_linkedin_profile;linkedin;manual;manual_review
src-b0a4b2a0e801,https://linkedin.com/in/hypuk,linkedin.com,linkedin,12,1,1,11,0,0,0,accepted_affiliation_history;accepted_location_evidence;manual_review,accepted_linkedin_profile;current_role_location;linkedin;manual
src-209f3fb95a65,https://linkedin.com/in/iamangeldi,linkedin.com,linkedin,1,1,0,0,0,0,1,review_rejection,manual
src-020a35c48f52,https://linkedin.com/in/islam-amangeldi-258928210,linkedin.com,linkedin,1,1,0,0,0,0,1,review_rejection,manual
src-5a120272ae3e,https://linkedin.com/in/iurii-ten92,linkedin.com,linkedin,1,1,0,0,0,0,1,review_rejection,manual
src-a3096a4b1302,https://linkedin.com/in/kabylda,linkedin.com,linkedin,12,1,1,11,0,0,0,accepted_affiliation_history;accepted_location_evidence;manual_review,accepted_linkedin_profile;current_role_location;linkedin;manual
src-9f94e44937d4,https://linkedin.com/in/kairat-zhubayev-150785174,linkedin.com,linkedin,12,1,2,10,0,0,0,accepted_affiliation_history;manual_review,accepted_linkedin_profile;linkedin;manual;manual_review
src-1fff7e5cbf7e,https://linkedin.com/in/kanat-satylkhanov-bb205080,linkedin.com,linkedin,2,1,0,2,0,0,0,accepted_affiliation_history;manual_review,accepted_linkedin_profile;linkedin
src-869b376398b8,https://linkedin.com/in/khafiz-zhumadil-8130571a6,linkedin.com,linkedin,11,1,1,10,0,0,0,accepted_affiliation_history;accepted_location_evidence;manual_review,accepted_linkedin_profile;current_role_location;linkedin;manual
src-e9dd9f3fa417,https://linkedin.com/in/khairosh,linkedin.com,linkedin,8,1,1,7,0,0,0,accepted_affiliation_history;accepted_location_evidence;manual_review,accepted_linkedin_profile;current_role_location;linkedin;manual
src-732f0c0a55b4,https://linkedin.com/in/khmadi,linkedin.com,linkedin,20,1,2,18,0,0,0,accepted_affiliation_history;manual_review,accepted_linkedin_profile;linkedin;manual
src-9c31e78d9da8,https://linkedin.com/in/kirill-kim-4bb3a8346,linkedin.com,linkedin,5,1,2,3,0,0,0,accepted_affiliation_history;manual_review,accepted_linkedin_profile;linkedin;manual;manual_review
src-2945ebce5743,https://linkedin.com/in/kirill-kim-67b160317,linkedin.com,linkedin,1,1,0,0,0,0,1,review_rejection,manual
src-105708d2dd74,https://linkedin.com/in/kirill-kim-9541a72a0,linkedin.com,linkedin,1,1,0,0,0,0,1,review_rejection,manual
src-2afd23c63a22,https://linkedin.com/in/kirill-panov-0a491a83,linkedin.com,linkedin,1,1,0,0,0,0,1,review_rejection,manual
src-551e11992b48,https://linkedin.com/in/kirill-panov-64b394206,linkedin.com,linkedin,1,1,0,0,0,0,1,review_rejection,manual
src-4b2416db03f9,https://linkedin.com/in/kirill-panov-b4716415b,linkedin.com,linkedin,1,1,0,0,0,0,1,review_rejection,manual
src-7f003f84ca74,https://linkedin.com/in/kirill-panov-b7664b162,linkedin.com,linkedin,1,1,0,0,0,0,1,review_rejection,manual
src-e21076089da9,https://linkedin.com/in/kirillmaerle,linkedin.com,linkedin,5,1,0,5,0,0,0,accepted_affiliation_history;accepted_location_evidence;manual_review,accepted_linkedin_profile;current_role_location;linkedin;manual_public_profile
src-98aae065ff7f,https://linkedin.com/in/kirillpan0v,linkedin.com,linkedin,1,1,0,0,0,0,1,review_rejection,manual
src-eeb1ffe122e9,https://linkedin.com/in/kuandyk-altynkhanov-9b591ba9,linkedin.com,linkedin,6,1,2,4,0,0,0,accepted_affiliation_history;manual_review,accepted_linkedin_profile;linkedin;manual;manual_review
src-4ac102280b78,https://linkedin.com/in/mansur-taimas,linkedin.com,linkedin,6,1,2,4,0,0,0,accepted_affiliation_history;manual_review,accepted_linkedin_profile;linkedin;manual;manual_review
src-9ceb11471ff8,https://linkedin.com/in/mansurmukimbekov,linkedin.com,linkedin,10,1,2,8,0,0,0,accepted_affiliation_history;accepted_location_evidence;manual_review,accepted_linkedin_profile;current_role_location;linkedin;manual
src-c4e16c829368,https://linkedin.com/in/maxim-mukashev-73a18827,linkedin.com,linkedin,5,1,0,5,0,0,0,accepted_affiliation_history;accepted_location_evidence;manual_review,accepted_linkedin_profile;current_role_location;linkedin
src-e4125667e26c,https://linkedin.com/in/maxim-shpilkin,linkedin.com,linkedin,13,1,1,12,0,0,0,accepted_affiliation_history;manual_review,accepted_linkedin_profile;linkedin;manual;manual_review
src-8766dc0fdded,https://linkedin.com/in/maxim-tsoy-138046135,linkedin.com,linkedin,1,1,0,0,0,0,1,review_rejection,manual
src-88c258f507b9,https://linkedin.com/in/maxim-tsoy-4b000a61,linkedin.com,linkedin,1,1,0,0,0,0,1,review_rejection,manual
src-6cf4dee49771,https://linkedin.com/in/maxim-tsoy-93a91321,linkedin.com,linkedin,1,1,0,0,0,0,1,review_rejection,manual
src-0038f53bc1e5,https://linkedin.com/in/maxim-yerokhin-b4881529,linkedin.com,linkedin,1,1,0,0,0,0,1,review_rejection,manual
src-b8c158146362,https://linkedin.com/in/maximtsoy,linkedin.com,linkedin,1,1,0,0,0,0,1,review_rejection,manual
src-ff984649e47c,https://linkedin.com/in/meirambek77,linkedin.com,linkedin,9,1,2,7,0,0,0,accepted_affiliation_history;accepted_location_evidence;manual_review,accepted_linkedin_profile;current_role_location;linkedin;manual
src-fe84f320f6d0,https://linkedin.com/in/mikhail-okhin-109129148,linkedin.com,linkedin,18,1,2,16,0,0,0,accepted_affiliation_history;accepted_location_evidence;manual_review,accepted_linkedin_profile;current_role_location;linkedin;manual
src-485953c1193d,https://linkedin.com/in/miras-myrzakerey-b37529101,linkedin.com,linkedin,6,1,1,5,0,0,0,accepted_affiliation_history;manual_review,accepted_linkedin_profile;linkedin;manual
src-99a783999a5e,https://linkedin.com/in/nasharov-askar-bb397466,linkedin.com,linkedin,7,1,1,6,0,0,0,accepted_affiliation_history;accepted_location_evidence;manual_review,accepted_linkedin_profile;current_role_location;linkedin;manual;manual_profile_transcription;manual_review
src-5a9fd5a2de09,https://linkedin.com/in/nurbol-kissembayev-44017720,linkedin.com,linkedin,4,1,0,4,0,0,0,accepted_affiliation_history;manual_review,accepted_linkedin_profile;linkedin;manual_public_profile
src-d11a8bf6a3b1,https://linkedin.com/in/nurdaulet-og,linkedin.com,linkedin,1,1,0,0,0,0,1,review_rejection,manual
src-bfb125f656e5,https://linkedin.com/in/nurgali-arystanov-07548042,linkedin.com,linkedin,15,1,1,14,0,0,0,accepted_affiliation_history;manual_review,accepted_linkedin_profile;linkedin;manual;manual_review
src-3e930108cd1b,https://linkedin.com/in/nurgul-yegenbergenova-395548347,linkedin.com,linkedin,3,1,0,3,0,0,0,accepted_affiliation_history;manual_review,accepted_linkedin_profile;linkedin
src-d86879ad1a34,https://linkedin.com/in/nurislam-tursynbek-0a8620ab,linkedin.com,linkedin,2,1,0,2,0,0,0,accepted_affiliation_history;manual_review,accepted_linkedin_profile;linkedin
src-707c04c8fe92,https://linkedin.com/in/nurlan-algashov,linkedin.com,linkedin,4,1,0,4,0,0,0,accepted_affiliation_history;manual_review,accepted_linkedin_profile;linkedin;manual_public_profile
src-310a514325e7,https://linkedin.com/in/nurlybek-sulaimanov-387201245,linkedin.com,linkedin,8,1,1,7,0,0,0,accepted_affiliation_history;accepted_location_evidence;manual_review,accepted_linkedin_profile;current_role_location;linkedin;manual
src-bd8b7ccdbfa9,https://linkedin.com/in/nursultan-pansat-6b0559210,linkedin.com,linkedin,7,1,2,5,0,0,0,accepted_affiliation_history;manual_review,accepted_linkedin_profile;linkedin;manual;manual_review
src-3755a765f48e,https://linkedin.com/in/oleg-obukhovich-aa3a4a256,linkedin.com,linkedin,1,1,0,0,0,0,1,review_rejection,manual
src-f8125c94a93a,https://linkedin.com/in/pavel-levchenko,linkedin.com,linkedin,1,1,0,0,0,0,1,review_rejection,manual
src-457c58e071b0,https://linkedin.com/in/pavel-levchenko-b1058835b,linkedin.com,linkedin,1,1,0,0,0,0,1,review_rejection,manual
src-07c8e61db69e,https://linkedin.com/in/pavel-levchenko-ecologist,linkedin.com,linkedin,1,1,0,0,0,0,1,review_rejection,manual
src-82c454158009,https://linkedin.com/in/pavel-levchenko-it,linkedin.com,linkedin,1,1,0,0,0,0,1,review_rejection,manual
src-7f3b12a0c274,https://linkedin.com/in/pkyzyrkanov,linkedin.com,linkedin,10,1,2,8,0,0,0,accepted_affiliation_history;manual_review,accepted_linkedin_profile;linkedin;manual
src-97e9f44ca141,https://linkedin.com/in/raiymbek-akshulakov,linkedin.com,linkedin,15,1,0,15,0,0,0,accepted_affiliation_history;manual_review,accepted_linkedin_profile;linkedin
src-f65bd7204073,https://linkedin.com/in/raiymbek-baishuak-6a1892245,linkedin.com,linkedin,6,1,2,4,0,0,0,accepted_affiliation_history;manual_review,accepted_linkedin_profile;linkedin;manual;manual_review
src-e9aefbf44ea4,https://linkedin.com/in/rashid-amirov-400b1b,linkedin.com,linkedin,1,1,0,0,0,0,1,review_rejection,manual
src-006a4dbcc14c,https://linkedin.com/in/rashid-amirov-6b8031250,linkedin.com,linkedin,1,1,0,0,0,0,1,review_rejection,manual
src-5778bd3ad78d,https://linkedin.com/in/rashid-amirov-97a6402a6,linkedin.com,linkedin,1,1,0,0,0,0,1,review_rejection,manual
src-f394703e7da2,https://linkedin.com/in/rashidamirov,linkedin.com,linkedin,7,1,0,7,0,0,0,accepted_affiliation_history;accepted_location_evidence;manual_review,accepted_linkedin_profile;current_role_location;linkedin
src-8eb438fcd76e,https://linkedin.com/in/renatshaimardanov,linkedin.com,linkedin,10,1,1,9,0,0,0,accepted_affiliation_history;manual_review,accepted_linkedin_profile;linkedin;manual;manual_review
src-1b216dff1032,https://linkedin.com/in/rinat-ilyussizov-4b1b9b290,linkedin.com,linkedin,10,1,2,8,0,0,0,accepted_affiliation_history;manual_review,accepted_linkedin_profile;linkedin;manual
src-dacba67a5fa3,https://linkedin.com/in/roman-kogay-43566a204,linkedin.com,linkedin,1,1,0,0,0,0,1,review_rejection,manual
src-b54ad0fdbee4,https://linkedin.com/in/roman-kogay-b981a913b,linkedin.com,linkedin,1,1,0,0,0,0,1,review_rejection,manual
src-9dd4e99835a7,https://linkedin.com/in/roman-langolf,linkedin.com,linkedin,10,1,1,9,0,0,0,accepted_affiliation_history;manual_review,accepted_linkedin_profile;linkedin;manual
src-44d1551bbd41,https://linkedin.com/in/rustem-takhanov-7907149,linkedin.com,linkedin,10,1,1,9,0,0,0,accepted_affiliation_history;accepted_location_evidence;manual_review,accepted_linkedin_profile;current_role_location;linkedin;manual
src-edb669ac7360,https://linkedin.com/in/saken-dushayev-30095b204,linkedin.com,linkedin,12,1,1,11,0,0,0,accepted_affiliation_history;manual_review,accepted_linkedin_profile;linkedin;manual
src-ce16d8bc0461,https://linkedin.com/in/salamat-nuraliyev-6a24b613,linkedin.com,linkedin,10,1,1,9,0,0,0,accepted_affiliation_history;accepted_location_evidence;manual_review,accepted_linkedin_profile;current_role_location;linkedin;manual;manual_review
src-46a86b0227b9,https://linkedin.com/in/sanzhar-nurgaliyev-299437b0,linkedin.com,linkedin,1,1,0,0,0,0,1,review_rejection,manual
src-b1ba532a1660,https://linkedin.com/in/sanzhar-nurgaliyev-442491378,linkedin.com,linkedin,1,1,0,0,0,0,1,review_rejection,manual
src-bdbff9937f8a,https://linkedin.com/in/sanzhar-nurgaliyev-b277762b8,linkedin.com,linkedin,9,1,2,7,0,0,0,accepted_affiliation_history;manual_review,accepted_linkedin_profile;linkedin;manual;manual_review
src-5062d4aa1b63,https://linkedin.com/in/senivaser,linkedin.com,linkedin,4,1,1,3,0,0,0,accepted_affiliation_history;accepted_location_evidence;manual_review,accepted_linkedin_profile;current_role_location;linkedin;manual
src-960107149c9d,https://linkedin.com/in/shaimardanov-renat-b412a17a,linkedin.com,linkedin,1,1,0,0,0,0,1,review_rejection,manual
src-2eb65bcdcde2,https://linkedin.com/in/shirali-kadyrov-0731b6217,linkedin.com,linkedin,15,1,1,14,0,0,0,accepted_affiliation_history;accepted_location_evidence;manual_review,accepted_linkedin_profile;current_role_location;linkedin;manual
src-64bf6fe565ca,https://linkedin.com/in/sidorenko-andrey,linkedin.com,linkedin,1,1,0,0,0,0,1,review_rejection,manual
src-fabb69b48028,https://linkedin.com/in/skeeu,linkedin.com,linkedin,6,1,1,5,0,0,0,accepted_affiliation_history;accepted_location_evidence;manual_review,accepted_linkedin_profile;current_role_location;linkedin;manual
src-e4fdecc4e001,https://linkedin.com/in/taimas-korganbayev-a19b75211,linkedin.com,linkedin,9,1,2,7,0,0,0,accepted_affiliation_history;accepted_location_evidence;manual_review,accepted_linkedin_profile;current_role_location;linkedin;manual
src-13033f3743be,https://linkedin.com/in/temirlan-amangeldinov,linkedin.com,linkedin,9,1,1,8,0,0,0,accepted_affiliation_history;manual_review,accepted_linkedin_profile;linkedin;manual;manual_review
src-bd365438eda8,https://linkedin.com/in/temirlan-seidakhmetov-526a3a135,linkedin.com,linkedin,1,1,0,0,0,0,1,review_rejection,manual
src-44ca2e0f4ee3,https://linkedin.com/in/thevarp,linkedin.com,linkedin,1,1,0,0,0,0,1,review_rejection,manual
src-c37749850679,https://linkedin.com/in/timur-murat-3206b399,linkedin.com,linkedin,1,1,0,0,0,0,1,review_rejection,manual
src-e60167ccaf89,https://linkedin.com/in/tsoy-maxim,linkedin.com,linkedin,1,1,0,0,0,0,1,review_rejection,manual
src-33f5fb36ce0a,https://linkedin.com/in/vadim-murzin,linkedin.com,linkedin,1,1,0,0,0,0,1,review_rejection,manual
src-d9a5c7fcb92a,https://linkedin.com/in/van-li-238bba52,linkedin.com,linkedin,1,1,0,0,0,0,1,review_rejection,manual
src-905d161a6c86,https://linkedin.com/in/van-li-972a8a2b8,linkedin.com,linkedin,9,1,2,7,0,0,0,accepted_affiliation_history;accepted_location_evidence;manual_review,accepted_linkedin_profile;current_role_location;linkedin;manual
src-b01d8ec6ba7c,https://linkedin.com/in/viktorsossin,linkedin.com,linkedin,6,1,0,6,0,0,0,accepted_affiliation_history;accepted_location_evidence;manual_review,accepted_linkedin_profile;current_role_location;linkedin
src-d0b080aac23b,https://linkedin.com/in/vladcherd,linkedin.com,linkedin,11,1,1,10,0,0,0,accepted_affiliation_history;accepted_location_evidence;manual_review,accepted_linkedin_profile;current_role_location;linkedin;manual
src-6968f94d7205,https://linkedin.com/in/vladimir-bychkov-28519b13b,linkedin.com,linkedin,1,1,0,0,0,0,1,review_rejection,manual
src-64e095b8933a,https://linkedin.com/in/vladimir-dolzhnikov-95684017b,linkedin.com,linkedin,10,1,1,9,0,0,0,accepted_affiliation_history;accepted_location_evidence;manual_review,accepted_linkedin_profile;current_role_location;linkedin;manual
src-734e2fee933b,https://linkedin.com/in/vladimir-lim-94a1bb18a,linkedin.com,linkedin,1,1,0,0,0,0,1,review_rejection,manual
src-0252feb91051,https://linkedin.com/in/vladislav-cherdantsev-830a28214,linkedin.com,linkedin,1,1,0,0,0,0,1,review_rejection,manual
src-f106b4d7d740,https://linkedin.com/in/vyacheslav-li-21a93a260,linkedin.com,linkedin,1,1,0,0,0,0,1,review_rejection,manual
src-78edc0d97a5b,https://linkedin.com/in/vyacheslav-muravyev-a8506a152,linkedin.com,linkedin,1,1,0,0,0,0,1,review_rejection,manual
src-b8d00bcb8c4f,https://linkedin.com/in/yaroslav-aleksandrov,linkedin.com,linkedin,1,1,0,0,0,0,1,review_rejection,manual
src-e81a36d6888a,https://linkedin.com/in/yaroslav-alexandrov-31394b87,linkedin.com,linkedin,1,1,0,0,0,0,1,review_rejection,manual
src-18e5444f4d42,https://linkedin.com/in/yaroslav-alexandrov-4b1262145,linkedin.com,linkedin,1,1,0,0,0,0,1,review_rejection,manual
src-985e3b34249e,https://linkedin.com/in/yeldos-samalov-396a1666,linkedin.com,linkedin,9,1,1,8,0,0,0,accepted_affiliation_history;manual_review,accepted_linkedin_profile;linkedin;manual;manual_review
src-b888b821c89a,https://linkedin.com/in/yerkebulan-kambarov,linkedin.com,linkedin,1,1,0,0,0,0,1,review_rejection,manual
src-502cf1665a9e,https://linkedin.com/in/yerkebulan-kambarov-b32aa160,linkedin.com,linkedin,6,1,0,6,0,0,0,accepted_affiliation_history;accepted_location_evidence;manual_review,accepted_linkedin_profile;current_role_location;linkedin
src-eaa81f88d3d2,https://linkedin.com/in/yerlan-shaikhygali-437948222,linkedin.com,linkedin,1,1,0,0,0,0,1,review_rejection,manual
src-0bcf23ac04aa,https://linkedin.com/in/yernar-batyrzhanov-166028228,linkedin.com,linkedin,3,1,0,3,0,0,0,accepted_affiliation_history;manual_review,accepted_linkedin_profile;linkedin
src-0acf3b612472,https://linkedin.com/in/yernar-tursynbayev-a74556251,linkedin.com,linkedin,1,1,0,0,0,0,1,review_rejection,manual
src-b9070cf7d4ab,https://linkedin.com/in/yersultan-pitebay-81bb9a2bb,linkedin.com,linkedin,6,1,2,4,0,0,0,accepted_affiliation_history;manual_review,accepted_linkedin_profile;linkedin;manual;manual_review
src-d5ae4459d1a5,https://linkedin.com/in/yerzhigit-tulebekov-6096b180,linkedin.com,linkedin,4,1,0,4,0,0,0,accepted_affiliation_history;manual_review,accepted_linkedin_profile;linkedin;manual_public_profile
src-1b77cbe8b1eb,https://linkedin.com/in/ysten,linkedin.com,linkedin,1,1,0,0,0,0,1,review_rejection,manual
src-b12a09dd8f88,https://linkedin.com/in/yuriy-kudryavtsev-990a33b8,linkedin.com,linkedin,1,1,0,0,0,0,1,review_rejection,manual
src-606542305e23,https://linkedin.com/in/yuriy-ten-862119125,linkedin.com,linkedin,1,1,0,0,0,0,1,review_rejection,manual
src-bbc90d7f72df,https://linkedin.com/in/zaitsev-alexander-nullptr,linkedin.com,linkedin,1,1,0,0,0,0,1,review_rejection,manual
src-b440fb69f18f,https://linkedin.com/in/zdatbayev,linkedin.com,linkedin,16,1,2,14,0,0,0,accepted_affiliation_history;accepted_location_evidence;manual_review,accepted_linkedin_profile;current_role_location;linkedin;manual
src-132075c2d12c,https://linkedin.com/in/zhalgasserimbetov,linkedin.com,linkedin,11,1,2,9,0,0,0,accepted_affiliation_history;accepted_location_evidence;manual_review,accepted_linkedin_profile;current_role_location;linkedin;manual
src-01e7ef85f6b5,https://linkedin.com/in/zhamaliddin-kalzhan,linkedin.com,linkedin,11,1,1,10,0,0,0,accepted_affiliation_history;accepted_location_evidence;manual_review,accepted_linkedin_profile;current_role_location;linkedin;manual
src-70c70e1351ab,https://linkedin.com/in/zhambyl-maksotov,linkedin.com,linkedin,4,1,1,3,0,0,0,accepted_affiliation_history;manual_review,accepted_linkedin_profile;linkedin;manual;manual_review
src-c93f4227b7fb,https://linkedin.com/in/zhanadil,linkedin.com,linkedin,10,1,2,8,0,0,0,accepted_affiliation_history;accepted_location_evidence;manual_review,accepted_linkedin_profile;current_role_location;linkedin;manual
src-93bc43a2791f,https://linkedin.com/in/zhaslan-baraissov-5460b1151,linkedin.com,linkedin,6,1,1,5,0,0,0,accepted_affiliation_history;manual_review,accepted_linkedin_profile;linkedin;manual;manual_review
src-4fdd06d1f4cd,https://linkedin.com/in/zhassulan-binazar-294bb7146,linkedin.com,linkedin,6,1,0,6,0,0,0,accepted_affiliation_history;accepted_location_evidence;manual_review,accepted_linkedin_profile;current_role_location;linkedin;manual_public_profile
src-f0aa41693d98,https://matol.kz/results/235,matol.kz,web_page,1,1,0,1,0,0,0,accepted_affiliation_history,olympiad_school_record
src-ce5c57c7c3c3,https://mbzuai.ac.ae/about/contact/,mbzuai.ac.ae,web_page,2,2,0,2,0,0,0,accepted_location_evidence,current_education_location
src-01b1f15392e4,https://medium.com/%40tima103/how-to-get-more-paying-users-with-user-friendly-paywall-part-ii-8e09766f62eb,medium.com,web_page,2,1,1,1,0,0,0,accepted_affiliation_history;manual_review,manual;manual_review
src-e0bc977f58a3,https://mephi.ru/content/news/1387/64172,mephi.ru,web_page,1,1,0,1,0,0,0,accepted_affiliation_history,official_university_record
src-b55d24b5ee78,https://microelectronics.tudelft.nl/~ilke/research.html,microelectronics.tudelft.nl,web_page,1,1,0,1,0,0,0,accepted_affiliation_history,academic_collaborator_profile
src-2a9d696f5c9f,https://mirror.akorda.kz/ru/executive_office/executive_office_stucture,mirror.akorda.kz,web_page,3,1,1,2,0,0,0,accepted_affiliation_history;accepted_location_evidence;manual_review,career_source_location;manual;manual_review
src-2fc2cbe341d2,https://nauchforum.ru/archive/studjournal/17%28153_3%29.pdf,nauchforum.ru,pdf,1,1,0,1,0,0,0,accepted_affiliation_history,academic_author_affiliation
src-0628a26e79ca,https://nazymaltbridge.substack.com/p/welcome-to-altbridge,nazymaltbridge.substack.com,web_page,2,1,1,1,0,0,0,accepted_affiliation_history;manual_review,manual;manual_review
src-7ddc1d02cbec,https://news.itmo.ru/ru/archive/news/5089/,news.itmo.ru,web_page,1,1,0,1,0,0,0,accepted_affiliation_history,institutional_student_profile
src-b5db9260f656,https://nfactorialai.com/,nfactorialai.com,web_page,2,1,1,1,0,0,0,accepted_affiliation_history;manual_review,manual;manual_review
src-60ec54143394,https://nitec.kz/index.php/en/kontakty/central-office,nitec.kz,web_page,2,1,1,1,0,0,0,accepted_affiliation_history;manual_review,manual;manual_review
src-806e948c98a1,https://nl.linkedin.com/in/vyacheslav-li,nl.linkedin.com,linkedin,9,1,1,8,0,0,0,accepted_affiliation_history;accepted_location_evidence;manual_review,accepted_linkedin_profile;current_role_location;linkedin;manual
src-1b06af578c08,https://nu.edu.kz/en/about/contacts,nu.edu.kz,web_page,5,5,0,5,0,0,0,accepted_location_evidence,current_education_location
src-ef8fbe838ecc,https://nu.edu.kz/news-kk/memleket-basshysy-nu-dyng-toert-stwdentin-zhetistikterimen-quttyqtady-2/,nu.edu.kz,web_page,3,1,1,2,0,0,0,accepted_affiliation_history;accepted_location_evidence;manual_review,active_affiliation_profile_location;manual;manual_review
src-330c893d8386,https://nur.nu.edu.kz/items/8090871a-9f4d-492d-9232-0ee28a046e58,nur.nu.edu.kz,web_page,2,1,1,1,0,0,0,accepted_affiliation_history;manual_review,manual;manual_review
src-28c0b5907939,https://nur.nu.edu.kz/items/85ec681a-74c3-4778-8625-0dd7b27b5ab1,nur.nu.edu.kz,web_page,1,1,0,1,0,0,0,accepted_affiliation_history,official_university_repository
src-f9ee85d10955,https://nur.nu.edu.kz/items/86a10e4c-8685-4d44-b3d3-7d8c00c39682,nur.nu.edu.kz,web_page,2,1,1,1,0,0,0,accepted_affiliation_history;manual_review,manual;manual_review
src-3e9e6eb11598,https://nurorda.edu.kz/en/about/media/news/slug-6ew3h0Z5g6YuO57YLLcEMjVYpFxgCABj,nurorda.edu.kz,web_page,2,1,1,1,0,0,0,accepted_affiliation_history;manual_review,manual;manual_review
src-3e381f3e3f4c,https://ogarev-online.ru/1071-2836/article/view/248844,ogarev-online.ru,web_page,1,1,0,1,0,0,0,accepted_affiliation_history,journal_affiliation
src-568c323e7467,https://oidb.isparta.edu.tr/assets/uploads/sites/73/files/2016-guz-kurumlar-arasi-yatay-gecis.pdf,oidb.isparta.edu.tr,pdf,2,1,0,2,0,0,0,accepted_affiliation_history,official_university_transfer_record
src-519b60a11ad7,https://old.kase.kz/files/emitters/FHJI/fhji_af_3_2024.pdf,old.kase.kz,pdf,1,1,0,1,0,0,0,accepted_affiliation_history,regulated_issuer_disclosure
src-05040561425f,https://old.mipt.ru/en/about/general/contacts/way.php,old.mipt.ru,web_page,1,1,0,1,0,0,0,accepted_location_evidence,current_education_location
src-b80105ebcc7f,https://onpointanalytics.com/staff/alibek-aldangarov/,onpointanalytics.com,web_page,2,1,1,1,0,0,0,accepted_affiliation_history;manual_review,manual;manual_review
src-f777b8592620,https://opac.dbu.de/ab/DBU-Abschlussbericht-AZ-33891_01.pdf,opac.dbu.de,pdf,1,1,0,1,0,0,0,accepted_affiliation_history,project_report_affiliation
src-df38cdbd4745,https://openalex.org/A5000781420,openalex.org,structured_profile,3,1,0,0,0,3,0,structured_affiliation;structured_identity,openalex
src-5e5cbfc715a1,https://openalex.org/A5002212308,openalex.org,structured_profile,3,1,0,0,0,3,0,structured_affiliation;structured_identity,openalex
src-c38f415d5d41,https://openalex.org/A5003329876,openalex.org,structured_profile,3,1,0,1,0,2,0,accepted_affiliation_history;structured_affiliation;structured_identity,accepted_openalex;openalex
src-29eacc512088,https://openalex.org/A5004694719,openalex.org,structured_profile,2,1,0,0,0,2,0,structured_affiliation;structured_identity,openalex
src-37bba3407506,https://openalex.org/A5004741842,openalex.org,structured_profile,2,1,0,0,0,2,0,structured_affiliation;structured_identity,openalex
src-89fccbc74639,https://openalex.org/A5009913548,openalex.org,structured_profile,2,1,0,0,0,2,0,structured_affiliation;structured_identity,openalex
src-5879480ed892,https://openalex.org/A5015103840,openalex.org,structured_profile,11,1,0,5,0,6,0,accepted_affiliation_history;structured_affiliation;structured_identity,accepted_openalex;openalex
src-39d17d04390d,https://openalex.org/A5020545419,openalex.org,structured_profile,2,1,0,0,0,2,0,structured_affiliation;structured_identity,openalex
src-f678b1b32a2d,https://openalex.org/A5024573934,openalex.org,structured_profile,6,1,0,0,6,0,0,structured_affiliation;structured_identity,openalex
src-1fd2269caaaa,https://openalex.org/A5026802548,openalex.org,structured_profile,3,1,0,0,0,0,3,review_rejection;structured_affiliation;structured_identity,manual;openalex
src-23327fe99623,https://openalex.org/A5029144735,openalex.org,structured_profile,19,1,0,9,0,10,0,accepted_affiliation_history;structured_affiliation;structured_identity,accepted_openalex;openalex
src-a67a6e1e4832,https://openalex.org/A5029285634,openalex.org,structured_profile,16,1,0,7,0,9,0,accepted_affiliation_history;structured_affiliation;structured_identity,accepted_openalex;openalex
src-a22198af5c7a,https://openalex.org/A5030915482,openalex.org,structured_profile,5,1,0,0,0,5,0,structured_affiliation;structured_identity,openalex
src-4fa5dc704d15,https://openalex.org/A5035341026,openalex.org,structured_profile,1,1,0,0,0,1,0,structured_identity,openalex
src-bc1407881e67,https://openalex.org/A5036903906,openalex.org,structured_profile,3,1,0,0,0,0,3,review_rejection;structured_affiliation;structured_identity,manual;openalex
src-cfb666df45df,https://openalex.org/A5037933693,openalex.org,structured_profile,2,1,0,0,0,0,2,review_rejection;structured_identity,manual;openalex
src-ff5bc68c72e9,https://openalex.org/A5038381260,openalex.org,structured_profile,10,1,0,0,0,10,0,structured_affiliation;structured_identity,openalex
src-868e0444c7d3,https://openalex.org/A5041419575,openalex.org,structured_profile,5,1,0,0,0,5,0,structured_affiliation;structured_identity,openalex
src-d49e16a1da9d,https://openalex.org/A5044903043,openalex.org,structured_profile,3,1,0,0,3,0,0,structured_affiliation;structured_identity,openalex
src-4d26eb797bd3,https://openalex.org/A5047394178,openalex.org,structured_profile,3,1,0,0,0,0,3,review_rejection;structured_affiliation;structured_identity,manual;openalex
src-baa54d34b07c,https://openalex.org/A5047480355,openalex.org,structured_profile,3,1,0,0,0,0,3,review_rejection;structured_affiliation;structured_identity,manual;openalex
src-16413d568664,https://openalex.org/A5048344015,openalex.org,structured_profile,9,1,0,0,0,0,9,review_rejection;structured_affiliation;structured_identity,manual;openalex
src-71252791bff6,https://openalex.org/A5056460773,openalex.org,structured_profile,3,1,0,0,0,0,3,review_rejection;structured_affiliation;structured_identity,manual;openalex
src-50125e0bd6d7,https://openalex.org/A5056714187,openalex.org,structured_profile,3,1,0,0,0,3,0,structured_affiliation;structured_identity,openalex
src-85f3ff94c33a,https://openalex.org/A5056921340,openalex.org,structured_profile,5,1,0,2,0,3,0,accepted_affiliation_history;structured_affiliation;structured_identity,accepted_openalex;openalex
src-f0a03a1bfc4f,https://openalex.org/A5056926393,openalex.org,structured_profile,2,1,0,0,0,2,0,structured_affiliation;structured_identity,openalex
src-4f676dce4f45,https://openalex.org/A5062874394,openalex.org,structured_profile,2,1,0,0,0,2,0,structured_affiliation;structured_identity,openalex
src-8e50f042cf3d,https://openalex.org/A5064386650,openalex.org,structured_profile,3,1,0,0,0,3,0,structured_affiliation;structured_identity,openalex
src-4fc5352f3e98,https://openalex.org/A5064536910,openalex.org,structured_profile,2,1,0,0,0,2,0,structured_affiliation;structured_identity,openalex
src-28ea40dcb453,https://openalex.org/A5073070441,openalex.org,structured_profile,7,1,0,3,4,0,0,accepted_affiliation_history;structured_affiliation;structured_identity,accepted_openalex;openalex
src-ff85c2e80dc5,https://openalex.org/A5076354693,openalex.org,structured_profile,3,1,0,0,0,3,0,structured_affiliation;structured_identity,openalex
src-cb3ca79e413d,https://openalex.org/A5085884395,openalex.org,structured_profile,1,1,0,0,0,1,0,structured_identity,openalex
src-df9c6bf88fa1,https://openalex.org/A5090872106,openalex.org,structured_profile,2,1,0,0,0,2,0,structured_affiliation;structured_identity,openalex
src-2b7479e77b00,https://openalex.org/A5097357477,openalex.org,structured_profile,1,1,0,0,0,1,0,structured_identity,openalex
src-79bf59f50a6c,https://openalex.org/A5102067479,openalex.org,structured_profile,4,1,0,0,4,0,0,structured_affiliation;structured_identity,openalex
src-524332dda34d,https://openalex.org/A5112917287,openalex.org,structured_profile,9,1,1,4,4,0,0,accepted_affiliation_history;structured_affiliation;structured_identity,accepted_openalex;openalex
src-aa0cc9330e3a,https://openalex.org/A5112934830,openalex.org,structured_profile,5,1,0,0,0,0,5,review_rejection;structured_affiliation;structured_identity,manual;openalex
src-5c715662d41a,https://openalex.org/A5115426679,openalex.org,structured_profile,2,1,0,0,0,2,0,structured_affiliation;structured_identity,openalex
src-083ea69be11a,https://openalex.org/A5117167709,openalex.org,structured_profile,3,1,0,0,0,0,3,review_rejection;structured_affiliation;structured_identity,manual;openalex
src-fa1cc2067914,https://openalex.org/A5118766857,openalex.org,structured_profile,1,1,0,0,0,1,0,structured_identity,openalex
src-cb9b016f56de,https://openalex.org/A5128444948,openalex.org,structured_profile,2,1,0,0,0,2,0,structured_affiliation;structured_identity,openalex
src-3a6d9adb5975,https://openalex.org/A5132268199,openalex.org,structured_profile,1,1,0,0,0,1,0,structured_identity,openalex
src-abe6db8c484c,https://openalex.org/A5134663196,openalex.org,structured_profile,1,1,0,0,1,0,0,structured_identity,openalex
src-a1d858658381,https://openalex.org/A5140608942,openalex.org,structured_profile,1,1,0,0,0,1,0,structured_identity,openalex
src-398d13965e7a,https://openalex.org/A5143710020,openalex.org,structured_profile,1,1,0,0,0,1,0,structured_identity,openalex
src-14ace568f6d5,https://openalex.org/A5144281248,openalex.org,structured_profile,1,1,0,0,1,0,0,structured_identity,openalex
src-297233e003ab,https://openalex.org/A5144353130,openalex.org,structured_profile,1,1,0,0,1,0,0,structured_identity,openalex
src-5370483fce0b,https://openreview.net/profile?id=~David_Li1,openreview.net,web_page,2,1,1,1,0,0,0,accepted_affiliation_history;manual_review,manual;manual_review
src-7c0b09067447,https://oq.gov.kz/en/qazalemnews/441,oq.gov.kz,web_page,1,1,1,0,0,0,0,manual_review,manual
src-7dbda5cbc8fc,https://orcid.org/0000-0001-5188-9143,orcid.org,structured_profile,1,1,0,0,0,1,0,structured_identity,orcid
src-9a565d90df40,https://orcid.org/0000-0001-5221-1334,orcid.org,structured_profile,4,1,0,0,0,4,0,structured_affiliation;structured_identity,orcid
src-0efb05bf62fd,https://orcid.org/0000-0001-5292-0667,orcid.org,structured_profile,2,1,0,0,2,0,0,structured_affiliation;structured_identity,orcid
src-26aec28e60fc,https://orcid.org/0000-0001-5959-5254,orcid.org,structured_profile,1,1,0,0,0,1,0,structured_identity,orcid
src-4ba1c422e550,https://orcid.org/0000-0001-5974-6753,orcid.org,structured_profile,1,1,0,0,0,1,0,structured_identity,orcid
src-27715c3caaa6,https://orcid.org/0000-0001-5975-0322,orcid.org,structured_profile,9,1,0,4,0,5,0,accepted_affiliation_history;structured_affiliation;structured_identity,accepted_orcid;orcid
src-cbf93ae9df88,https://orcid.org/0000-0001-5996-2296,orcid.org,structured_profile,2,1,0,0,2,0,0,structured_affiliation;structured_identity,orcid
src-b728d31dc777,https://orcid.org/0000-0001-6068-035X,orcid.org,structured_profile,2,1,0,0,0,0,2,review_rejection;structured_identity,manual;orcid
src-026390429df2,https://orcid.org/0000-0001-6181-572X,orcid.org,structured_profile,1,1,0,0,0,1,0,structured_identity,orcid
src-a7eee4d15149,https://orcid.org/0000-0001-6239-6782,orcid.org,structured_profile,1,1,0,0,1,0,0,structured_identity,orcid
src-83134338828e,https://orcid.org/0000-0001-6334-1441,orcid.org,structured_profile,1,1,0,0,0,1,0,structured_identity,orcid
src-36444bec487a,https://orcid.org/0000-0001-6553-8133,orcid.org,structured_profile,1,1,0,0,1,0,0,structured_identity,orcid
src-4865a6f69107,https://orcid.org/0000-0001-6563-802X,orcid.org,structured_profile,17,1,0,8,0,9,0,accepted_affiliation_history;structured_affiliation;structured_identity,accepted_orcid;orcid
src-9e6043eaf1ec,https://orcid.org/0000-0001-6663-0310,orcid.org,structured_profile,1,1,0,0,0,1,0,structured_identity,orcid
src-8cf5a9626fdb,https://orcid.org/0000-0001-6680-8764,orcid.org,structured_profile,1,1,0,0,0,1,0,structured_identity,orcid
src-4ba0245ec48d,https://orcid.org/0000-0001-6703-7965,orcid.org,structured_profile,1,1,0,0,0,1,0,structured_identity,orcid
src-afb7defd3ce3,https://orcid.org/0000-0001-6757-5587,orcid.org,structured_profile,1,1,0,0,1,0,0,structured_identity,orcid
src-7f32d9858b31,https://orcid.org/0000-0001-6823-5269,orcid.org,structured_profile,13,1,0,6,0,7,0,accepted_affiliation_history;structured_affiliation;structured_identity,accepted_orcid;orcid
src-192d94078f21,https://orcid.org/0000-0001-6948-1154,orcid.org,structured_profile,1,1,0,0,0,1,0,structured_identity,orcid
src-ca12d5c1d68f,https://orcid.org/0000-0001-7134-5370,orcid.org,structured_profile,2,1,0,0,0,2,0,structured_affiliation;structured_identity,orcid
src-87b9c0bfd7a1,https://orcid.org/0000-0001-7188-5422,orcid.org,structured_profile,5,1,0,2,0,3,0,accepted_affiliation_history;structured_affiliation;structured_identity,accepted_orcid;orcid
src-0b59fcde354f,https://orcid.org/0000-0001-7382-7330,orcid.org,structured_profile,2,1,0,0,2,0,0,structured_affiliation;structured_identity,orcid
src-c931744e66e0,https://orcid.org/0000-0001-7405-8254,orcid.org,structured_profile,1,1,0,0,0,1,0,structured_identity,orcid
src-7f21a88ab4b6,https://orcid.org/0000-0001-7569-2548,orcid.org,structured_profile,1,1,0,0,0,1,0,structured_identity,orcid
src-aaba0f07afd6,https://orcid.org/0000-0001-7599-9240,orcid.org,structured_profile,1,1,0,0,1,0,0,structured_identity,orcid
src-3bd58cee54fc,https://orcid.org/0000-0001-7637-8649,orcid.org,structured_profile,1,1,0,0,0,1,0,structured_identity,orcid
src-3646b27bd80f,https://orcid.org/0000-0001-7711-9622,orcid.org,structured_profile,1,1,0,0,0,1,0,structured_identity,orcid
src-1547ee7d789d,https://orcid.org/0000-0001-7978-9558,orcid.org,structured_profile,1,1,0,0,0,1,0,structured_identity,orcid
src-3b6fa05c2eea,https://orcid.org/0000-0001-8119-6831,orcid.org,structured_profile,2,1,0,0,2,0,0,structured_affiliation;structured_identity,orcid
src-1b7ecef5924a,https://orcid.org/0000-0001-8206-2915,orcid.org,structured_profile,1,1,0,0,1,0,0,structured_identity,orcid
src-13094a95b8aa,https://orcid.org/0000-0001-8228-872X,orcid.org,structured_profile,1,1,0,0,0,1,0,structured_identity,orcid
src-a9535f70898a,https://orcid.org/0000-0001-8370-5556,orcid.org,structured_profile,3,1,0,0,3,0,0,structured_affiliation;structured_identity,orcid
src-cba0f92095a3,https://orcid.org/0000-0001-8603-0136,orcid.org,structured_profile,5,1,0,2,0,3,0,accepted_affiliation_history;structured_affiliation;structured_identity,accepted_openalex_orcid;openalex_orcid;orcid
src-1c931842a8f1,https://orcid.org/0000-0001-8631-3515,orcid.org,structured_profile,1,1,0,0,0,1,0,structured_identity,orcid
src-5495d397b322,https://orcid.org/0000-0001-8804-2333,orcid.org,structured_profile,1,1,0,0,1,0,0,structured_identity,orcid
src-85044ed43920,https://orcid.org/0000-0001-8924-2476,orcid.org,structured_profile,1,1,0,0,0,1,0,structured_identity,orcid
src-9260d743ee56,https://orcid.org/0000-0001-9313-2448,orcid.org,structured_profile,1,1,0,0,0,1,0,structured_identity,orcid
src-c929580a9b05,https://orcid.org/0000-0001-9316-1951,orcid.org,structured_profile,1,1,0,0,0,1,0,structured_identity,orcid
src-a783f7f1dba1,https://orcid.org/0000-0001-9350-984X,orcid.org,structured_profile,1,1,0,0,0,1,0,structured_identity,orcid
src-57e551bed225,https://orcid.org/0000-0001-9605-2523,orcid.org,structured_profile,5,1,0,0,0,5,0,structured_affiliation;structured_identity,orcid
src-e649a349eaae,https://orcid.org/0000-0001-9693-7487,orcid.org,structured_profile,3,1,1,1,1,0,0,accepted_affiliation_history;structured_affiliation;structured_identity,accepted_openalex_orcid;openalex_orcid;orcid
src-18a6972dc76b,https://orcid.org/0000-0002-0092-660X,orcid.org,structured_profile,1,1,0,0,0,1,0,structured_identity,orcid
src-b1dc0d293994,https://orcid.org/0000-0002-0253-9451,orcid.org,structured_profile,1,1,0,0,0,1,0,structured_identity,orcid
src-6a8743e710fc,https://orcid.org/0000-0002-0306-8866,orcid.org,structured_profile,1,1,0,0,0,1,0,structured_identity,orcid
src-cc541ede7a17,https://orcid.org/0000-0002-0335-3333,orcid.org,structured_profile,1,1,0,0,1,0,0,structured_identity,orcid
src-966b712273cf,https://orcid.org/0000-0002-0857-192X,orcid.org,structured_profile,1,1,0,0,1,0,0,structured_identity,orcid
src-4f9a8ea04d17,https://orcid.org/0000-0002-0974-6787,orcid.org,structured_profile,2,1,0,0,0,2,0,structured_affiliation;structured_identity,orcid
src-dabe192a436b,https://orcid.org/0000-0002-1028-8445,orcid.org,structured_profile,2,1,0,0,0,2,0,structured_affiliation;structured_identity,orcid
src-bd66f1e15af5,https://orcid.org/0000-0002-1151-1354,orcid.org,structured_profile,1,1,0,0,0,1,0,structured_identity,orcid
src-01d8cb84c212,https://orcid.org/0000-0002-1379-5389,orcid.org,structured_profile,3,1,0,0,0,3,0,structured_affiliation;structured_identity,orcid
src-c932fbe3d1e2,https://orcid.org/0000-0002-1493-9364,orcid.org,structured_profile,5,1,0,0,0,5,0,structured_affiliation;structured_identity,orcid
src-7af36d44d640,https://orcid.org/0000-0002-1784-2170,orcid.org,structured_profile,3,1,0,0,3,0,0,structured_affiliation;structured_identity,orcid
src-5a74d4d495d9,https://orcid.org/0000-0002-1944-562X,orcid.org,structured_profile,2,1,0,0,0,0,2,review_rejection;structured_identity,manual;orcid
src-b5c6717140a5,https://orcid.org/0000-0002-2018-982X,orcid.org,structured_profile,9,1,0,4,0,5,0,accepted_affiliation_history;structured_affiliation;structured_identity,accepted_orcid;orcid
src-7f1a3cea00be,https://orcid.org/0000-0002-2110-2167,orcid.org,structured_profile,3,1,0,1,0,2,0,accepted_affiliation_history;structured_affiliation;structured_identity,accepted_orcid;orcid
src-97a39d5ae6fb,https://orcid.org/0000-0002-2237-2812,orcid.org,structured_profile,1,1,0,0,1,0,0,structured_identity,orcid
src-fb20ba4741cc,https://orcid.org/0000-0002-2588-0759,orcid.org,structured_profile,1,1,0,0,0,1,0,structured_identity,orcid
src-b04748310cd7,https://orcid.org/0000-0002-2668-7184,orcid.org,structured_profile,1,1,0,0,0,1,0,structured_identity,orcid
src-c187c43146e9,https://orcid.org/0000-0002-2790-7126,orcid.org,structured_profile,17,1,0,8,0,9,0,accepted_affiliation_history;structured_affiliation;structured_identity,accepted_orcid;orcid
src-6b4020668334,https://orcid.org/0000-0002-2900-2830,orcid.org,structured_profile,1,1,0,0,0,1,0,structured_identity,orcid
src-9ed2f5234010,https://orcid.org/0000-0002-3093-5881,orcid.org,structured_profile,3,1,0,0,0,3,0,structured_affiliation;structured_identity,orcid
src-8dfef48b44f2,https://orcid.org/0000-0002-3187-6190,orcid.org,structured_profile,6,1,0,0,0,6,0,structured_affiliation;structured_identity,orcid
src-9a5501de414c,https://orcid.org/0000-0002-3215-3154,orcid.org,structured_profile,2,1,0,0,0,2,0,structured_affiliation;structured_identity,orcid
src-e1817918d831,https://orcid.org/0000-0002-3422-5043,orcid.org,structured_profile,1,1,0,0,0,1,0,structured_identity,orcid
src-03bfe738ed33,https://orcid.org/0000-0002-3563-2644,orcid.org,structured_profile,1,1,0,0,0,1,0,structured_identity,orcid
src-aecc399ae8ad,https://orcid.org/0000-0002-3631-121X,orcid.org,structured_profile,2,1,0,0,2,0,0,structured_affiliation;structured_identity,orcid
src-1a107860a04b,https://orcid.org/0000-0002-3893-2618,orcid.org,structured_profile,1,1,0,0,0,1,0,structured_identity,orcid
src-409812b52867,https://orcid.org/0000-0002-4104-8276,orcid.org,structured_profile,1,1,0,0,1,0,0,structured_identity,orcid
src-6635715920d3,https://orcid.org/0000-0002-4285-5598,orcid.org,structured_profile,9,1,0,0,0,9,0,structured_affiliation;structured_identity,orcid
src-0a6a3e22dc5c,https://orcid.org/0000-0002-4450-8776,orcid.org,structured_profile,1,1,0,0,0,1,0,structured_identity,orcid
src-d8b331fe09d4,https://orcid.org/0000-0002-4467-8038,orcid.org,structured_profile,1,1,0,0,0,1,0,structured_identity,orcid
src-e9645be0d1d6,https://orcid.org/0000-0002-4476-3910,orcid.org,structured_profile,3,1,0,0,0,3,0,structured_affiliation;structured_identity,orcid
src-e7b0d6ae6595,https://orcid.org/0000-0002-4686-8978,orcid.org,structured_profile,5,1,1,1,0,3,0,accepted_affiliation_history;manual_review;structured_affiliation;structured_identity,manual;manual_review;orcid
src-548e86d1313a,https://orcid.org/0000-0002-4743-5090,orcid.org,structured_profile,3,1,0,0,3,0,0,structured_affiliation;structured_identity,orcid
src-d0ad2d3a7f1f,https://orcid.org/0000-0002-4863-311X,orcid.org,structured_profile,1,1,0,0,0,1,0,structured_identity,orcid
src-eb04aadd496c,https://orcid.org/0000-0002-5005-4643,orcid.org,structured_profile,1,1,0,0,0,1,0,structured_identity,orcid
src-c7cf33208b3c,https://orcid.org/0000-0002-5020-8534,orcid.org,structured_profile,5,1,0,0,0,5,0,structured_affiliation;structured_identity,orcid
src-dd141044b792,https://orcid.org/0000-0002-5208-8732,orcid.org,structured_profile,1,1,0,0,0,1,0,structured_identity,orcid
src-1956901fc09d,https://orcid.org/0000-0002-5328-0291,orcid.org,structured_profile,9,1,0,4,0,5,0,accepted_affiliation_history;structured_affiliation;structured_identity,accepted_orcid;orcid
src-ee8daa077bfb,https://orcid.org/0000-0002-5332-5103,orcid.org,structured_profile,1,1,0,0,1,0,0,structured_identity,orcid
src-b05c859a4d8f,https://orcid.org/0000-0002-5362-5675,orcid.org,structured_profile,1,1,0,0,0,1,0,structured_identity,orcid
src-6e9e31fef87a,https://orcid.org/0000-0002-5437-138X,orcid.org,structured_profile,1,1,0,0,0,1,0,structured_identity,orcid
src-9851014a6d8c,https://orcid.org/0000-0002-5470-1297,orcid.org,structured_profile,2,1,0,0,0,2,0,structured_affiliation;structured_identity,orcid
src-75b7f7744ca3,https://orcid.org/0000-0002-5668-577X,orcid.org,structured_profile,1,1,0,0,0,1,0,structured_identity,orcid
src-87c14f7c7b4a,https://orcid.org/0000-0002-5903-7700,orcid.org,structured_profile,4,1,0,0,0,0,4,review_rejection;structured_affiliation;structured_identity,manual;orcid
src-e00609905e44,https://orcid.org/0000-0002-5922-0011,orcid.org,structured_profile,5,1,1,1,0,3,0,accepted_affiliation_history;manual_review;structured_affiliation;structured_identity,manual;manual_review;orcid
src-4aa96f6a370d,https://orcid.org/0000-0002-6187-249X,orcid.org,structured_profile,3,1,0,1,0,2,0,accepted_affiliation_history;structured_affiliation;structured_identity,accepted_orcid;orcid
src-684eece78475,https://orcid.org/0000-0002-6272-1079,orcid.org,structured_profile,5,1,2,0,3,0,0,structured_affiliation;structured_identity,orcid
src-f1f5c91f231c,https://orcid.org/0000-0002-6322-3848,orcid.org,structured_profile,3,1,0,1,0,2,0,accepted_affiliation_history;structured_affiliation;structured_identity,accepted_openalex_orcid;openalex_orcid;orcid
src-ad65715b270c,https://orcid.org/0000-0002-6366-3405,orcid.org,structured_profile,1,1,0,0,0,1,0,structured_identity,orcid
src-e397918dd355,https://orcid.org/0000-0002-6401-4263,orcid.org,structured_profile,7,1,0,0,0,7,0,structured_affiliation;structured_identity,orcid
src-b53bc32f870b,https://orcid.org/0000-0002-6489-0191,orcid.org,structured_profile,7,1,0,0,0,7,0,structured_affiliation;structured_identity,orcid
src-dbfe6064b58a,https://orcid.org/0000-0002-6599-2675,orcid.org,structured_profile,1,1,0,0,0,1,0,structured_identity,orcid
src-a81290abbb4d,https://orcid.org/0000-0002-6627-3285,orcid.org,structured_profile,13,1,0,6,0,7,0,accepted_affiliation_history;structured_affiliation;structured_identity,accepted_orcid;orcid
src-215406f223b4,https://orcid.org/0000-0002-6681-9161,orcid.org,structured_profile,1,1,0,0,0,1,0,structured_identity,orcid
src-fcb6acf0b2ef,https://orcid.org/0000-0002-6739-672X,orcid.org,structured_profile,5,1,0,0,0,0,5,review_rejection;structured_affiliation;structured_identity,manual;openalex_orcid;orcid
src-6fc47c9adfc8,https://orcid.org/0000-0002-6995-3454,orcid.org,structured_profile,3,1,0,0,0,3,0,structured_affiliation;structured_identity,orcid
src-8ea047cf1df5,https://orcid.org/0000-0002-7294-775X,orcid.org,structured_profile,1,1,0,0,0,1,0,structured_identity,orcid
src-115f80b4592b,https://orcid.org/0000-0002-7398-7630,orcid.org,structured_profile,4,1,0,0,0,4,0,structured_affiliation;structured_identity,orcid
src-7b0f46d21212,https://orcid.org/0000-0002-7512-9672,orcid.org,structured_profile,2,1,0,0,0,2,0,structured_affiliation;structured_identity,orcid
src-cd262917b0da,https://orcid.org/0000-0002-7684-2023,orcid.org,structured_profile,6,1,0,0,0,6,0,structured_affiliation;structured_identity,orcid
src-be1f2599f4e9,https://orcid.org/0000-0002-7784-8961,orcid.org,structured_profile,1,1,0,0,0,1,0,structured_identity,orcid
src-45f589345539,https://orcid.org/0000-0002-8196-3348,orcid.org,structured_profile,1,1,1,0,0,0,0,structured_identity,orcid
src-2efaf583f082,https://orcid.org/0000-0002-8329-7481,orcid.org,structured_profile,3,1,0,1,0,2,0,accepted_affiliation_history;structured_affiliation;structured_identity,accepted_openalex_orcid;openalex_orcid;orcid
src-027487be89f5,https://orcid.org/0000-0002-8352-2597,orcid.org,structured_profile,13,1,0,6,0,7,0,accepted_affiliation_history;structured_affiliation;structured_identity,accepted_openalex_orcid;openalex_orcid;orcid
src-e944d2c5474d,https://orcid.org/0000-0002-8420-6166,orcid.org,structured_profile,1,1,0,0,0,1,0,structured_identity,orcid
src-fc367c0850e6,https://orcid.org/0000-0002-8444-4412,orcid.org,structured_profile,1,1,0,0,1,0,0,structured_identity,orcid
src-af3711ef0bcb,https://orcid.org/0000-0002-8620-6135,orcid.org,structured_profile,27,1,1,9,0,17,0,accepted_affiliation_history;manual_review;structured_affiliation;structured_identity,accepted_orcid;manual;orcid
src-fbf37e79faa9,https://orcid.org/0000-0002-8807-536X,orcid.org,structured_profile,1,1,0,0,0,1,0,structured_identity,orcid
src-7e932c52d6cc,https://orcid.org/0000-0002-8904-598X,orcid.org,structured_profile,17,1,0,8,0,9,0,accepted_affiliation_history;structured_affiliation;structured_identity,accepted_orcid;orcid
src-90bd71299abe,https://orcid.org/0000-0002-8921-5168,orcid.org,structured_profile,7,1,0,3,0,4,0,accepted_affiliation_history;structured_affiliation;structured_identity,accepted_orcid;orcid
src-71272a6c3f35,https://orcid.org/0000-0002-8999-7710,orcid.org,structured_profile,1,1,0,0,0,1,0,structured_identity,orcid
src-837b409d15be,https://orcid.org/0000-0002-9332-317X,orcid.org,structured_profile,1,1,0,0,0,1,0,structured_identity,orcid
src-e7214523be1a,https://orcid.org/0000-0002-9535-1764,orcid.org,structured_profile,2,1,0,0,0,0,2,review_rejection;structured_identity,manual;orcid
src-bc6b342cb702,https://orcid.org/0000-0003-0640-2425,orcid.org,structured_profile,4,1,0,0,0,4,0,structured_affiliation;structured_identity,orcid
src-b0a1c40f21a4,https://orcid.org/0000-0003-1222-5189,orcid.org,structured_profile,1,1,0,0,0,1,0,structured_identity,orcid
src-9acd0dcc69c0,https://orcid.org/0000-0003-1354-3648,orcid.org,structured_profile,3,1,0,0,3,0,0,structured_affiliation;structured_identity,orcid
src-5bb8cb17b8d6,https://orcid.org/0000-0003-1358-3981,orcid.org,structured_profile,2,1,0,0,2,0,0,structured_affiliation;structured_identity,orcid
src-d2101aa39d50,https://orcid.org/0000-0003-1469-5950,orcid.org,structured_profile,3,1,0,0,0,3,0,structured_affiliation;structured_identity,orcid
src-12e10f06c88e,https://orcid.org/0000-0003-1519-0575,orcid.org,structured_profile,1,1,0,0,0,1,0,structured_identity,orcid
src-33a4fd07564d,https://orcid.org/0000-0003-1697-8858,orcid.org,structured_profile,2,1,0,0,0,2,0,structured_affiliation;structured_identity,orcid
src-3ad3fdd747ae,https://orcid.org/0000-0003-2408-5638,orcid.org,structured_profile,3,1,0,0,0,3,0,structured_affiliation;structured_identity,orcid
src-f3ecfd47ec30,https://orcid.org/0000-0003-2743-8398,orcid.org,structured_profile,3,1,0,1,0,2,0,accepted_affiliation_history;structured_affiliation;structured_identity,accepted_orcid;orcid
src-75c213781a8b,https://orcid.org/0000-0003-2853-0743,orcid.org,structured_profile,1,1,0,0,0,1,0,structured_identity,orcid
src-3a6d14b94f41,https://orcid.org/0000-0003-2961-261X,orcid.org,structured_profile,1,1,0,0,1,0,0,structured_identity,orcid
src-25b5514c68e6,https://orcid.org/0000-0003-3260-1268,orcid.org,structured_profile,1,1,0,0,1,0,0,structured_identity,orcid
src-7a41939497f4,https://orcid.org/0000-0003-3354-4023,orcid.org,structured_profile,3,1,0,1,0,2,0,accepted_affiliation_history;structured_affiliation;structured_identity,accepted_orcid;orcid
src-0bda935c94b8,https://orcid.org/0000-0003-3799-2720,orcid.org,structured_profile,1,1,0,0,0,1,0,structured_identity,orcid
src-b110fe196196,https://orcid.org/0000-0003-3869-5154,orcid.org,structured_profile,6,1,0,0,0,6,0,structured_affiliation;structured_identity,orcid
src-05f8f0f59442,https://orcid.org/0000-0003-4016-3835,orcid.org,structured_profile,1,1,0,0,0,1,0,structured_identity,orcid
src-833b991ae171,https://orcid.org/0000-0003-4323-9321,orcid.org,structured_profile,1,1,0,0,0,1,0,structured_identity,orcid
src-d9b65f4f9945,https://orcid.org/0000-0003-4441-3272,orcid.org,structured_profile,1,1,0,0,1,0,0,structured_identity,orcid
src-36d62f64e2ec,https://orcid.org/0000-0003-4826-6847,orcid.org,structured_profile,1,1,0,0,1,0,0,structured_identity,orcid
src-7b8f91997c34,https://orcid.org/0000-0003-4829-2025,orcid.org,structured_profile,3,1,0,1,0,2,0,accepted_affiliation_history;structured_affiliation;structured_identity,accepted_orcid;orcid
src-604d9ef4c9bc,https://orcid.org/0000-0003-4970-9101,orcid.org,structured_profile,5,1,0,2,0,3,0,accepted_affiliation_history;structured_affiliation;structured_identity,accepted_orcid;orcid
src-00cd70af085c,https://orcid.org/0009-0000-2842-3257,orcid.org,structured_profile,1,1,0,0,0,1,0,structured_identity,orcid
src-73cd7597b806,https://orcid.org/0009-0000-4040-0605,orcid.org,structured_profile,3,1,0,1,0,2,0,accepted_affiliation_history;structured_affiliation;structured_identity,accepted_orcid;orcid
src-96eb285690a9,https://orcid.org/0009-0000-4440-4865,orcid.org,structured_profile,1,1,0,0,1,0,0,structured_identity,orcid
src-c0ac2ea24268,https://orcid.org/0009-0000-4673-0955,orcid.org,structured_profile,2,1,0,0,0,2,0,structured_affiliation;structured_identity,orcid
src-b6669b8800ff,https://orcid.org/0009-0000-4974-5132,orcid.org,structured_profile,2,1,0,0,0,2,0,structured_affiliation;structured_identity,orcid
src-47400d52d12e,https://orcid.org/0009-0000-5216-6430,orcid.org,structured_profile,3,1,0,1,0,2,0,accepted_affiliation_history;structured_affiliation;structured_identity,accepted_orcid;orcid
src-224aa301d76f,https://orcid.org/0009-0000-6436-5218,orcid.org,structured_profile,2,1,0,0,0,2,0,structured_affiliation;structured_identity,orcid
src-9d9393c6b51f,https://orcid.org/0009-0000-6690-8335,orcid.org,structured_profile,1,1,0,0,1,0,0,structured_identity,orcid
src-f8102b2a0e03,https://orcid.org/0009-0000-7932-2499,orcid.org,structured_profile,1,1,0,0,0,1,0,structured_identity,orcid
src-d68663fdc702,https://orcid.org/0009-0001-1396-0030,orcid.org,structured_profile,2,1,0,0,0,2,0,structured_affiliation;structured_identity,orcid
src-987ae3702d40,https://orcid.org/0009-0001-2588-7563,orcid.org,structured_profile,3,1,0,1,0,2,0,accepted_affiliation_history;structured_affiliation;structured_identity,accepted_orcid;orcid
src-04708fd565c9,https://orcid.org/0009-0001-2641-2121,orcid.org,structured_profile,2,1,0,0,0,0,2,review_rejection;structured_identity,manual;orcid
src-780878321b8e,https://orcid.org/0009-0001-6556-1939,orcid.org,structured_profile,1,1,0,0,0,1,0,structured_identity,orcid
src-ae99defbec78,https://orcid.org/0009-0001-6746-8084,orcid.org,structured_profile,5,1,1,2,0,2,0,accepted_affiliation_history;manual_review;structured_affiliation;structured_identity,accepted_orcid;manual;manual_review;orcid
src-41a2c79a223a,https://orcid.org/0009-0001-6905-2322,orcid.org,structured_profile,3,1,0,1,0,2,0,accepted_affiliation_history;structured_affiliation;structured_identity,accepted_orcid;orcid
src-32b15f68664d,https://orcid.org/0009-0001-8045-5990,orcid.org,structured_profile,5,1,0,2,0,3,0,accepted_affiliation_history;structured_affiliation;structured_identity,accepted_orcid;orcid
src-900721c95fc7,https://orcid.org/0009-0002-1233-0632,orcid.org,structured_profile,2,1,0,0,0,2,0,structured_affiliation;structured_identity,orcid
src-b254973a990a,https://orcid.org/0009-0002-4543-0074,orcid.org,structured_profile,3,1,0,1,0,2,0,accepted_affiliation_history;structured_affiliation;structured_identity,accepted_orcid;orcid
src-c98d90d03ddb,https://orcid.org/0009-0002-4978-4400,orcid.org,structured_profile,1,1,0,0,0,1,0,structured_identity,orcid
src-7c98e6c7b7ba,https://orcid.org/0009-0002-8858-2852,orcid.org,structured_profile,2,1,0,0,0,2,0,structured_affiliation;structured_identity,orcid
src-0ce43ebc5217,https://orcid.org/0009-0003-0295-8597,orcid.org,structured_profile,2,1,0,0,0,2,0,structured_affiliation;structured_identity,orcid
src-9ba4ec7eedea,https://orcid.org/0009-0003-0918-765X,orcid.org,structured_profile,1,1,0,0,1,0,0,structured_identity,orcid
src-8beab9f64f11,https://orcid.org/0009-0003-1937-2752,orcid.org,structured_profile,1,1,0,0,0,1,0,structured_identity,orcid
src-e070268b1529,https://orcid.org/0009-0003-4135-6118,orcid.org,structured_profile,1,1,0,0,0,1,0,structured_identity,orcid
src-8de97424835d,https://orcid.org/0009-0003-5876-6930,orcid.org,structured_profile,2,1,0,0,0,2,0,structured_affiliation;structured_identity,orcid
src-85b73aa9d14d,https://orcid.org/0009-0003-8638-143X,orcid.org,structured_profile,2,1,0,0,0,2,0,structured_affiliation;structured_identity,orcid
src-295214aa4eca,https://orcid.org/0009-0003-9763-9360,orcid.org,structured_profile,1,1,0,0,0,1,0,structured_identity,orcid
src-101941a49950,https://orcid.org/0009-0004-0480-9613,orcid.org,structured_profile,2,1,0,0,2,0,0,structured_affiliation;structured_identity,orcid
src-b66a82d7a1f5,https://orcid.org/0009-0004-2226-3634,orcid.org,structured_profile,2,1,0,0,2,0,0,structured_affiliation;structured_identity,orcid
src-4008fd5218d0,https://orcid.org/0009-0004-2259-4388,orcid.org,structured_profile,1,1,0,0,0,1,0,structured_identity,orcid
src-5f2c84a41837,https://orcid.org/0009-0004-5307-9178,orcid.org,structured_profile,2,1,0,0,0,2,0,structured_affiliation;structured_identity,orcid
src-fe97f798da5a,https://orcid.org/0009-0004-6245-0354,orcid.org,structured_profile,9,1,0,4,0,5,0,accepted_affiliation_history;structured_affiliation;structured_identity,accepted_orcid;orcid
src-71aac2f6f352,https://orcid.org/0009-0004-7159-0156,orcid.org,structured_profile,1,1,0,0,1,0,0,structured_identity,orcid
src-275e8a26aab2,https://orcid.org/0009-0005-0053-0479,orcid.org,structured_profile,2,1,0,0,0,2,0,structured_affiliation;structured_identity,orcid
src-b1ec5865dd27,https://orcid.org/0009-0005-0484-4985,orcid.org,structured_profile,3,1,0,1,0,2,0,accepted_affiliation_history;structured_affiliation;structured_identity,accepted_orcid;orcid
src-e70cf9413f75,https://orcid.org/0009-0005-2174-9816,orcid.org,structured_profile,2,1,0,0,0,2,0,structured_affiliation;structured_identity,orcid
src-5441aaec6c84,https://orcid.org/0009-0005-2478-7631,orcid.org,structured_profile,3,1,0,0,0,3,0,structured_affiliation;structured_identity,orcid
src-6c3302981cb7,https://orcid.org/0009-0005-4171-6923,orcid.org,structured_profile,2,1,0,0,0,2,0,structured_affiliation;structured_identity,orcid
src-e66882e9a4a5,https://orcid.org/0009-0005-5057-5181,orcid.org,structured_profile,3,1,0,0,0,3,0,structured_affiliation;structured_identity,orcid
src-f19c1f05870c,https://orcid.org/0009-0005-6716-5541,orcid.org,structured_profile,2,1,0,0,0,2,0,structured_affiliation;structured_identity,orcid
src-c8cd8ec40a7d,https://orcid.org/0009-0005-6953-5104,orcid.org,structured_profile,1,1,0,0,0,1,0,structured_identity,orcid
src-01e306fc1a2e,https://orcid.org/0009-0005-7527-0632,orcid.org,structured_profile,2,1,0,0,0,2,0,structured_affiliation;structured_identity,orcid
src-4c35c3d759e6,https://orcid.org/0009-0005-7757-3530,orcid.org,structured_profile,1,1,0,0,0,1,0,structured_identity,orcid
src-535d9a3adfbe,https://orcid.org/0009-0006-1898-6834,orcid.org,structured_profile,2,1,0,0,0,2,0,structured_affiliation;structured_identity,orcid
src-8ff748dbeebb,https://orcid.org/0009-0006-5742-130X,orcid.org,structured_profile,4,1,0,0,0,4,0,structured_affiliation;structured_identity,orcid
src-7107937a5f59,https://orcid.org/0009-0006-6234-0096,orcid.org,structured_profile,1,1,0,0,0,1,0,structured_identity,orcid
src-022d9d50657a,https://orcid.org/0009-0006-6297-6078,orcid.org,structured_profile,2,1,0,0,2,0,0,structured_affiliation;structured_identity,orcid
src-64840db1f3f2,https://orcid.org/0009-0006-6665-1967,orcid.org,structured_profile,2,1,0,0,0,2,0,structured_affiliation;structured_identity,orcid
src-8b89cb486890,https://orcid.org/0009-0006-6701-3449,orcid.org,structured_profile,3,1,0,0,3,0,0,structured_affiliation;structured_identity,orcid
src-25da261d9e37,https://orcid.org/0009-0006-7105-7671,orcid.org,structured_profile,1,1,0,0,0,1,0,structured_identity,orcid
src-865b42cc619f,https://orcid.org/0009-0006-8939-5337,orcid.org,structured_profile,5,1,0,2,0,3,0,accepted_affiliation_history;structured_affiliation;structured_identity,accepted_orcid;orcid
src-08935c9e3ec3,https://orcid.org/0009-0006-8959-5339,orcid.org,structured_profile,1,1,0,0,0,1,0,structured_identity,orcid
src-00cf358fe9f1,https://orcid.org/0009-0006-9829-4845,orcid.org,structured_profile,1,1,0,0,0,1,0,structured_identity,orcid
src-d3eeda143494,https://orcid.org/0009-0007-2163-524X,orcid.org,structured_profile,2,1,0,0,0,2,0,structured_affiliation;structured_identity,orcid
src-3540a4510946,https://orcid.org/0009-0007-2656-9739,orcid.org,structured_profile,4,1,2,2,0,0,0,accepted_affiliation_history;accepted_location_evidence;structured_affiliation;structured_identity,accepted_orcid;affiliation_country;orcid
src-d46cc39833f6,https://orcid.org/0009-0007-3813-2243,orcid.org,structured_profile,1,1,0,0,1,0,0,structured_identity,orcid
src-196202976b60,https://orcid.org/0009-0007-6708-1094,orcid.org,structured_profile,2,1,0,0,0,2,0,structured_affiliation;structured_identity,orcid
src-7d10ebe9cbac,https://orcid.org/0009-0007-7163-4771,orcid.org,structured_profile,3,1,0,1,0,2,0,accepted_affiliation_history;structured_affiliation;structured_identity,accepted_orcid;orcid
src-c472fd90dbad,https://orcid.org/0009-0007-7624-3104,orcid.org,structured_profile,5,1,0,2,0,3,0,accepted_affiliation_history;structured_affiliation;structured_identity,accepted_orcid;orcid
src-f68a1cf24544,https://orcid.org/0009-0007-7896-9929,orcid.org,structured_profile,1,1,0,0,0,1,0,structured_identity,orcid
src-0bcbc34a7112,https://orcid.org/0009-0007-8895-1669,orcid.org,structured_profile,7,1,0,3,0,4,0,accepted_affiliation_history;structured_affiliation;structured_identity,accepted_orcid;orcid
src-6935e2e577e4,https://orcid.org/0009-0007-9235-7654,orcid.org,structured_profile,1,1,0,0,0,1,0,structured_identity,orcid
src-f8e654d75827,https://orcid.org/0009-0007-9347-0296,orcid.org,structured_profile,2,1,0,0,0,2,0,structured_affiliation;structured_identity,orcid
src-f6210ea6a8d4,https://orcid.org/0009-0008-0675-2824,orcid.org,structured_profile,5,1,0,2,0,3,0,accepted_affiliation_history;structured_affiliation;structured_identity,accepted_orcid;orcid
src-d2173e8b4e72,https://orcid.org/0009-0008-1492-995X,orcid.org,structured_profile,2,1,0,0,0,2,0,structured_affiliation;structured_identity,orcid
src-57bc9bf43830,https://orcid.org/0009-0008-1932-7499,orcid.org,structured_profile,2,1,0,0,2,0,0,structured_affiliation;structured_identity,orcid
src-249fae641154,https://orcid.org/0009-0008-2523-0570,orcid.org,structured_profile,1,1,0,0,0,1,0,structured_identity,orcid
src-f62ed42000e8,https://orcid.org/0009-0008-3224-5463,orcid.org,structured_profile,1,1,0,0,0,1,0,structured_identity,orcid
src-b8ede4e77ca5,https://orcid.org/0009-0008-4139-5252,orcid.org,structured_profile,3,1,0,1,0,2,0,accepted_affiliation_history;structured_affiliation;structured_identity,accepted_orcid;orcid
src-809293ae420e,https://orcid.org/0009-0008-5119-2360,orcid.org,structured_profile,2,1,0,0,0,2,0,structured_affiliation;structured_identity,orcid
src-099f8a08fe9a,https://orcid.org/0009-0008-6616-9817,orcid.org,structured_profile,1,1,0,0,0,1,0,structured_identity,orcid
src-21824a679dfd,https://orcid.org/0009-0008-7331-9721,orcid.org,structured_profile,2,1,0,0,2,0,0,structured_affiliation;structured_identity,orcid
src-91d1b1058098,https://orcid.org/0009-0008-7453-6998,orcid.org,structured_profile,7,1,0,0,0,7,0,structured_affiliation;structured_identity,orcid
src-9ab6926c74f0,https://orcid.org/0009-0009-2227-2932,orcid.org,structured_profile,2,1,0,0,0,2,0,structured_affiliation;structured_identity,orcid
src-71fa37258306,https://orcid.org/0009-0009-2557-4848,orcid.org,structured_profile,1,1,0,0,0,1,0,structured_identity,orcid
src-a8c434ea4249,https://orcid.org/0009-0009-2568-393X,orcid.org,structured_profile,2,1,0,0,0,2,0,structured_affiliation;structured_identity,orcid
src-a9b94f5eaaa6,https://orcid.org/0009-0009-3241-7808,orcid.org,structured_profile,1,1,0,0,0,1,0,structured_identity,orcid
src-8729700f1021,https://orcid.org/0009-0009-3827-8634,orcid.org,structured_profile,7,1,0,3,0,4,0,accepted_affiliation_history;structured_affiliation;structured_identity,accepted_orcid;orcid
src-dcb7de058191,https://osme.org/wp-content/uploads/2023/07/Raptor-inventory-of-the-Karatau-State-Nature-Reserve-southern-Kazakhstan.pdf,osme.org,pdf,2,1,1,1,0,0,0,accepted_affiliation_history;manual_review,manual;manual_review
src-395c52789431,https://people.bayt.com/ulan-mukashev/,people.bayt.com,web_page,2,1,1,1,0,0,0,accepted_affiliation_history;manual_review,manual;manual_review
src-e8a409e25a6a,https://petroviclab.chem.ucla.edu/people/,petroviclab.chem.ucla.edu,web_page,2,1,1,1,0,0,0,accepted_affiliation_history;manual_review,manual;manual_review
src-4f59d4502bdb,https://photon-science.desy.de/facilities/petra_iii/beamlines/p64_advanced_xafs/contact__staff/index_eng.html,photon-science.desy.de,web_page,2,1,1,1,0,0,0,accepted_affiliation_history;manual_review,manual;manual_review
src-250e8b63caa7,https://phy.princeton.edu/people/ilya-vilkoviskiy,phy.princeton.edu,web_page,2,1,1,1,0,0,0,accepted_affiliation_history;manual_review,manual;manual_review
src-464efc8122fa,https://physics.duke.edu/our-graduate-students,physics.duke.edu,web_page,1,1,0,1,0,0,0,accepted_affiliation_history,academic_profile
src-9ec2104de196,https://physics.northwestern.edu/about/news/2025/danat-issa-earns-phd.html,physics.northwestern.edu,web_page,1,1,0,1,0,0,0,accepted_affiliation_history,manual_web_evidence
src-21a2e80ad3ea,https://pifagor.kz/high/kz,pifagor.kz,web_page,2,1,1,1,0,0,0,accepted_affiliation_history;manual_review,manual;manual_review
src-5afcdf2b8991,https://pk.uchet.kz/search/iin/860504300028,pk.uchet.kz,web_page,3,1,1,2,0,0,0,accepted_affiliation_history;accepted_location_evidence;manual_review,career_source_location;manual;manual_review
src-f5c0c5c10f07,https://poisknews.ru/wp-content/uploads/candidates/info/ran_b195b49d.pdf,poisknews.ru,pdf,1,1,0,1,0,0,0,accepted_affiliation_history,contemporary_academy_biography
src-46c265d49622,https://press.ucoz.kz/news/2009-07-11,press.ucoz.kz,web_page,1,1,1,0,0,0,0,manual_review,manual
src-0c9d0a10d91f,https://prg.kz/Document/?doc_id=31388745,prg.kz,web_page,2,1,1,1,0,0,0,accepted_affiliation_history;manual_review,manual;manual_review
src-604b60050d36,https://prg.kz/document/?doc_id=30205702,prg.kz,web_page,2,2,1,1,0,0,0,accepted_affiliation_history;manual_review,manual;official_ministry_team_order
src-8dbb8cab8311,https://pro.mytenge.kz/company/170540015039,pro.mytenge.kz,web_page,2,1,1,1,0,0,0,accepted_affiliation_history;manual_review,manual;manual_review
src-a3a580611a9d,https://profi.kz/profile/TaymanovAY/,profi.kz,web_page,4,1,1,3,0,0,0,accepted_affiliation_history;accepted_location_evidence;manual_review,career_source_location;manual;manual_review;self_authored_service_profile
src-5e10b9b964f4,https://publicreg.myafsa.com/details/220440900224/,publicreg.myafsa.com,web_page,2,1,0,2,0,0,0,accepted_affiliation_history;accepted_location_evidence,active_affiliation_legal_entity_location;manual_web_evidence
src-74b0e239b8e1,https://publicreg.myafsa.com/details/250640900594/,publicreg.myafsa.com,web_page,2,1,1,1,0,0,0,accepted_affiliation_history;manual_review,manual;manual_review
src-44240814faf2,https://pubmed.ncbi.nlm.nih.gov/41742061/,pubmed.ncbi.nlm.nih.gov,web_page,2,1,1,1,0,0,0,accepted_affiliation_history;manual_review,manual;manual_review
src-1382f27ad8bf,https://qazinform.com/amp/kazakh-students-won-one-silver-and-two-gold-medals-in-ipho-2009-mexico_a2186614/,qazinform.com,web_page,2,2,2,0,0,0,0,manual_review,manual
src-c743ae5cb134,https://qazinform.com/news/kazakhstan-wins-6-medals-at-imo-330ec7,qazinform.com,web_page,1,1,1,0,0,0,0,manual_review,manual
src-c9e16db19a15,https://qazinform.com/news/kazakhstani-schoolchildren-haul-5-medals-at-ipho-2020_a3730612/,qazinform.com,web_page,1,1,1,0,0,0,0,manual_review,manual
src-b0e881e125aa,https://qazinform.com/news/kazakhstans-young-biologists-win-4-medals-at-ibo-2026-df82a7,qazinform.com,web_page,9,3,3,6,0,0,0,accepted_affiliation_history;accepted_location_evidence;manual_review,active_affiliation_profile_location;manual;manual_review
src-52e378835104,https://qazinform.com/news/pavlodar-school-student-won-bronze-medal-at-ibo-in-vietnam_a2929085/,qazinform.com,web_page,1,1,1,0,0,0,0,manual_review,manual
src-9370819e8f6f,https://qazinform.com/news/team-kazakhstan-wins-5-medals-at-ipho-2023-in-japan_a4090669/,qazinform.com,web_page,1,1,0,1,0,0,0,accepted_affiliation_history,reported_team_biography
src-26aef73c25ac,https://qazinform.com/news/young-pavlodar-physicist-ivan-senyushkin-wins-bronze-at-6th-international-junior-science-olympiad_a2220810/,qazinform.com,web_page,2,1,1,1,0,0,0,accepted_affiliation_history;manual_review,manual;reported_school_biography
src-6e7135c9faa5,https://registrar.nu.edu.kz/graduation-2016,registrar.nu.edu.kz,web_page,3,2,1,2,0,0,0,accepted_affiliation_history;manual_review,institutional_alumni_list;manual;manual_review
src-0a9bf849aaef,https://research.nu.edu.kz/en/persons/kuanysh-yergaliyev,research.nu.edu.kz,web_page,2,1,1,1,0,0,0,accepted_affiliation_history;manual_review,manual;manual_review
src-2d44d50b614b,https://research.nu.edu.kz/en/persons/meiram-murzabulatov/,research.nu.edu.kz,web_page,2,1,1,1,0,0,0,accepted_affiliation_history;manual_review,manual;manual_review
src-f33bb7a68ec2,https://research.nu.edu.kz/en/persons/nikolay-berezhnoy/,research.nu.edu.kz,web_page,2,1,1,1,0,0,0,accepted_affiliation_history;manual_review,manual;manual_review
src-c4f8fcc141d4,https://research.utwente.nl/en/publications/nondeterminism-in-stochastic-modeling/,research.utwente.nl,web_page,1,1,0,1,0,0,0,accepted_affiliation_history,official_university_research_record
src-37ad3b1b2b31,https://rmebrk.kz/bilim/syrdariya/bekishev.audhimolimp.pdf,rmebrk.kz,pdf,4,4,0,4,0,0,0,accepted_affiliation_history,reviewed_olympiad_destination_table
src-d8b3f3b80991,https://ru.linkedin.com/in/david-li-ab07b332b,ru.linkedin.com,linkedin,9,1,1,8,0,0,0,accepted_affiliation_history;manual_destination_reconciliation;manual_review,accepted_linkedin_profile;destination_review;destination_source_review;linkedin
src-9a4331ccb368,https://ru.linkedin.com/in/kirillmaerle,ru.linkedin.com,linkedin,1,1,0,1,0,0,0,accepted_affiliation_history,manual_public_profile
src-44bb12ca61c5,https://ru.linkedin.com/posts/armansu_%D1%81%D0%BF%D0%B8%D1%81%D0%BE%D0%BA-%D0%BE%D0%BB%D0%B8%D0%BC%D0%BF%D0%B8%D0%B0%D0%B4%D0%BD%D0%B8%D0%BA%D0%BE%D0%B2-imo-ioi-ipho-icho-activity-7333479882347143169-f6Y2,ru.linkedin.com,linkedin,1,1,0,0,0,1,0,manual_review,manual
src-841c19727c56,https://sa.linkedin.com/in/yermek-kaipov-50525632,sa.linkedin.com,linkedin,9,1,0,9,0,0,0,accepted_affiliation_history;accepted_location_evidence;manual_review,accepted_linkedin_profile;current_role_location;linkedin
src-966311e12d0f,https://sandbox.tetmedical.com/our-team/,sandbox.tetmedical.com,web_page,2,1,1,1,0,0,0,accepted_affiliation_history;manual_review,manual;manual_review
src-581cd10210ce,https://scholarship-physics.hkust.edu.hk/physics-major-entry-scholarship-awardees,scholarship-physics.hkust.edu.hk,web_page,1,1,0,1,0,0,0,accepted_affiliation_history,institutional_profile
src-0f6444f03630,https://schools.nis.edu.kz/ru/school/nzm-almaty-nauryzbay/news/1426?menu=4&parent_menu=4,schools.nis.edu.kz,web_page,1,1,0,1,0,0,0,accepted_affiliation_history,official_school_alumni_profile
src-efda1f633c6a,https://schools.nis.edu.kz/ru/school/nzm-almaty-nauryzbay/news/1899,schools.nis.edu.kz,web_page,2,1,1,1,0,0,0,accepted_affiliation_history;manual_review,manual;manual_review
src-2234fa88c32c,https://science.psu.edu/chem/people/akt5745,science.psu.edu,web_page,2,1,1,1,0,0,0,accepted_affiliation_history;manual_review,manual;manual_review
src-a4fd2fde139a,https://scoreboard.bc-pf.org/en/profile/5fa68a8ad8bb1ad06363cce0,scoreboard.bc-pf.org,web_page,3,1,3,0,0,0,0,manual_review;participant_registry,IChO;manual
src-ea246fce7f67,https://scoreboard.bc-pf.org/en/profile/5fead8b4c234849fce8ab05a,scoreboard.bc-pf.org,web_page,1,1,1,0,0,0,0,participant_registry,IChO
src-ada59e5544bd,https://scoreboard.bc-pf.org/en/profile/60517fdfd561aa0f5b708d96,scoreboard.bc-pf.org,web_page,2,1,2,0,0,0,0,participant_registry,IChO
src-4a04a59c5465,https://scoreboard.bc-pf.org/en/profile/6153ac1ad7af56e7d9894be8,scoreboard.bc-pf.org,web_page,5,1,4,1,0,0,0,accepted_affiliation_history;manual_review;participant_registry,IChO;manual;manual_review
src-037aba60e576,https://scoreboard.bc-pf.org/en/profile/6252f681c61d1199169630fc,scoreboard.bc-pf.org,web_page,2,1,2,0,0,0,0,participant_registry,IChO
src-327d3aae80d0,https://scoreboard.bc-pf.org/en/profile/675dce62130184921f0f9cfb,scoreboard.bc-pf.org,web_page,2,1,2,0,0,0,0,participant_registry,IChO
src-9e04c6e9fe31,https://scoreboard.bc-pf.org/en/profile/67629656130184921f102629,scoreboard.bc-pf.org,web_page,2,1,2,0,0,0,0,participant_registry,IChO
src-9d88bca8644e,https://scoreboard.bc-pf.org/en/results/biology/international_biology_olympiad/2005,scoreboard.bc-pf.org,web_page,1,1,1,0,0,0,0,manual_review,manual
src-21b63bbcd102,https://scoreboard.bc-pf.org/en/results/biology/international_biology_olympiad/2010,scoreboard.bc-pf.org,web_page,4,4,4,0,0,0,0,participant_registry,IBO
src-155dbbace69f,https://scoreboard.bc-pf.org/en/results/biology/international_biology_olympiad/2011,scoreboard.bc-pf.org,web_page,6,4,6,0,0,0,0,manual_review;participant_registry,IBO;manual
src-bf28dbbc9342,https://scoreboard.bc-pf.org/en/results/biology/international_biology_olympiad/2012,scoreboard.bc-pf.org,web_page,5,4,4,0,0,1,0,manual_review;participant_registry,IBO;manual
src-86449e034441,https://scoreboard.bc-pf.org/en/results/biology/international_biology_olympiad/2013,scoreboard.bc-pf.org,web_page,4,4,4,0,0,0,0,participant_registry,IBO
src-41a25fb6a1be,https://scoreboard.bc-pf.org/en/results/biology/international_biology_olympiad/2014,scoreboard.bc-pf.org,web_page,7,4,7,0,0,0,0,manual_review;participant_registry,IBO;manual
src-8b3a71df9504,https://scoreboard.bc-pf.org/en/results/biology/international_biology_olympiad/2015,scoreboard.bc-pf.org,web_page,5,4,5,0,0,0,0,manual_review;participant_registry,IBO;manual
src-f7f401095d0c,https://scoreboard.bc-pf.org/en/results/biology/international_biology_olympiad/2016,scoreboard.bc-pf.org,web_page,5,4,5,0,0,0,0,manual_review;participant_registry,IBO;manual
src-400c61c0106e,https://scoreboard.bc-pf.org/en/results/biology/international_biology_olympiad/2017,scoreboard.bc-pf.org,web_page,6,4,5,0,0,1,0,manual_review;participant_registry,IBO;manual
src-bb60cbeb8f7e,https://scoreboard.bc-pf.org/en/results/biology/international_biology_olympiad/2018,scoreboard.bc-pf.org,web_page,5,4,5,0,0,0,0,manual_review;participant_registry,IBO;manual
src-8c0f1e2885aa,https://scoreboard.bc-pf.org/en/results/biology/international_biology_olympiad/2019,scoreboard.bc-pf.org,web_page,5,4,4,0,0,1,0,manual_review;participant_registry,IBO;manual
src-a202f0acccb2,https://scoreboard.bc-pf.org/en/results/biology/international_biology_olympiad/2020,scoreboard.bc-pf.org,web_page,4,3,4,0,0,0,0,manual_review;participant_registry,IBO;manual
src-c8dc8770b278,https://scoreboard.bc-pf.org/en/results/biology/international_biology_olympiad/2021,scoreboard.bc-pf.org,web_page,5,4,5,0,0,0,0,manual_review;participant_registry,IBO;manual
src-708da53ab4d8,https://scoreboard.bc-pf.org/en/results/biology/international_biology_olympiad/2022,scoreboard.bc-pf.org,web_page,4,4,4,0,0,0,0,participant_registry,IBO
src-0104aded2f1f,https://scoreboard.bc-pf.org/en/results/biology/international_biology_olympiad/2023,scoreboard.bc-pf.org,web_page,4,4,4,0,0,0,0,participant_registry,IBO
src-33d20c372a43,https://scoreboard.bc-pf.org/en/results/biology/international_biology_olympiad/2024,scoreboard.bc-pf.org,web_page,5,4,5,0,0,0,0,manual_review;participant_registry,IBO;manual
src-d1e73294ca3e,https://scoreboard.bc-pf.org/en/results/biology/national-olympiad/2017,scoreboard.bc-pf.org,web_page,1,1,1,0,0,0,0,manual_review,manual
src-b1096ee1af34,https://scoreboard.bc-pf.org/en/results/chemistry/international-chemistry-olympiad/2007,scoreboard.bc-pf.org,web_page,6,4,6,0,0,0,0,manual_review;participant_registry,IChO;manual
src-68975040a04d,https://scoreboard.bc-pf.org/en/results/chemistry/international-chemistry-olympiad/2008,scoreboard.bc-pf.org,web_page,4,4,4,0,0,0,0,participant_registry,IChO
src-8416acc5cff8,https://scoreboard.bc-pf.org/en/results/chemistry/international-chemistry-olympiad/2009,scoreboard.bc-pf.org,web_page,5,4,4,0,0,1,0,manual_review;participant_registry,IChO;manual
src-13e1f6b52121,https://scoreboard.bc-pf.org/en/results/chemistry/international-chemistry-olympiad/2010,scoreboard.bc-pf.org,web_page,4,4,4,0,0,0,0,participant_registry,IChO
src-03d7aeec196b,https://scoreboard.bc-pf.org/en/results/chemistry/international-chemistry-olympiad/2011,scoreboard.bc-pf.org,web_page,4,4,4,0,0,0,0,participant_registry,IChO
src-568f3b013054,https://scoreboard.bc-pf.org/en/results/chemistry/international-chemistry-olympiad/2012,scoreboard.bc-pf.org,web_page,4,4,4,0,0,0,0,participant_registry,IChO
src-3561fac4ee5f,https://scoreboard.bc-pf.org/en/results/chemistry/international-chemistry-olympiad/2013,scoreboard.bc-pf.org,web_page,5,4,5,0,0,0,0,manual_review;participant_registry,IChO;manual
src-f40c57f2e404,https://scoreboard.bc-pf.org/en/results/chemistry/international-chemistry-olympiad/2014,scoreboard.bc-pf.org,web_page,4,4,4,0,0,0,0,participant_registry,IChO
src-42fdb30c16e8,https://scoreboard.bc-pf.org/en/results/chemistry/international-chemistry-olympiad/2015,scoreboard.bc-pf.org,web_page,5,4,5,0,0,0,0,manual_review;participant_registry,IChO;manual
src-40000abec415,https://scoreboard.bc-pf.org/en/results/chemistry/international-chemistry-olympiad/2016,scoreboard.bc-pf.org,web_page,4,3,4,0,0,0,0,manual_review;participant_registry,IChO;manual
src-3bbb760c510e,https://scoreboard.bc-pf.org/en/results/chemistry/international-chemistry-olympiad/2017,scoreboard.bc-pf.org,web_page,5,3,5,0,0,0,0,manual_review;participant_registry,IChO;manual
src-65c368b1d1ec,https://scoreboard.bc-pf.org/en/results/chemistry/international-chemistry-olympiad/2018,scoreboard.bc-pf.org,web_page,3,3,3,0,0,0,0,manual_review;participant_registry,IChO;manual
src-8783540dd076,https://scoreboard.bc-pf.org/en/results/chemistry/international-chemistry-olympiad/2019,scoreboard.bc-pf.org,web_page,5,3,5,0,0,0,0,manual_review;participant_registry,IChO;manual
src-bb794b74042b,https://scoreboard.bc-pf.org/en/results/chemistry/international-chemistry-olympiad/2020,scoreboard.bc-pf.org,web_page,5,3,5,0,0,0,0,manual_review;participant_registry,IChO;manual
src-53ec60378beb,https://scoreboard.bc-pf.org/en/results/chemistry/international-chemistry-olympiad/2021,scoreboard.bc-pf.org,web_page,3,3,2,0,0,1,0,manual_review;participant_registry,IChO;manual
src-e79ce35ff638,https://scoreboard.bc-pf.org/en/results/chemistry/international-chemistry-olympiad/2022,scoreboard.bc-pf.org,web_page,3,3,3,0,0,0,0,participant_registry,IChO
src-aa278841fba6,https://scoreboard.bc-pf.org/en/results/chemistry/international-chemistry-olympiad/2023,scoreboard.bc-pf.org,web_page,4,3,4,0,0,0,0,manual_review;participant_registry,IChO;manual
src-69daeb660b9c,https://scoreboard.bc-pf.org/en/results/chemistry/international-chemistry-olympiad/2024,scoreboard.bc-pf.org,web_page,2,2,2,0,0,0,0,participant_registry,IChO
src-da5f50e9e8f5,https://scoreboard.bc-pf.org/en/results/chemistry/international-chemistry-olympiad/2025,scoreboard.bc-pf.org,web_page,3,3,3,0,0,0,0,participant_registry,IChO
src-e3b2de921e55,https://scoreboard.bc-pf.org/en/results/math/national-olympiad/2012,scoreboard.bc-pf.org,web_page,1,1,1,0,0,0,0,manual_review,manual
src-879cbf945a97,https://scoreboard.bc-pf.org/en/results/math/silk-road-mathematical-competition/2003,scoreboard.bc-pf.org,web_page,1,1,1,0,0,0,0,manual_review,manual
src-f2b4433b72cd,https://scoreboard.bc-pf.org/en/results/physics/international-physics-olympiad/2011,scoreboard.bc-pf.org,web_page,1,1,1,0,0,0,0,manual_review,manual
src-4d9a4c86ef17,https://scoreboard.bc-pf.org/en/results/physics/international-physics-olympiad/2013,scoreboard.bc-pf.org,web_page,1,1,1,0,0,0,0,manual_review,manual
src-14892ee2b944,https://scoreboard.bc-pf.org/en/results/physics/international-physics-olympiad/2014,scoreboard.bc-pf.org,web_page,1,1,1,0,0,0,0,manual_review,manual
src-ac3b5c7d0b71,https://sdu.edu.kz/en/sdu-university-professor-led-kazakhstans-historic-victory-at-the-international-physics-olympiad/,sdu.edu.kz,web_page,1,1,1,0,0,0,0,manual_review,manual
src-f52f1878f955,https://sg.linkedin.com/company/bestysco,sg.linkedin.com,linkedin,2,1,1,1,0,0,0,accepted_affiliation_history;manual_review,manual;manual_review
src-89f68441666e,https://sg.linkedin.com/in/asset-daliyev-4ab6a532,sg.linkedin.com,linkedin,6,1,0,6,0,0,0,accepted_affiliation_history;accepted_location_evidence;manual_review,accepted_linkedin_profile;current_role_location;linkedin
src-7cf38eb6306c,https://sg.linkedin.com/in/maxim-mukashev-73a18827,sg.linkedin.com,linkedin,1,1,0,1,0,0,0,accepted_affiliation_history,manual_profile_transcription
src-62373d4591a5,https://sg.linkedin.com/in/medet-zhanbulatuly-0b009884,sg.linkedin.com,linkedin,9,1,2,7,0,0,0,accepted_affiliation_history;accepted_location_evidence;manual_review,accepted_linkedin_profile;current_role_location;linkedin;manual;manual_review
src-3691b00011df,https://sg.linkedin.com/in/mshagirov,sg.linkedin.com,linkedin,11,1,0,11,0,0,0,accepted_affiliation_history;accepted_location_evidence;manual_review,accepted_linkedin_profile;current_role_location;linkedin
src-7c1270dffe5e,https://sg.linkedin.com/in/sanzharedu,sg.linkedin.com,linkedin,1,1,0,1,0,0,0,manual_review,linkedin
src-87a59ff8d455,https://sg.linkedin.com/in/shyngys-bilyalov-23b6b819b,sg.linkedin.com,linkedin,9,1,1,8,0,0,0,accepted_affiliation_history;accepted_location_evidence;manual_review,accepted_linkedin_profile;current_role_location;linkedin;manual
src-acd5843841a0,https://sg.linkedin.com/in/talgat-sailov-75552947,sg.linkedin.com,linkedin,9,1,1,8,0,0,0,accepted_affiliation_history;accepted_location_evidence;manual_review,accepted_linkedin_profile;current_role_location;linkedin;manual;manual_review
src-c01ac8e58ce9,https://sg.linkedin.com/in/zhagsalag-akhyn-1267474a,sg.linkedin.com,linkedin,2,1,0,2,0,0,0,accepted_affiliation_history;manual_review,linkedin;manual_profile_transcription
src-20eff41c48fe,https://shoqanschool.kz/genuineadmin/news/view?id=109,shoqanschool.kz,web_page,2,1,1,1,0,0,0,accepted_affiliation_history;manual_review,manual;manual_review
src-4d0af93ec6c1,https://silkwaytv.kz/en/kazakh-startup-weglobal-ai-enters-foreign-markets_63472,silkwaytv.kz,web_page,2,1,1,1,0,0,0,accepted_affiliation_history;manual_review,manual;manual_review
src-6f0216be6a90,https://simcc.org/training-new/,simcc.org,web_page,3,1,2,1,0,0,0,accepted_affiliation_history;manual_review,manual;manual_review
src-c965e4de0605,https://simcc.org/wp-content/uploads/2025/03/2019-SASMO-G10.pdf,simcc.org,pdf,1,1,0,1,0,0,0,accepted_affiliation_history,official_employer_biography
src-9d60c12f312f,https://single.unist.ac.kr/ourmembers/,single.unist.ac.kr,web_page,2,1,0,2,0,0,0,accepted_affiliation_history,official_university_lab_profile
src-831cbca3f2b0,https://sites.google.com/binghamton.edu/ciac/research/publications,sites.google.com,web_page,1,1,0,1,0,0,0,accepted_affiliation_history,official_university_research_record
src-f988994e6af3,https://sites.google.com/nes.ru/evgenyyakovlev/home,sites.google.com,web_page,2,1,1,1,0,0,0,accepted_affiliation_history;manual_review,manual;manual_review
src-0ff77346fadb,https://sites.google.com/site/ntumathcompetitions/home/ntu-2007,sites.google.com,web_page,1,1,1,0,0,0,0,manual_review,manual
src-c6465f65735a,https://sites.google.com/view/birzhanm/home,sites.google.com,web_page,1,1,0,1,0,0,0,accepted_affiliation_history,self_authored_profile
src-902626608051,https://sites.northwestern.edu/weiss-lab/people/alumni/,sites.northwestern.edu,web_page,2,1,1,1,0,0,0,accepted_affiliation_history;manual_review,manual;manual_review
src-54c82c32cc80,https://sk.kz/press-center/news/79261/?lang=en,sk.kz,web_page,2,1,1,1,0,0,0,accepted_affiliation_history;manual_review,manual;manual_review
src-c16a4a0b863d,https://sourceforge.net/p/wix/mailman/wix-users/thread/9CF7B82676EC5941B28BE435CDDCF1B431C6686212%40EA-EXMSG-C330.europe.corp.microsoft.com/,sourceforge.net,web_page,1,1,0,1,0,0,0,accepted_affiliation_history,archived_corporate_mailing_list
src-3c8c0f6cc0ba,https://ssh.nu.edu.kz/news/tpost/ysjink6u01-republican-mathematical-olympiad-2026-he,ssh.nu.edu.kz,web_page,3,1,1,2,0,0,0,accepted_affiliation_history;accepted_location_evidence;manual_review,active_affiliation_profile_location;manual;manual_review
src-10c02b1688b4,https://static.s123-cdn-static-d.com/uploads/4477293/secure/normal_656f04a4ec83d.pdf,static.s123-cdn-static-d.com,pdf,1,1,0,0,0,1,0,manual_review,manual
src-22cd3150780e,https://statistics.berkeley.edu/people/danat-duisenbekov,statistics.berkeley.edu,web_page,2,1,1,1,0,0,0,accepted_affiliation_history;manual_review,manual;manual_review
src-fe8bd2b85109,https://stats.ioinformatics.org/people/134,stats.ioinformatics.org,html,3,1,3,0,0,0,0,participant_registry,IOI
src-b696e1599186,https://stats.ioinformatics.org/people/1389,stats.ioinformatics.org,html,2,1,2,0,0,0,0,participant_registry,IOI
src-a5182a888e0d,https://stats.ioinformatics.org/people/1390,stats.ioinformatics.org,html,2,1,2,0,0,0,0,participant_registry,IOI
src-b04f4d1be254,https://stats.ioinformatics.org/people/147,stats.ioinformatics.org,html,2,1,2,0,0,0,0,participant_registry,IOI
src-6bf33652ee50,https://stats.ioinformatics.org/people/150,stats.ioinformatics.org,web_page,2,1,2,0,0,0,0,manual_review;participant_registry,IOI;manual
src-b343c3b97cf8,https://stats.ioinformatics.org/people/1516,stats.ioinformatics.org,html,1,1,1,0,0,0,0,participant_registry,IOI
src-918f5934141e,https://stats.ioinformatics.org/people/161,stats.ioinformatics.org,html,1,1,1,0,0,0,0,participant_registry,IOI
src-3a62f4d136a7,https://stats.ioinformatics.org/people/1717,stats.ioinformatics.org,html,3,1,3,0,0,0,0,participant_registry,IOI
src-2e7dfbc1518e,https://stats.ioinformatics.org/people/1953,stats.ioinformatics.org,web_page,2,1,2,0,0,0,0,manual_review;participant_registry,IOI;manual
src-b383c3cedb58,https://stats.ioinformatics.org/people/2038,stats.ioinformatics.org,html,1,1,1,0,0,0,0,participant_registry,IOI
src-508553b3f32f,https://stats.ioinformatics.org/people/2074,stats.ioinformatics.org,html,2,1,2,0,0,0,0,participant_registry,IOI
src-82ec4f3cc244,https://stats.ioinformatics.org/people/2227,stats.ioinformatics.org,html,1,1,1,0,0,0,0,participant_registry,IOI
src-90e2fd65f31a,https://stats.ioinformatics.org/people/2304,stats.ioinformatics.org,html,3,1,3,0,0,0,0,participant_registry,IOI
src-cef2b840959b,https://stats.ioinformatics.org/people/2430,stats.ioinformatics.org,html,1,1,1,0,0,0,0,participant_registry,IOI
src-19c760535a46,https://stats.ioinformatics.org/people/245,stats.ioinformatics.org,html,2,1,2,0,0,0,0,participant_registry,IOI
src-55e92ea3eda3,https://stats.ioinformatics.org/people/2474,stats.ioinformatics.org,html,2,1,2,0,0,0,0,participant_registry,IOI
src-a858afe5d4bc,https://stats.ioinformatics.org/people/2555,stats.ioinformatics.org,html,2,1,2,0,0,0,0,participant_registry,IOI
src-d5b05c5d59e3,https://stats.ioinformatics.org/people/2616,stats.ioinformatics.org,html,3,1,3,0,0,0,0,participant_registry,IOI
src-eeaf48a6f91c,https://stats.ioinformatics.org/people/2621,stats.ioinformatics.org,web_page,4,1,4,0,0,0,0,manual_review;participant_registry,IOI;manual
src-dc20bfb2c448,https://stats.ioinformatics.org/people/271,stats.ioinformatics.org,html,3,1,3,0,0,0,0,participant_registry,IOI
src-25702b180b2d,https://stats.ioinformatics.org/people/2716,stats.ioinformatics.org,html,2,1,2,0,0,0,0,participant_registry,IOI
src-76ec4c33056d,https://stats.ioinformatics.org/people/2821,stats.ioinformatics.org,web_page,2,1,2,0,0,0,0,manual_review;participant_registry,IOI;manual
src-47e70e5db5de,https://stats.ioinformatics.org/people/2935,stats.ioinformatics.org,html,1,1,1,0,0,0,0,participant_registry,IOI
src-c9ae8ef1ce1a,https://stats.ioinformatics.org/people/2936,stats.ioinformatics.org,html,1,1,1,0,0,0,0,participant_registry,IOI
src-43dff040c1a8,https://stats.ioinformatics.org/people/309,stats.ioinformatics.org,html,1,1,1,0,0,0,0,participant_registry,IOI
src-15491788865a,https://stats.ioinformatics.org/people/311,stats.ioinformatics.org,web_page,5,1,5,0,0,0,0,manual_review;participant_registry,IOI;manual
src-73b08de23130,https://stats.ioinformatics.org/people/3114,stats.ioinformatics.org,html,2,1,2,0,0,0,0,participant_registry,IOI
src-28f8ddbb13c8,https://stats.ioinformatics.org/people/3115,stats.ioinformatics.org,html,1,1,1,0,0,0,0,participant_registry,IOI
src-e747d0ddf27f,https://stats.ioinformatics.org/people/3116,stats.ioinformatics.org,html,2,1,2,0,0,0,0,participant_registry,IOI
src-ef06fb19eee2,https://stats.ioinformatics.org/people/331,stats.ioinformatics.org,html,1,1,1,0,0,0,0,participant_registry,IOI
src-09f3da2b7bf2,https://stats.ioinformatics.org/people/4046,stats.ioinformatics.org,html,1,1,1,0,0,0,0,participant_registry,IOI
src-ed552d312181,https://stats.ioinformatics.org/people/4086,stats.ioinformatics.org,html,1,1,1,0,0,0,0,participant_registry,IOI
src-ea9bff0f2592,https://stats.ioinformatics.org/people/4087,stats.ioinformatics.org,html,1,1,1,0,0,0,0,participant_registry,IOI
src-9cc0567a3cd8,https://stats.ioinformatics.org/people/4447,stats.ioinformatics.org,html,1,1,1,0,0,0,0,participant_registry,IOI
src-dce2b74a534d,https://stats.ioinformatics.org/people/4645,stats.ioinformatics.org,html,1,1,1,0,0,0,0,participant_registry,IOI
src-0540dee1ba17,https://stats.ioinformatics.org/people/4829,stats.ioinformatics.org,html,2,1,2,0,0,0,0,participant_registry,IOI
src-5b46b0eb81b7,https://stats.ioinformatics.org/people/4957,stats.ioinformatics.org,html,1,1,1,0,0,0,0,participant_registry,IOI
src-0b1f827d1c08,https://stats.ioinformatics.org/people/4958,stats.ioinformatics.org,html,1,1,1,0,0,0,0,participant_registry,IOI
src-ba1d94e85f20,https://stats.ioinformatics.org/people/5125,stats.ioinformatics.org,html,1,1,1,0,0,0,0,participant_registry,IOI
src-5a0488aff2a2,https://stats.ioinformatics.org/people/5126,stats.ioinformatics.org,html,2,1,2,0,0,0,0,participant_registry,IOI
src-4921df81af0f,https://stats.ioinformatics.org/people/5127,stats.ioinformatics.org,html,1,1,1,0,0,0,0,participant_registry,IOI
src-d3b4071b64fd,https://stats.ioinformatics.org/people/5480,stats.ioinformatics.org,html,1,1,1,0,0,0,0,participant_registry,IOI
src-052c9c5bbc04,https://stats.ioinformatics.org/people/5481,stats.ioinformatics.org,html,1,1,1,0,0,0,0,participant_registry,IOI
src-2fba0792907f,https://stats.ioinformatics.org/people/5638,stats.ioinformatics.org,html,2,1,2,0,0,0,0,participant_registry,IOI
src-3c3677b240c2,https://stats.ioinformatics.org/people/5639,stats.ioinformatics.org,html,1,1,1,0,0,0,0,participant_registry,IOI
src-fbd8650c95ce,https://stats.ioinformatics.org/people/5941,stats.ioinformatics.org,html,3,1,3,0,0,0,0,participant_registry,IOI
src-9119ea53d652,https://stats.ioinformatics.org/people/5942,stats.ioinformatics.org,web_page,4,1,4,0,0,0,0,manual_review;participant_registry,IOI;manual
src-531eeb1f4c89,https://stats.ioinformatics.org/people/5943,stats.ioinformatics.org,html,1,1,1,0,0,0,0,participant_registry,IOI
src-678510825416,https://stats.ioinformatics.org/people/6268,stats.ioinformatics.org,html,2,1,2,0,0,0,0,participant_registry,IOI
src-a24296d68659,https://stats.ioinformatics.org/people/6269,stats.ioinformatics.org,html,1,1,1,0,0,0,0,participant_registry,IOI
src-09f24e49da69,https://stats.ioinformatics.org/people/6567,stats.ioinformatics.org,html,2,1,2,0,0,0,0,participant_registry,IOI
src-5fe0017b978f,https://stats.ioinformatics.org/people/6855,stats.ioinformatics.org,html,1,1,1,0,0,0,0,participant_registry,IOI
src-4fda170fcd87,https://stats.ioinformatics.org/people/6856,stats.ioinformatics.org,html,2,1,2,0,0,0,0,participant_registry,IOI
src-3bc469d8eb65,https://stats.ioinformatics.org/people/6857,stats.ioinformatics.org,html,1,1,1,0,0,0,0,participant_registry,IOI
src-78dd5a5f15d4,https://stats.ioinformatics.org/people/7158,stats.ioinformatics.org,html,1,1,1,0,0,0,0,participant_registry,IOI
src-5dccb698a179,https://stats.ioinformatics.org/people/7159,stats.ioinformatics.org,html,1,1,1,0,0,0,0,participant_registry,IOI
src-c743497ee7ea,https://stats.ioinformatics.org/people/7160,stats.ioinformatics.org,html,3,1,3,0,0,0,0,participant_registry,IOI
src-c310c8c7416c,https://stats.ioinformatics.org/people/7497,stats.ioinformatics.org,html,1,1,1,0,0,0,0,participant_registry,IOI
src-021c5dae854e,https://stats.ioinformatics.org/people/7498,stats.ioinformatics.org,html,1,1,1,0,0,0,0,participant_registry,IOI
src-5d6a6c0c5d4b,https://stats.ioinformatics.org/people/7499,stats.ioinformatics.org,html,2,1,2,0,0,0,0,participant_registry,IOI
src-bf19437d9d92,https://stats.ioinformatics.org/people/7809,stats.ioinformatics.org,html,2,1,2,0,0,0,0,participant_registry,IOI
src-8d813c33b584,https://stats.ioinformatics.org/people/7810,stats.ioinformatics.org,html,2,1,2,0,0,0,0,participant_registry,IOI
src-af171a185cf3,https://stats.ioinformatics.org/people/8082,stats.ioinformatics.org,web_page,3,1,3,0,0,0,0,manual_review;participant_registry,IOI;manual
src-d9ee3e8b520f,https://stats.ioinformatics.org/people/8083,stats.ioinformatics.org,html,2,1,2,0,0,0,0,participant_registry,IOI
src-ba976777d021,https://stats.ioinformatics.org/people/8346,stats.ioinformatics.org,html,1,1,1,0,0,0,0,participant_registry,IOI
src-aff45f0eeb43,https://stats.ioinformatics.org/people/8347,stats.ioinformatics.org,html,1,1,1,0,0,0,0,participant_registry,IOI
src-3fde99c6a84f,https://stats.ioinformatics.org/people/8348,stats.ioinformatics.org,html,2,1,2,0,0,0,0,participant_registry,IOI
src-ad3725994ac6,https://stats.ioinformatics.org/people/8684,stats.ioinformatics.org,html,1,1,1,0,0,0,0,participant_registry,IOI
src-4eecb4de1a18,https://stats.ioinformatics.org/people/8685,stats.ioinformatics.org,web_page,2,1,2,0,0,0,0,manual_review;participant_registry,IOI;manual
src-ed6b003f49ea,https://stats.ioinformatics.org/results/KAZ,stats.ioinformatics.org,web_page,1,1,1,0,0,0,0,manual_review,manual
src-ec1f7e2c7945,https://stemolympiads.kz/en/team/anton-draganchuk-2/,stemolympiads.kz,web_page,4,1,2,2,0,0,0,accepted_affiliation_history;manual_review,manual;manual_review;official_team_profile
src-f5281d37866d,https://steppeolymp.kz/,steppeolymp.kz,web_page,2,1,1,1,0,0,0,accepted_affiliation_history;manual_review,manual;manual_review
src-4d21221835b6,https://sundong.kim/members/,sundong.kim,web_page,1,1,1,0,0,0,0,manual_review,manual
src-4be9192786e0,https://synapse.kz/,synapse.kz,web_page,4,3,3,1,0,0,0,accepted_affiliation_history;manual_review,manual;manual_review
src-b5cfbc2e37fe,https://t.me/s/qazcho?before=87,t.me,web_page,1,1,1,0,0,0,0,manual_review,manual
src-a4eed41f7c48,https://tehranconvention.org/system/files/kazakhstan/kmg_2016.pdf,tehranconvention.org,pdf,2,1,0,2,0,0,0,accepted_affiliation_history,official_employer_annual_report
src-2c8eca349e3b,https://tengrinews.kz/kazakhstan_news/kaspikz-podderjivaet-sbornuyu-kazahstana-ii-gotovyat-604440/,tengrinews.kz,web_page,3,1,1,2,0,0,0,accepted_affiliation_history;accepted_location_evidence;manual_review,active_affiliation_profile_location;manual;manual_review
src-5b05c3aeb86e,https://theorg.com/org/augment-code/offices/hq,theorg.com,web_page,2,1,1,1,0,0,0,accepted_affiliation_history;manual_review,manual;manual_review
src-fe8270247075,https://theorg.com/org/biovectra/org-chart/alexey-dudnik,theorg.com,web_page,2,1,1,1,0,0,0,accepted_affiliation_history;manual_review,manual;manual_review
src-5ce7ec2505c3,https://theorg.com/org/depop/teams/engineering-team,theorg.com,web_page,2,1,1,1,0,0,0,accepted_affiliation_history;manual_review,manual;manual_review
src-a54752c93706,https://theorg.com/org/eurasian-resources-group/org-chart/dauren-auzhani,theorg.com,web_page,4,1,1,3,0,0,0,accepted_affiliation_history;manual_review,manual;manual_review;public_career_profile
src-e8d4ce13b782,https://theorg.com/org/kcell-jsc/org-chart/birzhan-moldagaliyev,theorg.com,web_page,1,1,0,1,0,0,0,accepted_affiliation_history,professional_directory
src-51ddd86eb5b5,https://tip.sdu.edu.tr/assets/uploads/sites/101/files/2019-2020-danisma-atama-listesi-17102019.pdf,tip.sdu.edu.tr,pdf,1,1,0,1,0,0,0,accepted_affiliation_history,official_university_program_roster
src-b73a90b9ce40,https://tlab.kz/en/,tlab.kz,web_page,3,1,1,2,0,0,0,accepted_affiliation_history;accepted_location_evidence;manual_review,career_source_location;manual;manual_review
src-b1e3b3948566,https://tr.linkedin.com/in/vitaliy-tsvayer,tr.linkedin.com,linkedin,17,1,1,16,0,0,0,accepted_affiliation_history;accepted_location_evidence;manual_review,accepted_linkedin_profile;current_role_location;linkedin;manual;manual_review
src-6a81428d9c97,https://trz.nis.edu.kz/en/school/nzm-astana-nura/news/2406,trz.nis.edu.kz,web_page,3,1,1,2,0,0,0,accepted_affiliation_history;accepted_location_evidence;manual_review,active_affiliation_profile_location;manual;manual_review
src-7799795f81b0,https://trz.nis.edu.kz/en/school/nzm-semei/news/1782,trz.nis.edu.kz,web_page,1,1,0,1,0,0,0,accepted_affiliation_history,official_school_profile
src-29c1a7d75da0,https://turan.edu.kz/en/contacts,turan.edu.kz,web_page,1,1,0,1,0,0,0,accepted_location_evidence,current_education_location
src-67eabe03783f,https://uk.linkedin.com/in/adilzhanismailov,uk.linkedin.com,linkedin,3,1,0,3,0,0,0,accepted_affiliation_history;manual_review,accepted_linkedin_profile;linkedin
src-279f878454d5,https://uk.linkedin.com/in/alishertortay,uk.linkedin.com,linkedin,8,1,1,7,0,0,0,accepted_affiliation_history;accepted_location_evidence;manual_review,accepted_linkedin_profile;current_role_location;linkedin;manual
src-aee4b0e8804f,https://uk.linkedin.com/in/azamat-ukpegaziyev-868b1947,uk.linkedin.com,linkedin,11,1,1,10,0,0,0,accepted_affiliation_history;accepted_location_evidence;manual_review,accepted_linkedin_profile;current_role_location;linkedin;manual;manual_review
src-5ee430930caf,https://uk.linkedin.com/in/bahakz,uk.linkedin.com,linkedin,7,1,0,7,0,0,0,accepted_affiliation_history;accepted_location_evidence;manual_review,accepted_linkedin_profile;current_role_location;linkedin;manual_profile_transcription
src-0b08cc7c098e,https://uk.linkedin.com/in/dinmukhamed-rakhimzhanov-93a2b8302,uk.linkedin.com,linkedin,5,1,2,3,0,0,0,accepted_affiliation_history;manual_review,accepted_linkedin_profile;linkedin;manual;manual_review
src-55ad161a891a,https://uk.linkedin.com/in/nazarbek,uk.linkedin.com,linkedin,12,1,2,10,0,0,0,accepted_affiliation_history;accepted_location_evidence;manual_review,accepted_linkedin_profile;current_role_location;linkedin;manual
src-a089ced9e4b2,https://uk.linkedin.com/in/olzhas-nurpeisov,uk.linkedin.com,linkedin,10,1,2,8,0,0,0,accepted_affiliation_history;accepted_location_evidence;manual_destination_reconciliation;manual_review,accepted_linkedin_profile;current_role_location;destination_review;destination_source_review;linkedin;manual;manual_review
src-c4e69d00a40c,https://uk.linkedin.com/in/rainhunter13,uk.linkedin.com,linkedin,9,1,1,8,0,0,0,accepted_affiliation_history;accepted_location_evidence;manual_review,accepted_linkedin_profile;current_role_location;linkedin;manual
src-837adade5fb9,https://uk.linkedin.com/in/sergazy-kalmurzayev-2ba468231,uk.linkedin.com,linkedin,9,1,1,7,0,1,0,accepted_affiliation_history;manual_destination_reconciliation;manual_review,accepted_linkedin_profile;destination_review;destination_source_review;linkedin;manual
src-728beefd8702,https://uk.linkedin.com/in/tolebi-sailauov-phd,uk.linkedin.com,linkedin,1,1,0,1,0,0,0,manual_review,linkedin
src-fcc406487429,https://uk.linkedin.com/in/yegor-klochkov-1a06a093,uk.linkedin.com,linkedin,11,1,2,9,0,0,0,accepted_affiliation_history;manual_destination_reconciliation;manual_review,accepted_linkedin_profile;destination_review;destination_source_review;linkedin;manual;manual_review
src-4b3e7c9f6e2f,https://uk.linkedin.com/in/yeskas,uk.linkedin.com,linkedin,16,1,2,13,0,1,0,accepted_affiliation_history;accepted_location_evidence;manual_destination_reconciliation;manual_review,accepted_linkedin_profile;current_role_location;destination_review;destination_source_review;linkedin;manual;manual_profile_transcription;manual_review
src-aca98038918f,https://uk.linkedin.com/in/zhan-kurbanbayev,uk.linkedin.com,linkedin,10,1,2,7,0,1,0,accepted_affiliation_history;accepted_location_evidence;manual_destination_reconciliation;manual_review,accepted_linkedin_profile;current_role_location;destination_review;destination_source_review;linkedin;manual;manual_review
src-6b0984005f90,https://ulysmedia.kz/news/46115-legenda-kazakhskoi-matematiki-chto-izvestno-o-baurzhane-bektemirove/amp,ulysmedia.kz,web_page,1,1,1,0,0,0,0,manual_review,manual
src-5986903d83ad,https://unair.ac.id/en/,unair.ac.id,web_page,1,1,0,1,0,0,0,accepted_location_evidence,current_education_location
src-037d1f84686c,https://unitedgroupalatau.kz/en/contacts/,unitedgroupalatau.kz,web_page,1,1,0,1,0,0,0,accepted_location_evidence,career_source_location
src-4c54edbce37d,https://unitedgroupalatau.kz/en/management/,unitedgroupalatau.kz,web_page,3,1,1,2,0,0,0,accepted_affiliation_history;manual_review,manual;manual_review;official_employer_biography
src-621c5447c99e,https://upload.wikimedia.org/wikipedia/commons/9/9f/%D2%B0%D0%9B%D0%AB%D0%9C%D0%94%D0%AB_%D0%A2%D0%90%D0%9D%D0%A3.pdf,upload.wikimedia.org,pdf,2,1,1,1,0,0,0,accepted_affiliation_history;manual_review,manual;manual_review
src-ee981958c2bf,https://vestnik-muiv.ru/upload/iblock/b2f/b2fa6535092643cf4ffd992e8b63e9fa.pdf,vestnik-muiv.ru,pdf,1,1,0,1,0,0,0,accepted_affiliation_history,academic_author_biography
src-dea80d9f0944,https://visit.berkeley.edu/,visit.berkeley.edu,web_page,1,1,0,1,0,0,0,accepted_location_evidence,current_education_location
src-75150c32f93e,https://weproject.media/articles/detail/madi-baltagulov-ob-uchebe-v-yale-kak-kazakhstanets-postupil-v-magistraturu-ligi-plyushcha-po-obshche/,weproject.media,web_page,2,1,1,1,0,0,0,accepted_affiliation_history;manual_review,manual;manual_review
src-147de19b3436,https://wmnl.unist.ac.kr/alumni/,wmnl.unist.ac.kr,web_page,2,1,1,1,0,0,0,accepted_affiliation_history;manual_review,manual;manual_review
src-ffe8b0fa26d1,https://www.admissions.caltech.edu/explore-more/news/caltech-boasts-silver-medal-winners-34th-international-physics-olympiad-756,admissions.caltech.edu,web_page,1,1,1,0,0,0,0,manual_review,manual
src-4233637936fa,https://www.aict.info/2018/info/AICT2018-Conference-Program.pdf,aict.info,pdf,1,1,0,1,0,0,0,accepted_affiliation_history,manual_web_evidence
src-577b7218b39a,https://www.ans.kz/upload/userfiles/files/%D0%9E%D0%A7%D0%95%D0%A0%D0%95%D0%94%D0%AC%20%D0%BF%D0%BE%20%D0%B6%D0%B8%D0%BB%D1%8C%D1%8E%281%29.pdf,ans.kz,pdf,1,1,1,0,0,0,0,manual_review,manual
src-399bc2da7e8b,https://www.apple-events.com/events/central-eurasian-venture-forum-2024,apple-events.com,web_page,2,1,1,1,0,0,0,accepted_affiliation_history;manual_review,manual;manual_review
src-c7dc16af354b,https://www.arirang.ru/archive/kore-ilbo/2025/31.KI.08.08.2025.pdf,arirang.ru,pdf,2,1,0,2,0,0,0,accepted_affiliation_history,newspaper_alumni_profile
src-1f99e3323987,https://www.armeta.ai/company/team/,armeta.ai,web_page,2,1,1,1,0,0,0,accepted_affiliation_history;manual_review,manual;manual_review
src-a79584fd2fbb,https://www.bankofcanada.ca/profile/iskander-karibzhanov/,bankofcanada.ca,web_page,2,1,1,1,0,0,0,accepted_affiliation_history;manual_review,manual;manual_review
src-bd7156e340c8,https://www.bc.edu/content/bc-web/schools/morrissey/departments/chemistry/research-labs/Hoveyda-research-group/people.html,bc.edu,web_page,1,1,0,1,0,0,0,accepted_affiliation_history,institutional_alumni_record
src-d1ced10055ef,https://www.brandeis.edu/biology/faculty/kurmangaliyev-yerbol.html,brandeis.edu,web_page,2,1,1,1,0,0,0,accepted_affiliation_history;manual_review,manual;manual_review
src-385c85371c70,https://www.caltech.edu/about/visit,caltech.edu,web_page,2,2,0,2,0,0,0,accepted_location_evidence,current_education_location
src-f902c5259f1c,https://www.cam.ac.uk/about-the-university/how-the-university-and-colleges-work/visiting-the-university,cam.ac.uk,web_page,3,3,0,3,0,0,0,accepted_location_evidence,current_education_location
src-1a358d79c355,https://www.caravan.kz/gazeta/beregi-mozgi-smolodu-384231/,caravan.kz,web_page,1,1,1,0,0,0,0,manual_review,manual
src-19b5bc0b1ae1,https://www.chem.msu.ru/rus/olimpiad/olimp001/silka5.htm,chem.msu.ru,web_page,1,1,1,0,0,0,0,manual_review,manual
src-ca2c45d77d87,https://www.chem.msu.ru/rus/olimpiad/olimp2004/welcome.html,chem.msu.ru,web_page,2,2,1,0,0,1,0,manual_review,manual
src-4a879257664d,https://www.chem.msu.ru/rus/olimpiad/olimp99/priz.html,chem.msu.ru,web_page,1,1,1,0,0,0,0,manual_review,manual
src-c6894d5cd154,https://www.cornell.edu/visit/,cornell.edu,web_page,1,1,0,1,0,0,0,accepted_location_evidence,current_education_location
src-509037217209,https://www.coteccons.vn/wp-content/uploads/2025/10/CTD_BCTN-2025_ENG.pdf,coteccons.vn,pdf,2,1,0,2,0,0,0,accepted_affiliation_history,official_company_annual_report
src-9f294bb0ccba,https://www.cs.cmu.edu/~yangp/icpc/20260202ECFinal.pdf,cs.cmu.edu,pdf,2,1,1,1,0,0,0,accepted_affiliation_history;manual_review,manual;manual_review
src-0e7c72f6eeaf,https://www.cuhk.edu.hk/english/campus/cuhk-campus.html,cuhk.edu.hk,web_page,1,1,0,1,0,0,0,accepted_location_evidence,current_education_location
src-332912e0dde4,https://www.datacamp.com/portfolio/yerkekz,datacamp.com,web_page,3,1,1,2,0,0,0,accepted_affiliation_history;manual_review,manual;manual_review;self_authored_portfolio
src-f14b667aec2c,https://www.ens.psl.eu/en/contact,ens.psl.eu,web_page,2,2,0,2,0,0,0,accepted_location_evidence,current_education_location
src-4c5e2a14907c,https://www.ens.psl.eu/sites/default/files/admis-et-lc-bo2026_signe.pdf,ens.psl.eu,pdf,2,1,1,1,0,0,0,accepted_affiliation_history;manual_review,manual;manual_review
src-4aa6dadbee40,https://www.epfl.ch/campus/visitors/coming-to-epfl/,epfl.ch,web_page,1,1,0,1,0,0,0,accepted_location_evidence,current_education_location
src-050153fb6f2a,https://www.gasagroup.com/Files/Images/corporate_website/Young%20Plants/Catalogues/Brandkamp-Chrysanthemum.pdf,gasagroup.com,pdf,2,1,1,1,0,0,0,accepted_affiliation_history;manual_review,manual;manual_review
src-3982f08ec932,https://www.genebiology.ru/ob-institute/sotrudniki/erokhin-maksim-maksimovich/,genebiology.ru,web_page,3,1,1,2,0,0,0,accepted_affiliation_history;accepted_location_evidence;manual_review,career_source_location;manual;manual_review
src-3daf15d004a2,https://www.globtalent.org/gtf-big-talent-scholars-bios/amir-pshenbayev,globtalent.org,web_page,3,1,2,1,0,0,0,accepted_affiliation_history;manual_review,manual;manual_review
src-ed9325aa6a0a,https://www.globtalent.org/gtf-big-talent-scholars-bios/miron-yurkevich,globtalent.org,web_page,3,1,2,1,0,0,0,accepted_affiliation_history;manual_review,manual;manual_review
src-920093ea6562,https://www.globtalent.org/gtf-big-talent-scholars-bios/nazar-serazitdinov,globtalent.org,web_page,3,1,2,1,0,0,0,accepted_affiliation_history;manual_review,manual;manual_review
src-e619276884ad,https://www.globtalent.org/gtf-big-talent-scholars-bios/vladimir-rogovskiy,globtalent.org,web_page,3,1,2,1,0,0,0,accepted_affiliation_history;manual_review,manual;manual_review
src-b3245c96f2db,https://www.gov.kz/memleket/entities/ardfm/press/news/details/859007,gov.kz,web_page,1,1,0,1,0,0,0,accepted_affiliation_history,government_regulator_appointment
src-3b9f34f45f5f,https://www.gov.kz/memleket/entities/edu/press/news/details/1210415,gov.kz,web_page,3,1,1,2,0,0,0,accepted_affiliation_history;accepted_location_evidence;manual_review,active_affiliation_profile_location;manual;manual_review
src-957082b534f0,https://www.gov.kz/memleket/entities/edu/press/news/details/1260137,gov.kz,web_page,9,3,3,6,0,0,0,accepted_affiliation_history;accepted_location_evidence;manual_review,active_affiliation_profile_location;manual;manual_review
src-cf0e9c93132d,https://www.gov.kz/memleket/entities/edu/press/news/details/1261409,gov.kz,web_page,6,2,2,4,0,0,0,accepted_affiliation_history;accepted_location_evidence;manual_review,active_affiliation_profile_location;manual;manual_review
src-8064153e41f4,https://www.gov.kz/memleket/entities/maidd/press/news/details/1189055?lang=ru,gov.kz,web_page,6,2,4,2,0,0,0,accepted_affiliation_history;manual_destination_reconciliation;manual_review,destination_review;destination_source_review;manual
src-5a1c49e54448,https://www.gov.kz/memleket/entities/transport/press/news/details/882464?lang=ru,gov.kz,web_page,2,1,1,1,0,0,0,accepted_affiliation_history;manual_review,manual;manual_review
src-3157f5b4c740,https://www.haileybury.kz/en/almaty/board-of-governors,haileybury.kz,web_page,2,1,1,1,0,0,0,accepted_affiliation_history;manual_review,manual;manual_review
src-be8d30c8e695,https://www.hku.hk/visit/maps_contact.html,hku.hk,web_page,1,1,0,1,0,0,0,accepted_location_evidence,current_education_location
src-807ffbb9186d,https://www.hse.ru/edu/vkr/367645765,hse.ru,web_page,1,1,0,1,0,0,0,accepted_affiliation_history,official_university_thesis
src-7c00a4b14ab9,https://www.hse.ru/news/edu/223610496.html,hse.ru,web_page,2,1,1,1,0,0,0,accepted_affiliation_history;manual_review,manual;manual_review
src-c4b2ab5396a9,https://www.hw.ac.uk/profiles/uk/school/ebs/faculty/assylbek-nurgabdeshov,hw.ac.uk,web_page,2,1,1,1,0,0,0,accepted_affiliation_history;manual_review,manual;manual_review
src-07f001838ebe,https://www.iastate.edu/life-at-iowa-state/campus-and-ames,iastate.edu,web_page,1,1,0,1,0,0,0,accepted_location_evidence,current_education_location
src-1083be0de75f,https://www.ibo-info.org/en/contest/past-ibos.html?file=files%2Fdownloads%2Fresults-reports%2Ffinal-reports%2FIBO-2002+report.pdf,ibo-info.org,web_page,1,1,1,0,0,0,0,manual_review,manual
src-570e67847cb2,https://www.ibo-info.org/en/contest/past-ibos.html?file=files%2Fdownloads%2Fresults-reports%2Ffinal-reports%2FIBO-2024+Report.pdf,ibo-info.org,web_page,2,1,1,1,0,0,0,accepted_affiliation_history;manual_review,manual;manual_review
src-dbc39453d9e6,https://www.ibo-info.org/en/contest/past-ibos.html?file=files%2Fdownloads%2Fresults-reports%2Fresults%2FIBO2011_Ranking_total_final.pdf,ibo-info.org,web_page,1,1,1,0,0,0,0,manual_review,manual
src-00ba24842cca,https://www.ibo-info.org/files/downloads/results-reports/final-reports/IBO-2024%20Report.pdf,ibo-info.org,pdf,10,6,6,4,0,0,0,accepted_affiliation_history;accepted_location_evidence;manual_review,affiliation_country;manual;manual_review;official_olympiad_biography
src-e8ec659c8f52,https://www.ibo-info.org/files/downloads/results-reports/results/IBO1994.pdf,ibo-info.org,pdf,4,4,4,0,0,0,0,participant_registry,IBO
src-dfe9c0131285,https://www.ibo-info.org/files/downloads/results-reports/results/IBO1995.pdf,ibo-info.org,pdf,4,4,4,0,0,0,0,participant_registry,IBO
src-36eaa5d19d9c,https://www.ibo-info.org/files/downloads/results-reports/results/IBO1996.pdf,ibo-info.org,pdf,4,3,4,0,0,0,0,manual_review;participant_registry,IBO;manual
src-9e59db73fee1,https://www.ibo-info.org/files/downloads/results-reports/results/IBO1997.pdf,ibo-info.org,pdf,5,4,5,0,0,0,0,manual_review;participant_registry,IBO;manual
src-fea8545b6cac,https://www.ibo-info.org/files/downloads/results-reports/results/IBO1998.pdf,ibo-info.org,pdf,5,4,5,0,0,0,0,manual_review;participant_registry,IBO;manual
src-3d86087c6162,https://www.ibo-info.org/files/downloads/results-reports/results/IBO1999.pdf,ibo-info.org,pdf,6,4,6,0,0,0,0,manual_review;participant_registry,IBO;manual
src-9d5c76973bb4,https://www.ibo-info.org/files/downloads/results-reports/results/IBO2000.pdf,ibo-info.org,pdf,6,4,6,0,0,0,0,manual_review;participant_registry,IBO;manual
src-ebd50f7c8a4c,https://www.ibo-info.org/files/downloads/results-reports/results/IBO2001.pdf,ibo-info.org,pdf,4,4,4,0,0,0,0,participant_registry,IBO
src-087b5bc0ff6f,https://www.ibo-info.org/files/downloads/results-reports/results/IBO2002.pdf,ibo-info.org,pdf,6,4,6,0,0,0,0,manual_review;participant_registry,IBO;manual
src-9e25d9425b57,https://www.ibo-info.org/files/downloads/results-reports/results/IBO2003.pdf,ibo-info.org,pdf,7,4,7,0,0,0,0,manual_review;participant_registry,IBO;manual
src-41a4691d930f,https://www.ibo-info.org/files/downloads/results-reports/results/IBO2005.pdf,ibo-info.org,pdf,4,3,4,0,0,0,0,manual_review;participant_registry,IBO;manual
src-c2a8f9eeb935,https://www.ibo-info.org/files/downloads/results-reports/results/IBO2006.pdf,ibo-info.org,pdf,7,4,7,0,0,0,0,manual_review;participant_registry,IBO;manual
src-013eb6202c7a,https://www.ibo-info.org/files/downloads/results-reports/results/IBO2007.pdf,ibo-info.org,pdf,4,4,4,0,0,0,0,participant_registry,IBO
src-6dfd3fe63ae7,https://www.ibo-info.org/files/downloads/results-reports/results/IBO2008.pdf,ibo-info.org,pdf,7,4,7,0,0,0,0,manual_review;participant_registry,IBO;manual
src-53f8412cebe6,https://www.ibo-info.org/files/downloads/results-reports/results/IBO2009.pdf,ibo-info.org,pdf,6,4,6,0,0,0,0,manual_review;participant_registry,IBO;manual
src-e8d52421b415,https://www.ibo-info.org/files/downloads/results-reports/results/IBO2010_Final_Results.pdf,ibo-info.org,pdf,1,1,1,0,0,0,0,manual_review,manual
src-2980cbcedd0f,https://www.ibo-info.org/files/downloads/results-reports/results/IBO2011_Ranking_total_final.pdf,ibo-info.org,pdf,1,1,1,0,0,0,0,manual_review,manual
src-09b854f13b30,https://www.ibo-info.org/files/downloads/results-reports/results/IBO2019-IBO-Ranking_web.pdf,ibo-info.org,pdf,1,1,0,0,0,1,0,manual_review,manual
src-0373f20f8689,https://www.ibo-info.org/files/downloads/results-reports/results/IBO2023.pdf,ibo-info.org,pdf,2,2,2,0,0,0,0,manual_review,manual
src-de6837f0122e,https://www.ibo-info.org/files/downloads/results-reports/results/IBO2025%20Ranking.pdf,ibo-info.org,pdf,4,4,4,0,0,0,0,participant_registry,IBO
src-7ab5eaf6b98a,https://www.ibo-info.org/files/downloads/results-reports/results/IBO_2026_Individual_Results_Final.pdf,ibo-info.org,pdf,8,4,8,0,0,0,0,manual_review;participant_registry,IBO;manual
src-a99f07f5f774,https://www.icho-official.org/results/country_info.php?country=Kazakhstan,icho-official.org,html,71,46,67,0,0,4,0,manual_review;participant_registry,IChO;manual
src-9c080dac45dd,https://www.icho-official.org/results/results.php?id=38&year=2006,icho-official.org,web_page,2,2,2,0,0,0,0,manual_review,manual
src-76b64419479c,https://www.igps.uni-hannover.de/en/research/main-research-areas/phytomedicine/publications,igps.uni-hannover.de,web_page,1,1,1,0,0,0,0,manual_review,manual
src-07dcec04ee8a,https://www.imo-official.org/country_individual_r.aspx?code=KAZ,imo-official.org,web_page,2,2,2,0,0,0,0,manual_review,manual
src-66ed7c0a4f6a,https://www.imo-official.org/country_individual_r.aspx?code=KAZ&column=name&order=desc,imo-official.org,web_page,1,1,1,0,0,0,0,manual_review,manual
src-7a626f46f1c7,https://www.imo-official.org/country_individual_r.aspx?code=KAZ&column=year&order=desc&gender=hide&nameform=western,imo-official.org,web_page,3,3,1,0,0,2,0,manual_review,manual
src-5a2f1d310aa1,https://www.imo-official.org/participant_r.aspx?id=25096,imo-official.org,web_page,1,1,1,0,0,0,0,manual_review,manual
src-c18a37300e4d,https://www.imo-official.org/participant_r.aspx?id=33252,imo-official.org,web_page,1,1,1,0,0,0,0,manual_review,manual
src-861452275fe6,https://www.imo-official.org/participant_r.aspx?id=35504,imo-official.org,web_page,1,1,1,0,0,0,0,manual_review,manual
src-0d210887a2ad,https://www.imo-official.org/participant_r.aspx?id=4924,imo-official.org,web_page,1,1,1,0,0,0,0,manual_review,manual
src-4f477cae61e4,https://www.imo-official.org/participant_r.aspx?id=6950,imo-official.org,web_page,1,1,0,0,0,1,0,manual_review,manual
src-ab2ebda9f22b,https://www.imo-official.org/results/contestant/15614/,imo-official.org,html,2,1,2,0,0,0,0,participant_registry,IMO
src-cea1b3d03ab4,https://www.imo-official.org/results/contestant/15615/,imo-official.org,web_page,2,1,2,0,0,0,0,manual_review;participant_registry,IMO;manual
src-2814522042ff,https://www.imo-official.org/results/contestant/15617/,imo-official.org,html,1,1,1,0,0,0,0,participant_registry,IMO
src-3a2c1646dbfc,https://www.imo-official.org/results/contestant/15618/,imo-official.org,web_page,2,1,2,0,0,0,0,manual_review;participant_registry,IMO;manual
src-e96f6dd56ad5,https://www.imo-official.org/results/contestant/15619/,imo-official.org,html,1,1,1,0,0,0,0,participant_registry,IMO
src-414f88c56c65,https://www.imo-official.org/results/contestant/17820/,imo-official.org,web_page,3,1,2,0,0,1,0,manual_review;participant_registry,IMO;manual
src-9ef37ab7cd59,https://www.imo-official.org/results/contestant/17822/,imo-official.org,web_page,2,1,2,0,0,0,0,manual_review;participant_registry,IMO;manual
src-fc6cfaa949d5,https://www.imo-official.org/results/contestant/17823/,imo-official.org,html,3,1,3,0,0,0,0,participant_registry,IMO
src-e26d2765cef5,https://www.imo-official.org/results/contestant/17824/,imo-official.org,html,2,1,2,0,0,0,0,participant_registry,IMO
src-6cc4f4efc383,https://www.imo-official.org/results/contestant/17825/,imo-official.org,html,1,1,1,0,0,0,0,participant_registry,IMO
src-16b665108b85,https://www.imo-official.org/results/contestant/18587/,imo-official.org,web_page,3,1,3,0,0,0,0,manual_review;participant_registry,IMO;manual
src-ef3750442cbc,https://www.imo-official.org/results/contestant/18610/,imo-official.org,web_page,2,1,2,0,0,0,0,manual_review;participant_registry,IMO;manual
src-52b810147eb7,https://www.imo-official.org/results/contestant/18611/,imo-official.org,html,1,1,1,0,0,0,0,participant_registry,IMO
src-2c3caca8bb00,https://www.imo-official.org/results/contestant/19385/,imo-official.org,web_page,2,1,2,0,0,0,0,manual_review;participant_registry,IMO;manual
src-6064a50ea22f,https://www.imo-official.org/results/contestant/19414/,imo-official.org,html,2,1,2,0,0,0,0,participant_registry,IMO
src-a36163f55e7b,https://www.imo-official.org/results/contestant/19457/,imo-official.org,html,2,1,2,0,0,0,0,participant_registry,IMO
src-f497de3c1f2b,https://www.imo-official.org/results/contestant/19458/,imo-official.org,web_page,2,1,2,0,0,0,0,manual_review;participant_registry,IMO;manual
src-a0283f0cbde2,https://www.imo-official.org/results/contestant/20770/,imo-official.org,html,1,1,1,0,0,0,0,participant_registry,IMO
src-f1cf79bf3cd0,https://www.imo-official.org/results/contestant/20771/,imo-official.org,html,1,1,1,0,0,0,0,participant_registry,IMO
src-51b530640ea8,https://www.imo-official.org/results/contestant/20772/,imo-official.org,html,1,1,1,0,0,0,0,participant_registry,IMO
src-3b673b99ce4d,https://www.imo-official.org/results/contestant/20773/,imo-official.org,html,1,1,1,0,0,0,0,participant_registry,IMO
src-90f90140296c,https://www.imo-official.org/results/contestant/21497/,imo-official.org,html,2,1,2,0,0,0,0,participant_registry,IMO
src-5632187d0d3c,https://www.imo-official.org/results/contestant/21522/,imo-official.org,web_page,2,1,2,0,0,0,0,manual_review;participant_registry,IMO;manual
src-633473f7f5eb,https://www.imo-official.org/results/contestant/21523/,imo-official.org,html,1,1,1,0,0,0,0,participant_registry,IMO
src-b227ea71b825,https://www.imo-official.org/results/contestant/21524/,imo-official.org,html,2,1,2,0,0,0,0,participant_registry,IMO
src-e1cf2a5507f7,https://www.imo-official.org/results/contestant/21527/,imo-official.org,html,3,1,3,0,0,0,0,participant_registry,IMO
src-f676377a6c81,https://www.imo-official.org/results/contestant/21528/,imo-official.org,html,1,1,1,0,0,0,0,participant_registry,IMO
src-ff152cdebcb9,https://www.imo-official.org/results/contestant/23505/,imo-official.org,html,1,1,1,0,0,0,0,participant_registry,IMO
src-974254b87c44,https://www.imo-official.org/results/contestant/23506/,imo-official.org,html,2,1,2,0,0,0,0,participant_registry,IMO
src-c0f0cd229687,https://www.imo-official.org/results/contestant/23507/,imo-official.org,web_page,3,1,3,0,0,0,0,manual_review;participant_registry,IMO;manual
src-67dd343a0cf9,https://www.imo-official.org/results/contestant/25012/,imo-official.org,html,1,1,1,0,0,0,0,participant_registry,IMO
src-6341caa99385,https://www.imo-official.org/results/contestant/25096/,imo-official.org,html,2,1,2,0,0,0,0,participant_registry,IMO
src-35e2ffd0d676,https://www.imo-official.org/results/contestant/25100/,imo-official.org,html,1,1,1,0,0,0,0,participant_registry,IMO
src-fa5205e1f3b8,https://www.imo-official.org/results/contestant/25478/,imo-official.org,html,2,1,2,0,0,0,0,participant_registry,IMO
src-6c553b2be286,https://www.imo-official.org/results/contestant/26021/,imo-official.org,html,1,1,1,0,0,0,0,participant_registry,IMO
src-95ada9928f5a,https://www.imo-official.org/results/contestant/26022/,imo-official.org,html,1,1,1,0,0,0,0,participant_registry,IMO
src-86fecfe4c32c,https://www.imo-official.org/results/contestant/26024/,imo-official.org,html,1,1,1,0,0,0,0,participant_registry,IMO
src-cb06aaebfc9b,https://www.imo-official.org/results/contestant/26025/,imo-official.org,html,2,1,2,0,0,0,0,participant_registry,IMO
src-98d63d585aae,https://www.imo-official.org/results/contestant/26565/,imo-official.org,html,2,1,2,0,0,0,0,participant_registry,IMO
src-3ef4bc58fadf,https://www.imo-official.org/results/contestant/26645/,imo-official.org,html,3,1,3,0,0,0,0,participant_registry,IMO
src-fbccc1b23bfb,https://www.imo-official.org/results/contestant/26684/,imo-official.org,web_page,2,1,2,0,0,0,0,manual_review;participant_registry,IMO;manual
src-b327cef07366,https://www.imo-official.org/results/contestant/26720/,imo-official.org,html,2,1,2,0,0,0,0,participant_registry,IMO
src-16046da2c148,https://www.imo-official.org/results/contestant/27301/,imo-official.org,html,2,1,2,0,0,0,0,participant_registry,IMO
src-c86cdbf39b1a,https://www.imo-official.org/results/contestant/27302/,imo-official.org,web_page,3,1,3,0,0,0,0,manual_review;participant_registry,IMO;manual
src-886fa4288874,https://www.imo-official.org/results/contestant/27303/,imo-official.org,web_page,4,1,4,0,0,0,0,manual_review;participant_registry,IMO;manual
src-255f7d957598,https://www.imo-official.org/results/contestant/27859/,imo-official.org,web_page,2,1,2,0,0,0,0,manual_review;participant_registry,IMO;manual
src-7fc4f5e238e7,https://www.imo-official.org/results/contestant/28163/,imo-official.org,html,2,1,2,0,0,0,0,participant_registry,IMO
src-0036f31c05ac,https://www.imo-official.org/results/contestant/29349/,imo-official.org,web_page,2,1,2,0,0,0,0,manual_review;participant_registry,IMO;manual
src-b55a4ec14f4b,https://www.imo-official.org/results/contestant/29351/,imo-official.org,web_page,2,1,1,0,0,1,0,manual_review;participant_registry,IMO;manual
src-1879b7e98a3b,https://www.imo-official.org/results/contestant/29352/,imo-official.org,web_page,4,1,4,0,0,0,0,manual_review;participant_registry,IMO;manual
src-f16dcfdd175f,https://www.imo-official.org/results/contestant/29353/,imo-official.org,html,2,1,2,0,0,0,0,participant_registry,IMO
src-fff2a891fdb5,https://www.imo-official.org/results/contestant/30314/,imo-official.org,html,3,1,3,0,0,0,0,participant_registry,IMO
src-593b2a56f17d,https://www.imo-official.org/results/contestant/30316/,imo-official.org,html,1,1,1,0,0,0,0,participant_registry,IMO
src-3e4d0555a732,https://www.imo-official.org/results/contestant/30321/,imo-official.org,web_page,2,1,2,0,0,0,0,manual_review;participant_registry,IMO;manual
src-0639e9e9c0a9,https://www.imo-official.org/results/contestant/30322/,imo-official.org,html,3,1,3,0,0,0,0,participant_registry,IMO
src-d29193c0b0d1,https://www.imo-official.org/results/contestant/30769/,imo-official.org,html,1,1,1,0,0,0,0,participant_registry,IMO
src-44caf4399bda,https://www.imo-official.org/results/contestant/30786/,imo-official.org,web_page,2,1,2,0,0,0,0,manual_review;participant_registry,IMO;manual
src-761a0e632295,https://www.imo-official.org/results/contestant/30789/,imo-official.org,html,1,1,1,0,0,0,0,participant_registry,IMO
src-2078c013a80b,https://www.imo-official.org/results/contestant/3154/,imo-official.org,web_page,3,1,2,0,0,1,0,manual_review;participant_registry,IMO;manual
src-7ac38b58a43f,https://www.imo-official.org/results/contestant/3155/,imo-official.org,web_page,2,1,2,0,0,0,0,manual_review;participant_registry,IMO;manual
src-76642fe12d0e,https://www.imo-official.org/results/contestant/3170/,imo-official.org,web_page,2,1,2,0,0,0,0,manual_review;participant_registry,IMO;manual
src-89011a04d362,https://www.imo-official.org/results/contestant/3171/,imo-official.org,html,1,1,1,0,0,0,0,participant_registry,IMO
src-625e8c0d379c,https://www.imo-official.org/results/contestant/32009/,imo-official.org,html,1,1,1,0,0,0,0,participant_registry,IMO
src-764ce8fa25c6,https://www.imo-official.org/results/contestant/32026/,imo-official.org,html,4,1,4,0,0,0,0,participant_registry,IMO
src-bc01e3e2718e,https://www.imo-official.org/results/contestant/32030/,imo-official.org,html,1,1,1,0,0,0,0,participant_registry,IMO
src-d686a568d0e3,https://www.imo-official.org/results/contestant/32031/,imo-official.org,html,1,1,1,0,0,0,0,participant_registry,IMO
src-6fdeaedbba97,https://www.imo-official.org/results/contestant/3210/,imo-official.org,html,1,1,1,0,0,0,0,participant_registry,IMO
src-6226b1254b68,https://www.imo-official.org/results/contestant/3302/,imo-official.org,html,2,1,2,0,0,0,0,participant_registry,IMO
src-9d6cc4ea53f9,https://www.imo-official.org/results/contestant/33247/,imo-official.org,html,1,1,1,0,0,0,0,participant_registry,IMO
src-7c4f37869a91,https://www.imo-official.org/results/contestant/33248/,imo-official.org,html,2,1,2,0,0,0,0,participant_registry,IMO
src-ef6144ab0ddf,https://www.imo-official.org/results/contestant/33249/,imo-official.org,html,2,1,2,0,0,0,0,participant_registry,IMO
src-29509f48b67f,https://www.imo-official.org/results/contestant/33250/,imo-official.org,html,4,1,4,0,0,0,0,participant_registry,IMO
src-2cd5a4bcfa28,https://www.imo-official.org/results/contestant/33252/,imo-official.org,html,1,1,1,0,0,0,0,participant_registry,IMO
src-7cd568f553d4,https://www.imo-official.org/results/contestant/34044/,imo-official.org,web_page,1,1,1,0,0,0,0,manual_review,manual
src-632974475fd1,https://www.imo-official.org/results/contestant/34441/,imo-official.org,html,3,1,3,0,0,0,0,participant_registry,IMO
src-aa769700a66d,https://www.imo-official.org/results/contestant/34443/,imo-official.org,html,1,1,1,0,0,0,0,participant_registry,IMO
src-50e0ddad48bb,https://www.imo-official.org/results/contestant/3452/,imo-official.org,web_page,2,1,2,0,0,0,0,manual_review;participant_registry,IMO;manual
src-d29c1f46ba8a,https://www.imo-official.org/results/contestant/3471/,imo-official.org,html,1,1,1,0,0,0,0,participant_registry,IMO
src-80920f2a81f8,https://www.imo-official.org/results/contestant/35205/,imo-official.org,web_page,3,1,3,0,0,0,0,manual_review;participant_registry,IMO;manual
src-842f97b8b233,https://www.imo-official.org/results/contestant/35206/,imo-official.org,web_page,2,1,2,0,0,0,0,manual_review;participant_registry,IMO;manual
src-30e42a3aa0c2,https://www.imo-official.org/results/contestant/35207/,imo-official.org,html,1,1,1,0,0,0,0,participant_registry,IMO
src-270157430b7c,https://www.imo-official.org/results/contestant/36186/,imo-official.org,html,1,1,1,0,0,0,0,participant_registry,IMO
src-88d8e7ad00b4,https://www.imo-official.org/results/contestant/36187/,imo-official.org,web_page,2,1,2,0,0,0,0,manual_review;participant_registry,IMO;manual
src-b53c7cdf87a8,https://www.imo-official.org/results/contestant/36189/,imo-official.org,web_page,2,1,2,0,0,0,0,manual_review;participant_registry,IMO;manual
src-7cc8fb5abfee,https://www.imo-official.org/results/contestant/3658/,imo-official.org,html,1,1,1,0,0,0,0,participant_registry,IMO
src-72337326cc2b,https://www.imo-official.org/results/contestant/3714/,imo-official.org,html,1,1,1,0,0,0,0,participant_registry,IMO
src-270bd3103c71,https://www.imo-official.org/results/contestant/4012/,imo-official.org,html,1,1,1,0,0,0,0,participant_registry,IMO
src-9ed233584f40,https://www.imo-official.org/results/contestant/4050/,imo-official.org,html,1,1,1,0,0,0,0,participant_registry,IMO
src-37c60b938627,https://www.imo-official.org/results/contestant/4051/,imo-official.org,html,1,1,1,0,0,0,0,participant_registry,IMO
src-7fba1d49651b,https://www.imo-official.org/results/contestant/4109/,imo-official.org,web_page,2,1,2,0,0,0,0,manual_review;participant_registry,IMO;manual
src-b10c9e6434c6,https://www.imo-official.org/results/contestant/4151/,imo-official.org,html,1,1,1,0,0,0,0,participant_registry,IMO
src-0bcf7b26bfa1,https://www.imo-official.org/results/contestant/4152/,imo-official.org,web_page,2,1,2,0,0,0,0,manual_review;participant_registry,IMO;manual
src-e27e48877882,https://www.imo-official.org/results/contestant/4462/,imo-official.org,web_page,1,1,1,0,0,0,0,manual_review,manual
src-afb8dcb24d55,https://www.imo-official.org/results/contestant/4524/,imo-official.org,html,1,1,1,0,0,0,0,participant_registry,IMO
src-a3871395fe7b,https://www.imo-official.org/results/contestant/4547/,imo-official.org,html,1,1,1,0,0,0,0,participant_registry,IMO
src-a313df95c130,https://www.imo-official.org/results/contestant/4548/,imo-official.org,html,1,1,1,0,0,0,0,participant_registry,IMO
src-226113d5e21c,https://www.imo-official.org/results/contestant/4573/,imo-official.org,web_page,2,1,2,0,0,0,0,manual_review;participant_registry,IMO;manual
src-3494218fe96c,https://www.imo-official.org/results/contestant/4590/,imo-official.org,html,1,1,1,0,0,0,0,participant_registry,IMO
src-4fccbce452c9,https://www.imo-official.org/results/contestant/4695/,imo-official.org,web_page,1,1,1,0,0,0,0,manual_review,manual
src-37b9f2c5ff1a,https://www.imo-official.org/results/contestant/4800/,imo-official.org,html,2,1,2,0,0,0,0,participant_registry,IMO
src-e15eb31217e8,https://www.imo-official.org/results/contestant/4857/,imo-official.org,html,1,1,1,0,0,0,0,participant_registry,IMO
src-658146618d58,https://www.imo-official.org/results/contestant/4858/,imo-official.org,html,3,1,3,0,0,0,0,participant_registry,IMO
src-fd27ab95847c,https://www.imo-official.org/results/contestant/4896/,imo-official.org,html,2,1,2,0,0,0,0,participant_registry,IMO
src-87808036b4c4,https://www.imo-official.org/results/contestant/4924/,imo-official.org,html,1,1,1,0,0,0,0,participant_registry,IMO
src-4afc42ce0066,https://www.imo-official.org/results/contestant/4962/,imo-official.org,html,1,1,1,0,0,0,0,participant_registry,IMO
src-95ba59dfa1bf,https://www.imo-official.org/results/contestant/5288/,imo-official.org,html,1,1,1,0,0,0,0,participant_registry,IMO
src-b4e34c218c67,https://www.imo-official.org/results/contestant/5338/,imo-official.org,web_page,3,1,3,0,0,0,0,manual_review;participant_registry,IMO;manual
src-f54ef7bb9235,https://www.imo-official.org/results/contestant/5374/,imo-official.org,html,1,1,1,0,0,0,0,participant_registry,IMO
src-f36671a86580,https://www.imo-official.org/results/contestant/5610/,imo-official.org,web_page,2,1,2,0,0,0,0,manual_review;participant_registry,IMO;manual
src-1188c650c9f1,https://www.imo-official.org/results/contestant/5666/,imo-official.org,html,1,1,1,0,0,0,0,participant_registry,IMO
src-720baefa332a,https://www.imo-official.org/results/contestant/5683/,imo-official.org,html,2,1,2,0,0,0,0,participant_registry,IMO
src-5d7992f3886b,https://www.imo-official.org/results/contestant/5752/,imo-official.org,web_page,3,1,3,0,0,0,0,manual_review;participant_registry,IMO;manual
src-cb67e98f572c,https://www.imo-official.org/results/contestant/5935/,imo-official.org,html,3,1,3,0,0,0,0,participant_registry,IMO
src-58954f7e5431,https://www.imo-official.org/results/contestant/6042/,imo-official.org,html,3,1,3,0,0,0,0,participant_registry,IMO
src-b431dd6d3d10,https://www.imo-official.org/results/contestant/6133/,imo-official.org,html,1,1,1,0,0,0,0,participant_registry,IMO
src-4b70f6427afe,https://www.imo-official.org/results/contestant/6134/,imo-official.org,html,1,1,1,0,0,0,0,participant_registry,IMO
src-0a32b42e61bc,https://www.imo-official.org/results/contestant/6432/,imo-official.org,html,3,1,3,0,0,0,0,participant_registry,IMO
src-d1734e2e834a,https://www.imo-official.org/results/contestant/6433/,imo-official.org,html,2,1,2,0,0,0,0,participant_registry,IMO
src-f48d3971eb19,https://www.imo-official.org/results/contestant/6450/,imo-official.org,html,1,1,1,0,0,0,0,participant_registry,IMO
src-dbe3f9faa47a,https://www.imo-official.org/results/contestant/6659/,imo-official.org,html,1,1,1,0,0,0,0,participant_registry,IMO
src-375fd8dcafd0,https://www.imo-official.org/results/contestant/6950/,imo-official.org,html,3,1,3,0,0,0,0,participant_registry,IMO
src-972971e5a449,https://www.imo-official.org/results/contestant/7080/,imo-official.org,html,2,1,2,0,0,0,0,participant_registry,IMO
src-96144cad7683,https://www.imo-official.org/results/contestant/7089/,imo-official.org,web_page,3,1,3,0,0,0,0,manual_review;participant_registry,IMO;manual
src-16e3e8909494,https://www.imo-official.org/results/contestant/7530/,imo-official.org,html,1,1,1,0,0,0,0,participant_registry,IMO
src-b03892818545,https://www.imo-official.org/results/contestant/7586/,imo-official.org,html,1,1,1,0,0,0,0,participant_registry,IMO
src-a939f127a48b,https://www.imo-official.org/results/contestant/7857/,imo-official.org,html,3,1,3,0,0,0,0,participant_registry,IMO
src-265d13126103,https://www.imo-official.org/results/contestant/7951/,imo-official.org,html,1,1,1,0,0,0,0,participant_registry,IMO
src-3d7ae4fc6167,https://www.imo-official.org/results/contestant/7983/,imo-official.org,html,2,1,2,0,0,0,0,participant_registry,IMO
src-d153540f115c,https://www.imo-official.org/results/contestant/8105/,imo-official.org,html,1,1,1,0,0,0,0,participant_registry,IMO
src-e62335d8a060,https://www.imo-official.org/results/contestant/8190/,imo-official.org,web_page,2,1,2,0,0,0,0,manual_review;participant_registry,IMO;manual
src-66485c97f1ed,https://www.imo-official.org/results/contestant/8458/,imo-official.org,html,1,1,1,0,0,0,0,participant_registry,IMO
src-2c128156305b,https://www.imo-official.org/results/contestant/8489/,imo-official.org,web_page,2,1,2,0,0,0,0,manual_review;participant_registry,IMO;manual
src-14dbf2135a04,https://www.imo-official.org/results/contestant/8547/,imo-official.org,web_page,3,1,3,0,0,0,0,manual_review;participant_registry,IMO;manual
src-a41a519189f4,https://www.imo-official.org/results/contestant/8614/,imo-official.org,web_page,2,1,2,0,0,0,0,manual_review;participant_registry,IMO;manual
src-fadb02b2478d,https://www.imo-official.org/results/contestant/8972/,imo-official.org,html,1,1,1,0,0,0,0,participant_registry,IMO
src-771d93f0e947,https://www.imo-official.org/results/contestant/9039/,imo-official.org,html,1,1,1,0,0,0,0,participant_registry,IMO
src-d16f14c98683,https://www.imo-official.org/results/contestant/9040/,imo-official.org,html,2,1,2,0,0,0,0,participant_registry,IMO
src-01c9fd22297c,https://www.imo-official.org/results/contestant/9132/,imo-official.org,web_page,2,1,2,0,0,0,0,manual_review;participant_registry,IMO;manual
src-d7388b0a1509,https://www.imo-official.org/results/individual/country/KAZ/,imo-official.org,web_page,2,2,2,0,0,0,0,manual_review,manual
src-b05fe21c99ae,https://www.imo-official.org/team_r.aspx?code=KAZ&column=total&language=en&order=asc&year=2007,imo-official.org,web_page,1,1,1,0,0,0,0,manual_review,manual
src-36e9457320b9,https://www.imo-official.org/team_r.aspx?code=KAZ&year=1999,imo-official.org,web_page,1,1,1,0,0,0,0,manual_review,manual
src-b12f5d981515,https://www.imo-official.org/team_r.aspx?code=KAZ&year=2000,imo-official.org,web_page,1,1,1,0,0,0,0,manual_review,manual
src-681ec8bee7aa,https://www.imo-official.org/team_r.aspx?code=KAZ&year=2012,imo-official.org,web_page,1,1,1,0,0,0,0,manual_review,manual
src-5deec4b2750b,https://www.imo-official.org/team_r.aspx?code=KAZ&year=2015,imo-official.org,web_page,1,1,1,0,0,0,0,manual_review,manual
src-4c57ba95b381,https://www.imperial.ac.uk/visit/campuses/,imperial.ac.uk,web_page,2,2,0,2,0,0,0,accepted_location_evidence,current_education_location
src-1de92d5f7853,https://www.inform.kz/person/nurzhan-khazhimuratuly-kadzhiakbarov-1736839590,inform.kz,web_page,8,1,0,8,0,0,0,accepted_affiliation_history,official_news_agency_biography
src-28ff4753b51f,https://www.kaist.ac.kr/en/html/kaist/011501.html,kaist.ac.kr,web_page,8,8,0,8,0,0,0,accepted_location_evidence,current_education_location
src-b03112a30707,https://www.karabalin.com/,karabalin.com,web_page,3,1,2,1,0,0,0,accepted_affiliation_history;manual_review,manual;manual_review
src-325bd8f7c98f,https://www.kmg.kz/en/press-center/press-releases/karabaev/,kmg.kz,web_page,3,1,1,2,0,0,0,accepted_affiliation_history;manual_review,manual;manual_review;official_employer_transition_announcement
src-1d7c09980b67,https://www.ku.ac.ae/college-people/ahsan-habib-khandoker,ku.ac.ae,web_page,2,1,1,1,0,0,0,accepted_affiliation_history;manual_review,manual;manual_review
src-e7316931e3dc,https://www.linkedin.com/company/gettoijso,linkedin.com,linkedin,2,1,1,1,0,0,0,accepted_affiliation_history;manual_review,manual;manual_review
src-235c922f55c8,https://www.linkedin.com/in/adil-zhugralin-9bb1b03,linkedin.com,linkedin,3,1,1,2,0,0,0,accepted_affiliation_history;manual_review,linkedin;manual;manual_review
src-ee14a510b3f7,https://www.linkedin.com/in/adilet-turtemir-891b911b0/,linkedin.com,linkedin,10,1,1,9,0,0,0,accepted_affiliation_history;accepted_location_evidence;manual_review,accepted_linkedin_profile;current_role_location;linkedin;manual;manual_public_profile;manual_review
src-770b2d7c3b39,https://www.linkedin.com/in/adilet-uvaliyev,linkedin.com,linkedin,1,1,0,1,0,0,0,manual_review,linkedin
src-8e56e9361d20,https://www.linkedin.com/in/adilkhan-sarsen-b62749140/,linkedin.com,linkedin,9,1,0,9,0,0,0,accepted_affiliation_history;manual_review,accepted_linkedin_profile;linkedin
src-89d6e8aca1c7,https://www.linkedin.com/in/aidarzhetessov,linkedin.com,linkedin,18,1,1,17,0,0,0,accepted_affiliation_history;accepted_location_evidence;manual_review,accepted_linkedin_profile;current_role_location;linkedin;manual;manual_review
src-430c805dcf05,https://www.linkedin.com/in/aidoskuatov,linkedin.com,linkedin,15,1,2,13,0,0,0,accepted_affiliation_history;manual_destination_reconciliation;manual_review,accepted_linkedin_profile;destination_review;destination_source_review;linkedin;manual;manual_review
src-562c3d14545e,https://www.linkedin.com/in/aivar-abrashuly-754163156,linkedin.com,linkedin,10,1,1,9,0,0,0,accepted_affiliation_history;accepted_location_evidence;manual_review,accepted_linkedin_profile;current_role_location;linkedin;manual
src-9bbc96ec08a8,https://www.linkedin.com/in/alexander-averyanov,linkedin.com,linkedin,11,1,1,10,0,0,0,accepted_affiliation_history;accepted_location_evidence;manual_review,accepted_linkedin_profile;current_role_location;linkedin;manual;manual_review
src-92f9a6edc4d6,https://www.linkedin.com/in/ali-amir-aldan-a2b81b46,linkedin.com,linkedin,14,1,2,12,0,0,0,accepted_affiliation_history;accepted_location_evidence;manual_destination_reconciliation;manual_review,accepted_linkedin_profile;current_role_location;destination_review;destination_source_review;linkedin;manual;manual_review
src-d3d38cd440ba,https://www.linkedin.com/in/alibek-a-124731244/,linkedin.com,linkedin,9,1,0,9,0,0,0,accepted_affiliation_history;accepted_location_evidence;manual_review,current_role_location;linkedin;manual_profile_transcription
src-f9f57444847d,https://www.linkedin.com/in/almira-nurlanova-a6777727a,linkedin.com,linkedin,10,1,2,8,0,0,0,accepted_affiliation_history;manual_review,accepted_linkedin_profile;linkedin;manual;manual_review
src-87349f5171ee,https://www.linkedin.com/in/altynay-narmanova-36507b65,linkedin.com,linkedin,13,1,1,12,0,0,0,accepted_affiliation_history;accepted_location_evidence;manual_review,accepted_linkedin_profile;active_affiliation_profile_location;linkedin;manual;manual_review
src-f1f26f9fce25,https://www.linkedin.com/in/amirbek-azatbekov-34b313386/,linkedin.com,linkedin,6,1,2,4,0,0,0,accepted_affiliation_history;manual_destination_reconciliation;manual_review,accepted_linkedin_profile;destination_review;destination_source_review;linkedin;manual;manual_profile_transcription
src-99cafe4eae19,https://www.linkedin.com/in/anmorgunov,linkedin.com,linkedin,15,1,0,15,0,0,0,accepted_affiliation_history;manual_review,accepted_linkedin_profile;linkedin
src-cf812b5a2a98,https://www.linkedin.com/in/arman-shaninov-6950b7132,linkedin.com,linkedin,4,1,1,3,0,0,0,accepted_affiliation_history;manual_review,manual;manual_profile_transcription;manual_review
src-9b88ab9ace30,https://www.linkedin.com/in/askarbek-orakov,linkedin.com,linkedin,13,1,0,13,0,0,0,accepted_affiliation_history;accepted_location_evidence;manual_review,accepted_linkedin_profile;current_role_location;linkedin
src-77310293630f,https://www.linkedin.com/in/assan-zholdassov-5290639,linkedin.com,linkedin,1,1,0,1,0,0,0,accepted_affiliation_history,manual_public_profile
src-cd122ed7d705,https://www.linkedin.com/in/asset-mussagaliyev-713a1156,linkedin.com,linkedin,10,1,1,9,0,0,0,accepted_affiliation_history;accepted_location_evidence;manual_review,accepted_linkedin_profile;current_role_location;linkedin;manual;manual_review
src-ba95216056e5,https://www.linkedin.com/in/azzy-polymath,linkedin.com,linkedin,4,1,1,3,0,0,0,accepted_affiliation_history;manual_review,accepted_linkedin_profile;linkedin;manual;manual_review
src-1bb3bb586d66,https://www.linkedin.com/in/batyrkhan-orynkul-68a45817b,linkedin.com,linkedin,11,1,1,10,0,0,0,accepted_affiliation_history;accepted_location_evidence;manual_review,accepted_linkedin_profile;current_role_location;linkedin;manual
src-5d8553aafbe6,https://www.linkedin.com/in/bekbolatov,linkedin.com,linkedin,30,1,2,28,0,0,0,accepted_affiliation_history;accepted_location_evidence;manual_destination_reconciliation;manual_review,accepted_linkedin_profile;current_role_location;destination_review;destination_source_review;linkedin;manual;manual_review
src-3a579c08152b,https://www.linkedin.com/in/danat-issa-045685218,linkedin.com,linkedin,2,1,0,2,0,0,0,accepted_affiliation_history;manual_review,accepted_linkedin_profile;linkedin
src-23f4e63a873d,https://www.linkedin.com/in/daniil-shatokhin-9a69b7297,linkedin.com,linkedin,6,1,1,5,0,0,0,accepted_affiliation_history;accepted_location_evidence;manual_review,accepted_linkedin_profile;active_affiliation_profile_location;linkedin;manual
src-ef1e4fcf6ceb,https://www.linkedin.com/in/daulet-askarov-98347b26,linkedin.com,linkedin,13,1,2,10,0,1,0,accepted_affiliation_history;accepted_location_evidence;manual_destination_reconciliation;manual_review,accepted_linkedin_profile;current_role_location;destination_review;destination_source_review;linkedin;manual;manual_review
src-dc799ac605c0,https://www.linkedin.com/in/daulet-zhanguzin,linkedin.com,linkedin,4,1,1,3,0,0,0,accepted_affiliation_history;manual_review,linkedin;manual;manual_profile_transcription;manual_review
src-9c7af01d1e51,https://www.linkedin.com/in/denis-ovchinnikov-math,linkedin.com,linkedin,13,1,1,12,0,0,0,accepted_affiliation_history;accepted_location_evidence;manual_review,accepted_linkedin_profile;current_role_location;linkedin;manual;manual_review
src-6fa5f5092ef6,https://www.linkedin.com/in/eyebaek/,linkedin.com,linkedin,6,1,1,5,0,0,0,accepted_affiliation_history;manual_review,accepted_linkedin_profile;linkedin;manual;manual_review
src-2315f8bb27e3,https://www.linkedin.com/in/furkatmukhtarov,linkedin.com,linkedin,16,1,1,15,0,0,0,accepted_affiliation_history;accepted_location_evidence;manual_destination_reconciliation;manual_review,accepted_linkedin_profile;current_role_location;destination_review;destination_source_review;linkedin
src-adee98ce90ac,https://www.linkedin.com/in/gani-nazirov,linkedin.com,linkedin,15,1,2,13,0,0,0,accepted_affiliation_history;accepted_location_evidence;manual_destination_reconciliation;manual_review,accepted_linkedin_profile;current_role_location;destination_review;destination_source_review;linkedin;manual;manual_review
src-b75e3364acf6,https://www.linkedin.com/in/igor-ganichev-067bba16,linkedin.com,linkedin,17,1,2,15,0,0,0,accepted_affiliation_history;manual_destination_reconciliation;manual_review,accepted_linkedin_profile;destination_review;linkedin;manual;manual_review
src-ebd29b97fb73,https://www.linkedin.com/in/ilya-vilkoviskiy,linkedin.com,linkedin,8,1,0,8,0,0,0,accepted_affiliation_history;accepted_location_evidence;manual_review,accepted_linkedin_profile;current_role_location;linkedin
src-b29dad529cee,https://www.linkedin.com/in/istassiy,linkedin.com,linkedin,16,1,2,13,0,1,0,accepted_affiliation_history;accepted_location_evidence;manual_destination_reconciliation;manual_review,accepted_linkedin_profile;current_role_location;destination_review;destination_source_review;linkedin;manual;manual_review
src-7378fc7c1f86,https://www.linkedin.com/in/jmadibekov,linkedin.com,linkedin,2,1,0,2,0,0,0,accepted_affiliation_history;manual_review,linkedin;manual_profile_transcription
src-774356f49d68,https://www.linkedin.com/in/kaisarbek,linkedin.com,linkedin,13,1,1,12,0,0,0,accepted_affiliation_history;accepted_location_evidence;manual_review,accepted_linkedin_profile;current_role_location;linkedin;manual
src-f1bb39dc7bad,https://www.linkedin.com/in/kassymm/,linkedin.com,linkedin,17,1,1,16,0,0,0,accepted_affiliation_history;accepted_location_evidence;manual_destination_reconciliation;manual_review,accepted_linkedin_profile;current_role_location;destination_review;destination_source_review;linkedin
src-d55cf29f401e,https://www.linkedin.com/in/khaidar-kairbek,linkedin.com,linkedin,14,1,2,12,0,0,0,accepted_affiliation_history;manual_destination_reconciliation;manual_review,accepted_linkedin_profile;destination_review;destination_source_review;linkedin;manual;manual_review
src-e0d064971dc5,https://www.linkedin.com/in/kimandrik,linkedin.com,linkedin,8,1,0,8,0,0,0,accepted_affiliation_history;accepted_location_evidence;manual_review,accepted_linkedin_profile;current_role_location;linkedin
src-7e91c9c0db43,https://www.linkedin.com/in/kuat-yessenov-b1b188b3,linkedin.com,linkedin,10,1,2,8,0,0,0,accepted_affiliation_history;accepted_location_evidence;manual_destination_reconciliation;manual_review,accepted_linkedin_profile;current_role_location;destination_review;destination_source_review;linkedin;manual;manual_review
src-88b00f38d2dd,https://www.linkedin.com/in/lonelylull/,linkedin.com,linkedin,5,1,2,3,0,0,0,accepted_affiliation_history;manual_destination_reconciliation;manual_review,destination_review;destination_source_review;linkedin;manual;manual_profile_transcription
src-ddbc5ce03a6a,https://www.linkedin.com/in/madi-baltagulov-509bbb18b,linkedin.com,linkedin,5,1,0,5,0,0,0,accepted_affiliation_history;accepted_location_evidence;manual_review,accepted_linkedin_profile;current_role_location;linkedin
src-d04fea7c0484,https://www.linkedin.com/in/meiirbek-baimuratov/,linkedin.com,linkedin,11,1,1,10,0,0,0,accepted_affiliation_history;manual_destination_reconciliation;manual_review,accepted_linkedin_profile;destination_review;destination_source_review;linkedin
src-567c8bfa5c47,https://www.linkedin.com/in/nurzhan,linkedin.com,linkedin,13,1,2,11,0,0,0,accepted_affiliation_history;manual_destination_reconciliation;manual_review,accepted_linkedin_profile;destination_review;destination_source_review;linkedin;manual;manual_review
src-7ca19e4e82da,https://www.linkedin.com/in/ordabayevy,linkedin.com,linkedin,12,1,1,11,0,0,0,accepted_affiliation_history;accepted_location_evidence;manual_review,accepted_linkedin_profile;current_role_location;linkedin;manual;manual_review
src-727c74c5a5f8,https://www.linkedin.com/in/rkaldybayev,linkedin.com,linkedin,10,1,0,10,0,0,0,accepted_affiliation_history;manual_review,accepted_linkedin_profile;linkedin
src-3316f5f1bea5,https://www.linkedin.com/in/saken-sherkhanov-398a65264,linkedin.com,linkedin,13,1,0,13,0,0,0,accepted_affiliation_history;accepted_location_evidence;manual_review,accepted_linkedin_profile;current_role_location;linkedin
src-a4f36fa11036,https://www.linkedin.com/in/sergey-umentayev,linkedin.com,linkedin,12,1,1,11,0,0,0,accepted_affiliation_history;accepted_location_evidence;manual_review,accepted_linkedin_profile;current_role_location;linkedin;manual;manual_review
src-51aa47159b6f,https://www.linkedin.com/in/shaikhitdin,linkedin.com,linkedin,8,1,1,7,0,0,0,accepted_affiliation_history;accepted_location_evidence;manual_review,accepted_linkedin_profile;current_role_location;linkedin;manual
src-b0c9a9b83363,https://www.linkedin.com/in/tamirlan,linkedin.com,linkedin,4,1,0,4,0,0,0,accepted_affiliation_history;manual_review,accepted_linkedin_profile;linkedin
src-42b51031b87f,https://www.linkedin.com/in/temirulan,linkedin.com,linkedin,16,1,2,14,0,0,0,accepted_affiliation_history;accepted_location_evidence;manual_review,accepted_linkedin_profile;current_role_location;linkedin;manual
src-a0be29190386,https://www.linkedin.com/in/viacheslav-muravev-a4b27bab,linkedin.com,linkedin,6,1,1,5,0,0,0,accepted_affiliation_history;accepted_location_evidence;manual_review,accepted_linkedin_profile;active_affiliation_profile_location;linkedin;manual;manual_review
src-9d713637c916,https://www.linkedin.com/in/viktor-passichenko,linkedin.com,linkedin,14,1,0,14,0,0,0,accepted_affiliation_history;accepted_location_evidence;manual_review,accepted_linkedin_profile;current_role_location;linkedin
src-26a2326d0279,https://www.linkedin.com/in/viktorsossin,linkedin.com,linkedin,1,1,0,1,0,0,0,accepted_affiliation_history,manual_profile_transcription
src-6c6c2beb2621,https://www.linkedin.com/in/vladimir-bychkov-98954252,linkedin.com,linkedin,11,1,1,10,0,0,0,accepted_affiliation_history;manual_review,accepted_linkedin_profile;linkedin;manual
src-df1cdfa8ece7,https://www.linkedin.com/in/vladislav-kamysbayev-83bb81181,linkedin.com,linkedin,10,1,1,9,0,0,0,accepted_affiliation_history;accepted_location_evidence;manual_review,accepted_linkedin_profile;current_role_location;linkedin;manual;manual_review
src-973c5f3d11ea,https://www.linkedin.com/in/yerbolat-ablemetov-393b47206,linkedin.com,linkedin,8,1,0,8,0,0,0,accepted_affiliation_history;accepted_location_evidence;manual_review,accepted_linkedin_profile;current_role_location;linkedin
src-5c7ec693c02b,https://www.linkedin.com/in/yerkebulant,linkedin.com,linkedin,22,1,1,21,0,0,0,accepted_affiliation_history;accepted_location_evidence;manual_review,accepted_linkedin_profile;current_role_location;linkedin;manual;manual_review
src-bf8966f74138,https://www.linkedin.com/in/yerken,linkedin.com,linkedin,10,1,1,9,0,0,0,accepted_affiliation_history;accepted_location_evidence;manual_review,accepted_linkedin_profile;current_role_location;linkedin;manual
src-b7e1c10447a9,https://www.linkedin.com/in/yerniyaz-nurgabylov-701b83121,linkedin.com,linkedin,11,1,2,8,0,1,0,accepted_affiliation_history;manual_destination_reconciliation;manual_review,accepted_linkedin_profile;destination_review;destination_source_review;linkedin;manual;manual_review
src-faaffb6dc9ae,https://www.linkedin.com/in/yevgeniy-zagayevskiy,linkedin.com,linkedin,19,1,1,18,0,0,0,accepted_affiliation_history;accepted_location_evidence;manual_review,accepted_linkedin_profile;current_role_location;linkedin;manual;manual_review
src-eadfdd27fb55,https://www.linkedin.com/in/yuriy-ten-169535355,linkedin.com,linkedin,2,1,0,2,0,0,0,accepted_affiliation_history;manual_review,accepted_linkedin_profile;linkedin
src-6612e128e22b,https://www.linkedin.com/in/zhan-dautov-799921295,linkedin.com,linkedin,3,1,1,2,0,0,0,accepted_affiliation_history;manual_review,linkedin;manual;manual_review
src-6f72ff896f7d,https://www.linkedin.com/posts/bahruzbabayev_kazakhstan-case-bolashak-activity-7258187603491831809-y8Ho,linkedin.com,linkedin,2,1,1,1,0,0,0,accepted_affiliation_history;manual_review,manual;manual_review
src-6a9f44348fe6,https://www.linkedin.com/posts/circulartree_basf-motherson-porsche-circulartree-activity-6719171599662100480-jRH1,linkedin.com,linkedin,1,1,0,1,0,0,0,accepted_affiliation_history,public_project_announcement
src-81efe84f49fb,https://www.linkedin.com/posts/madi-baltagulov-509bbb18b_entrepreneurship-publichealth-digitalhealth-activity-7383501897166385153-8i4q,linkedin.com,linkedin,2,1,1,1,0,0,0,accepted_affiliation_history;manual_destination_reconciliation,destination_review;destination_source_review
src-dd197e864c8e,https://www.linkedin.com/posts/nazarbayev-intellectual-schools_ipho-2026-nis-students-win-two-gold-activity-7482049655892258816-8AwT,linkedin.com,linkedin,1,1,1,0,0,0,0,manual_review,manual
src-962bc7039782,https://www.linkedin.com/posts/spectrum-international-school_huge-congratulations-to-our-student-margulan-activity-7445314253726830592-wCy6,linkedin.com,linkedin,2,1,1,1,0,0,0,accepted_affiliation_history;manual_review,manual;manual_review
src-8facf56a03fb,https://www.linkedin.com/posts/wu-julia_lately-ive-been-filtering-for-one-trait-activity-7440019349970599937-zJXu,linkedin.com,linkedin,2,1,1,1,0,0,0,accepted_affiliation_history;manual_review,manual;manual_review
src-449b64a17e82,https://www.linkedin.com/pub/dir/%2B/Doctorovich,linkedin.com,linkedin,3,1,1,2,0,0,0,accepted_affiliation_history;accepted_location_evidence;manual_review,active_affiliation_profile_location;manual;manual_review
src-93516df76c1c,https://www.math.aau.at/OeMO/Ergebnisse/GWF/west/2026,math.aau.at,web_page,2,1,1,1,0,0,0,accepted_affiliation_history;manual_review,manual;manual_review
src-2b42306b6d8a,https://www.math.hkust.edu.hk/intranet/ug/Epsilon/2022/awardee2022.pdf,math.hkust.edu.hk,pdf,1,1,0,1,0,0,0,accepted_affiliation_history,institutional_profile
src-a527f11388d3,https://www.math.hkust.edu.hk/ug/chern_class/,math.hkust.edu.hk,web_page,2,1,1,1,0,0,0,accepted_affiliation_history;manual_review,manual;manual_review
src-52b1211247ed,https://www.math.hkust.edu.hk/ug/competition/previous/2024/photos/,math.hkust.edu.hk,web_page,1,1,0,1,0,0,0,accepted_affiliation_history,institutional_profile
src-3bb8653b2b1a,https://www.math.ucdavis.edu/people/grads,math.ucdavis.edu,web_page,2,1,1,1,0,0,0,accepted_affiliation_history;manual_review,manual;manual_review
src-a0c5284dc3d2,https://www.mbi.nus.edu.sg/research-fellow/murat-shagirov/,mbi.nus.edu.sg,web_page,2,1,1,1,0,0,0,accepted_affiliation_history;manual_review,manual;manual_review
src-530e5828b691,https://www.mdpi.com/1420-3049/28/18/6451,mdpi.com,web_page,1,1,0,1,0,0,0,accepted_affiliation_history,peer_reviewed_affiliation
src-83744c9838c3,https://www.mit.edu/visitmit/,mit.edu,web_page,5,5,0,5,0,0,0,accepted_location_evidence,current_education_location
src-929039b2a6c7,https://www.msu.kz/ru/information/kafedry/detail.php?ELEMENT_ID=8321,msu.kz,web_page,2,1,1,1,0,0,0,accepted_affiliation_history;manual_review,manual;manual_review
src-c54c3027f964,https://www.myprivatetutor.hk/teacher/29733/adilet-u-experienced-physics-tutor-with-a-bsc-from-hku,myprivatetutor.hk,web_page,2,1,1,1,0,0,0,accepted_affiliation_history;manual_review,manual;manual_review
src-fc9969eeb2f8,https://www.nauka.kz/page.php?lang=3&new=&news_id=7255&page_id=792,nauka.kz,web_page,1,1,1,0,0,0,0,manual_review,manual
src-135cfd39ecee,https://www.ncste.kz/kz/daribaev-abzal-amankeldievich,ncste.kz,web_page,2,1,1,1,0,0,0,accepted_affiliation_history;manual_review,manual;manual_review
src-901ef9d6adec,https://www.nfactorial.school/blog3/%D0%BA%D0%B0%D0%B7%D0%B0%D1%85%D1%81%D1%82%D0%B0%D0%BD%D0%B5%D1%86-%D0%BA%D0%BE%D1%82%D0%BE%D1%80%D1%8B%D0%B9-%D0%BF%D1%80%D0%B8%D0%B4%D1%83%D0%BC%D0%B0%D0%BB-%D0%BD%D0%BE%D0%B2%D1%8B%D0%B9-%D0%B2%D0%B8%D0%B4-%D1%88%D0%B8%D1%84%D1%80%D0%BE%D0%B2%D0%B0%D0%BD%D0%B8%D1%8F,nfactorial.school,web_page,1,1,1,0,0,0,0,manual_review,manual
src-af62a280a294,https://www.nfactorial.school/newest_blog/%D0%B0-%D0%B2%D1%8B-%D0%B7%D0%BD%D0%B0%D0%B5%D1%82%D0%B5-%D0%BF%D0%B5%D1%80%D0%B2%D0%BE%D0%B3%D0%BE-%D0%BA%D0%B0%D0%B7%D0%B0%D1%85%D0%B0-%D0%B2-caltech-%D0%BA%D0%BE%D1%82%D0%BE%D1%80%D1%8B%D0%B9-%D0%B2%D1%8B%D0%B8%D0%B3%D1%80%D0%B0%D0%BB-%D0%BF%D0%B5%D1%80%D0%B2%D1%83%D1%8E-%D0%B7%D0%BE%D0%BB%D0%BE%D1%82%D1%83%D1%8E-%D0%BC%D0%B5%D0%B4%D0%B0%D0%BB%D1%8C-%D0%BA%D0%B0%D0%B7%D0%B0%D1%85%D1%81%D1%82%D0%B0%D0%BD%D0%B0-%D0%BD%D0%B0-%D0%BC%D0%B5%D0%B6%D0%B4%D1%83%D0%BD%D0%B0%D1%80%D0%BE%D0%B4%D0%BD%D0%BE%D0%B9-%D0%BE%D0%BB%D0%B8%D0%BC%D0%BF%D0%B8%D0%B0%D0%B4%D0%B5,nfactorial.school,web_page,1,1,1,0,0,0,0,manual_review,manual
src-2d4b0555309f,https://www.nis.edu.kz/ru/news/ibo-2026-nis-oqusylary-alemnin-uzdik-zas-biologtary-qatarynan-korindi,nis.edu.kz,web_page,3,1,1,2,0,0,0,accepted_affiliation_history;accepted_location_evidence;manual_review,active_affiliation_profile_location;manual;manual_review
src-f761578728ca,https://www.nis.edu.kz/ru/news/icho-2026-nis-oqusylary-altyn-zane-kumis-medal-ensiledi,nis.edu.kz,web_page,3,1,1,2,0,0,0,accepted_affiliation_history;accepted_location_evidence;manual_review,active_affiliation_profile_location;manual;manual_review
src-6806f9f45154,https://www.nis.edu.kz/storage/files/01JSKCF66NTSVQAB3HC9QDMGEP.pdf,nis.edu.kz,pdf,1,1,1,0,0,0,0,manual_review,manual
src-8615a8c71bef,https://www.nis.edu.kz/storage/files/01JSKD3FB0SVR0VQAXEE8BCGCY.pdf,nis.edu.kz,pdf,1,1,1,0,0,0,0,manual_review,manual
src-1884c2ae8f46,https://www.northwestern.edu/about/visit/campuses.html,northwestern.edu,web_page,1,1,0,1,0,0,0,accepted_location_evidence,current_education_location
src-6bd45cfae6db,https://www.nss.ece.vt.edu/angelos/resume/cv_stavrou_latest.html,nss.ece.vt.edu,web_page,1,1,0,1,0,0,0,accepted_affiliation_history,official_faculty_cv
src-2a3bbc6c0ffe,https://www.ntu.edu.sg/about-us/visit-us,ntu.edu.sg,web_page,1,1,0,1,0,0,0,accepted_location_evidence,current_education_location
src-6798116035bf,https://www.nuin.northwestern.edu/current-students/student-profiles.html?page=3,nuin.northwestern.edu,web_page,2,1,1,1,0,0,0,accepted_affiliation_history;manual_review,manual;manual_review
src-50f3e9d07dfc,https://www.nyu.edu/footer/map.html,nyu.edu,web_page,1,1,0,1,0,0,0,accepted_location_evidence,current_education_location
src-d5a9f5acf9e8,https://www.olimpas.lt/konspektai/38_tfo/HonorableMention.pdf,olimpas.lt,pdf,1,1,1,0,0,0,0,manual_review,manual
src-b24ea8575725,https://www.ox.ac.uk/visitors/visiting-oxford,ox.ac.uk,web_page,1,1,0,1,0,0,0,accepted_location_evidence,current_education_location
src-6a3be5015a5c,https://www.paradigms.kz/en,paradigms.kz,web_page,2,1,1,1,0,0,0,accepted_affiliation_history;manual_review,manual;manual_review
src-85f0c4394a9d,https://www.pediatricassociates.com/pediatric-office/winter-springs-fl-town-center/pediatricians/nazym-bashkenova-md,pediatricassociates.com,web_page,2,1,1,1,0,0,0,accepted_affiliation_history;manual_review,manual;manual_review
src-18b7271d597d,https://www.petroleumjournal.kz/index.php?aid1=162&aid2=895&id=2105&outlang=3&p=article,petroleumjournal.kz,web_page,2,1,0,2,0,0,0,accepted_affiliation_history;accepted_location_evidence,career_source_location;industry_journal_assignment_report
src-e02c469da426,https://www.polytechnique.edu/en/campus/access-campus,polytechnique.edu,web_page,1,1,0,1,0,0,0,accepted_location_evidence,current_education_location
src-d6d314499f52,https://www.psu.edu/visitors-and-neighbors/,psu.edu,web_page,1,1,0,1,0,0,0,accepted_location_evidence,current_education_location
src-dc0caf92b5b2,https://www.registrar.iastate.edu/media/932/file/Spring%202025%20Dean%27s%20List,registrar.iastate.edu,web_page,3,1,1,2,0,0,0,accepted_affiliation_history;manual_review,manual;manual_review;official_university_record
src-b6b1a128ae8e,https://www.researchgate.net/institution/Nazarbayev-University/members/77,researchgate.net,web_page,2,1,1,1,0,0,0,accepted_affiliation_history;manual_review,manual;manual_review
src-0bb3a211c6bf,https://www.researchgate.net/profile/Olzhas-Kadyrakunov,researchgate.net,web_page,1,1,0,1,0,0,0,accepted_affiliation_history,public_research_profile
src-cc316f38444f,https://www.researchgate.net/profile/Zhanat-Koshenov,researchgate.net,web_page,2,1,1,1,0,0,0,accepted_affiliation_history;manual_review,manual;manual_review
src-f9252d900f96,https://www.rns-pdf.londonstockexchange.com/rns/5004Y_-2010-12-23.pdf,rns-pdf.londonstockexchange.com,pdf,2,1,1,1,0,0,0,accepted_affiliation_history;manual_review,manual;manual_review
src-ce359d95bf1c,https://www.rominserv.com/en/who-we-are,rominserv.com,web_page,2,1,1,1,0,0,0,accepted_affiliation_history;manual_review,manual;manual_review
src-38c3d0317fb4,https://www.shbfinance.com.vn/about-us/board-of-management,shbfinance.com.vn,web_page,4,1,1,3,0,0,0,accepted_affiliation_history;accepted_location_evidence;manual_review,career_source_location;manual;manual_review;official_employer_biography
src-8db940a3516d,https://www.signalhire.com/profiles/adil-zhugralin%27s-email/151672289,signalhire.com,web_page,2,1,0,2,0,0,0,accepted_affiliation_history,public_profile_education
src-c3b9ff6c66b7,https://www.signalhire.com/profiles/asset-daliyev%27s-email/170889840,signalhire.com,web_page,2,1,1,1,0,0,0,accepted_affiliation_history;manual_review,manual;manual_review
src-1d9a5a994014,https://www.signalhire.com/profiles/batyrkhan-orynkul%27s-email/136697839,signalhire.com,web_page,2,1,1,1,0,0,0,accepted_affiliation_history;manual_review,manual;manual_review
src-a6fef248db48,https://www.signalhire.com/profiles/bauyrzhan-sainov/240078956,signalhire.com,web_page,6,1,1,5,0,0,0,accepted_affiliation_history;accepted_location_evidence;manual_review,current_role_location;manual;manual_review;public_employment_profile
src-1628e3b594fb,https://www.signalhire.com/profiles/ilya-skripin%27s-email/155210030,signalhire.com,web_page,2,1,1,1,0,0,0,accepted_affiliation_history;manual_review,manual;manual_review
src-8827cb8de577,https://www.signalhire.com/profiles/sanzhar-karatayev%27s-email/166765819,signalhire.com,web_page,2,1,0,2,0,0,0,accepted_affiliation_history,public_profile_education
src-de291e9f4c33,https://www.slb.com/-/media/files/testing-services/industry-article/202008-wo-efficiently-increasing-dynamic-reservoir-evaluation.ashx,slb.com,web_page,2,1,1,1,0,0,0,accepted_affiliation_history;manual_review,manual;manual_review
src-d07bd2c93920,https://www.space.mit.edu/people/danat-issa/,space.mit.edu,web_page,3,1,1,2,0,0,0,accepted_affiliation_history;accepted_location_evidence;manual_review,current_role_location;manual;manual_review
src-2cd844d7e068,https://www.spe-events.org/conference/SPE_Annual_Caspian_Technical_Conference_and_Exhibition_2025/technical-program/nbspinnovations-in-geoscience-3,spe-events.org,web_page,3,1,1,2,0,0,0,accepted_affiliation_history;accepted_location_evidence;manual_review,affiliation_country;manual;manual_review
src-f98dbb4d28ac,https://www.stgis.at/contact,stgis.at,web_page,1,1,0,1,0,0,0,accepted_location_evidence,current_education_location
src-9ed25b295cd8,https://www.tamu.edu/campus-community/visit-campus/index.html,tamu.edu,web_page,1,1,0,1,0,0,0,accepted_location_evidence,current_education_location
src-cfbf1e26f0a6,https://www.thecrimson.com/article/2021/11/30/aknazar-remembered-as-kind-and-brilliant/,thecrimson.com,web_page,3,1,1,2,0,0,0,accepted_affiliation_history;accepted_location_evidence;manual_review,affiliation_country;manual;manual_review
src-c8bdedd54e51,https://www.ucdavis.edu/about/visit,ucdavis.edu,web_page,1,1,0,1,0,0,0,accepted_location_evidence,current_education_location
src-3bae2c720f20,https://www.umassd.edu/about/directions/,umassd.edu,web_page,1,1,0,1,0,0,0,accepted_location_evidence,current_education_location
src-7d13c8a7644f,https://www.unc.edu/visitors/,unc.edu,web_page,1,1,0,1,0,0,0,accepted_location_evidence,current_education_location
src-330257218fe7,https://www.unipd.it/en/how-reach-us,unipd.it,web_page,1,1,0,1,0,0,0,accepted_location_evidence,current_education_location
src-73d0d5014956,https://www.unist.ac.kr/campus-life/directions/,unist.ac.kr,web_page,6,6,0,6,0,0,0,accepted_location_evidence,current_education_location
src-3b1fb15eed17,https://www.unist.ac.kr/unist/center/news.do?articleNo=243509&mode=view,unist.ac.kr,web_page,1,1,1,0,0,0,0,manual_review,manual
src-af4b3359aa01,https://www.uts.edu.au/sites/default/files/2022-09/sci-science-honours-information-booklet-September-2022_0.pdf,uts.edu.au,pdf,1,1,0,1,0,0,0,accepted_affiliation_history,official_university_profile
src-966ca4c29d39,https://www.who.int/docs/librariesprovider2/default-document-library/67rp00e_finalreport_170895.pdf?download=true&sfvrsn=e2830bc0_17,who.int,pdf,1,1,0,1,0,0,0,accepted_affiliation_history,official_who_roster
src-d27efd7db11c,https://www.who.int/docs/librariesprovider2/default-document-library/prep-2.0-ms-informationsession-26september---meetingreport-infodocwithannexes.pdf?download=true&sfvrsn=39b0c7a1_1,who.int,pdf,2,1,1,1,0,0,0,accepted_affiliation_history;manual_review,manual;manual_review
src-7d7ebb1280c9,https://www.wikidata.org/wiki/Q102165512,wikidata.org,structured_profile,2,1,0,0,0,2,0,structured_affiliation;structured_identity,wikidata
src-5f074d75124e,https://www.wikidata.org/wiki/Q102371253,wikidata.org,structured_profile,2,1,0,0,0,2,0,structured_affiliation;structured_identity,wikidata
src-e838d9c02c44,https://www.wikidata.org/wiki/Q102405659,wikidata.org,structured_profile,2,1,0,0,0,2,0,structured_affiliation;structured_identity,wikidata
src-db7876148352,https://www.wikidata.org/wiki/Q102430205,wikidata.org,structured_profile,2,1,0,0,2,0,0,structured_affiliation;structured_identity,wikidata
src-0e0876c0a56e,https://www.wikidata.org/wiki/Q102563456,wikidata.org,structured_profile,2,1,0,0,0,2,0,structured_affiliation;structured_identity,wikidata
src-bf1e36f51723,https://www.wikidata.org/wiki/Q102796161,wikidata.org,structured_profile,2,1,0,0,0,2,0,structured_affiliation;structured_identity,wikidata
src-825463c501e6,https://www.wikidata.org/wiki/Q103160537,wikidata.org,structured_profile,2,1,0,0,0,2,0,structured_affiliation;structured_identity,wikidata
src-b195204b86fb,https://www.wikidata.org/wiki/Q105406312,wikidata.org,structured_profile,2,1,0,0,2,0,0,structured_affiliation;structured_identity,wikidata
src-f6511eb4efad,https://www.wikidata.org/wiki/Q105523474,wikidata.org,structured_profile,1,1,0,0,0,1,0,structured_identity,wikidata
src-5112ee614ead,https://www.wikidata.org/wiki/Q107277515,wikidata.org,structured_profile,2,1,0,0,0,2,0,structured_affiliation;structured_identity,wikidata
src-698628401f6b,https://www.wikidata.org/wiki/Q116196233,wikidata.org,structured_profile,3,1,0,0,0,3,0,structured_affiliation;structured_identity,wikidata
src-6a1295c24c44,https://www.wikidata.org/wiki/Q116496749,wikidata.org,structured_profile,1,1,0,0,1,0,0,structured_identity,wikidata
src-b21a714e6774,https://www.wikidata.org/wiki/Q117277775,wikidata.org,structured_profile,1,1,0,0,0,1,0,structured_identity,wikidata
src-4f6fe03b0bf8,https://www.wikidata.org/wiki/Q119728393,wikidata.org,structured_profile,1,1,0,0,0,1,0,structured_identity,wikidata
src-7c2161581ef7,https://www.wikidata.org/wiki/Q123244419,wikidata.org,structured_profile,1,1,0,0,0,1,0,structured_identity,wikidata
src-5f596046614d,https://www.wikidata.org/wiki/Q123700015,wikidata.org,structured_profile,1,1,0,0,0,1,0,structured_identity,wikidata
src-fba41c93f9b6,https://www.wikidata.org/wiki/Q12538435,wikidata.org,structured_profile,3,1,0,0,3,0,0,structured_affiliation;structured_identity,wikidata
src-0def77ef32fc,https://www.wikidata.org/wiki/Q125906193,wikidata.org,structured_profile,1,1,0,0,0,1,0,structured_identity,wikidata
src-9a9e89460085,https://www.wikidata.org/wiki/Q1339147,wikidata.org,structured_profile,1,1,0,0,1,0,0,structured_identity,wikidata
src-819350a2afee,https://www.wikidata.org/wiki/Q135258838,wikidata.org,structured_profile,1,1,0,0,0,1,0,structured_identity,wikidata
src-d59e61a80eb3,https://www.wikidata.org/wiki/Q136616370,wikidata.org,structured_profile,1,1,0,0,1,0,0,structured_identity,wikidata
src-50516994395b,https://www.wikidata.org/wiki/Q17617042,wikidata.org,structured_profile,3,1,0,0,0,3,0,structured_affiliation;structured_identity,wikidata
src-95dca7db750d,https://www.wikidata.org/wiki/Q18634139,wikidata.org,structured_profile,1,1,0,0,0,1,0,structured_identity,wikidata
src-14f32dab5808,https://www.wikidata.org/wiki/Q21091867,wikidata.org,structured_profile,3,1,0,0,0,3,0,structured_affiliation;structured_identity,wikidata
src-8469ab42ad9f,https://www.wikidata.org/wiki/Q24025801,wikidata.org,structured_profile,2,1,0,0,2,0,0,structured_affiliation;structured_identity,wikidata
src-e6cf62f210eb,https://www.wikidata.org/wiki/Q25647148,wikidata.org,structured_profile,1,1,0,0,0,1,0,structured_identity,wikidata
src-e6c235909a5c,https://www.wikidata.org/wiki/Q27534513,wikidata.org,structured_profile,1,1,0,0,1,0,0,structured_identity,wikidata
src-a33f375689fe,https://www.wikidata.org/wiki/Q4101303,wikidata.org,structured_profile,1,1,0,0,0,1,0,structured_identity,wikidata
src-ea6b0f396afa,https://www.wikidata.org/wiki/Q4101304,wikidata.org,structured_profile,4,1,0,0,0,4,0,structured_affiliation;structured_identity,wikidata
src-e3cb89514f6b,https://www.wikidata.org/wiki/Q4320113,wikidata.org,structured_profile,1,1,0,0,1,0,0,structured_identity,wikidata
src-db065eef13ef,https://www.wikidata.org/wiki/Q4330060,wikidata.org,structured_profile,3,1,0,0,0,0,3,review_rejection;structured_affiliation;structured_identity,manual;wikidata
src-34ee62148abf,https://www.wikidata.org/wiki/Q4536895,wikidata.org,structured_profile,1,1,0,0,0,1,0,structured_identity,wikidata
src-db1d9db4bd55,https://www.wikidata.org/wiki/Q46639306,wikidata.org,structured_profile,1,1,0,0,0,1,0,structured_identity,wikidata
src-07893a23e4e5,https://www.wikidata.org/wiki/Q5236579,wikidata.org,structured_profile,1,1,0,0,0,1,0,structured_identity,wikidata
src-ed4e063782ab,https://www.wikidata.org/wiki/Q5236581,wikidata.org,structured_profile,4,1,0,0,0,4,0,structured_affiliation;structured_identity,wikidata
src-54566ecc818c,https://www.wikidata.org/wiki/Q5257292,wikidata.org,structured_profile,1,1,0,0,1,0,0,structured_identity,wikidata
src-10a67d184981,https://www.wikidata.org/wiki/Q55653013,wikidata.org,structured_profile,1,1,0,0,1,0,0,structured_identity,wikidata
src-1ceb1238b227,https://www.wikidata.org/wiki/Q57010419,wikidata.org,structured_profile,4,1,0,0,0,4,0,structured_affiliation;structured_identity,wikidata
src-1e71be293c66,https://www.wikidata.org/wiki/Q57964706,wikidata.org,structured_profile,1,1,0,0,1,0,0,structured_identity,wikidata
src-23c904bb8074,https://www.wikidata.org/wiki/Q59315209,wikidata.org,structured_profile,1,1,0,0,1,0,0,structured_identity,wikidata
src-6319a6be1fb4,https://www.wikidata.org/wiki/Q59662365,wikidata.org,structured_profile,3,1,0,0,0,3,0,structured_affiliation;structured_identity,wikidata
src-16f5531ecc77,https://www.wikidata.org/wiki/Q59751301,wikidata.org,structured_profile,1,1,0,0,0,1,0,structured_identity,wikidata
src-22a34956ab0c,https://www.wikidata.org/wiki/Q614069,wikidata.org,structured_profile,2,1,0,0,2,0,0,structured_affiliation;structured_identity,wikidata
src-840c5db00304,https://www.wikidata.org/wiki/Q62036345,wikidata.org,structured_profile,2,1,0,0,2,0,0,structured_affiliation;structured_identity,wikidata
src-e8e92dc14ad8,https://www.wikidata.org/wiki/Q62626570,wikidata.org,structured_profile,1,1,0,0,0,1,0,structured_identity,wikidata
src-e8feb66d6fb1,https://www.wikidata.org/wiki/Q64897135,wikidata.org,structured_profile,1,1,0,0,0,1,0,structured_identity,wikidata
src-c62122e22ed0,https://www.wikidata.org/wiki/Q71317135,wikidata.org,structured_profile,1,1,0,0,0,1,0,structured_identity,wikidata
src-20551c9b74eb,https://www.wikidata.org/wiki/Q85860396,wikidata.org,structured_profile,1,1,0,0,1,0,0,structured_identity,wikidata
src-0ff7dbf1804e,https://www.wikidata.org/wiki/Q86774060,wikidata.org,structured_profile,4,1,0,0,0,0,4,review_rejection;structured_affiliation;structured_identity,manual;wikidata
src-30d0612123d2,https://www.wikidata.org/wiki/Q87393898,wikidata.org,structured_profile,1,1,0,0,1,0,0,structured_identity,wikidata
src-1f893f990e9d,https://www.wikidata.org/wiki/Q88011307,wikidata.org,structured_profile,2,1,0,0,2,0,0,structured_affiliation;structured_identity,wikidata
src-e38d5c469e19,https://www.wikidata.org/wiki/Q88064254,wikidata.org,structured_profile,1,1,0,0,0,1,0,structured_identity,wikidata
src-be61f3a1dc3e,https://www.wikidata.org/wiki/Q88184480,wikidata.org,structured_profile,1,1,0,0,0,1,0,structured_identity,wikidata
src-6dfdef0df02c,https://www.wikidata.org/wiki/Q88653669,wikidata.org,structured_profile,1,1,0,0,0,1,0,structured_identity,wikidata
src-6840ab643009,https://www.wikidata.org/wiki/Q89571852,wikidata.org,structured_profile,4,1,0,0,0,4,0,structured_affiliation;structured_identity,wikidata
src-e63ffd7013a8,https://www.wikidata.org/wiki/Q90699472,wikidata.org,structured_profile,1,1,0,0,0,1,0,structured_identity,wikidata
src-bf2004f5069f,https://www.wikidata.org/wiki/Q91117387,wikidata.org,structured_profile,1,1,0,0,0,1,0,structured_identity,wikidata
src-4b388ae46786,https://www.wikidata.org/wiki/Q91946334,wikidata.org,structured_profile,1,1,0,0,0,1,0,structured_identity,wikidata
src-f98909b0eda8,https://www.wikidata.org/wiki/Q95604376,wikidata.org,structured_profile,5,1,0,0,0,5,0,structured_affiliation;structured_identity,wikidata
src-af8313db5bba,https://www.wikidata.org/wiki/Q956655,wikidata.org,structured_profile,2,1,0,0,2,0,0,structured_affiliation;structured_identity,wikidata
src-a3090d3f5c6b,https://www.wikidata.org/wiki/Q96950210,wikidata.org,structured_profile,1,1,0,0,0,1,0,structured_identity,wikidata
src-a312be9b5d18,https://www.wikidata.org/wiki/Q97072273,wikidata.org,structured_profile,2,1,0,0,0,2,0,structured_affiliation;structured_identity,wikidata
src-b134a85f98aa,https://www.wikidata.org/wiki/Q99675851,wikidata.org,structured_profile,1,1,0,0,0,1,0,structured_identity,wikidata
src-c56c54fc9c55,https://www.youtube.com/watch?v=4jVNkJkrmRQ,youtube.com,web_page,1,1,0,1,0,0,0,accepted_affiliation_history,reported_biography
src-0a879eaceaf6,https://www2.pd.infn.it/Olifis/bronze.htm,www2.pd.infn.it,web_page,1,1,1,0,0,0,0,manual_review,manual
src-2e18b9f8dc5a,https://xn--h1ajp7b.xn--p1ai/sveden/employees%3Fspec%3D6609.html,xn--h1ajp7b.xn--p1ai,web_page,3,1,1,2,0,0,0,accepted_affiliation_history;accepted_location_evidence;manual_review,career_source_location;manual;manual_review
src-6594eb1e88be,https://yale2026.yale.edu/candidates-degree/school-of-public-health/,yale2026.yale.edu,web_page,1,1,0,1,0,0,0,accepted_affiliation_history,official_degree_list
src-3c2e953bbe7d,https://yessenovfoundation.org/en/askarbek-orakov/,yessenovfoundation.org,web_page,1,1,1,0,0,0,0,manual_review,manual
src-f0070ce78399,https://yessenovfoundation.org/en/danat-isa/,yessenovfoundation.org,web_page,1,1,0,1,0,0,0,accepted_affiliation_history,manual_web_evidence
src-0a4dee991a37,https://yessenovfoundation.org/en/halyikbek-elshibekov/,yessenovfoundation.org,web_page,1,1,0,1,0,0,0,accepted_affiliation_history,institutional_biography
src-607e85ccf2ed,https://yvision.kz/post/letnyaya-shkola-po-programmirovaniyu-2012-v-almaty-253446,yvision.kz,web_page,1,1,0,1,0,0,0,accepted_affiliation_history,manual_web_evidence
